{
	"credit": "Made with Blockbench",
	"textures": {
		"0": "elitecreatures/azgad_weapon/azgadtex4",
		"2": "elitecreatures/azgad_weapon/azgadtex5",
		"3": "elitecreatures/azgad_weapon/flare",
		"particle": "elitecreatures/azgad_weapon/azgadtex4"
	},
	"elements": [
		{
			"from": [7, -9, 7],
			"to": [9, 0, 9],
			"rotation": {"angle": 0, "axis": "y", "origin": [16, -5, 0]},
			"faces": {
				"north": {"uv": [8.75, 0, 9.75, 4.5], "texture": "#0"},
				"east": {"uv": [8.75, 0, 7.75, 4.5], "texture": "#0"},
				"south": {"uv": [8.75, 0, 9.75, 4.5], "texture": "#0"},
				"west": {"uv": [7.75, 0, 8.75, 4.5], "texture": "#0"},
				"up": {"uv": [9.75, 5.5, 8.75, 4.5], "rotation": 90, "texture": "#0"},
				"down": {"uv": [9.75, 4.5, 8.75, 5.5], "rotation": 270, "texture": "#0"}
			}
		},
		{
			"from": [6, 0, 6],
			"to": [10, 1, 10],
			"faces": {
				"north": {"uv": [8.75, 4.5, 9.25, 6.5], "rotation": 90, "texture": "#0"},
				"east": {"uv": [8.75, 4.5, 9.25, 6.5], "rotation": 90, "texture": "#0"},
				"south": {"uv": [8.75, 4.5, 9.25, 6.5], "rotation": 90, "texture": "#0"},
				"west": {"uv": [8.75, 4.5, 9.25, 6.5], "rotation": 90, "texture": "#0"},
				"up": {"uv": [7.75, 6.5, 9.75, 8.5], "texture": "#0"},
				"down": {"uv": [7.75, 6.5, 9.75, 8.5], "texture": "#0"}
			}
		},
		{
			"from": [9.9, -5.5, -1.6],
			"to": [12.9, -2.5, -1.6],
			"rotation": {"angle": -45, "axis": "y", "origin": [0, 0, -0.3]},
			"faces": {
				"north": {"uv": [14, 4, 16, 5.5], "texture": "#0"},
				"east": {"uv": [6, 0, 6, 7.25], "texture": "#0"},
				"south": {"uv": [16, 4, 14, 5.5], "texture": "#0"},
				"west": {"uv": [6.5, 0, 6.5, 7.25], "texture": "#0"},
				"up": {"uv": [10.5, 0, 7, 0], "texture": "#0"},
				"down": {"uv": [10.5, 0.5, 7, 0.5], "texture": "#0"}
			}
		},
		{
			"from": [9.9, -3, -1.5],
			"to": [12.9, 0, -1.5],
			"rotation": {"angle": -45, "axis": "y", "origin": [0, 2.5, -0.2]},
			"faces": {
				"north": {"uv": [14, 4, 16, 5.5], "texture": "#0"},
				"east": {"uv": [6, 0, 6, 7.25], "texture": "#0"},
				"south": {"uv": [16, 4, 14, 5.5], "texture": "#0"},
				"west": {"uv": [6.5, 0, 6.5, 7.25], "texture": "#0"},
				"up": {"uv": [10.5, 0, 7, 0], "texture": "#0"},
				"down": {"uv": [10.5, 0.5, 7, 0.5], "texture": "#0"}
			}
		},
		{
			"from": [3.2, -5.5, -1.7],
			"to": [6, -2.5, -1.7],
			"rotation": {"angle": 45, "axis": "y", "origin": [16, 0, -0.3]},
			"faces": {
				"north": {"uv": [16, 4, 14, 5.5], "texture": "#0"},
				"east": {"uv": [6.5, 0, 6.5, 7.25], "texture": "#0"},
				"south": {"uv": [14, 4, 16, 5.5], "texture": "#0"},
				"west": {"uv": [6, 0, 6, 7.25], "texture": "#0"},
				"up": {"uv": [7, 0, 10.5, 0], "texture": "#0"},
				"down": {"uv": [7, 0.5, 10.5, 0.5], "texture": "#0"}
			}
		},
		{
			"from": [3.2, -3, -1.6],
			"to": [6, 0, -1.6],
			"rotation": {"angle": 45, "axis": "y", "origin": [16, 2.5, -0.2]},
			"faces": {
				"north": {"uv": [16, 4, 14, 5.5], "texture": "#0"},
				"east": {"uv": [6.5, 0, 6.5, 7.25], "texture": "#0"},
				"south": {"uv": [14, 4, 16, 5.5], "texture": "#0"},
				"west": {"uv": [6, 0, 6, 7.25], "texture": "#0"},
				"up": {"uv": [7, 0, 10.5, 0], "texture": "#0"},
				"down": {"uv": [7, 0.5, 10.5, 0.5], "texture": "#0"}
			}
		},
		{
			"from": [9.9, -5.5, 17.6],
			"to": [12.9, -2.5, 17.6],
			"rotation": {"angle": 45, "axis": "y", "origin": [0, 0, 16.3]},
			"faces": {
				"north": {"uv": [14, 4, 16, 5.5], "texture": "#0"},
				"east": {"uv": [6, 0, 6, 7.25], "texture": "#0"},
				"south": {"uv": [16, 4, 14, 5.5], "texture": "#0"},
				"west": {"uv": [6.5, 0, 6.5, 7.25], "texture": "#0"},
				"up": {"uv": [10.5, 0, 7, 0], "texture": "#0"},
				"down": {"uv": [10.5, 0.5, 7, 0.5], "texture": "#0"}
			}
		},
		{
			"from": [9.9, -3, 17.5],
			"to": [12.9, 0, 17.5],
			"rotation": {"angle": 45, "axis": "y", "origin": [0, 2.5, 16.2]},
			"faces": {
				"north": {"uv": [14, 4, 16, 5.5], "texture": "#0"},
				"east": {"uv": [6, 0, 6, 7.25], "texture": "#0"},
				"south": {"uv": [16, 4, 14, 5.5], "texture": "#0"},
				"west": {"uv": [6.5, 0, 6.5, 7.25], "texture": "#0"},
				"up": {"uv": [10.5, 0, 7, 0], "texture": "#0"},
				"down": {"uv": [10.5, 0.5, 7, 0.5], "texture": "#0"}
			}
		},
		{
			"from": [3.2, -5.5, 17.7],
			"to": [6, -2.5, 17.7],
			"rotation": {"angle": -45, "axis": "y", "origin": [16, 0, 16.3]},
			"faces": {
				"north": {"uv": [16, 4, 14, 5.5], "texture": "#0"},
				"east": {"uv": [6.5, 0, 6.5, 7.25], "texture": "#0"},
				"south": {"uv": [14, 4, 16, 5.5], "texture": "#0"},
				"west": {"uv": [6, 0, 6, 7.25], "texture": "#0"},
				"up": {"uv": [7, 0, 10.5, 0], "texture": "#0"},
				"down": {"uv": [7, 0.5, 10.5, 0.5], "texture": "#0"}
			}
		},
		{
			"from": [3.2, -3, 17.6],
			"to": [6, 0, 17.6],
			"rotation": {"angle": -45, "axis": "y", "origin": [16, 2.5, 16.2]},
			"faces": {
				"north": {"uv": [16, 4, 14, 5.5], "texture": "#0"},
				"east": {"uv": [6.5, 0, 6.5, 7.25], "texture": "#0"},
				"south": {"uv": [14, 4, 16, 5.5], "texture": "#0"},
				"west": {"uv": [6, 0, 6, 7.25], "texture": "#0"},
				"up": {"uv": [7, 0, 10.5, 0], "texture": "#0"},
				"down": {"uv": [7, 0.5, 10.5, 0.5], "texture": "#0"}
			}
		},
		{
			"from": [17.7, -5, 3.3],
			"to": [17.7, -2, 6.1],
			"rotation": {"angle": 45, "axis": "y", "origin": [16.3, 1, 16.1]},
			"faces": {
				"north": {"uv": [6, 0, 6, 7.25], "texture": "#0"},
				"east": {"uv": [16, 4, 14, 5.5], "texture": "#0"},
				"south": {"uv": [6.5, 0, 6.5, 7.25], "texture": "#0"},
				"west": {"uv": [14, 4, 16, 5.5], "texture": "#0"},
				"up": {"uv": [7, 0, 10.5, 0], "rotation": 90, "texture": "#0"},
				"down": {"uv": [7, 0.5, 10.5, 0.5], "rotation": 270, "texture": "#0"}
			}
		},
		{
			"from": [17.6, -2.5, 3.3],
			"to": [17.6, 0.5, 6.1],
			"rotation": {"angle": 45, "axis": "y", "origin": [16.2, 3, 16.1]},
			"faces": {
				"north": {"uv": [6, 0, 6, 7.25], "texture": "#0"},
				"east": {"uv": [16, 4, 14, 5.5], "texture": "#0"},
				"south": {"uv": [6.5, 0, 6.5, 7.25], "texture": "#0"},
				"west": {"uv": [14, 4, 16, 5.5], "texture": "#0"},
				"up": {"uv": [7, 0, 10.5, 0], "rotation": 90, "texture": "#0"},
				"down": {"uv": [7, 0.5, 10.5, 0.5], "rotation": 270, "texture": "#0"}
			}
		},
		{
			"from": [17.6, -5, 10],
			"to": [17.6, -2, 13],
			"rotation": {"angle": -45, "axis": "y", "origin": [16.3, 1, 0.1]},
			"faces": {
				"north": {"uv": [6.5, 0, 6.5, 7.25], "texture": "#0"},
				"east": {"uv": [14, 4, 16, 5.5], "texture": "#0"},
				"south": {"uv": [6, 0, 6, 7.25], "texture": "#0"},
				"west": {"uv": [16, 4, 14, 5.5], "texture": "#0"},
				"up": {"uv": [10.5, 0, 7, 0], "rotation": 90, "texture": "#0"},
				"down": {"uv": [10.5, 0.5, 7, 0.5], "rotation": 270, "texture": "#0"}
			}
		},
		{
			"from": [-1.8, -5, 10],
			"to": [-1.8, -2, 13],
			"rotation": {"angle": 45, "axis": "y", "origin": [-0.5, 1, 0.1]},
			"faces": {
				"north": {"uv": [6.5, 0, 6.5, 7.25], "texture": "#0"},
				"east": {"uv": [14, 4, 16, 5.5], "texture": "#0"},
				"south": {"uv": [6, 0, 6, 7.25], "texture": "#0"},
				"west": {"uv": [16, 4, 14, 5.5], "texture": "#0"},
				"up": {"uv": [10.5, 0, 7, 0], "rotation": 90, "texture": "#0"},
				"down": {"uv": [10.5, 0.5, 7, 0.5], "rotation": 270, "texture": "#0"}
			}
		},
		{
			"from": [-1.9, -5, 3.3],
			"to": [-1.9, -2, 6.1],
			"rotation": {"angle": -45, "axis": "y", "origin": [-0.5, 1, 16.1]},
			"faces": {
				"north": {"uv": [6, 0, 6, 7.25], "texture": "#0"},
				"east": {"uv": [16, 4, 14, 5.5], "texture": "#0"},
				"south": {"uv": [6.5, 0, 6.5, 7.25], "texture": "#0"},
				"west": {"uv": [14, 4, 16, 5.5], "texture": "#0"},
				"up": {"uv": [7, 0, 10.5, 0], "rotation": 90, "texture": "#0"},
				"down": {"uv": [7, 0.5, 10.5, 0.5], "rotation": 270, "texture": "#0"}
			}
		},
		{
			"from": [17.5, -2.5, 10],
			"to": [17.5, 0.5, 13],
			"rotation": {"angle": -45, "axis": "y", "origin": [16.2, 3, 0.1]},
			"faces": {
				"north": {"uv": [6.5, 0, 6.5, 7.25], "texture": "#0"},
				"east": {"uv": [14, 4, 16, 5.5], "texture": "#0"},
				"south": {"uv": [6, 0, 6, 7.25], "texture": "#0"},
				"west": {"uv": [16, 4, 14, 5.5], "texture": "#0"},
				"up": {"uv": [10.5, 0, 7, 0], "rotation": 90, "texture": "#0"},
				"down": {"uv": [10.5, 0.5, 7, 0.5], "rotation": 270, "texture": "#0"}
			}
		},
		{
			"from": [-1.8, -2.5, 3.3],
			"to": [-1.8, 0.5, 6.1],
			"rotation": {"angle": -45, "axis": "y", "origin": [-0.4, 3, 16.1]},
			"faces": {
				"north": {"uv": [6, 0, 6, 7.25], "texture": "#0"},
				"east": {"uv": [16, 4, 14, 5.5], "texture": "#0"},
				"south": {"uv": [6.5, 0, 6.5, 7.25], "texture": "#0"},
				"west": {"uv": [14, 4, 16, 5.5], "texture": "#0"},
				"up": {"uv": [7, 0, 10.5, 0], "rotation": 90, "texture": "#0"},
				"down": {"uv": [7, 0.5, 10.5, 0.5], "rotation": 270, "texture": "#0"}
			}
		},
		{
			"from": [-1.7, -2.5, 10],
			"to": [-1.7, 0.5, 13],
			"rotation": {"angle": 45, "axis": "y", "origin": [-0.4, 3, 0.1]},
			"faces": {
				"north": {"uv": [6.5, 0, 6.5, 7.25], "texture": "#0"},
				"east": {"uv": [14, 4, 16, 5.5], "texture": "#0"},
				"south": {"uv": [6, 0, 6, 7.25], "texture": "#0"},
				"west": {"uv": [16, 4, 14, 5.5], "texture": "#0"},
				"up": {"uv": [10.5, 0, 7, 0], "rotation": 90, "texture": "#0"},
				"down": {"uv": [10.5, 0.5, 7, 0.5], "rotation": 270, "texture": "#0"}
			}
		},
		{
			"from": [5, 1, 8],
			"to": [15, 23, 8],
			"faces": {
				"north": {"uv": [0, 0, 5, 11], "texture": "#2"},
				"east": {"uv": [0, 0, 0, 10], "texture": "#2"},
				"south": {"uv": [5, 0, 0, 11], "texture": "#2"},
				"west": {"uv": [0, 0, 0, 10], "texture": "#2"},
				"up": {"uv": [5, 0, 0, 0], "texture": "#2"},
				"down": {"uv": [5, 0, 0, 0], "texture": "#2"}
			}
		},
		{
			"from": [-13.16199, -3.97066, 6.7],
			"to": [-10.46199, -2.97066, 9.3],
			"rotation": {"angle": 45, "axis": "z", "origin": [6.45, 18.20199, -2.2]},
			"faces": {
				"north": {"uv": [3.5, 15, 2.5, 15.5], "texture": "#0"},
				"east": {"uv": [4, 15.5, 2.5, 16], "texture": "#0"},
				"south": {"uv": [3.5, 15, 2.5, 15.5], "texture": "#0"},
				"west": {"uv": [4, 15.5, 2.5, 16], "texture": "#0"},
				"up": {"uv": [2.5, 15, 1.25, 13.75], "texture": "#0"},
				"down": {"uv": [2.5, 15, 1.25, 13.75], "texture": "#0"}
			}
		},
		{
			"from": [-13.16199, -7.97066, 8],
			"to": [-8.46199, -3.97066, 8],
			"rotation": {"angle": 45, "axis": "z", "origin": [6.45, 18.20199, -2.2]},
			"faces": {
				"north": {"uv": [6.25, 14, 4, 16], "texture": "#0"},
				"east": {"uv": [2.5, 15.5, 2.5, 17.5], "texture": "#0"},
				"south": {"uv": [4, 14, 6.25, 16], "texture": "#0"},
				"west": {"uv": [2.5, 15.5, 2.5, 17.5], "texture": "#0"},
				"up": {"uv": [3.6, 13.75, 1.25, 13.75], "texture": "#0"},
				"down": {"uv": [3.6, 13.75, 1.25, 13.75], "texture": "#0"}
			}
		},
		{
			"from": [7, -10.7, 6.8],
			"to": [9.4, -8.7, 9.2],
			"rotation": {"angle": 22.5, "axis": "z", "origin": [7.2, -9, 8]},
			"faces": {
				"north": {"uv": [0, 13.75, 1.25, 14.75], "texture": "#0"},
				"east": {"uv": [1.25, 15, 2.5, 16], "texture": "#0"},
				"south": {"uv": [0, 13.75, 1.25, 14.75], "texture": "#0"},
				"west": {"uv": [1.25, 15, 2.5, 16], "texture": "#0"},
				"up": {"uv": [1.25, 16, 0, 14.75], "texture": "#0"},
				"down": {"uv": [1.25, 16, 0, 14.75], "texture": "#0"}
			}
		},
		{
			"from": [3, 1, 8.1],
			"to": [13, 9, 8.1],
			"faces": {
				"north": {"uv": [11, 12, 16, 16], "texture": "#0"},
				"east": {"uv": [11, 12, 11, 16], "texture": "#0"},
				"south": {"uv": [16, 12, 11, 16], "texture": "#0"},
				"west": {"uv": [11, 12, 11, 16], "texture": "#0"},
				"up": {"uv": [0, 0, 5, 0], "texture": "#0"},
				"down": {"uv": [0, 0, 5, 0], "texture": "#0"}
			}
		},
		{
			"from": [3, 1, 7.9],
			"to": [13, 9, 7.9],
			"faces": {
				"north": {"uv": [11, 12, 16, 16], "texture": "#0"},
				"east": {"uv": [11, 12, 11, 16], "texture": "#0"},
				"south": {"uv": [16, 12, 11, 16], "texture": "#0"},
				"west": {"uv": [11, 12, 11, 16], "texture": "#0"},
				"up": {"uv": [0, 0, 5, 0], "texture": "#0"},
				"down": {"uv": [0, 0, 5, 0], "texture": "#0"}
			}
		},
		{
			"from": [1.66907, 11, 0.35187],
			"to": [10.66907, 20, 0.35187],
			"rotation": {"angle": -22.5, "axis": "y", "origin": [-7.83093, 15.5, 3.35187]},
			"faces": {
				"north": {"uv": [0, 7, 9, 16], "texture": "#3"},
				"east": {"uv": [0, 0, 0, 9.5], "texture": "#3"},
				"south": {"uv": [9, 7, 0, 16], "texture": "#3"},
				"west": {"uv": [0, 0, 0, 9.5], "texture": "#3"},
				"up": {"uv": [0, 0, 5.5, 0], "rotation": 180, "texture": "#3"},
				"down": {"uv": [0, 0, 5.5, 0], "rotation": 180, "texture": "#3"}
			}
		},
		{
			"from": [1.66907, 16, 15.64813],
			"to": [10.66907, 25, 15.64813],
			"rotation": {"angle": 22.5, "axis": "y", "origin": [-7.83093, 15.5, 12.64813]},
			"faces": {
				"north": {"uv": [0, 7, 9, 16], "texture": "#3"},
				"east": {"uv": [0, 0, 0, 9.5], "texture": "#3"},
				"south": {"uv": [9, 7, 0, 16], "texture": "#3"},
				"west": {"uv": [0, 0, 0, 9.5], "texture": "#3"},
				"up": {"uv": [0, 0, 5.5, 0], "rotation": 180, "texture": "#3"},
				"down": {"uv": [0, 0, 5.5, 0], "rotation": 180, "texture": "#3"}
			}
		}
	],
	"gui_light": "front",
	"display": {
		"thirdperson_righthand": {
			"rotation": [0, 90, 0],
			"translation": [0, 9, 2.5],
			"scale": [0.7, 0.7, 0.7]
		},
		"thirdperson_lefthand": {
			"rotation": [0, -90, 0],
			"translation": [0, 9, 2.5],
			"scale": [0.7, 0.7, 0.7]
		},
		"firstperson_righthand": {
			"rotation": [-165, 80, 170],
			"translation": [2.25, 6.75, -1.25],
			"scale": [0.63672, 0.63672, 0.63672]
		},
		"firstperson_lefthand": {
			"rotation": [-156.88, -83.42, -152.25],
			"translation": [2.25, 6.75, -1.25],
			"scale": [0.63672, 0.63672, 0.63672]
		},
		"ground": {
			"rotation": [45, 0, 0],
			"translation": [0, 5.25, 0],
			"scale": [0.35, 0.35, 0.35]
		},
		"gui": {
			"rotation": [0, 0, -45],
			"translation": [0, 2.25, -2],
			"scale": [0.54508, 0.54508, 0.54508]
		},
		"head": {
			"rotation": [-135.5, 0, 0],
			"translation": [0, 20.5, 4.75],
			"scale": [0, 0, 0]
		},
		"fixed": {
			"translation": [-0.5, 8.25, -3],
			"scale": [1.4, 1.4, 1.4]
		}
	},
	"groups": [
		0,
		1,
		{
			"name": "group",
			"origin": [16, 0, -0.2],
			"color": 0,
			"children": [2, 3, 4, 5]
		},
		{
			"name": "group",
			"origin": [16, 0, -0.2],
			"color": 0,
			"children": [6, 7, 8, 9]
		},
		{
			"name": "group",
			"origin": [16.2, 1, 0.1],
			"color": 0,
			"children": [10, 11, 12, 13, 14, 15]
		},
		{
			"name": "group",
			"origin": [16.2, 1, 0.1],
			"color": 0,
			"children": [16, 17]
		},
		18,
		19,
		20,
		21,
		22,
		23,
		24,
		25
	]
}