{
	"credit": "Made with Blockbench",
	"texture_size": [32, 32],
	"textures": {
		"0": "elitecreatures/azgad_weapon/azgadtex4",
		"1": "elitecreatures/azgad_weapon/azgadtex5",
		"2": "elitecreatures/azgad_weapon/azgadtex1",
		"3": "elitecreatures/azgad_weapon/azgadtex2",
		"4": "elitecreatures/azgad_weapon/fireshield",
		"5": "elitecreatures/azgad_weapon/fireshield2",
		"particle": "elitecreatures/azgad_weapon/azgadtex4"
	},
	"elements": [
		{
			"from": [-6, 3, 7],
			"to": [2, 13, 7],
			"faces": {
				"north": {"uv": [11, 12, 16, 16], "rotation": 270, "texture": "#0"},
				"east": {"uv": [0, 0, 5, 0], "rotation": 90, "texture": "#0"},
				"south": {"uv": [16, 12, 11, 16], "rotation": 90, "texture": "#0"},
				"west": {"uv": [0, 0, 5, 0], "rotation": 90, "texture": "#0"},
				"up": {"uv": [11, 12, 11, 16], "rotation": 90, "texture": "#0"},
				"down": {"uv": [11, 12, 11, 16], "rotation": 90, "texture": "#0"}
			}
		},
		{
			"from": [14, 3, 7],
			"to": [22, 13, 7],
			"rotation": {"angle": 0, "axis": "y", "origin": [16, 0, 0]},
			"faces": {
				"north": {"uv": [11, 16, 16, 12], "rotation": 270, "texture": "#0"},
				"east": {"uv": [0, 0, 5, 0], "rotation": 90, "texture": "#0"},
				"south": {"uv": [16, 16, 11, 12], "rotation": 90, "texture": "#0"},
				"west": {"uv": [0, 0, 5, 0], "rotation": 90, "texture": "#0"},
				"up": {"uv": [11, 16, 11, 12], "rotation": 90, "texture": "#0"},
				"down": {"uv": [11, 16, 11, 12], "rotation": 90, "texture": "#0"}
			}
		},
		{
			"from": [-5.81006, 16.49613, 7.96608],
			"to": [-3.09006, 21.93613, 9.32608],
			"rotation": {"angle": 0, "axis": "y", "origin": [-4.6339, 17.7642, 8.61208]},
			"faces": {
				"north": {"uv": [7.75, 14.25, 6, 10.75], "rotation": 180, "texture": "#2"},
				"east": {"uv": [5, 0.75, 8.5, 0], "rotation": 270, "texture": "#2"},
				"south": {"uv": [7.75, 14.25, 6, 10.75], "texture": "#2"},
				"west": {"uv": [5, 1.5, 8.5, 0.75], "rotation": 90, "texture": "#2"},
				"up": {"uv": [6, 10.75, 7.75, 10], "rotation": 180, "texture": "#2"},
				"down": {"uv": [6, 10.75, 7.75, 10], "texture": "#2"}
			}
		},
		{
			"from": [-5.47478, 14.62301, 7.55808],
			"to": [-2.75478, 17.34301, 9.59808],
			"rotation": {"angle": -22.5, "axis": "z", "origin": [-4.6339, 17.7642, 8.61208]},
			"faces": {
				"north": {"uv": [7.75, 10.75, 9.5, 12.5], "texture": "#2"},
				"east": {"uv": [9.5, 10.5, 11.25, 9.25], "rotation": 270, "texture": "#2"},
				"south": {"uv": [7.75, 12.5, 9.5, 10.75], "rotation": 180, "texture": "#2"},
				"west": {"uv": [6, 9.75, 7.75, 8.5], "rotation": 90, "texture": "#2"},
				"up": {"uv": [7.75, 10.75, 9.5, 9.5], "rotation": 180, "texture": "#2"},
				"down": {"uv": [7.75, 10.75, 9.5, 9.5], "texture": "#2"}
			}
		},
		{
			"from": [-6.62606, 12.55213, 7.28608],
			"to": [-3.90606, 15.27213, 9.87008],
			"rotation": {"angle": 0, "axis": "y", "origin": [-4.6339, 17.7642, 8.61208]},
			"faces": {
				"north": {"uv": [10.3, 0, 12.05, 1.7], "texture": "#2"},
				"east": {"uv": [11, 7.25, 9.5, 9], "texture": "#2"},
				"south": {"uv": [10.3, 1.7, 12.05, 0], "rotation": 180, "texture": "#2"},
				"west": {"uv": [11.75, 1.75, 10.25, 3.5], "rotation": 180, "texture": "#2"},
				"up": {"uv": [11, 8.75, 12.75, 7.25], "rotation": 180, "texture": "#2"},
				"down": {"uv": [11, 8.75, 12.75, 7.25], "texture": "#2"}
			}
		},
		{
			"from": [-2.38324, 12.64554, 7.15008],
			"to": [0.33676, 15.36554, 10.00608],
			"rotation": {"angle": -45, "axis": "z", "origin": [-4.6339, 17.7642, 8.61208]},
			"faces": {
				"north": {"uv": [0, 7, 3.5, 3.5], "rotation": 90, "texture": "#3"},
				"east": {"uv": [0, 3.5, 3.5, 0], "rotation": 180, "texture": "#3"},
				"south": {"uv": [3.5, 7, 0, 3.5], "rotation": 270, "texture": "#3"},
				"west": {"uv": [0, 3.5, 3.5, 0], "texture": "#3"},
				"up": {"uv": [7, 3.5, 3.5, 0], "rotation": 270, "texture": "#3"},
				"down": {"uv": [7, 7, 3.5, 3.5], "rotation": 270, "texture": "#3"}
			}
		},
		{
			"from": [-2.07478, 11.08701, 7.01408],
			"to": [0.64522, 13.80701, 10.14208],
			"rotation": {"angle": -22.5, "axis": "z", "origin": [-4.6339, 17.7642, 8.61208]},
			"faces": {
				"north": {"uv": [0, 10.5, 3.5, 14], "rotation": 90, "texture": "#3"},
				"east": {"uv": [4, 7, 0, 10.5], "rotation": 180, "texture": "#3"},
				"south": {"uv": [3.5, 10.5, 0, 14], "rotation": 270, "texture": "#3"},
				"west": {"uv": [4, 7, 0, 10.5], "rotation": 180, "texture": "#3"},
				"up": {"uv": [7.5, 10.5, 3.5, 14], "rotation": 270, "texture": "#3"},
				"down": {"uv": [8, 7, 4, 10.5], "rotation": 270, "texture": "#3"}
			}
		},
		{
			"from": [-4.11507, 21.03668, 8.10208],
			"to": [-1.66707, 22.39668, 9.19008],
			"rotation": {"angle": 22.5, "axis": "z", "origin": [-4.6339, 17.7642, 8.61208]},
			"faces": {
				"north": {"uv": [8.25, 14.75, 9.75, 14], "texture": "#2"},
				"east": {"uv": [8.5, 13.25, 7.75, 12.5], "rotation": 180, "texture": "#2"},
				"south": {"uv": [8.25, 14.75, 9.75, 14], "rotation": 180, "texture": "#2"},
				"west": {"uv": [9.25, 13.25, 8.5, 12.5], "texture": "#2"},
				"up": {"uv": [9.75, 14, 8.25, 13.25], "rotation": 180, "texture": "#2"},
				"down": {"uv": [9.75, 14, 8.25, 13.25], "texture": "#2"}
			}
		},
		{
			"from": [-9.77557, 20.17387, 8.23808],
			"to": [-7.73557, 22.34987, 9.05408],
			"rotation": {"angle": -45, "axis": "z", "origin": [-4.6339, 17.7642, 8.61208]},
			"faces": {
				"north": {"uv": [6.75, 14.75, 8, 16], "rotation": 90, "texture": "#2"},
				"east": {"uv": [6.75, 14.75, 8, 14.25], "rotation": 90, "texture": "#2"},
				"south": {"uv": [8, 14.75, 6.75, 16], "rotation": 270, "texture": "#2"},
				"west": {"uv": [6.75, 14.75, 8, 14.25], "rotation": 270, "texture": "#2"},
				"up": {"uv": [8.5, 14.75, 8, 16], "rotation": 90, "texture": "#2"},
				"down": {"uv": [6.75, 14.75, 6.25, 16], "rotation": 270, "texture": "#2"}
			}
		},
		{
			"from": [-9.57303, 22.1294, 8.37408],
			"to": [-7.53303, 24.0334, 8.91808],
			"rotation": {"angle": -22.5, "axis": "z", "origin": [-4.6339, 17.7642, 8.61208]},
			"faces": {
				"north": {"uv": [9.75, 14.75, 8.5, 16], "rotation": 270, "texture": "#2"},
				"east": {"uv": [10, 14.75, 9.75, 16], "texture": "#2"},
				"south": {"uv": [9.75, 14.75, 8.5, 16], "rotation": 270, "texture": "#2"},
				"west": {"uv": [10, 14.75, 9.75, 16], "rotation": 180, "texture": "#2"},
				"up": {"uv": [10, 13.5, 9.75, 14.75], "rotation": 270, "texture": "#2"},
				"down": {"uv": [10, 12.25, 9.75, 13.5], "rotation": 270, "texture": "#2"}
			}
		},
		{
			"from": [19.09006, 16.49613, 7.96608],
			"to": [21.81006, 21.93613, 9.32608],
			"rotation": {"angle": 0, "axis": "y", "origin": [20.6339, 17.7642, 8.61208]},
			"faces": {
				"north": {"uv": [6, 14.25, 7.75, 10.75], "rotation": 180, "texture": "#2"},
				"east": {"uv": [5, 0.75, 8.5, 1.5], "rotation": 90, "texture": "#2"},
				"south": {"uv": [6, 14.25, 7.75, 10.75], "texture": "#2"},
				"west": {"uv": [5, 0, 8.5, 0.75], "rotation": 270, "texture": "#2"},
				"up": {"uv": [7.75, 10.75, 6, 10], "rotation": 180, "texture": "#2"},
				"down": {"uv": [7.75, 10.75, 6, 10], "texture": "#2"}
			}
		},
		{
			"from": [18.75478, 14.62301, 7.55808],
			"to": [21.47478, 17.34301, 9.59808],
			"rotation": {"angle": 22.5, "axis": "z", "origin": [20.6339, 17.7642, 8.61208]},
			"faces": {
				"north": {"uv": [9.5, 10.75, 7.75, 12.5], "texture": "#2"},
				"east": {"uv": [6, 8.5, 7.75, 9.75], "rotation": 90, "texture": "#2"},
				"south": {"uv": [9.5, 12.5, 7.75, 10.75], "rotation": 180, "texture": "#2"},
				"west": {"uv": [9.5, 9.25, 11.25, 10.5], "rotation": 270, "texture": "#2"},
				"up": {"uv": [9.5, 10.75, 7.75, 9.5], "rotation": 180, "texture": "#2"},
				"down": {"uv": [9.5, 10.75, 7.75, 9.5], "texture": "#2"}
			}
		},
		{
			"from": [19.90606, 12.55213, 7.28608],
			"to": [22.62606, 15.27213, 9.87008],
			"rotation": {"angle": 0, "axis": "y", "origin": [20.6339, 17.7642, 8.61208]},
			"faces": {
				"north": {"uv": [12.05, 0, 10.3, 1.7], "texture": "#2"},
				"east": {"uv": [10.25, 1.75, 11.75, 3.5], "rotation": 180, "texture": "#2"},
				"south": {"uv": [12.05, 1.7, 10.3, 0], "rotation": 180, "texture": "#2"},
				"west": {"uv": [9.5, 7.25, 11, 9], "texture": "#2"},
				"up": {"uv": [12.75, 8.75, 11, 7.25], "rotation": 180, "texture": "#2"},
				"down": {"uv": [12.75, 8.75, 11, 7.25], "texture": "#2"}
			}
		},
		{
			"from": [15.66324, 12.64554, 7.15008],
			"to": [18.38324, 15.36554, 10.00608],
			"rotation": {"angle": 45, "axis": "z", "origin": [20.6339, 17.7642, 8.61208]},
			"faces": {
				"north": {"uv": [0, 3.5, 3.5, 7], "rotation": 90, "texture": "#3"},
				"east": {"uv": [3.5, 3.5, 0, 0], "texture": "#3"},
				"south": {"uv": [3.5, 3.5, 0, 7], "rotation": 270, "texture": "#3"},
				"west": {"uv": [3.5, 3.5, 0, 0], "rotation": 180, "texture": "#3"},
				"up": {"uv": [7, 0, 3.5, 3.5], "rotation": 270, "texture": "#3"},
				"down": {"uv": [7, 3.5, 3.5, 7], "rotation": 270, "texture": "#3"}
			}
		},
		{
			"from": [15.35478, 11.08701, 7.01408],
			"to": [18.07478, 13.80701, 10.14208],
			"rotation": {"angle": 22.5, "axis": "z", "origin": [20.6339, 17.7642, 8.61208]},
			"faces": {
				"north": {"uv": [0, 14, 3.5, 10.5], "rotation": 90, "texture": "#3"},
				"east": {"uv": [0, 7, 4, 10.5], "rotation": 180, "texture": "#3"},
				"south": {"uv": [3.5, 14, 0, 10.5], "rotation": 270, "texture": "#3"},
				"west": {"uv": [0, 7, 4, 10.5], "rotation": 180, "texture": "#3"},
				"up": {"uv": [7.5, 14, 3.5, 10.5], "rotation": 270, "texture": "#3"},
				"down": {"uv": [8, 10.5, 4, 7], "rotation": 270, "texture": "#3"}
			}
		},
		{
			"from": [17.66707, 21.03668, 8.10208],
			"to": [20.11507, 22.39668, 9.19008],
			"rotation": {"angle": -22.5, "axis": "z", "origin": [20.6339, 17.7642, 8.61208]},
			"faces": {
				"north": {"uv": [9.75, 14.75, 8.25, 14], "texture": "#2"},
				"east": {"uv": [8.5, 13.25, 9.25, 12.5], "texture": "#2"},
				"south": {"uv": [9.75, 14.75, 8.25, 14], "rotation": 180, "texture": "#2"},
				"west": {"uv": [7.75, 13.25, 8.5, 12.5], "rotation": 180, "texture": "#2"},
				"up": {"uv": [8.25, 14, 9.75, 13.25], "rotation": 180, "texture": "#2"},
				"down": {"uv": [8.25, 14, 9.75, 13.25], "texture": "#2"}
			}
		},
		{
			"from": [23.73557, 20.17387, 8.23808],
			"to": [25.77557, 22.34987, 9.05408],
			"rotation": {"angle": 45, "axis": "z", "origin": [20.6339, 17.7642, 8.61208]},
			"faces": {
				"north": {"uv": [6.75, 16, 8, 14.75], "rotation": 90, "texture": "#2"},
				"east": {"uv": [6.75, 14.25, 8, 14.75], "rotation": 270, "texture": "#2"},
				"south": {"uv": [8, 16, 6.75, 14.75], "rotation": 270, "texture": "#2"},
				"west": {"uv": [6.75, 14.25, 8, 14.75], "rotation": 90, "texture": "#2"},
				"up": {"uv": [8.5, 16, 8, 14.75], "rotation": 90, "texture": "#2"},
				"down": {"uv": [6.75, 16, 6.25, 14.75], "rotation": 270, "texture": "#2"}
			}
		},
		{
			"from": [23.53303, 22.1294, 8.37408],
			"to": [25.57303, 24.0334, 8.91808],
			"rotation": {"angle": 22.5, "axis": "z", "origin": [20.6339, 17.7642, 8.61208]},
			"faces": {
				"north": {"uv": [9.75, 16, 8.5, 14.75], "rotation": 270, "texture": "#2"},
				"east": {"uv": [9.75, 14.75, 10, 16], "rotation": 180, "texture": "#2"},
				"south": {"uv": [9.75, 16, 8.5, 14.75], "rotation": 270, "texture": "#2"},
				"west": {"uv": [9.75, 14.75, 10, 16], "texture": "#2"},
				"up": {"uv": [10, 14.75, 9.75, 13.5], "rotation": 270, "texture": "#2"},
				"down": {"uv": [10, 13.5, 9.75, 12.25], "rotation": 270, "texture": "#2"}
			}
		},
		{
			"from": [15.5, 29.5, 3.5],
			"to": [18.5, 29.5, 6.3],
			"rotation": {"angle": -45, "axis": "x", "origin": [13, 28.1, 16.3]},
			"faces": {
				"north": {"uv": [6, 0, 6, 7.25], "rotation": 90, "texture": "#0"},
				"east": {"uv": [7, 0.5, 10.5, 0.5], "rotation": 180, "texture": "#0"},
				"south": {"uv": [6.5, 0, 6.5, 7.25], "rotation": 270, "texture": "#0"},
				"west": {"uv": [7, 0, 10.5, 0], "texture": "#0"},
				"up": {"uv": [16, 4, 14, 5.5], "rotation": 270, "texture": "#0"},
				"down": {"uv": [14, 4, 16, 5.5], "rotation": 270, "texture": "#0"}
			}
		},
		{
			"from": [15.5, 29.4, 10.2],
			"to": [18.5, 29.4, 13.2],
			"rotation": {"angle": 45, "axis": "x", "origin": [13, 28.1, 0.3]},
			"faces": {
				"north": {"uv": [6.5, 0, 6.5, 7.25], "rotation": 90, "texture": "#0"},
				"east": {"uv": [10.5, 0.5, 7, 0.5], "rotation": 180, "texture": "#0"},
				"south": {"uv": [6, 0, 6, 7.25], "rotation": 270, "texture": "#0"},
				"west": {"uv": [10.5, 0, 7, 0], "texture": "#0"},
				"up": {"uv": [14, 4, 16, 5.5], "rotation": 270, "texture": "#0"},
				"down": {"uv": [16, 4, 14, 5.5], "rotation": 270, "texture": "#0"}
			}
		},
		{
			"from": [13.5, 30.4, 3.5],
			"to": [16.5, 30.4, 6.3],
			"rotation": {"angle": -45, "axis": "x", "origin": [11, 29, 16.3]},
			"faces": {
				"north": {"uv": [6, 0, 6, 7.25], "rotation": 90, "texture": "#0"},
				"east": {"uv": [7, 0.5, 10.5, 0.5], "rotation": 180, "texture": "#0"},
				"south": {"uv": [6.5, 0, 6.5, 7.25], "rotation": 270, "texture": "#0"},
				"west": {"uv": [7, 0, 10.5, 0], "texture": "#0"},
				"up": {"uv": [16, 4, 14, 5.5], "rotation": 270, "texture": "#0"},
				"down": {"uv": [14, 4, 16, 5.5], "rotation": 270, "texture": "#0"}
			}
		},
		{
			"from": [13.5, 30.3, 10.2],
			"to": [16.5, 30.3, 13.2],
			"rotation": {"angle": 45, "axis": "x", "origin": [11, 29, 0.3]},
			"faces": {
				"north": {"uv": [6.5, 0, 6.5, 7.25], "rotation": 90, "texture": "#0"},
				"east": {"uv": [10.5, 0.5, 7, 0.5], "rotation": 180, "texture": "#0"},
				"south": {"uv": [6, 0, 6, 7.25], "rotation": 270, "texture": "#0"},
				"west": {"uv": [10.5, 0, 7, 0], "texture": "#0"},
				"up": {"uv": [14, 4, 16, 5.5], "rotation": 270, "texture": "#0"},
				"down": {"uv": [16, 4, 14, 5.5], "rotation": 270, "texture": "#0"}
			}
		},
		{
			"from": [11.5, 31.4, 3.5],
			"to": [14.5, 31.4, 6.3],
			"rotation": {"angle": -45, "axis": "x", "origin": [9, 30, 16.3]},
			"faces": {
				"north": {"uv": [6, 0, 6, 7.25], "rotation": 90, "texture": "#0"},
				"east": {"uv": [7, 0.5, 10.5, 0.5], "rotation": 180, "texture": "#0"},
				"south": {"uv": [6.5, 0, 6.5, 7.25], "rotation": 270, "texture": "#0"},
				"west": {"uv": [7, 0, 10.5, 0], "texture": "#0"},
				"up": {"uv": [16, 4, 14, 5.5], "rotation": 270, "texture": "#0"},
				"down": {"uv": [14, 4, 16, 5.5], "rotation": 270, "texture": "#0"}
			}
		},
		{
			"from": [11.5, 31.3, 10.2],
			"to": [14.5, 31.3, 13.2],
			"rotation": {"angle": 45, "axis": "x", "origin": [9, 30, 0.3]},
			"faces": {
				"north": {"uv": [6.5, 0, 6.5, 7.25], "rotation": 90, "texture": "#0"},
				"east": {"uv": [10.5, 0.5, 7, 0.5], "rotation": 180, "texture": "#0"},
				"south": {"uv": [6, 0, 6, 7.25], "rotation": 270, "texture": "#0"},
				"west": {"uv": [10.5, 0, 7, 0], "texture": "#0"},
				"up": {"uv": [14, 4, 16, 5.5], "rotation": 270, "texture": "#0"},
				"down": {"uv": [16, 4, 14, 5.5], "rotation": 270, "texture": "#0"}
			}
		},
		{
			"from": [9.5, 24.73672, 6.1715],
			"to": [12.5, 24.73672, 8.9715],
			"rotation": {"angle": -45, "axis": "x", "origin": [11, 23.99358, 8.26464]},
			"faces": {
				"north": {"uv": [6, 0, 6, 7.25], "rotation": 90, "texture": "#0"},
				"east": {"uv": [7, 0.5, 10.5, 0.5], "rotation": 180, "texture": "#0"},
				"south": {"uv": [6.5, 0, 6.5, 7.25], "rotation": 270, "texture": "#0"},
				"west": {"uv": [7, 0, 10.5, 0], "texture": "#0"},
				"up": {"uv": [16, 4, 14, 5.5], "rotation": 270, "texture": "#0"},
				"down": {"uv": [14, 4, 16, 5.5], "rotation": 270, "texture": "#0"}
			}
		},
		{
			"from": [9.5, 24.68672, 7.50779],
			"to": [12.5, 24.68672, 10.50779],
			"rotation": {"angle": 45, "axis": "x", "origin": [11, 23.99358, 8.26464]},
			"faces": {
				"north": {"uv": [6.5, 0, 6.5, 7.25], "rotation": 90, "texture": "#0"},
				"east": {"uv": [10.5, 0.5, 7, 0.5], "rotation": 180, "texture": "#0"},
				"south": {"uv": [6, 0, 6, 7.25], "rotation": 270, "texture": "#0"},
				"west": {"uv": [10.5, 0, 7, 0], "texture": "#0"},
				"up": {"uv": [14, 4, 16, 5.5], "rotation": 270, "texture": "#0"},
				"down": {"uv": [16, 4, 14, 5.5], "rotation": 270, "texture": "#0"}
			}
		},
		{
			"from": [-2.5, 29.5, 3.5],
			"to": [0.5, 29.5, 6.3],
			"rotation": {"angle": -45, "axis": "x", "origin": [3, 28.1, 16.3]},
			"faces": {
				"north": {"uv": [6, 7.25, 6, 0], "rotation": 90, "texture": "#0"},
				"east": {"uv": [10.5, 0, 7, 0], "texture": "#0"},
				"south": {"uv": [6.5, 7.25, 6.5, 0], "rotation": 270, "texture": "#0"},
				"west": {"uv": [10.5, 0.5, 7, 0.5], "rotation": 180, "texture": "#0"},
				"up": {"uv": [16, 5.5, 14, 4], "rotation": 270, "texture": "#0"},
				"down": {"uv": [14, 5.5, 16, 4], "rotation": 270, "texture": "#0"}
			}
		},
		{
			"from": [-2.5, 29.4, 10.2],
			"to": [0.5, 29.4, 13.2],
			"rotation": {"angle": 45, "axis": "x", "origin": [3, 28.1, 0.3]},
			"faces": {
				"north": {"uv": [6.5, 7.25, 6.5, 0], "rotation": 90, "texture": "#0"},
				"east": {"uv": [7, 0, 10.5, 0], "texture": "#0"},
				"south": {"uv": [6, 7.25, 6, 0], "rotation": 270, "texture": "#0"},
				"west": {"uv": [7, 0.5, 10.5, 0.5], "rotation": 180, "texture": "#0"},
				"up": {"uv": [14, 5.5, 16, 4], "rotation": 270, "texture": "#0"},
				"down": {"uv": [16, 5.5, 14, 4], "rotation": 270, "texture": "#0"}
			}
		},
		{
			"from": [-0.5, 30.4, 3.5],
			"to": [2.5, 30.4, 6.3],
			"rotation": {"angle": -45, "axis": "x", "origin": [5, 29, 16.3]},
			"faces": {
				"north": {"uv": [6, 7.25, 6, 0], "rotation": 90, "texture": "#0"},
				"east": {"uv": [10.5, 0, 7, 0], "texture": "#0"},
				"south": {"uv": [6.5, 7.25, 6.5, 0], "rotation": 270, "texture": "#0"},
				"west": {"uv": [10.5, 0.5, 7, 0.5], "rotation": 180, "texture": "#0"},
				"up": {"uv": [16, 5.5, 14, 4], "rotation": 270, "texture": "#0"},
				"down": {"uv": [14, 5.5, 16, 4], "rotation": 270, "texture": "#0"}
			}
		},
		{
			"from": [-0.5, 30.3, 10.2],
			"to": [2.5, 30.3, 13.2],
			"rotation": {"angle": 45, "axis": "x", "origin": [5, 29, 0.3]},
			"faces": {
				"north": {"uv": [6.5, 7.25, 6.5, 0], "rotation": 90, "texture": "#0"},
				"east": {"uv": [7, 0, 10.5, 0], "texture": "#0"},
				"south": {"uv": [6, 7.25, 6, 0], "rotation": 270, "texture": "#0"},
				"west": {"uv": [7, 0.5, 10.5, 0.5], "rotation": 180, "texture": "#0"},
				"up": {"uv": [14, 5.5, 16, 4], "rotation": 270, "texture": "#0"},
				"down": {"uv": [16, 5.5, 14, 4], "rotation": 270, "texture": "#0"}
			}
		},
		{
			"from": [1.5, 31.4, 3.5],
			"to": [4.5, 31.4, 6.3],
			"rotation": {"angle": -45, "axis": "x", "origin": [7, 30, 16.3]},
			"faces": {
				"north": {"uv": [6, 7.25, 6, 0], "rotation": 90, "texture": "#0"},
				"east": {"uv": [10.5, 0, 7, 0], "texture": "#0"},
				"south": {"uv": [6.5, 7.25, 6.5, 0], "rotation": 270, "texture": "#0"},
				"west": {"uv": [10.5, 0.5, 7, 0.5], "rotation": 180, "texture": "#0"},
				"up": {"uv": [16, 5.5, 14, 4], "rotation": 270, "texture": "#0"},
				"down": {"uv": [14, 5.5, 16, 4], "rotation": 270, "texture": "#0"}
			}
		},
		{
			"from": [1.5, 31.3, 10.2],
			"to": [4.5, 31.3, 13.2],
			"rotation": {"angle": 45, "axis": "x", "origin": [7, 30, 0.3]},
			"faces": {
				"north": {"uv": [6.5, 7.25, 6.5, 0], "rotation": 90, "texture": "#0"},
				"east": {"uv": [7, 0, 10.5, 0], "texture": "#0"},
				"south": {"uv": [6, 7.25, 6, 0], "rotation": 270, "texture": "#0"},
				"west": {"uv": [7, 0.5, 10.5, 0.5], "rotation": 180, "texture": "#0"},
				"up": {"uv": [14, 5.5, 16, 4], "rotation": 270, "texture": "#0"},
				"down": {"uv": [16, 5.5, 14, 4], "rotation": 270, "texture": "#0"}
			}
		},
		{
			"from": [3.5, 24.73672, 6.1715],
			"to": [6.5, 24.73672, 8.9715],
			"rotation": {"angle": -45, "axis": "x", "origin": [5, 23.99358, 8.26464]},
			"faces": {
				"north": {"uv": [6, 7.25, 6, 0], "rotation": 90, "texture": "#0"},
				"east": {"uv": [10.5, 0, 7, 0], "texture": "#0"},
				"south": {"uv": [6.5, 7.25, 6.5, 0], "rotation": 270, "texture": "#0"},
				"west": {"uv": [10.5, 0.5, 7, 0.5], "rotation": 180, "texture": "#0"},
				"up": {"uv": [16, 5.5, 14, 4], "rotation": 270, "texture": "#0"},
				"down": {"uv": [14, 5.5, 16, 4], "rotation": 270, "texture": "#0"}
			}
		},
		{
			"from": [3.5, 24.68672, 7.50779],
			"to": [6.5, 24.68672, 10.50779],
			"rotation": {"angle": 45, "axis": "x", "origin": [5, 23.99358, 8.26464]},
			"faces": {
				"north": {"uv": [6.5, 7.25, 6.5, 0], "rotation": 90, "texture": "#0"},
				"east": {"uv": [7, 0, 10.5, 0], "texture": "#0"},
				"south": {"uv": [6, 7.25, 6, 0], "rotation": 270, "texture": "#0"},
				"west": {"uv": [7, 0.5, 10.5, 0.5], "rotation": 180, "texture": "#0"},
				"up": {"uv": [14, 5.5, 16, 4], "rotation": 270, "texture": "#0"},
				"down": {"uv": [16, 5.5, 14, 4], "rotation": 270, "texture": "#0"}
			}
		},
		{
			"from": [19.3, -10, 10.2],
			"to": [19.3, -7, 13.2],
			"rotation": {"angle": -45, "axis": "y", "origin": [18, -12.5, 0.3]},
			"faces": {
				"north": {"uv": [6.5, 7.25, 6.5, 0], "texture": "#0"},
				"east": {"uv": [14, 5.5, 16, 4], "texture": "#0"},
				"south": {"uv": [6, 7.25, 6, 0], "texture": "#0"},
				"west": {"uv": [16, 5.5, 14, 4], "texture": "#0"},
				"up": {"uv": [7, 0.5, 10.5, 0.5], "rotation": 270, "texture": "#0"},
				"down": {"uv": [7, 0, 10.5, 0], "rotation": 90, "texture": "#0"}
			}
		},
		{
			"from": [19.4, -10, 3.5],
			"to": [19.4, -7, 6.3],
			"rotation": {"angle": 45, "axis": "y", "origin": [18, -12.5, 16.3]},
			"faces": {
				"north": {"uv": [6, 7.25, 6, 0], "texture": "#0"},
				"east": {"uv": [16, 5.5, 14, 4], "texture": "#0"},
				"south": {"uv": [6.5, 7.25, 6.5, 0], "texture": "#0"},
				"west": {"uv": [14, 5.5, 16, 4], "texture": "#0"},
				"up": {"uv": [10.5, 0.5, 7, 0.5], "rotation": 270, "texture": "#0"},
				"down": {"uv": [10.5, 0, 7, 0], "rotation": 90, "texture": "#0"}
			}
		},
		{
			"from": [21.3, -8, 10.2],
			"to": [21.3, -5, 13.2],
			"rotation": {"angle": -45, "axis": "y", "origin": [20, -10.5, 0.3]},
			"faces": {
				"north": {"uv": [6.5, 7.25, 6.5, 0], "texture": "#0"},
				"east": {"uv": [14, 5.5, 16, 4], "texture": "#0"},
				"south": {"uv": [6, 7.25, 6, 0], "texture": "#0"},
				"west": {"uv": [16, 5.5, 14, 4], "texture": "#0"},
				"up": {"uv": [7, 0.5, 10.5, 0.5], "rotation": 270, "texture": "#0"},
				"down": {"uv": [7, 0, 10.5, 0], "rotation": 90, "texture": "#0"}
			}
		},
		{
			"from": [21.4, -8, 3.5],
			"to": [21.4, -5, 6.3],
			"rotation": {"angle": 45, "axis": "y", "origin": [20, -10.5, 16.3]},
			"faces": {
				"north": {"uv": [6, 7.25, 6, 0], "texture": "#0"},
				"east": {"uv": [16, 5.5, 14, 4], "texture": "#0"},
				"south": {"uv": [6.5, 7.25, 6.5, 0], "texture": "#0"},
				"west": {"uv": [14, 5.5, 16, 4], "texture": "#0"},
				"up": {"uv": [10.5, 0.5, 7, 0.5], "rotation": 270, "texture": "#0"},
				"down": {"uv": [10.5, 0, 7, 0], "rotation": 90, "texture": "#0"}
			}
		},
		{
			"from": [23.4, -5, 3.5],
			"to": [23.4, -2, 6.3],
			"rotation": {"angle": 45, "axis": "y", "origin": [22, -7.5, 16.3]},
			"faces": {
				"north": {"uv": [6, 7.25, 6, 0], "texture": "#0"},
				"east": {"uv": [16, 5.5, 14, 4], "texture": "#0"},
				"south": {"uv": [6.5, 7.25, 6.5, 0], "texture": "#0"},
				"west": {"uv": [14, 5.5, 16, 4], "texture": "#0"},
				"up": {"uv": [10.5, 0.5, 7, 0.5], "rotation": 270, "texture": "#0"},
				"down": {"uv": [10.5, 0, 7, 0], "rotation": 90, "texture": "#0"}
			}
		},
		{
			"from": [23.3, -5, 10.2],
			"to": [23.3, -2, 13.2],
			"rotation": {"angle": -45, "axis": "y", "origin": [22, -7.5, 0.3]},
			"faces": {
				"north": {"uv": [6.5, 7.25, 6.5, 0], "texture": "#0"},
				"east": {"uv": [14, 5.5, 16, 4], "texture": "#0"},
				"south": {"uv": [6, 7.25, 6, 0], "texture": "#0"},
				"west": {"uv": [16, 5.5, 14, 4], "texture": "#0"},
				"up": {"uv": [7, 0.5, 10.5, 0.5], "rotation": 270, "texture": "#0"},
				"down": {"uv": [7, 0, 10.5, 0], "rotation": 90, "texture": "#0"}
			}
		},
		{
			"from": [25.4, -2, 3.5],
			"to": [25.4, 1, 6.3],
			"rotation": {"angle": 45, "axis": "y", "origin": [24, -4.5, 16.3]},
			"faces": {
				"north": {"uv": [6, 7.25, 6, 0], "texture": "#0"},
				"east": {"uv": [16, 5.5, 14, 4], "texture": "#0"},
				"south": {"uv": [6.5, 7.25, 6.5, 0], "texture": "#0"},
				"west": {"uv": [14, 5.5, 16, 4], "texture": "#0"},
				"up": {"uv": [10.5, 0.5, 7, 0.5], "rotation": 270, "texture": "#0"},
				"down": {"uv": [10.5, 0, 7, 0], "rotation": 90, "texture": "#0"}
			}
		},
		{
			"from": [25.3, -2, 10.2],
			"to": [25.3, 1, 13.2],
			"rotation": {"angle": -45, "axis": "y", "origin": [24, -4.5, 0.3]},
			"faces": {
				"north": {"uv": [6.5, 7.25, 6.5, 0], "texture": "#0"},
				"east": {"uv": [14, 5.5, 16, 4], "texture": "#0"},
				"south": {"uv": [6, 7.25, 6, 0], "texture": "#0"},
				"west": {"uv": [16, 5.5, 14, 4], "texture": "#0"},
				"up": {"uv": [7, 0.5, 10.5, 0.5], "rotation": 270, "texture": "#0"},
				"down": {"uv": [7, 0, 10.5, 0], "rotation": 90, "texture": "#0"}
			}
		},
		{
			"from": [27.4, 0, 3.5],
			"to": [27.4, 3, 6.3],
			"rotation": {"angle": 45, "axis": "y", "origin": [26, -2.5, 16.3]},
			"faces": {
				"north": {"uv": [6, 7.25, 6, 0], "texture": "#0"},
				"east": {"uv": [16, 5.5, 14, 4], "texture": "#0"},
				"south": {"uv": [6.5, 7.25, 6.5, 0], "texture": "#0"},
				"west": {"uv": [14, 5.5, 16, 4], "texture": "#0"},
				"up": {"uv": [10.5, 0.5, 7, 0.5], "rotation": 270, "texture": "#0"},
				"down": {"uv": [10.5, 0, 7, 0], "rotation": 90, "texture": "#0"}
			}
		},
		{
			"from": [27.3, 0, 10.2],
			"to": [27.3, 3, 13.2],
			"rotation": {"angle": -45, "axis": "y", "origin": [26, -2.5, 0.3]},
			"faces": {
				"north": {"uv": [6.5, 7.25, 6.5, 0], "texture": "#0"},
				"east": {"uv": [14, 5.5, 16, 4], "texture": "#0"},
				"south": {"uv": [6, 7.25, 6, 0], "texture": "#0"},
				"west": {"uv": [16, 5.5, 14, 4], "texture": "#0"},
				"up": {"uv": [7, 0.5, 10.5, 0.5], "rotation": 270, "texture": "#0"},
				"down": {"uv": [7, 0, 10.5, 0], "rotation": 90, "texture": "#0"}
			}
		},
		{
			"from": [-3.3, -10, 10.2],
			"to": [-3.3, -7, 13.2],
			"rotation": {"angle": 45, "axis": "y", "origin": [-2, -12.5, 0.3]},
			"faces": {
				"north": {"uv": [6.5, 7.25, 6.5, 0], "texture": "#0"},
				"east": {"uv": [14, 5.5, 16, 4], "texture": "#0"},
				"south": {"uv": [6, 7.25, 6, 0], "texture": "#0"},
				"west": {"uv": [16, 5.5, 14, 4], "texture": "#0"},
				"up": {"uv": [7, 0.5, 10.5, 0.5], "rotation": 270, "texture": "#0"},
				"down": {"uv": [7, 0, 10.5, 0], "rotation": 90, "texture": "#0"}
			}
		},
		{
			"from": [-3.4, -10, 3.5],
			"to": [-3.4, -7, 6.3],
			"rotation": {"angle": -45, "axis": "y", "origin": [-2, -12.5, 16.3]},
			"faces": {
				"north": {"uv": [6, 7.25, 6, 0], "texture": "#0"},
				"east": {"uv": [16, 5.5, 14, 4], "texture": "#0"},
				"south": {"uv": [6.5, 7.25, 6.5, 0], "texture": "#0"},
				"west": {"uv": [14, 5.5, 16, 4], "texture": "#0"},
				"up": {"uv": [10.5, 0.5, 7, 0.5], "rotation": 270, "texture": "#0"},
				"down": {"uv": [10.5, 0, 7, 0], "rotation": 90, "texture": "#0"}
			}
		},
		{
			"from": [-5.3, -8, 10.2],
			"to": [-5.3, -5, 13.2],
			"rotation": {"angle": 45, "axis": "y", "origin": [-4, -10.5, 0.3]},
			"faces": {
				"north": {"uv": [6.5, 7.25, 6.5, 0], "texture": "#0"},
				"east": {"uv": [14, 5.5, 16, 4], "texture": "#0"},
				"south": {"uv": [6, 7.25, 6, 0], "texture": "#0"},
				"west": {"uv": [16, 5.5, 14, 4], "texture": "#0"},
				"up": {"uv": [7, 0.5, 10.5, 0.5], "rotation": 270, "texture": "#0"},
				"down": {"uv": [7, 0, 10.5, 0], "rotation": 90, "texture": "#0"}
			}
		},
		{
			"from": [-5.4, -8, 3.5],
			"to": [-5.4, -5, 6.3],
			"rotation": {"angle": -45, "axis": "y", "origin": [-4, -10.5, 16.3]},
			"faces": {
				"north": {"uv": [6, 7.25, 6, 0], "texture": "#0"},
				"east": {"uv": [16, 5.5, 14, 4], "texture": "#0"},
				"south": {"uv": [6.5, 7.25, 6.5, 0], "texture": "#0"},
				"west": {"uv": [14, 5.5, 16, 4], "texture": "#0"},
				"up": {"uv": [10.5, 0.5, 7, 0.5], "rotation": 270, "texture": "#0"},
				"down": {"uv": [10.5, 0, 7, 0], "rotation": 90, "texture": "#0"}
			}
		},
		{
			"from": [-7.4, -5, 3.5],
			"to": [-7.4, -2, 6.3],
			"rotation": {"angle": -45, "axis": "y", "origin": [-6, -7.5, 16.3]},
			"faces": {
				"north": {"uv": [6, 7.25, 6, 0], "texture": "#0"},
				"east": {"uv": [16, 5.5, 14, 4], "texture": "#0"},
				"south": {"uv": [6.5, 7.25, 6.5, 0], "texture": "#0"},
				"west": {"uv": [14, 5.5, 16, 4], "texture": "#0"},
				"up": {"uv": [10.5, 0.5, 7, 0.5], "rotation": 270, "texture": "#0"},
				"down": {"uv": [10.5, 0, 7, 0], "rotation": 90, "texture": "#0"}
			}
		},
		{
			"from": [-7.3, -5, 10.2],
			"to": [-7.3, -2, 13.2],
			"rotation": {"angle": 45, "axis": "y", "origin": [-6, -7.5, 0.3]},
			"faces": {
				"north": {"uv": [6.5, 7.25, 6.5, 0], "texture": "#0"},
				"east": {"uv": [14, 5.5, 16, 4], "texture": "#0"},
				"south": {"uv": [6, 7.25, 6, 0], "texture": "#0"},
				"west": {"uv": [16, 5.5, 14, 4], "texture": "#0"},
				"up": {"uv": [7, 0.5, 10.5, 0.5], "rotation": 270, "texture": "#0"},
				"down": {"uv": [7, 0, 10.5, 0], "rotation": 90, "texture": "#0"}
			}
		},
		{
			"from": [-9.4, -2, 3.5],
			"to": [-9.4, 1, 6.3],
			"rotation": {"angle": -45, "axis": "y", "origin": [-8, -4.5, 16.3]},
			"faces": {
				"north": {"uv": [6, 7.25, 6, 0], "texture": "#0"},
				"east": {"uv": [16, 5.5, 14, 4], "texture": "#0"},
				"south": {"uv": [6.5, 7.25, 6.5, 0], "texture": "#0"},
				"west": {"uv": [14, 5.5, 16, 4], "texture": "#0"},
				"up": {"uv": [10.5, 0.5, 7, 0.5], "rotation": 270, "texture": "#0"},
				"down": {"uv": [10.5, 0, 7, 0], "rotation": 90, "texture": "#0"}
			}
		},
		{
			"from": [-9.3, -2, 10.2],
			"to": [-9.3, 1, 13.2],
			"rotation": {"angle": 45, "axis": "y", "origin": [-8, -4.5, 0.3]},
			"faces": {
				"north": {"uv": [6.5, 7.25, 6.5, 0], "texture": "#0"},
				"east": {"uv": [14, 5.5, 16, 4], "texture": "#0"},
				"south": {"uv": [6, 7.25, 6, 0], "texture": "#0"},
				"west": {"uv": [16, 5.5, 14, 4], "texture": "#0"},
				"up": {"uv": [7, 0.5, 10.5, 0.5], "rotation": 270, "texture": "#0"},
				"down": {"uv": [7, 0, 10.5, 0], "rotation": 90, "texture": "#0"}
			}
		},
		{
			"from": [-11.4, 0, 3.5],
			"to": [-11.4, 3, 6.3],
			"rotation": {"angle": -45, "axis": "y", "origin": [-10, -2.5, 16.3]},
			"faces": {
				"north": {"uv": [6, 7.25, 6, 0], "texture": "#0"},
				"east": {"uv": [16, 5.5, 14, 4], "texture": "#0"},
				"south": {"uv": [6.5, 7.25, 6.5, 0], "texture": "#0"},
				"west": {"uv": [14, 5.5, 16, 4], "texture": "#0"},
				"up": {"uv": [10.5, 0.5, 7, 0.5], "rotation": 270, "texture": "#0"},
				"down": {"uv": [10.5, 0, 7, 0], "rotation": 90, "texture": "#0"}
			}
		},
		{
			"from": [-11.3, 0, 10.2],
			"to": [-11.3, 3, 13.2],
			"rotation": {"angle": 45, "axis": "y", "origin": [-10, -2.5, 0.3]},
			"faces": {
				"north": {"uv": [6.5, 7.25, 6.5, 0], "texture": "#0"},
				"east": {"uv": [14, 5.5, 16, 4], "texture": "#0"},
				"south": {"uv": [6, 7.25, 6, 0], "texture": "#0"},
				"west": {"uv": [16, 5.5, 14, 4], "texture": "#0"},
				"up": {"uv": [7, 0.5, 10.5, 0.5], "rotation": 270, "texture": "#0"},
				"down": {"uv": [7, 0, 10.5, 0], "rotation": 90, "texture": "#0"}
			}
		},
		{
			"from": [4, -8.9, 7.2],
			"to": [6, 23.9, 9],
			"rotation": {"angle": 0, "axis": "y", "origin": [16, 0, 6]},
			"faces": {
				"north": {"uv": [13, 0, 12, 16], "texture": "#1"},
				"east": {"uv": [12, 0, 11, 16], "texture": "#1"},
				"south": {"uv": [12, 0, 13, 16], "texture": "#1"},
				"west": {"uv": [12, 0, 11, 16], "texture": "#1"},
				"up": {"uv": [1, 14, 0, 15], "texture": "#1"},
				"down": {"uv": [1, 14, 0, 15], "texture": "#1"}
			}
		},
		{
			"from": [10, -8.9, 7.2],
			"to": [12, 23.9, 9],
			"rotation": {"angle": 0, "axis": "y", "origin": [0, 0, 6]},
			"faces": {
				"north": {"uv": [12, 0, 13, 16], "texture": "#1"},
				"east": {"uv": [11, 0, 12, 16], "texture": "#1"},
				"south": {"uv": [13, 0, 12, 16], "texture": "#1"},
				"west": {"uv": [11, 0, 12, 16], "texture": "#1"},
				"up": {"uv": [0, 14, 1, 15], "texture": "#1"},
				"down": {"uv": [0, 14, 1, 15], "texture": "#1"}
			}
		},
		{
			"from": [6, -10, 7],
			"to": [10, 25, 9],
			"rotation": {"angle": 0, "axis": "y", "origin": [0, 0, 6]},
			"faces": {
				"north": {"uv": [14, 0, 16, 16], "texture": "#1"},
				"east": {"uv": [13, 0, 14, 16], "texture": "#1"},
				"south": {"uv": [14, 0, 16, 16], "texture": "#1"},
				"west": {"uv": [13, 0, 14, 16], "texture": "#1"},
				"up": {"uv": [0, 15, 2, 16], "texture": "#1"},
				"down": {"uv": [0, 15, 2, 16], "texture": "#1"}
			}
		},
		{
			"from": [2, -5.9, 7.4],
			"to": [4, 22.9, 9],
			"rotation": {"angle": 0, "axis": "y", "origin": [16, 0, 6]},
			"faces": {
				"north": {"uv": [11, 1.5, 10, 16], "texture": "#1"},
				"east": {"uv": [10, 1.5, 9.25, 16], "texture": "#1"},
				"south": {"uv": [10, 1.5, 11, 16], "texture": "#1"},
				"west": {"uv": [10, 1.5, 9.25, 16], "texture": "#1"},
				"up": {"uv": [1, 13.25, 0, 14], "texture": "#1"},
				"down": {"uv": [1, 13.25, 0, 14], "texture": "#1"}
			}
		},
		{
			"from": [0, -3, 7.6],
			"to": [2, 22, 9],
			"rotation": {"angle": 0, "axis": "y", "origin": [16, 0, 6]},
			"faces": {
				"north": {"uv": [9.25, 3.5, 8.25, 16], "texture": "#1"},
				"east": {"uv": [8.25, 3.5, 7.5, 16], "texture": "#1"},
				"south": {"uv": [8.25, 3.5, 9.25, 16], "texture": "#1"},
				"west": {"uv": [8.25, 3.5, 7.5, 16], "texture": "#1"},
				"up": {"uv": [1, 12.5, 0, 13.25], "texture": "#1"},
				"down": {"uv": [1, 12.5, 0, 13.25], "texture": "#1"}
			}
		},
		{
			"from": [-2, 0, 7.8],
			"to": [0, 21, 9],
			"rotation": {"angle": 0, "axis": "y", "origin": [16, 0, 6]},
			"faces": {
				"north": {"uv": [7.5, 5.5, 6.5, 16], "texture": "#1"},
				"east": {"uv": [6.5, 5.5, 6, 16], "texture": "#1"},
				"south": {"uv": [6.5, 5.5, 7.5, 16], "texture": "#1"},
				"west": {"uv": [6.5, 5.5, 6, 16], "texture": "#1"},
				"up": {"uv": [2, 14.5, 1, 15], "texture": "#1"},
				"down": {"uv": [2, 14.5, 1, 15], "texture": "#1"}
			}
		},
		{
			"from": [-4, 12, 8],
			"to": [-2, 20, 9],
			"rotation": {"angle": 0, "axis": "y", "origin": [0, 0, 6]},
			"faces": {
				"north": {"uv": [9.25, 10.5, 8.25, 14.5], "rotation": 180, "texture": "#0"},
				"east": {"uv": [9.75, 10.5, 10.25, 14.5], "texture": "#0"},
				"south": {"uv": [8.25, 10.5, 9.25, 14.5], "rotation": 180, "texture": "#0"},
				"west": {"uv": [9.75, 10.5, 10.25, 14.5], "texture": "#0"},
				"up": {"uv": [3.5, 14.5, 2.5, 15], "texture": "#0"},
				"down": {"uv": [3.5, 14.5, 2.5, 15], "texture": "#0"}
			}
		},
		{
			"from": [-4, 2, 8],
			"to": [-2, 10, 9],
			"rotation": {"angle": 0, "axis": "y", "origin": [0, 0, 6]},
			"faces": {
				"north": {"uv": [12, 8, 16, 7], "rotation": 90, "texture": "#0"},
				"east": {"uv": [12, 8.5, 16, 9], "rotation": 90, "texture": "#0"},
				"south": {"uv": [16, 7, 12, 8], "rotation": 90, "texture": "#0"},
				"west": {"uv": [12, 8.5, 16, 9], "rotation": 90, "texture": "#0"},
				"up": {"uv": [10.25, 10, 9.25, 10.5], "texture": "#0"},
				"down": {"uv": [10.25, 10, 9.25, 10.5], "texture": "#0"}
			}
		},
		{
			"from": [12, -5.9, 7.4],
			"to": [14, 22.9, 9],
			"rotation": {"angle": 0, "axis": "y", "origin": [0, 0, 6]},
			"faces": {
				"north": {"uv": [10, 1.5, 11, 16], "texture": "#1"},
				"east": {"uv": [9.25, 1.5, 10, 16], "texture": "#1"},
				"south": {"uv": [11, 1.5, 10, 16], "texture": "#1"},
				"west": {"uv": [9.25, 1.5, 10, 16], "texture": "#1"},
				"up": {"uv": [0, 13.25, 1, 14], "texture": "#1"},
				"down": {"uv": [0, 13.25, 1, 14], "texture": "#1"}
			}
		},
		{
			"from": [14, -3, 7.6],
			"to": [16, 22, 9],
			"rotation": {"angle": 0, "axis": "y", "origin": [0, 0, 6]},
			"faces": {
				"north": {"uv": [8.25, 3.5, 9.25, 16], "texture": "#1"},
				"east": {"uv": [7.5, 3.5, 8.25, 16], "texture": "#1"},
				"south": {"uv": [9.25, 3.5, 8.25, 16], "texture": "#1"},
				"west": {"uv": [7.5, 3.5, 8.25, 16], "texture": "#1"},
				"up": {"uv": [0, 12.5, 1, 13.25], "texture": "#1"},
				"down": {"uv": [0, 12.5, 1, 13.25], "texture": "#1"}
			}
		},
		{
			"from": [16, 0, 7.8],
			"to": [18, 21, 9],
			"rotation": {"angle": 0, "axis": "y", "origin": [0, 0, 6]},
			"faces": {
				"north": {"uv": [6.5, 5.5, 7.5, 16], "texture": "#1"},
				"east": {"uv": [6, 5.5, 6.5, 16], "texture": "#1"},
				"south": {"uv": [7.5, 5.5, 6.5, 16], "texture": "#1"},
				"west": {"uv": [6, 5.5, 6.5, 16], "texture": "#1"},
				"up": {"uv": [1, 14.5, 2, 15], "texture": "#1"},
				"down": {"uv": [1, 14.5, 2, 15], "texture": "#1"}
			}
		},
		{
			"from": [18, 2, 8],
			"to": [20, 10, 9],
			"rotation": {"angle": 0, "axis": "y", "origin": [16, 0, 6]},
			"faces": {
				"north": {"uv": [12, 7, 16, 8], "rotation": 90, "texture": "#0"},
				"east": {"uv": [12, 9, 16, 8.5], "rotation": 90, "texture": "#0"},
				"south": {"uv": [16, 8, 12, 7], "rotation": 90, "texture": "#0"},
				"west": {"uv": [12, 9, 16, 8.5], "rotation": 90, "texture": "#0"},
				"up": {"uv": [9.25, 10, 10.25, 10.5], "texture": "#0"},
				"down": {"uv": [9.25, 10, 10.25, 10.5], "texture": "#0"}
			}
		},
		{
			"from": [18, 12, 8],
			"to": [20, 20, 9],
			"rotation": {"angle": 0, "axis": "y", "origin": [16, 0, 6]},
			"faces": {
				"north": {"uv": [8.25, 10.5, 9.25, 14.5], "rotation": 180, "texture": "#0"},
				"east": {"uv": [10.25, 10.5, 9.75, 14.5], "texture": "#0"},
				"south": {"uv": [9.25, 10.5, 8.25, 14.5], "rotation": 180, "texture": "#0"},
				"west": {"uv": [10.25, 10.5, 9.75, 14.5], "texture": "#0"},
				"up": {"uv": [2.5, 14.5, 3.5, 15], "texture": "#0"},
				"down": {"uv": [2.5, 14.5, 3.5, 15], "texture": "#0"}
			}
		},
		{
			"from": [2.3, 8.3, 6.9],
			"to": [13.5, 23.5, 6.9],
			"faces": {
				"north": {"uv": [2.5, 0, 13.7, 15.2], "texture": "#4"},
				"east": {"uv": [0, 0, 0, 16], "texture": "#4"},
				"south": {"uv": [2.5, 0, 13.7, 15.2], "texture": "#4"},
				"west": {"uv": [0, 0, 0, 16], "texture": "#4"},
				"up": {"uv": [0, 0, 11, 0], "texture": "#4"},
				"down": {"uv": [0, 0, 11, 0], "texture": "#4"}
			}
		},
		{
			"from": [2.3, -6.9, 6.9],
			"to": [13.5, 8.3, 6.9],
			"faces": {
				"north": {"uv": [2.5, 0, 13.7, 15.2], "texture": "#5"},
				"east": {"uv": [0, 0, 0, 16], "texture": "#5"},
				"south": {"uv": [2.5, 0, 13.7, 15.2], "texture": "#5"},
				"west": {"uv": [0, 0, 0, 16], "texture": "#5"},
				"up": {"uv": [0, 0, 11, 0], "texture": "#5"},
				"down": {"uv": [0, 0, 11, 0], "texture": "#5"}
			}
		}
	],
	"gui_light": "front",
	"display": {
		"thirdperson_righthand": {
			"rotation": [47, 0, 0],
			"translation": [0, 1, 1],
			"scale": [0.60625, 0.60625, 0.60625]
		},
		"thirdperson_lefthand": {
			"rotation": [47, 0, 0],
			"translation": [0, 1, 1],
			"scale": [0.60625, 0.60625, 0.60625]
		},
		"firstperson_righthand": {
			"rotation": [0, 0, 28.75],
			"translation": [-7.25, 4.75, 0.5],
			"scale": [0.44141, 0.44141, 0.44141]
		},
		"firstperson_lefthand": {
			"rotation": [0, 0, 28.75],
			"translation": [-7.25, 4.75, 0.5],
			"scale": [0.44141, 0.44141, 0.44141]
		},
		"ground": {
			"rotation": [45, 0, 0],
			"translation": [0, 5.25, 0],
			"scale": [0.35, 0.35, 0.35]
		},
		"gui": {
			"translation": [0.25, 0, -2],
			"scale": [0.41211, 0.41211, 0.41211]
		},
		"head": {
			"rotation": [-135.5, 0, 0],
			"translation": [0, 20.5, 4.75],
			"scale": [0, 0, 0]
		},
		"fixed": {
			"translation": [0.25, 0.75, -2.25],
			"scale": [1.43242, 1.43242, 1.43242]
		}
	},
	"groups": [
		0,
		1,
		{
			"name": "Horn",
			"origin": [5, 18.5, 4.5],
			"color": 0,
			"children": [2, 3, 4, 5, 6, 7, 8, 9]
		},
		{
			"name": "Horn",
			"origin": [5, 18.5, 4.5],
			"color": 0,
			"children": [10, 11, 12, 13, 14, 15, 16, 17]
		},
		{
			"name": "group",
			"origin": [11, 23.99358, 8.26464],
			"color": 0,
			"children": [18, 19, 20, 21, 22, 23, 24, 25]
		},
		{
			"name": "group",
			"origin": [11, 23.99358, 8.26464],
			"color": 0,
			"children": [26, 27, 28, 29, 30, 31, 32, 33]
		},
		{
			"name": "group",
			"origin": [26, -2.5, 0.3],
			"color": 0,
			"children": [34, 35, 36, 37, 38, 39, 40, 41, 42, 43]
		},
		{
			"name": "group",
			"origin": [26, -2.5, 0.3],
			"color": 0,
			"children": [44, 45, 46, 47, 48, 49, 50, 51, 52, 53]
		},
		{
			"name": "group",
			"origin": [16, 0, 6],
			"color": 0,
			"children": [54, 55, 56, 57, 58, 59, 60, 61, 62, 63, 64, 65, 66]
		},
		67,
		68
	]
}