{
	"credit": "Made with Blockbench",
	"textures": {
		"0": "elitecreatures/azgad_weapon/azgadtex4",
		"1": "elitecreatures/azgad_weapon/azgadtex1",
		"2": "elitecreatures/azgad_weapon/firedragon",
		"particle": "elitecreatures/azgad_weapon/azgadtex4"
	},
	"elements": [
		{
			"from": [7, -9, 7],
			"to": [9, 0, 9],
			"rotation": {"angle": 0, "axis": "y", "origin": [16, -5, 0]},
			"faces": {
				"north": {"uv": [8.75, 0, 9.75, 4.5], "texture": "#0"},
				"east": {"uv": [8.75, 0, 7.75, 4.5], "texture": "#0"},
				"south": {"uv": [8.75, 0, 9.75, 4.5], "texture": "#0"},
				"west": {"uv": [7.75, 0, 8.75, 4.5], "texture": "#0"},
				"up": {"uv": [9.75, 5.5, 8.75, 4.5], "rotation": 90, "texture": "#0"},
				"down": {"uv": [9.75, 4.5, 8.75, 5.5], "rotation": 270, "texture": "#0"}
			}
		},
		{
			"from": [6, 0, 6],
			"to": [10, 1, 10],
			"faces": {
				"north": {"uv": [8.75, 4.5, 9.25, 6.5], "rotation": 90, "texture": "#0"},
				"east": {"uv": [8.75, 4.5, 9.25, 6.5], "rotation": 90, "texture": "#0"},
				"south": {"uv": [8.75, 4.5, 9.25, 6.5], "rotation": 90, "texture": "#0"},
				"west": {"uv": [8.75, 4.5, 9.25, 6.5], "rotation": 90, "texture": "#0"},
				"up": {"uv": [7.75, 6.5, 9.75, 8.5], "texture": "#0"},
				"down": {"uv": [7.75, 6.5, 9.75, 8.5], "texture": "#0"}
			}
		},
		{
			"from": [9.9, -5.5, -1.6],
			"to": [12.9, -2.5, -1.6],
			"rotation": {"angle": -45, "axis": "y", "origin": [0, 0, -0.3]},
			"faces": {
				"north": {"uv": [14, 4, 16, 5.5], "texture": "#0"},
				"east": {"uv": [6, 0, 6, 7.25], "texture": "#0"},
				"south": {"uv": [16, 4, 14, 5.5], "texture": "#0"},
				"west": {"uv": [6.5, 0, 6.5, 7.25], "texture": "#0"},
				"up": {"uv": [10.5, 0, 7, 0], "texture": "#0"},
				"down": {"uv": [10.5, 0.5, 7, 0.5], "texture": "#0"}
			}
		},
		{
			"from": [9.9, -3, -1.5],
			"to": [12.9, 0, -1.5],
			"rotation": {"angle": -45, "axis": "y", "origin": [0, 2.5, -0.2]},
			"faces": {
				"north": {"uv": [14, 4, 16, 5.5], "texture": "#0"},
				"east": {"uv": [6, 0, 6, 7.25], "texture": "#0"},
				"south": {"uv": [16, 4, 14, 5.5], "texture": "#0"},
				"west": {"uv": [6.5, 0, 6.5, 7.25], "texture": "#0"},
				"up": {"uv": [10.5, 0, 7, 0], "texture": "#0"},
				"down": {"uv": [10.5, 0.5, 7, 0.5], "texture": "#0"}
			}
		},
		{
			"from": [3.2, -5.5, -1.7],
			"to": [6, -2.5, -1.7],
			"rotation": {"angle": 45, "axis": "y", "origin": [16, 0, -0.3]},
			"faces": {
				"north": {"uv": [16, 4, 14, 5.5], "texture": "#0"},
				"east": {"uv": [6.5, 0, 6.5, 7.25], "texture": "#0"},
				"south": {"uv": [14, 4, 16, 5.5], "texture": "#0"},
				"west": {"uv": [6, 0, 6, 7.25], "texture": "#0"},
				"up": {"uv": [7, 0, 10.5, 0], "texture": "#0"},
				"down": {"uv": [7, 0.5, 10.5, 0.5], "texture": "#0"}
			}
		},
		{
			"from": [3.2, -3, -1.6],
			"to": [6, 0, -1.6],
			"rotation": {"angle": 45, "axis": "y", "origin": [16, 2.5, -0.2]},
			"faces": {
				"north": {"uv": [16, 4, 14, 5.5], "texture": "#0"},
				"east": {"uv": [6.5, 0, 6.5, 7.25], "texture": "#0"},
				"south": {"uv": [14, 4, 16, 5.5], "texture": "#0"},
				"west": {"uv": [6, 0, 6, 7.25], "texture": "#0"},
				"up": {"uv": [7, 0, 10.5, 0], "texture": "#0"},
				"down": {"uv": [7, 0.5, 10.5, 0.5], "texture": "#0"}
			}
		},
		{
			"from": [9.9, -5.5, 17.6],
			"to": [12.9, -2.5, 17.6],
			"rotation": {"angle": 45, "axis": "y", "origin": [0, 0, 16.3]},
			"faces": {
				"north": {"uv": [14, 4, 16, 5.5], "texture": "#0"},
				"east": {"uv": [6, 0, 6, 7.25], "texture": "#0"},
				"south": {"uv": [16, 4, 14, 5.5], "texture": "#0"},
				"west": {"uv": [6.5, 0, 6.5, 7.25], "texture": "#0"},
				"up": {"uv": [10.5, 0, 7, 0], "texture": "#0"},
				"down": {"uv": [10.5, 0.5, 7, 0.5], "texture": "#0"}
			}
		},
		{
			"from": [9.9, -3, 17.5],
			"to": [12.9, 0, 17.5],
			"rotation": {"angle": 45, "axis": "y", "origin": [0, 2.5, 16.2]},
			"faces": {
				"north": {"uv": [14, 4, 16, 5.5], "texture": "#0"},
				"east": {"uv": [6, 0, 6, 7.25], "texture": "#0"},
				"south": {"uv": [16, 4, 14, 5.5], "texture": "#0"},
				"west": {"uv": [6.5, 0, 6.5, 7.25], "texture": "#0"},
				"up": {"uv": [10.5, 0, 7, 0], "texture": "#0"},
				"down": {"uv": [10.5, 0.5, 7, 0.5], "texture": "#0"}
			}
		},
		{
			"from": [3.2, -5.5, 17.7],
			"to": [6, -2.5, 17.7],
			"rotation": {"angle": -45, "axis": "y", "origin": [16, 0, 16.3]},
			"faces": {
				"north": {"uv": [16, 4, 14, 5.5], "texture": "#0"},
				"east": {"uv": [6.5, 0, 6.5, 7.25], "texture": "#0"},
				"south": {"uv": [14, 4, 16, 5.5], "texture": "#0"},
				"west": {"uv": [6, 0, 6, 7.25], "texture": "#0"},
				"up": {"uv": [7, 0, 10.5, 0], "texture": "#0"},
				"down": {"uv": [7, 0.5, 10.5, 0.5], "texture": "#0"}
			}
		},
		{
			"from": [3.2, -3, 17.6],
			"to": [6, 0, 17.6],
			"rotation": {"angle": -45, "axis": "y", "origin": [16, 2.5, 16.2]},
			"faces": {
				"north": {"uv": [16, 4, 14, 5.5], "texture": "#0"},
				"east": {"uv": [6.5, 0, 6.5, 7.25], "texture": "#0"},
				"south": {"uv": [14, 4, 16, 5.5], "texture": "#0"},
				"west": {"uv": [6, 0, 6, 7.25], "texture": "#0"},
				"up": {"uv": [7, 0, 10.5, 0], "texture": "#0"},
				"down": {"uv": [7, 0.5, 10.5, 0.5], "texture": "#0"}
			}
		},
		{
			"from": [17.7, -5, 3.3],
			"to": [17.7, -2, 6.1],
			"rotation": {"angle": 45, "axis": "y", "origin": [16.3, 1, 16.1]},
			"faces": {
				"north": {"uv": [6, 0, 6, 7.25], "texture": "#0"},
				"east": {"uv": [16, 4, 14, 5.5], "texture": "#0"},
				"south": {"uv": [6.5, 0, 6.5, 7.25], "texture": "#0"},
				"west": {"uv": [14, 4, 16, 5.5], "texture": "#0"},
				"up": {"uv": [7, 0, 10.5, 0], "rotation": 90, "texture": "#0"},
				"down": {"uv": [7, 0.5, 10.5, 0.5], "rotation": 270, "texture": "#0"}
			}
		},
		{
			"from": [17.6, -2.5, 3.3],
			"to": [17.6, 0.5, 6.1],
			"rotation": {"angle": 45, "axis": "y", "origin": [16.2, 3, 16.1]},
			"faces": {
				"north": {"uv": [6, 0, 6, 7.25], "texture": "#0"},
				"east": {"uv": [16, 4, 14, 5.5], "texture": "#0"},
				"south": {"uv": [6.5, 0, 6.5, 7.25], "texture": "#0"},
				"west": {"uv": [14, 4, 16, 5.5], "texture": "#0"},
				"up": {"uv": [7, 0, 10.5, 0], "rotation": 90, "texture": "#0"},
				"down": {"uv": [7, 0.5, 10.5, 0.5], "rotation": 270, "texture": "#0"}
			}
		},
		{
			"from": [17.6, -5, 10],
			"to": [17.6, -2, 13],
			"rotation": {"angle": -45, "axis": "y", "origin": [16.3, 1, 0.1]},
			"faces": {
				"north": {"uv": [6.5, 0, 6.5, 7.25], "texture": "#0"},
				"east": {"uv": [14, 4, 16, 5.5], "texture": "#0"},
				"south": {"uv": [6, 0, 6, 7.25], "texture": "#0"},
				"west": {"uv": [16, 4, 14, 5.5], "texture": "#0"},
				"up": {"uv": [10.5, 0, 7, 0], "rotation": 90, "texture": "#0"},
				"down": {"uv": [10.5, 0.5, 7, 0.5], "rotation": 270, "texture": "#0"}
			}
		},
		{
			"from": [-1.8, -5, 10],
			"to": [-1.8, -2, 13],
			"rotation": {"angle": 45, "axis": "y", "origin": [-0.5, 1, 0.1]},
			"faces": {
				"north": {"uv": [6.5, 0, 6.5, 7.25], "texture": "#0"},
				"east": {"uv": [14, 4, 16, 5.5], "texture": "#0"},
				"south": {"uv": [6, 0, 6, 7.25], "texture": "#0"},
				"west": {"uv": [16, 4, 14, 5.5], "texture": "#0"},
				"up": {"uv": [10.5, 0, 7, 0], "rotation": 90, "texture": "#0"},
				"down": {"uv": [10.5, 0.5, 7, 0.5], "rotation": 270, "texture": "#0"}
			}
		},
		{
			"from": [-1.9, -5, 3.3],
			"to": [-1.9, -2, 6.1],
			"rotation": {"angle": -45, "axis": "y", "origin": [-0.5, 1, 16.1]},
			"faces": {
				"north": {"uv": [6, 0, 6, 7.25], "texture": "#0"},
				"east": {"uv": [16, 4, 14, 5.5], "texture": "#0"},
				"south": {"uv": [6.5, 0, 6.5, 7.25], "texture": "#0"},
				"west": {"uv": [14, 4, 16, 5.5], "texture": "#0"},
				"up": {"uv": [7, 0, 10.5, 0], "rotation": 90, "texture": "#0"},
				"down": {"uv": [7, 0.5, 10.5, 0.5], "rotation": 270, "texture": "#0"}
			}
		},
		{
			"from": [17.5, -2.5, 10],
			"to": [17.5, 0.5, 13],
			"rotation": {"angle": -45, "axis": "y", "origin": [16.2, 3, 0.1]},
			"faces": {
				"north": {"uv": [6.5, 0, 6.5, 7.25], "texture": "#0"},
				"east": {"uv": [14, 4, 16, 5.5], "texture": "#0"},
				"south": {"uv": [6, 0, 6, 7.25], "texture": "#0"},
				"west": {"uv": [16, 4, 14, 5.5], "texture": "#0"},
				"up": {"uv": [10.5, 0, 7, 0], "rotation": 90, "texture": "#0"},
				"down": {"uv": [10.5, 0.5, 7, 0.5], "rotation": 270, "texture": "#0"}
			}
		},
		{
			"from": [-1.8, -2.5, 3.3],
			"to": [-1.8, 0.5, 6.1],
			"rotation": {"angle": -45, "axis": "y", "origin": [-0.4, 3, 16.1]},
			"faces": {
				"north": {"uv": [6, 0, 6, 7.25], "texture": "#0"},
				"east": {"uv": [16, 4, 14, 5.5], "texture": "#0"},
				"south": {"uv": [6.5, 0, 6.5, 7.25], "texture": "#0"},
				"west": {"uv": [14, 4, 16, 5.5], "texture": "#0"},
				"up": {"uv": [7, 0, 10.5, 0], "rotation": 90, "texture": "#0"},
				"down": {"uv": [7, 0.5, 10.5, 0.5], "rotation": 270, "texture": "#0"}
			}
		},
		{
			"from": [-1.7, -2.5, 10],
			"to": [-1.7, 0.5, 13],
			"rotation": {"angle": 45, "axis": "y", "origin": [-0.4, 3, 0.1]},
			"faces": {
				"north": {"uv": [6.5, 0, 6.5, 7.25], "texture": "#0"},
				"east": {"uv": [14, 4, 16, 5.5], "texture": "#0"},
				"south": {"uv": [6, 0, 6, 7.25], "texture": "#0"},
				"west": {"uv": [16, 4, 14, 5.5], "texture": "#0"},
				"up": {"uv": [10.5, 0, 7, 0], "rotation": 90, "texture": "#0"},
				"down": {"uv": [10.5, 0.5, 7, 0.5], "rotation": 270, "texture": "#0"}
			}
		},
		{
			"from": [1.7, -1, 6.9],
			"to": [3.7, 1, 9.1],
			"rotation": {"angle": 45, "axis": "z", "origin": [16, 2, 0]},
			"faces": {
				"north": {"uv": [7.75, 4.5, 8.75, 5.5], "texture": "#0"},
				"east": {"uv": [7.75, 5.5, 8.75, 6.5], "texture": "#0"},
				"south": {"uv": [7.75, 4.5, 8.75, 5.5], "texture": "#0"},
				"west": {"uv": [7.75, 6.5, 8.75, 5.5], "texture": "#0"},
				"up": {"uv": [7.75, 5.5, 8.75, 6.5], "rotation": 90, "texture": "#0"},
				"down": {"uv": [7.75, 5.5, 8.75, 6.5], "rotation": 270, "texture": "#0"}
			}
		},
		{
			"from": [0.7, -2, 7],
			"to": [2.7, 0, 9],
			"rotation": {"angle": 45, "axis": "z", "origin": [16, 2, 0]},
			"faces": {
				"north": {"uv": [7.75, 4.5, 8.75, 5.5], "texture": "#0"},
				"east": {"uv": [7.75, 5.5, 8.75, 6.5], "texture": "#0"},
				"south": {"uv": [7.75, 4.5, 8.75, 5.5], "texture": "#0"},
				"west": {"uv": [7.75, 6.5, 8.75, 5.5], "texture": "#0"},
				"up": {"uv": [7.75, 5.5, 8.75, 6.5], "rotation": 90, "texture": "#0"},
				"down": {"uv": [7.75, 5.5, 8.75, 6.5], "rotation": 270, "texture": "#0"}
			}
		},
		{
			"from": [6.5, -15, 8],
			"to": [9.5, -9, 8],
			"rotation": {"angle": 0, "axis": "y", "origin": [16, 2, 0]},
			"faces": {
				"north": {"uv": [12.25, 4, 13.75, 7], "texture": "#0"},
				"east": {"uv": [12.25, 4, 12.25, 7], "texture": "#0"},
				"south": {"uv": [12.25, 4, 13.75, 7], "texture": "#0"},
				"west": {"uv": [12.25, 4, 12.25, 7], "texture": "#0"},
				"up": {"uv": [12, 4, 12, 6], "rotation": 90, "texture": "#0"},
				"down": {"uv": [12, 4, 12, 6], "rotation": 270, "texture": "#0"}
			}
		},
		{
			"from": [8, -15, 7],
			"to": [8, -9, 9],
			"rotation": {"angle": 0, "axis": "y", "origin": [16, 2, 0]},
			"faces": {
				"north": {"uv": [12.25, 4, 12.25, 7], "texture": "#0"},
				"east": {"uv": [12.5, 4, 13.5, 7], "texture": "#0"},
				"south": {"uv": [12.25, 4, 12.25, 7], "texture": "#0"},
				"west": {"uv": [12.5, 4, 13.5, 7], "texture": "#0"},
				"up": {"uv": [12, 4, 12, 6], "rotation": 180, "texture": "#0"},
				"down": {"uv": [12, 4, 12, 6], "rotation": 180, "texture": "#0"}
			}
		},
		{
			"from": [0, 1, 9.2],
			"to": [5, 6, 9.2],
			"rotation": {"angle": -45, "axis": "y", "origin": [8, 21.5, 12]},
			"faces": {
				"north": {"uv": [13.5, 4.25, 16, 6.75], "texture": "#1"},
				"east": {"uv": [0, 0, 0, 2.5], "texture": "#1"},
				"south": {"uv": [16, 4.25, 13.5, 6.75], "texture": "#1"},
				"west": {"uv": [0, 0, 0, 2.5], "texture": "#1"},
				"up": {"uv": [11, 4.25, 14.5, 4.25], "texture": "#1"},
				"down": {"uv": [11, 4.25, 14.5, 4.25], "texture": "#1"}
			}
		},
		{
			"from": [11, 1, 9.2],
			"to": [16, 6, 9.2],
			"rotation": {"angle": 45, "axis": "y", "origin": [8, 21.5, 12]},
			"faces": {
				"north": {"uv": [16, 4.25, 13.5, 6.75], "texture": "#1"},
				"east": {"uv": [0, 0, 0, 2.5], "texture": "#1"},
				"south": {"uv": [13.5, 4.25, 16, 6.75], "texture": "#1"},
				"west": {"uv": [0, 0, 0, 2.5], "texture": "#1"},
				"up": {"uv": [14.5, 4.25, 11, 4.25], "texture": "#1"},
				"down": {"uv": [14.5, 4.25, 11, 4.25], "texture": "#1"}
			}
		},
		{
			"from": [0, 1, 6.8],
			"to": [5, 6, 6.8],
			"rotation": {"angle": 45, "axis": "y", "origin": [8, 21.5, 4]},
			"faces": {
				"north": {"uv": [13.5, 4.25, 16, 6.75], "texture": "#1"},
				"east": {"uv": [0, 0, 0, 2.5], "texture": "#1"},
				"south": {"uv": [16, 4.25, 13.5, 6.75], "texture": "#1"},
				"west": {"uv": [0, 0, 0, 2.5], "texture": "#1"},
				"up": {"uv": [11, 4.25, 14.5, 4.25], "texture": "#1"},
				"down": {"uv": [11, 4.25, 14.5, 4.25], "texture": "#1"}
			}
		},
		{
			"from": [11, 1, 6.8],
			"to": [16, 6, 6.8],
			"rotation": {"angle": -45, "axis": "y", "origin": [8, 21.5, 4]},
			"faces": {
				"north": {"uv": [16, 4.25, 13.5, 6.75], "texture": "#1"},
				"east": {"uv": [0, 0, 0, 2.5], "texture": "#1"},
				"south": {"uv": [13.5, 4.25, 16, 6.75], "texture": "#1"},
				"west": {"uv": [0, 0, 0, 2.5], "texture": "#1"},
				"up": {"uv": [14.5, 4.25, 11, 4.25], "texture": "#1"},
				"down": {"uv": [14.5, 4.25, 11, 4.25], "texture": "#1"}
			}
		},
		{
			"from": [0.5, 4, 8],
			"to": [12.5, 19, 8],
			"faces": {
				"north": {"uv": [3, 0, 15, 15], "texture": "#2"},
				"east": {"uv": [0, 0, 0, 11], "texture": "#2"},
				"south": {"uv": [15, 0, 3, 15], "texture": "#2"},
				"west": {"uv": [0, 0, 0, 11], "texture": "#2"},
				"up": {"uv": [0, 0, 5.5, 0], "texture": "#2"},
				"down": {"uv": [0, 0, 5.5, 0], "texture": "#2"}
			}
		}
	],
	"gui_light": "front",
	"display": {
		"thirdperson_righthand": {
			"rotation": [0, 90, 0],
			"translation": [0, 9, 2.5],
			"scale": [0.7, 0.7, 0.7]
		},
		"thirdperson_lefthand": {
			"rotation": [0, 90, 0],
			"translation": [0, 9, 2.5],
			"scale": [0.7, 0.7, 0.7]
		},
		"firstperson_righthand": {
			"rotation": [-165, 80, 170],
			"translation": [2.5, 7.25, -1.25],
			"scale": [0.58594, 0.58594, 0.58594]
		},
		"firstperson_lefthand": {
			"rotation": [-165, 80, 170],
			"translation": [2.5, 7.25, -1.25],
			"scale": [0.58594, 0.58594, 0.58594]
		},
		"ground": {
			"translation": [0, 9.5, 0],
			"scale": [0.46289, 0.46289, 0.46289]
		},
		"gui": {
			"rotation": [0, 16.5, 0],
			"translation": [0.25, 6.5, -2],
			"scale": [0.59977, 0.59977, 0.59977]
		},
		"head": {
			"translation": [0, -20.25, 0]
		},
		"fixed": {
			"translation": [-0.5, 16.25, -3],
			"scale": [1.4, 1.4, 1.4]
		}
	},
	"groups": [
		0,
		1,
		{
			"name": "group",
			"origin": [16, 0, -0.2],
			"color": 0,
			"children": [2, 3, 4, 5]
		},
		{
			"name": "group",
			"origin": [16, 0, -0.2],
			"color": 0,
			"children": [6, 7, 8, 9]
		},
		{
			"name": "group",
			"origin": [16.2, 1, 0.1],
			"color": 0,
			"children": [10, 11, 12, 13, 14, 15]
		},
		{
			"name": "group",
			"origin": [16.2, 1, 0.1],
			"color": 0,
			"children": [16, 17]
		},
		18,
		19,
		20,
		21,
		22,
		23,
		24,
		25,
		26
	]
}