{"credit":"Made with Blockbench","textures":{"0":"conqueror_legacy:bow_0","1":"conqueror_legacy:bow_1"},"elements":[{"from":[4,1.9,8],"to":[8,5.9,8],"faces":{"north":{"uv":[7.38,7.5,3.38,11.5],"texture":"#0"},"east":{"uv":[0,0,0,4],"texture":"#None"},"south":{"uv":[3.38,7.5,7.38,11.5],"texture":"#0"},"west":{"uv":[0,0,0,4],"texture":"#None"},"up":{"uv":[0,0,0,4],"texture":"#None","rotation":270},"down":{"uv":[0,0,0,4],"texture":"#None","rotation":90}},"rotation":{"origin":[8,3.9,8],"axis":"y","angle":-45,"rescale":false}},{"from":[4,7.8,8],"to":[8,11.8,8],"faces":{"north":{"uv":[7.38,11.5,3.38,7.5],"texture":"#0"},"east":{"uv":[0,4,0,0],"texture":"#None"},"south":{"uv":[3.38,11.5,7.38,7.5],"texture":"#0"},"west":{"uv":[0,4,0,0],"texture":"#None"},"up":{"uv":[0,0,0,4],"texture":"#None","rotation":90},"down":{"uv":[0,0,0,4],"texture":"#None","rotation":270}},"rotation":{"origin":[8,9.8,8],"axis":"y","angle":-45,"rescale":false}},{"from":[5.88852,5.81,7.58016],"to":[5.88852,7.49,8.42016],"faces":{"north":{"uv":[0,0,0,0.54],"texture":"#1"},"east":{"uv":[8,12.67,8.29,13.21],"texture":"#1"},"south":{"uv":[0,0,0,0.54],"texture":"#1"},"west":{"uv":[12.67,8,12.96,8.54],"texture":"#1"},"up":{"uv":[0,0.29,0,0],"texture":"#1"},"down":{"uv":[0,0,0,0.29],"texture":"#1"}},"rotation":{"origin":[8,6.9,8],"axis":"y","angle":-22.5,"rescale":false}},{"from":[5.88852,5.81,7.58016],"to":[5.88852,7.49,8.42016],"faces":{"north":{"uv":[0,0,0,0.54],"texture":"#1"},"east":{"uv":[12.67,7.33,12.96,7.88],"texture":"#1"},"south":{"uv":[0,0,0,0.54],"texture":"#1"},"west":{"uv":[7.67,12.67,7.96,13.21],"texture":"#1"},"up":{"uv":[0,0.29,0,0],"texture":"#1"},"down":{"uv":[0,0,0,0.29],"texture":"#1"}},"rotation":{"origin":[8,6.9,8],"axis":"y","angle":22.5,"rescale":false}},{"from":[5.88852,6.51,7.58016],"to":[5.88852,8.19,8.42016],"faces":{"north":{"uv":[0,0,0,0.54],"texture":"#1"},"east":{"uv":[5.33,12.33,5.62,12.88],"texture":"#1"},"south":{"uv":[0,0,0,0.54],"texture":"#1"},"west":{"uv":[12.33,5.33,12.62,5.88],"texture":"#1"},"up":{"uv":[0,0.29,0,0],"texture":"#1"},"down":{"uv":[0,0,0,0.29],"texture":"#1"}}},{"from":[5.88852,6.51,7.58016],"to":[5.88852,8.19,8.42016],"faces":{"north":{"uv":[0,0,0,0.54],"texture":"#1"},"east":{"uv":[5.67,12.33,5.96,12.88],"texture":"#1"},"south":{"uv":[0,0,0,0.54],"texture":"#1"},"west":{"uv":[6,12.33,6.29,12.88],"texture":"#1"},"up":{"uv":[0,0.29,0,0],"texture":"#1"},"down":{"uv":[0,0,0,0.29],"texture":"#1"}},"rotation":{"origin":[8,6.9,8],"axis":"y","angle":45,"rescale":false}},{"from":[6.9,14.1,7],"to":[6.9,17.1,10],"faces":{"north":{"uv":[0,0,0,3.2],"texture":"#None"},"east":{"uv":[0,10.38,3,13.38],"texture":"#0"},"south":{"uv":[0,0,0,3.2],"texture":"#None"},"west":{"uv":[0,7.12,3,10.12],"texture":"#0"},"up":{"uv":[0,0,0,3.2],"texture":"#None"},"down":{"uv":[0,0,0,3.2],"texture":"#None"}}},{"from":[6.92,9.86888,6.445],"to":[7.34,11.78888,7.005],"faces":{"north":{"uv":[7.33,14,7.46,14.62],"texture":"#1"},"east":{"uv":[13.67,0.67,13.83,1.29],"texture":"#1"},"south":{"uv":[7.67,14,7.79,14.62],"texture":"#1"},"west":{"uv":[1,13.67,1.17,14.29],"texture":"#1"},"up":{"uv":[2.79,15.17,2.67,15],"texture":"#1"},"down":{"uv":[15.12,2.67,15,2.83],"texture":"#1"}}},{"from":[6.92,15.84388,9.27],"to":[7.34,17.76388,9.83],"faces":{"north":{"uv":[14,4,14.12,4.62],"texture":"#1"},"east":{"uv":[13.33,10.67,13.5,11.29],"texture":"#1"},"south":{"uv":[14,5.33,14.12,5.96],"texture":"#1"},"west":{"uv":[11,13.33,11.17,13.96],"texture":"#1"},"up":{"uv":[12.46,14.83,12.33,14.67],"texture":"#1"},"down":{"uv":[14.79,12.33,14.67,12.5],"texture":"#1"}}},{"from":[6.95,1.55,6.05],"to":[9.05,1.85,7.55],"faces":{"north":{"uv":[5.33,14.33,6.04,14.42],"texture":"#1"},"east":{"uv":[14.67,0.33,15.17,0.42],"texture":"#1"},"south":{"uv":[14.33,5.33,15.04,5.42],"texture":"#1"},"west":{"uv":[14.67,1.33,15.17,1.42],"texture":"#1"},"up":{"uv":[11.38,4.5,10.67,4],"texture":"#1"},"down":{"uv":[11.38,8,10.67,8.5],"texture":"#1"}},"rotation":{"origin":[8,2.725,6.8],"axis":"x","angle":-22.5,"rescale":false}},{"from":[6.95,2.25,6.05],"to":[9.05,2.55,7.55],"faces":{"north":{"uv":[14.33,4,15.04,4.08],"texture":"#1"},"east":{"uv":[0,14.67,0.5,14.75],"texture":"#1"},"south":{"uv":[14.33,4.33,15.04,4.42],"texture":"#1"},"west":{"uv":[14.67,0,15.17,0.08],"texture":"#1"},"up":{"uv":[11.38,3.17,10.67,2.67],"texture":"#1"},"down":{"uv":[11.38,3.33,10.67,3.83],"texture":"#1"}},"rotation":{"origin":[8,2.725,6.8],"axis":"x","angle":-22.5,"rescale":false}},{"from":[6.968,15.42179,7.556],"to":[7.156,16.29979,8.444],"faces":{"north":{"uv":[9.67,14.67,9.75,14.96],"texture":"#1"},"east":{"uv":[10,13.67,10.29,13.96],"texture":"#1"},"south":{"uv":[14.67,9.67,14.75,9.96],"texture":"#1"},"west":{"uv":[10.33,13.67,10.62,13.96],"texture":"#1"},"up":{"uv":[10.08,14.96,10,14.67],"texture":"#1"},"down":{"uv":[14.75,10,14.67,10.29],"texture":"#1"}},"rotation":{"origin":[6.312,15.86079,8],"axis":"x","angle":45,"rescale":false}},{"from":[7,1.3,6.5],"to":[7.35,2.7,7.1],"faces":{"north":{"uv":[4.33,14.33,4.46,14.79],"texture":"#1"},"east":{"uv":[13.67,4,13.88,4.46],"texture":"#1"},"south":{"uv":[14.33,5.67,14.46,6.12],"texture":"#1"},"west":{"uv":[4.33,13.67,4.54,14.12],"texture":"#1"},"up":{"uv":[9.12,14.88,9,14.67],"texture":"#1"},"down":{"uv":[14.79,9,14.67,9.21],"texture":"#1"}},"rotation":{"origin":[8,2.725,6.8],"axis":"x","angle":-22.5,"rescale":false}},{"from":[7,2.7,5.8],"to":[7.35,3.15,7.8],"faces":{"north":{"uv":[14.67,14.67,14.79,14.83],"texture":"#1"},"east":{"uv":[13.33,8,14,8.17],"texture":"#1"},"south":{"uv":[0,15,0.12,15.17],"texture":"#1"},"west":{"uv":[13.33,8.33,14,8.5],"texture":"#1"},"up":{"uv":[13.79,11.67,13.67,11],"texture":"#1"},"down":{"uv":[11.79,13.67,11.67,14.33],"texture":"#1"}},"rotation":{"origin":[8,2.725,6.8],"axis":"x","angle":-22.5,"rescale":false}},{"from":[7,3.15,6.3],"to":[7.35,3.95,6.6],"faces":{"north":{"uv":[5,14.67,5.12,14.92],"texture":"#1"},"east":{"uv":[0.33,15,0.42,15.25],"texture":"#1"},"south":{"uv":[5.33,14.67,5.46,14.92],"texture":"#1"},"west":{"uv":[0.67,15,0.75,15.25],"texture":"#1"},"up":{"uv":[15.12,7.42,15,7.33],"texture":"#1"},"down":{"uv":[7.79,15,7.67,15.08],"texture":"#1"}},"rotation":{"origin":[8,2.725,6.8],"axis":"x","angle":-22.5,"rescale":false}},{"from":[7,3.15,7],"to":[7.35,3.95,7.3],"faces":{"north":{"uv":[5.67,14.67,5.79,14.92],"texture":"#1"},"east":{"uv":[15,0.67,15.08,0.92],"texture":"#1"},"south":{"uv":[14.67,5.67,14.79,5.92],"texture":"#1"},"west":{"uv":[1,15,1.08,15.25],"texture":"#1"},"up":{"uv":[15.12,7.75,15,7.67],"texture":"#1"},"down":{"uv":[8.12,15,8,15.08],"texture":"#1"}},"rotation":{"origin":[8,2.725,6.8],"axis":"x","angle":-22.5,"rescale":false}},{"from":[7,3.55,6.6],"to":[7.35,3.95,7],"faces":{"north":{"uv":[3.67,15,3.79,15.12],"texture":"#1"},"east":{"uv":[15,3.67,15.12,3.79],"texture":"#1"},"south":{"uv":[4,15,4.12,15.12],"texture":"#1"},"west":{"uv":[4.33,15,4.46,15.12],"texture":"#1"},"up":{"uv":[4.79,15.12,4.67,15],"texture":"#1"},"down":{"uv":[5.12,15,5,15.12],"texture":"#1"}},"rotation":{"origin":[8,2.725,6.8],"axis":"x","angle":-22.5,"rescale":false}},{"from":[7,4.375,7],"to":[9,9.45,9],"faces":{"north":{"uv":[2,7,2.67,8.71],"texture":"#1"},"east":{"uv":[2.67,7,3.33,8.71],"texture":"#1"},"south":{"uv":[3.33,7,4,8.71],"texture":"#1"},"west":{"uv":[4,7,4.67,8.71],"texture":"#1"},"up":{"uv":[3.33,10.67,2.67,10],"texture":"#1"},"down":{"uv":[10.67,2.67,10,3.33],"texture":"#1"}}},{"from":[7.156,15.02179,7.156],"to":[8.844,16.69979,8.844],"faces":{"north":{"uv":[11.33,0,11.92,0.54],"texture":"#1"},"east":{"uv":[11.33,0.67,11.92,1.21],"texture":"#1"},"south":{"uv":[11.33,1.33,11.92,1.88],"texture":"#1"},"west":{"uv":[11.33,2,11.92,2.54],"texture":"#1"},"up":{"uv":[3.25,11.25,2.67,10.67],"texture":"#1"},"down":{"uv":[10.25,10.67,9.67,11.25],"texture":"#1"}},"rotation":{"origin":[8,15.86079,8],"axis":"x","angle":45,"rescale":false}},{"from":[7.2,9.2,7.5],"to":[7.2,15.2,10],"faces":{"north":{"uv":[0,0,0,2],"texture":"#1"},"east":{"uv":[6.67,4.67,7.5,6.67],"texture":"#1"},"south":{"uv":[0,0,0,2],"texture":"#1"},"west":{"uv":[6.67,6.67,7.5,8.67],"texture":"#1"},"up":{"uv":[0,0.83,0,0],"texture":"#1"},"down":{"uv":[0,0,0,0.83],"texture":"#1"}}},{"from":[7.24424,11.6,6.19497],"to":[7.24424,14.8,6.99497],"faces":{"north":{"uv":[0,0,0,1.08],"texture":"#1"},"east":{"uv":[9.67,11.33,9.92,12.42],"texture":"#1"},"south":{"uv":[0,0,0,1.08],"texture":"#1"},"west":{"uv":[10,11.33,10.25,12.42],"texture":"#1"},"up":{"uv":[0,0.25,0,0],"texture":"#1"},"down":{"uv":[0,0,0,0.25],"texture":"#1"}},"rotation":{"origin":[7.24424,13.2,6.59497],"axis":"y","angle":-22.5,"rescale":false}},{"from":[7.24424,17.575,9.28003],"to":[7.24424,20.775,10.08003],"faces":{"north":{"uv":[0,0,0,1.08],"texture":"#1"},"east":{"uv":[2.67,11.33,2.92,12.42],"texture":"#1"},"south":{"uv":[0,0,0,1.08],"texture":"#1"},"west":{"uv":[3,11.33,3.25,12.42],"texture":"#1"},"up":{"uv":[0,0.25,0,0],"texture":"#1"},"down":{"uv":[0,0,0,0.25],"texture":"#1"}},"rotation":{"origin":[7.24424,19.175,9.68003],"axis":"y","angle":22.5,"rescale":false}},{"from":[7.25,4.22504,7.56083],"to":[8.75,5.12504,8.06083],"faces":{"north":{"uv":[12.67,11.33,13.17,11.62],"texture":"#1"},"east":{"uv":[14.33,10.67,14.5,10.96],"texture":"#1"},"south":{"uv":[11.67,12.67,12.17,12.96],"texture":"#1"},"west":{"uv":[11,14.33,11.17,14.62],"texture":"#1"},"up":{"uv":[14.5,1.5,14,1.33],"texture":"#1"},"down":{"uv":[14.5,1.67,14,1.83],"texture":"#1"}},"rotation":{"origin":[8,6.9,8],"axis":"x","angle":22.5,"rescale":false}},{"from":[7.25,4.22504,7.93917],"to":[8.75,5.12504,8.43917],"faces":{"north":{"uv":[12.33,12.67,12.83,12.96],"texture":"#1"},"east":{"uv":[14.33,11.67,14.5,11.96],"texture":"#1"},"south":{"uv":[12.67,12.33,13.17,12.62],"texture":"#1"},"west":{"uv":[12,14.33,12.17,14.62],"texture":"#1"},"up":{"uv":[3.5,14.17,3,14],"texture":"#1"},"down":{"uv":[4.17,14,3.67,14.17],"texture":"#1"}},"rotation":{"origin":[8,6.9,8],"axis":"x","angle":-22.5,"rescale":false}},{"from":[7.25,8.67496,7.56083],"to":[8.75,9.57496,8.06083],"faces":{"north":{"uv":[9.67,12.67,10.17,12.96],"texture":"#1"},"east":{"uv":[14.33,9,14.5,9.29],"texture":"#1"},"south":{"uv":[12.67,9.67,13.17,9.96],"texture":"#1"},"west":{"uv":[9.33,14.33,9.5,14.62],"texture":"#1"},"up":{"uv":[14.17,12.83,13.67,12.67],"texture":"#1"},"down":{"uv":[14.17,13,13.67,13.17],"texture":"#1"}},"rotation":{"origin":[8,6.9,8],"axis":"x","angle":-22.5,"rescale":false}},{"from":[7.25,8.67496,7.93917],"to":[8.75,9.57496,8.43917],"faces":{"north":{"uv":[12.67,9,13.17,9.29],"texture":"#1"},"east":{"uv":[8.67,14.33,8.83,14.62],"texture":"#1"},"south":{"uv":[12.67,9.33,13.17,9.62],"texture":"#1"},"west":{"uv":[9,14.33,9.17,14.62],"texture":"#1"},"up":{"uv":[14.17,11.83,13.67,11.67],"texture":"#1"},"down":{"uv":[13.17,13.67,12.67,13.83],"texture":"#1"}},"rotation":{"origin":[8,6.9,8],"axis":"x","angle":22.5,"rescale":false}},{"from":[7.25,10.6,7.5],"to":[8.75,11.3,7.9],"faces":{"north":{"uv":[13,2.67,13.5,2.92],"texture":"#1"},"east":{"uv":[4,14.67,4.12,14.92],"texture":"#1"},"south":{"uv":[13,3,13.5,3.25],"texture":"#1"},"west":{"uv":[4.67,14.67,4.79,14.92],"texture":"#1"},"up":{"uv":[10.5,14.12,10,14],"texture":"#1"},"down":{"uv":[14.5,10,14,10.12],"texture":"#1"}},"rotation":{"origin":[8,11.15,7.5],"axis":"x","angle":45,"rescale":false}},{"from":[7.25,10.85607,7.60607],"to":[8.75,11.25607,8.65607],"faces":{"north":{"uv":[14,10.33,14.5,10.46],"texture":"#1"},"east":{"uv":[13.67,14.33,14,14.46],"texture":"#1"},"south":{"uv":[10.67,14,11.17,14.12],"texture":"#1"},"west":{"uv":[14,14.33,14.33,14.46],"texture":"#1"},"up":{"uv":[5.83,8.67,5.33,8.33],"texture":"#1"},"down":{"uv":[6.5,8.33,6,8.67],"texture":"#1"}}},{"from":[7.25,13.73431,6.98431],"to":[8.75,14.98431,7.38431],"faces":{"north":{"uv":[11.67,8.67,12.17,9.08],"texture":"#1"},"east":{"uv":[14.33,7.67,14.46,8.08],"texture":"#1"},"south":{"uv":[11.67,9.33,12.17,9.75],"texture":"#1"},"west":{"uv":[8,14.33,8.12,14.75],"texture":"#1"},"up":{"uv":[14.5,13.46,14,13.33],"texture":"#1"},"down":{"uv":[14.17,14,13.67,14.12],"texture":"#1"}}},{"from":[7.25,13.73431,8.61569],"to":[8.75,14.98431,9.01569],"faces":{"north":{"uv":[11.67,10,12.17,10.42],"texture":"#1"},"east":{"uv":[8.33,14.33,8.46,14.75],"texture":"#1"},"south":{"uv":[11.67,10.67,12.17,11.08],"texture":"#1"},"west":{"uv":[14.33,8.33,14.46,8.75],"texture":"#1"},"up":{"uv":[14.83,1.12,14.33,1],"texture":"#1"},"down":{"uv":[14.83,2,14.33,2.12],"texture":"#1"}}},{"from":[7.25,15.05754,6.80754],"to":[8.75,15.70754,7.20754],"faces":{"north":{"uv":[13.33,10,13.83,10.21],"texture":"#1"},"east":{"uv":[14.67,8,14.79,8.21],"texture":"#1"},"south":{"uv":[13.33,10.33,13.83,10.54],"texture":"#1"},"west":{"uv":[14.67,8.33,14.79,8.54],"texture":"#1"},"up":{"uv":[14.5,12.46,14,12.33],"texture":"#1"},"down":{"uv":[13.17,14,12.67,14.12],"texture":"#1"}},"rotation":{"origin":[8,14.80754,6.80754],"axis":"x","angle":45,"rescale":false}},{"from":[7.25,15.05754,8.79246],"to":[8.75,15.70754,9.19246],"faces":{"north":{"uv":[11.67,13.33,12.17,13.54],"texture":"#1"},"east":{"uv":[8.67,14.67,8.79,14.88],"texture":"#1"},"south":{"uv":[13.33,12,13.83,12.21],"texture":"#1"},"west":{"uv":[14.67,8.67,14.79,8.88],"texture":"#1"},"up":{"uv":[14.83,2.46,14.33,2.33],"texture":"#1"},"down":{"uv":[3.17,14.33,2.67,14.46],"texture":"#1"}},"rotation":{"origin":[8,14.80754,9.19246],"axis":"x","angle":-45,"rescale":false}},{"from":[7.315,11.53864,6.09243],"to":[8.685,12.35864,6.75243],"faces":{"north":{"uv":[13,2,13.46,2.29],"texture":"#1"},"east":{"uv":[14.33,3.67,14.54,3.96],"texture":"#1"},"south":{"uv":[13,2.33,13.46,2.62],"texture":"#1"},"west":{"uv":[4,14.33,4.21,14.62],"texture":"#1"},"up":{"uv":[14.12,6.21,13.67,6],"texture":"#1"},"down":{"uv":[14.12,6.33,13.67,6.54],"texture":"#1"}},"rotation":{"origin":[8,12.19864,6.75243],"axis":"x","angle":-22.5,"rescale":false}},{"from":[7.315,17.51364,9.52257],"to":[8.685,18.33364,10.18257],"faces":{"north":{"uv":[13,1.33,13.46,1.62],"texture":"#1"},"east":{"uv":[1,14.33,1.21,14.62],"texture":"#1"},"south":{"uv":[13,1.67,13.46,1.96],"texture":"#1"},"west":{"uv":[14.33,2.67,14.54,2.96],"texture":"#1"},"up":{"uv":[4.12,13.88,3.67,13.67],"texture":"#1"},"down":{"uv":[14.12,3.67,13.67,3.88],"texture":"#1"}},"rotation":{"origin":[8,18.17364,9.52257],"axis":"x","angle":22.5,"rescale":false}},{"from":[7.34,10.26888,6.345],"to":[8.66,11.58888,7.005],"faces":{"north":{"uv":[11.67,7.33,12.12,7.79],"texture":"#1"},"east":{"uv":[6,13.67,6.21,14.12],"texture":"#1"},"south":{"uv":[11.67,8,12.12,8.46],"texture":"#1"},"west":{"uv":[13.67,6.67,13.88,7.12],"texture":"#1"},"up":{"uv":[7.46,13.88,7,13.67],"texture":"#1"},"down":{"uv":[8.12,13.67,7.67,13.88],"texture":"#1"}}},{"from":[7.34,16.24388,9.27],"to":[8.66,17.56388,9.93],"faces":{"north":{"uv":[11.67,6,12.12,6.46],"texture":"#1"},"east":{"uv":[2.67,13.67,2.88,14.12],"texture":"#1"},"south":{"uv":[11.67,6.67,12.12,7.12],"texture":"#1"},"west":{"uv":[13.67,2.67,13.88,3.12],"texture":"#1"},"up":{"uv":[3.46,13.88,3,13.67],"texture":"#1"},"down":{"uv":[14.12,3.33,13.67,3.54],"texture":"#1"}}},{"from":[7.375,9.375,8.175],"to":[8.625,10.225,9.025],"faces":{"north":{"uv":[13,13,13.42,13.29],"texture":"#1"},"east":{"uv":[9.67,13.67,9.96,13.96],"texture":"#1"},"south":{"uv":[2.67,13.33,3.08,13.62],"texture":"#1"},"west":{"uv":[13.67,9.67,13.96,9.96],"texture":"#1"},"up":{"uv":[3.75,13.62,3.33,13.33],"texture":"#1"},"down":{"uv":[4.42,13.33,4,13.62],"texture":"#1"}},"rotation":{"origin":[8,10.4,8],"axis":"x","angle":45,"rescale":false}},{"from":[7.4,-4.7,6],"to":[7.4,2,16],"faces":{"north":{"uv":[0,0,0,2.25],"texture":"#1"},"east":{"uv":[0,4.67,3.33,6.92],"texture":"#1"},"south":{"uv":[0,0,0,2.25],"texture":"#1"},"west":{"uv":[3.33,4.67,6.67,6.92],"texture":"#1"},"up":{"uv":[0,3.33,0,0],"texture":"#1"},"down":{"uv":[0,0,0,3.33],"texture":"#1"}}},{"from":[7.4,-3.39072,15.98337],"to":[8.6,-2.01572,16.73337],"faces":{"north":{"uv":[9,12,9.42,12.46],"texture":"#1"},"east":{"uv":[6.67,13.33,6.92,13.79],"texture":"#1"},"south":{"uv":[10.33,12,10.75,12.46],"texture":"#1"},"west":{"uv":[13.33,6.67,13.58,7.12],"texture":"#1"},"up":{"uv":[13.42,13.58,13,13.33],"texture":"#1"},"down":{"uv":[0.42,13.67,0,13.92],"texture":"#1"}},"rotation":{"origin":[8,-3.36572,16.48337],"axis":"x","angle":-22.5,"rescale":false}},{"from":[7.4,19,6],"to":[7.4,25.7,16],"faces":{"north":{"uv":[0,0,0,2.25],"texture":"#1"},"east":{"uv":[3.33,0,6.67,2.25],"texture":"#1"},"south":{"uv":[0,0,0,2.25],"texture":"#1"},"west":{"uv":[3.33,2.33,6.67,4.58],"texture":"#1"},"up":{"uv":[0,3.33,0,0],"texture":"#1"},"down":{"uv":[0,0,0,3.33],"texture":"#1"}}},{"from":[7.4,22.71572,15.98337],"to":[8.6,24.09072,16.73337],"faces":{"north":{"uv":[7.67,12,8.08,12.46],"texture":"#1"},"east":{"uv":[13.33,6,13.58,6.46],"texture":"#1"},"south":{"uv":[8.33,12,8.75,12.46],"texture":"#1"},"west":{"uv":[6.33,13.33,6.58,13.79],"texture":"#1"},"up":{"uv":[12.75,13.58,12.33,13.33],"texture":"#1"},"down":{"uv":[13.75,12.33,13.33,12.58],"texture":"#1"}},"rotation":{"origin":[8,24.06572,16.48337],"axis":"x","angle":22.5,"rescale":false}},{"from":[7.406,2.50021,7.056],"to":[8.594,4.92821,9.394],"faces":{"north":{"uv":[8.33,11,8.75,11.79],"texture":"#1"},"east":{"uv":[5.33,9.33,6.12,10.12],"texture":"#1"},"south":{"uv":[9,11,9.42,11.79],"texture":"#1"},"west":{"uv":[9.33,5.33,10.12,6.12],"texture":"#1"},"up":{"uv":[11.42,10.79,11,10],"texture":"#1"},"down":{"uv":[11.42,11,11,11.79],"texture":"#1"}},"rotation":{"origin":[8,3.58921,7.8],"axis":"x","angle":-45,"rescale":false}},{"from":[7.406,9.55321,7.406],"to":[8.594,10.98121,8.594],"faces":{"north":{"uv":[12,1.33,12.42,1.79],"texture":"#1"},"east":{"uv":[12,2,12.42,2.46],"texture":"#1"},"south":{"uv":[6.33,12,6.75,12.46],"texture":"#1"},"west":{"uv":[7,12,7.42,12.46],"texture":"#1"},"up":{"uv":[11.42,12.42,11,12],"texture":"#1"},"down":{"uv":[12.42,11.33,12,11.75],"texture":"#1"}}},{"from":[7.406,15.82179,7.056],"to":[8.594,18.24979,9.394],"faces":{"north":{"uv":[6.33,11,6.75,11.79],"texture":"#1"},"east":{"uv":[2.67,9,3.46,9.79],"texture":"#1"},"south":{"uv":[11,6.67,11.42,7.46],"texture":"#1"},"west":{"uv":[3.67,9,4.46,9.79],"texture":"#1"},"up":{"uv":[7.42,11.79,7,11],"texture":"#1"},"down":{"uv":[8.08,11,7.67,11.79],"texture":"#1"}},"rotation":{"origin":[8,17.16079,7.8],"axis":"x","angle":45,"rescale":false}},{"from":[7.425,-3.01922,14.72895],"to":[8.575,-1.99422,16.10395],"faces":{"north":{"uv":[11,13,11.38,13.33],"texture":"#1"},"east":{"uv":[12.67,8.67,13.12,9],"texture":"#1"},"south":{"uv":[11.67,13,12.04,13.33],"texture":"#1"},"west":{"uv":[9,12.67,9.46,13],"texture":"#1"},"up":{"uv":[12.71,1.12,12.33,0.67],"texture":"#1"},"down":{"uv":[12.71,2.67,12.33,3.12],"texture":"#1"}},"rotation":{"origin":[8,-2.24422,16.07895],"axis":"x","angle":22.5,"rescale":false}},{"from":[7.425,22.69422,14.72895],"to":[8.575,23.71922,16.10395],"faces":{"north":{"uv":[13,4,13.38,4.33],"texture":"#1"},"east":{"uv":[11,7.67,11.46,8],"texture":"#1"},"south":{"uv":[13,4.33,13.38,4.67],"texture":"#1"},"west":{"uv":[8.33,12.67,8.79,13],"texture":"#1"},"up":{"uv":[12.71,0.46,12.33,0],"texture":"#1"},"down":{"uv":[1.04,12.33,0.67,12.79],"texture":"#1"}},"rotation":{"origin":[8,22.94422,16.07895],"axis":"x","angle":-22.5,"rescale":false}},{"from":[7.44,10.92088,5.4082],"to":[8.56,11.34088,6.4182],"faces":{"north":{"uv":[13,14.33,13.38,14.46],"texture":"#1"},"east":{"uv":[1,14.67,1.33,14.79],"texture":"#1"},"south":{"uv":[14.33,13,14.71,13.12],"texture":"#1"},"west":{"uv":[14.67,1.67,15,1.79],"texture":"#1"},"up":{"uv":[12.71,13.33,12.33,13],"texture":"#1"},"down":{"uv":[13.38,12.67,13,13],"texture":"#1"}},"rotation":{"origin":[8,11.28088,6.4182],"axis":"x","angle":-22.5,"rescale":false}},{"from":[7.44,11.28607,4.73267],"to":[8.56,12.00607,6.14267],"faces":{"north":{"uv":[9,13.67,9.38,13.92],"texture":"#1"},"east":{"uv":[7,13.33,7.46,13.58],"texture":"#1"},"south":{"uv":[13.67,9.33,14.04,9.58],"texture":"#1"},"west":{"uv":[13.33,7.33,13.79,7.58],"texture":"#1"},"up":{"uv":[12.71,3.79,12.33,3.33],"texture":"#1"},"down":{"uv":[12.71,4,12.33,4.46],"texture":"#1"}},"rotation":{"origin":[8,11.94607,6.14267],"axis":"x","angle":-22.5,"rescale":false}},{"from":[7.44,16.89588,9.8568],"to":[8.56,17.31588,10.8668],"faces":{"north":{"uv":[12.33,14.33,12.71,14.46],"texture":"#1"},"east":{"uv":[14.33,14,14.67,14.12],"texture":"#1"},"south":{"uv":[14.33,12.67,14.71,12.79],"texture":"#1"},"west":{"uv":[14.33,14.33,14.67,14.46],"texture":"#1"},"up":{"uv":[13.38,3.67,13,3.33],"texture":"#1"},"down":{"uv":[13.38,3.67,13,4],"texture":"#1"}},"rotation":{"origin":[8,17.25588,9.8568],"axis":"x","angle":22.5,"rescale":false}},{"from":[7.44,17.26107,10.13233],"to":[8.56,17.98107,11.54233],"faces":{"north":{"uv":[13.67,7.67,14.04,7.92],"texture":"#1"},"east":{"uv":[13.33,5.33,13.79,5.58],"texture":"#1"},"south":{"uv":[8.33,13.67,8.71,13.92],"texture":"#1"},"west":{"uv":[13.33,5.67,13.79,5.92],"texture":"#1"},"up":{"uv":[12.04,12.46,11.67,12],"texture":"#1"},"down":{"uv":[0.38,12.33,0,12.79],"texture":"#1"}},"rotation":{"origin":[8,17.92107,10.13233],"axis":"x","angle":22.5,"rescale":false}},{"from":[7.45,-2.59663,11.52739],"to":[8.55,-1.49663,14.92739],"faces":{"north":{"uv":[0.67,13,1.04,13.38],"texture":"#1"},"east":{"uv":[10.33,8.67,11.46,9.04],"texture":"#1"},"south":{"uv":[13,0.67,13.38,1.04],"texture":"#1"},"west":{"uv":[10.33,9.33,11.46,9.71],"texture":"#1"},"up":{"uv":[10.71,11.12,10.33,10],"texture":"#1"},"down":{"uv":[11.04,0,10.67,1.12],"texture":"#1"}}},{"from":[7.45,22.19663,11.52739],"to":[8.55,23.29663,14.92739],"faces":{"north":{"uv":[0,13,0.38,13.38],"texture":"#1"},"east":{"uv":[10.33,5.33,11.46,5.71],"texture":"#1"},"south":{"uv":[13,0,13.38,0.38],"texture":"#1"},"west":{"uv":[10.33,6,11.46,6.38],"texture":"#1"},"up":{"uv":[6.04,11.46,5.67,10.33],"texture":"#1"},"down":{"uv":[10.71,6.67,10.33,7.79],"texture":"#1"}}},{"from":[7.475,-4.17684,9.57165],"to":[8.525,-3.07684,11.47165],"faces":{"north":{"uv":[9.67,13,10,13.38],"texture":"#1"},"east":{"uv":[5.33,11.67,5.96,12.04],"texture":"#1"},"south":{"uv":[10,13,10.33,13.38],"texture":"#1"},"west":{"uv":[11.67,5.33,12.29,5.71],"texture":"#1"},"up":{"uv":[12.33,0.62,12,0],"texture":"#1"},"down":{"uv":[12.33,0.67,12,1.29],"texture":"#1"}},"rotation":{"origin":[8,-3.52684,15.47165],"axis":"x","angle":22.5,"rescale":false}},{"from":[7.475,-4.16815,15.97391],"to":[8.525,-3.29315,16.62391],"faces":{"north":{"uv":[13.67,2,14,2.29],"texture":"#1"},"east":{"uv":[14.33,3.33,14.54,3.62],"texture":"#1"},"south":{"uv":[13.67,2.33,14,2.62],"texture":"#1"},"west":{"uv":[3.67,14.33,3.88,14.62],"texture":"#1"},"up":{"uv":[14.33,8.88,14,8.67],"texture":"#1"},"down":{"uv":[9.33,14,9,14.21],"texture":"#1"}}},{"from":[7.475,18.00452,7.22621],"to":[7.475,18.35252,7.34221],"faces":{"north":{"uv":[0,0,0,0.12],"texture":"#1"},"east":{"uv":[15,11.67,15.04,11.79],"texture":"#1"},"south":{"uv":[0,0,0,0.12],"texture":"#1"},"west":{"uv":[12,15,12.04,15.12],"texture":"#1"},"up":{"uv":[0,0.04,0,0],"texture":"#1"},"down":{"uv":[0,0,0,0.04],"texture":"#1"}}},{"from":[7.475,18.00452,7.32771],"to":[7.475,18.12052,7.45821],"faces":{"north":{"uv":[0,0,0,0.04],"texture":"#1"},"east":{"uv":[3,15.33,3.04,15.38],"texture":"#1"},"south":{"uv":[0,0,0,0.04],"texture":"#1"},"west":{"uv":[15.33,3,15.38,3.04],"texture":"#1"},"up":{"uv":[0,0.04,0,0],"texture":"#1"},"down":{"uv":[0,0,0,0.04],"texture":"#1"}}},{"from":[7.475,18.06252,7.05221],"to":[7.475,18.35252,7.16821],"faces":{"north":{"uv":[0,0,0,0.08],"texture":"#1"},"east":{"uv":[15,14.33,15.04,14.42],"texture":"#1"},"south":{"uv":[0,0,0,0.08],"texture":"#1"},"west":{"uv":[14.67,15,14.71,15.08],"texture":"#1"},"up":{"uv":[0,0.04,0,0],"texture":"#1"},"down":{"uv":[0,0,0,0.04],"texture":"#1"}}},{"from":[7.475,18.1562,6.81333],"to":[7.475,18.2722,7.10333],"faces":{"north":{"uv":[0,0,0,0.04],"texture":"#1"},"east":{"uv":[15,14,15.08,14.04],"texture":"#1"},"south":{"uv":[0,0,0,0.04],"texture":"#1"},"west":{"uv":[14.33,15,14.42,15.04],"texture":"#1"},"up":{"uv":[0,0.08,0,0],"texture":"#1"},"down":{"uv":[0,0,0,0.08],"texture":"#1"}},"rotation":{"origin":[8.2,18.49409,7.2],"axis":"x","angle":45,"rescale":false}},{"from":[7.475,18.19793,7.24644],"to":[7.475,18.31393,7.50744],"faces":{"north":{"uv":[0,0,0,0.04],"texture":"#1"},"east":{"uv":[15,13,15.08,13.04],"texture":"#1"},"south":{"uv":[0,0,0,0.04],"texture":"#1"},"west":{"uv":[13.33,15,13.42,15.04],"texture":"#1"},"up":{"uv":[0,0.08,0,0],"texture":"#1"},"down":{"uv":[0,0,0,0.08],"texture":"#1"}},"rotation":{"origin":[8.2,18.49409,7.2],"axis":"x","angle":-45,"rescale":false}},{"from":[7.475,18.19793,7.47844],"to":[7.475,18.54593,7.59444],"faces":{"north":{"uv":[0,0,0,0.12],"texture":"#1"},"east":{"uv":[15,11,15.04,11.12],"texture":"#1"},"south":{"uv":[0,0,0,0.12],"texture":"#1"},"west":{"uv":[11.33,15,11.38,15.12],"texture":"#1"},"up":{"uv":[0,0.04,0,0],"texture":"#1"},"down":{"uv":[0,0,0,0.04],"texture":"#1"}},"rotation":{"origin":[8.2,18.49409,7.2],"axis":"x","angle":-45,"rescale":false}},{"from":[7.475,18.32352,6.89271],"to":[7.475,18.43952,7.44371],"faces":{"north":{"uv":[0,0,0,0.04],"texture":"#1"},"east":{"uv":[15,9.67,15.17,9.71],"texture":"#1"},"south":{"uv":[0,0,0,0.04],"texture":"#1"},"west":{"uv":[10,15,10.17,15.04],"texture":"#1"},"up":{"uv":[0,0.17,0,0],"texture":"#1"},"down":{"uv":[0,0,0,0.17],"texture":"#1"}}},{"from":[7.475,18.50516,6.97825],"to":[7.475,18.70816,7.12325],"faces":{"north":{"uv":[0,0,0,0.08],"texture":"#1"},"east":{"uv":[15,13.67,15.04,13.75],"texture":"#1"},"south":{"uv":[0,0,0,0.08],"texture":"#1"},"west":{"uv":[14,15,14.04,15.08],"texture":"#1"},"up":{"uv":[0,0.04,0,0],"texture":"#1"},"down":{"uv":[0,0,0,0.04],"texture":"#1"}}},{"from":[7.475,18.50516,7.10875],"to":[7.475,18.60666,7.26825],"faces":{"north":{"uv":[0,0,0,0.04],"texture":"#1"},"east":{"uv":[2.67,15.33,2.71,15.38],"texture":"#1"},"south":{"uv":[0,0,0,0.04],"texture":"#1"},"west":{"uv":[15.33,2.67,15.38,2.71],"texture":"#1"},"up":{"uv":[0,0.04,0,0],"texture":"#1"},"down":{"uv":[0,0,0,0.04],"texture":"#1"}}},{"from":[7.475,18.50516,7.25375],"to":[7.475,18.70816,7.39875],"faces":{"north":{"uv":[0,0,0,0.08],"texture":"#1"},"east":{"uv":[15,13.33,15.04,13.42],"texture":"#1"},"south":{"uv":[0,0,0,0.08],"texture":"#1"},"west":{"uv":[13.67,15,13.71,15.08],"texture":"#1"},"up":{"uv":[0,0.04,0,0],"texture":"#1"},"down":{"uv":[0,0,0,0.04],"texture":"#1"}}},{"from":[7.475,18.69366,6.97825],"to":[7.475,18.80966,7.44225],"faces":{"north":{"uv":[0,0,0,0.04],"texture":"#1"},"east":{"uv":[15,9.33,15.17,9.38],"texture":"#1"},"south":{"uv":[0,0,0,0.04],"texture":"#1"},"west":{"uv":[9.67,15,9.83,15.04],"texture":"#1"},"up":{"uv":[0,0.17,0,0],"texture":"#1"},"down":{"uv":[0,0,0,0.17],"texture":"#1"}}},{"from":[7.475,18.76477,6.9346],"to":[7.475,18.88077,7.2681],"faces":{"north":{"uv":[0,0,0,0.04],"texture":"#1"},"east":{"uv":[15,11.33,15.12,11.38],"texture":"#1"},"south":{"uv":[0,0,0,0.04],"texture":"#1"},"west":{"uv":[11.67,15,11.79,15.04],"texture":"#1"},"up":{"uv":[0,0.12,0,0],"texture":"#1"},"down":{"uv":[0,0,0,0.12],"texture":"#1"}},"rotation":{"origin":[8.2,18.49409,7.2],"axis":"x","angle":-45,"rescale":false}},{"from":[7.475,18.86766,6.86225],"to":[7.475,18.98366,7.55825],"faces":{"north":{"uv":[0,0,0,0.04],"texture":"#1"},"east":{"uv":[15,6.67,15.25,6.71],"texture":"#1"},"south":{"uv":[0,0,0,0.04],"texture":"#1"},"west":{"uv":[7,15,7.25,15.04],"texture":"#1"},"up":{"uv":[0,0.25,0,0],"texture":"#1"},"down":{"uv":[0,0,0,0.25],"texture":"#1"}}},{"from":[7.475,18.96309,7.01735],"to":[7.475,19.07909,7.30735],"faces":{"north":{"uv":[0,0,0,0.04],"texture":"#1"},"east":{"uv":[0,15.33,0.08,15.38],"texture":"#1"},"south":{"uv":[0,0,0,0.04],"texture":"#1"},"west":{"uv":[15.33,0,15.42,0.04],"texture":"#1"},"up":{"uv":[0,0.08,0,0],"texture":"#1"},"down":{"uv":[0,0,0,0.08],"texture":"#1"}},"rotation":{"origin":[8.2,18.49409,7.2],"axis":"x","angle":-45,"rescale":false}},{"from":[7.475,18.97759,7.10715],"to":[7.475,19.09359,7.33915],"faces":{"north":{"uv":[0,0,0,0.04],"texture":"#1"},"east":{"uv":[15,14.67,15.08,14.71],"texture":"#1"},"south":{"uv":[0,0,0,0.04],"texture":"#1"},"west":{"uv":[15,15,15.08,15.04],"texture":"#1"},"up":{"uv":[0,0.08,0,0],"texture":"#1"},"down":{"uv":[0,0,0,0.08],"texture":"#1"}},"rotation":{"origin":[8.2,18.49409,7.2],"axis":"x","angle":45,"rescale":false}},{"from":[7.475,23.77684,9.57165],"to":[8.525,24.87684,11.47165],"faces":{"north":{"uv":[5.33,13,5.67,13.38],"texture":"#1"},"east":{"uv":[11.67,3.33,12.29,3.71],"texture":"#1"},"south":{"uv":[13,5.33,13.33,5.71],"texture":"#1"},"west":{"uv":[11.67,4,12.29,4.38],"texture":"#1"},"up":{"uv":[6.33,12.29,6,11.67],"texture":"#1"},"down":{"uv":[12,11.33,11.67,11.96],"texture":"#1"}},"rotation":{"origin":[8,24.22684,15.47165],"axis":"x","angle":-22.5,"rescale":false}},{"from":[7.475,23.99315,15.97391],"to":[8.525,24.86815,16.62391],"faces":{"north":{"uv":[13.67,1.33,14,1.62],"texture":"#1"},"east":{"uv":[14.33,3,14.54,3.29],"texture":"#1"},"south":{"uv":[13.67,1.67,14,1.96],"texture":"#1"},"west":{"uv":[3.33,14.33,3.54,14.62],"texture":"#1"},"up":{"uv":[14.33,8.54,14,8.33],"texture":"#1"},"down":{"uv":[9,14,8.67,14.21],"texture":"#1"}}},{"from":[7.5,-4.88833,5.16006],"to":[8.5,-3.78833,9.06006],"faces":{"north":{"uv":[10.33,13,10.67,13.38],"texture":"#1"},"east":{"uv":[10,1.33,11.29,1.71],"texture":"#1"},"south":{"uv":[10.67,13,11,13.38],"texture":"#1"},"west":{"uv":[10,2,11.29,2.38],"texture":"#1"},"up":{"uv":[10.67,4.62,10.33,3.33],"texture":"#1"},"down":{"uv":[5.67,10.33,5.33,11.62],"texture":"#1"}},"rotation":{"origin":[8,-4.23833,13.06006],"axis":"x","angle":45,"rescale":false}},{"from":[7.5,2.55,9.55],"to":[8.5,7.15,10.65],"faces":{"north":{"uv":[9,9.33,9.33,10.88],"texture":"#1"},"east":{"uv":[7,9.33,7.38,10.88],"texture":"#1"},"south":{"uv":[9.33,9.33,9.67,10.88],"texture":"#1"},"west":{"uv":[7.67,9.33,8.04,10.88],"texture":"#1"},"up":{"uv":[8.67,13.38,8.33,13],"texture":"#1"},"down":{"uv":[9,13,8.67,13.38],"texture":"#1"}},"rotation":{"origin":[8,0.55,10],"axis":"x","angle":-45,"rescale":false}},{"from":[7.5,10.1,7],"to":[9,11.6,7.4],"faces":{"north":{"uv":[10.33,11.33,10.83,11.83],"texture":"#1"},"east":{"uv":[14,10.67,14.12,11.17],"texture":"#1"},"south":{"uv":[0,11.67,0.5,12.17],"texture":"#1"},"west":{"uv":[11.33,14,11.46,14.5],"texture":"#1"},"up":{"uv":[14.5,11.46,14,11.33],"texture":"#1"},"down":{"uv":[14.5,12,14,12.12],"texture":"#1"}},"rotation":{"origin":[8,11.1,7.25],"axis":"z","angle":-45,"rescale":false}},{"from":[7.5,13.55,9.55],"to":[8.5,18.15,10.65],"faces":{"north":{"uv":[8.33,9.33,8.67,10.88],"texture":"#1"},"east":{"uv":[6.33,9.33,6.71,10.88],"texture":"#1"},"south":{"uv":[8.67,9.33,9,10.88],"texture":"#1"},"west":{"uv":[9.33,6.33,9.71,7.88],"texture":"#1"},"up":{"uv":[13.33,7.71,13,7.33],"texture":"#1"},"down":{"uv":[13.33,8,13,8.38],"texture":"#1"}},"rotation":{"origin":[8,20.15,10],"axis":"x","angle":45,"rescale":false}},{"from":[7.5,15,8.85],"to":[9,16.5,9.25],"faces":{"north":{"uv":[0.67,11.67,1.17,12.17],"texture":"#1"},"east":{"uv":[14.33,0,14.46,0.5],"texture":"#1"},"south":{"uv":[11.67,2.67,12.17,3.17],"texture":"#1"},"west":{"uv":[0.67,14.33,0.79,14.83],"texture":"#1"},"up":{"uv":[14.5,13.79,14,13.67],"texture":"#1"},"down":{"uv":[14.83,0.67,14.33,0.79],"texture":"#1"}},"rotation":{"origin":[8,15.5,9],"axis":"z","angle":45,"rescale":false}},{"from":[7.5,24.48833,5.16006],"to":[8.5,25.58833,9.06006],"faces":{"north":{"uv":[5.67,13,6,13.38],"texture":"#1"},"east":{"uv":[9.33,8,10.62,8.38],"texture":"#1"},"south":{"uv":[6,13,6.33,13.38],"texture":"#1"},"west":{"uv":[0,9.67,1.29,10.04],"texture":"#1"},"up":{"uv":[4.67,11.29,4.33,10],"texture":"#1"},"down":{"uv":[10.33,6.33,10,7.62],"texture":"#1"}},"rotation":{"origin":[8,24.93833,13.06006],"axis":"x","angle":-45,"rescale":false}},{"from":[7.5248,11.15279,7.5248],"to":[8.4752,15.04379,8.4752],"faces":{"north":{"uv":[3.33,10,3.67,11.29],"texture":"#1"},"east":{"uv":[10,3.33,10.33,4.62],"texture":"#1"},"south":{"uv":[3.67,10,4,11.29],"texture":"#1"},"west":{"uv":[4,10,4.33,11.29],"texture":"#1"},"up":{"uv":[10.33,8,10,7.67],"texture":"#1"},"down":{"uv":[8,13.33,7.67,13.67],"texture":"#1"}}},{"from":[7.525,1.44142,8.49555],"to":[8.475,5.34142,9.59555],"faces":{"north":{"uv":[0.67,10.33,1,11.62],"texture":"#1"},"east":{"uv":[9.67,9.33,10.04,10.62],"texture":"#1"},"south":{"uv":[1,10.33,1.33,11.62],"texture":"#1"},"west":{"uv":[10,0,10.38,1.29],"texture":"#1"},"up":{"uv":[9.33,13.38,9,13],"texture":"#1"},"down":{"uv":[9.67,13,9.33,13.38],"texture":"#1"}},"rotation":{"origin":[8,-2.55858,9.14555],"axis":"x","angle":-22.5,"rescale":false}},{"from":[7.525,15.35858,8.49555],"to":[8.475,19.25858,9.59555],"faces":{"north":{"uv":[0,10.33,0.33,11.62],"texture":"#1"},"east":{"uv":[1.33,9.67,1.71,10.96],"texture":"#1"},"south":{"uv":[0.33,10.33,0.67,11.62],"texture":"#1"},"west":{"uv":[2,9.67,2.38,10.96],"texture":"#1"},"up":{"uv":[13.33,6.38,13,6],"texture":"#1"},"down":{"uv":[13.33,6.67,13,7.04],"texture":"#1"}},"rotation":{"origin":[8,23.25858,9.14555],"axis":"x","angle":22.5,"rescale":false}},{"from":[7.56083,4.22503,7.25],"to":[8.06083,5.12503,8.75],"faces":{"north":{"uv":[14.33,11,14.5,11.29],"texture":"#1"},"east":{"uv":[12.67,11.67,13.17,11.96],"texture":"#1"},"south":{"uv":[11.67,14.33,11.83,14.62],"texture":"#1"},"west":{"uv":[12.67,12,13.17,12.29],"texture":"#1"},"up":{"uv":[14.17,2.5,14,2],"texture":"#1"},"down":{"uv":[14.17,2.67,14,3.17],"texture":"#1"}},"rotation":{"origin":[8,6.9,8],"axis":"z","angle":-22.5,"rescale":false}},{"from":[7.56083,8.67497,7.25],"to":[8.06083,9.57497,8.75],"faces":{"north":{"uv":[14.33,9.67,14.5,9.96],"texture":"#1"},"east":{"uv":[12.67,10.33,13.17,10.62],"texture":"#1"},"south":{"uv":[10,14.33,10.17,14.62],"texture":"#1"},"west":{"uv":[12.67,10.67,13.17,10.96],"texture":"#1"},"up":{"uv":[0.17,14.5,0,14],"texture":"#1"},"down":{"uv":[14.17,0,14,0.5],"texture":"#1"}},"rotation":{"origin":[8,6.9,8],"axis":"z","angle":22.5,"rescale":false}},{"from":[7.5682,13.41612,6.98431],"to":[8.4312,13.74112,7.38431],"faces":{"north":{"uv":[2.67,14.67,2.96,14.79],"texture":"#1"},"east":{"uv":[3,15,3.12,15.12],"texture":"#1"},"south":{"uv":[14.67,2.67,14.96,2.79],"texture":"#1"},"west":{"uv":[15,3,15.12,3.12],"texture":"#1"},"up":{"uv":[3.29,14.79,3,14.67],"texture":"#1"},"down":{"uv":[14.96,3,14.67,3.12],"texture":"#1"}}},{"from":[7.5682,13.41612,8.61569],"to":[8.4312,13.74112,9.01569],"faces":{"north":{"uv":[3.33,14.67,3.62,14.79],"texture":"#1"},"east":{"uv":[3.33,15,3.46,15.12],"texture":"#1"},"south":{"uv":[14.67,3.33,14.96,3.46],"texture":"#1"},"west":{"uv":[15,3.33,15.12,3.46],"texture":"#1"},"up":{"uv":[3.96,14.79,3.67,14.67],"texture":"#1"},"down":{"uv":[14.96,3.67,14.67,3.79],"texture":"#1"}}},{"from":[7.57984,5.81,5.88852],"to":[8.41984,7.49,5.88852],"faces":{"north":{"uv":[3.67,12.67,3.96,13.21],"texture":"#1"},"east":{"uv":[0,0,0,0.54],"texture":"#1"},"south":{"uv":[4,12.67,4.29,13.21],"texture":"#1"},"west":{"uv":[0,0,0,0.54],"texture":"#1"},"up":{"uv":[0.29,0,0,0],"texture":"#1"},"down":{"uv":[0.29,0,0,0],"texture":"#1"}},"rotation":{"origin":[8,6.9,8],"axis":"y","angle":-22.5,"rescale":false}},{"from":[7.57984,5.81,5.88852],"to":[8.41984,7.49,5.88852],"faces":{"north":{"uv":[3,12.67,3.29,13.21],"texture":"#1"},"east":{"uv":[0,0,0,0.54],"texture":"#1"},"south":{"uv":[3.33,12.67,3.62,13.21],"texture":"#1"},"west":{"uv":[0,0,0,0.54],"texture":"#1"},"up":{"uv":[0.29,0,0,0],"texture":"#1"},"down":{"uv":[0.29,0,0,0],"texture":"#1"}},"rotation":{"origin":[8,6.9,8],"axis":"y","angle":22.5,"rescale":false}},{"from":[7.57984,6.51,5.88852],"to":[8.41984,8.19,5.88852],"faces":{"north":{"uv":[12.33,12,12.62,12.54],"texture":"#1"},"east":{"uv":[0,0,0,0.54],"texture":"#1"},"south":{"uv":[12.67,1.33,12.96,1.88],"texture":"#1"},"west":{"uv":[0,0,0,0.54],"texture":"#1"},"up":{"uv":[0.29,0,0,0],"texture":"#1"},"down":{"uv":[0.29,0,0,0],"texture":"#1"}}},{"from":[7.57984,6.51,5.88852],"to":[8.41984,8.19,5.88852],"faces":{"north":{"uv":[12.67,2,12.96,2.54],"texture":"#1"},"east":{"uv":[0,0,0,0.54],"texture":"#1"},"south":{"uv":[2.67,12.67,2.96,13.21],"texture":"#1"},"west":{"uv":[0,0,0,0.54],"texture":"#1"},"up":{"uv":[0.29,0,0,0],"texture":"#1"},"down":{"uv":[0.29,0,0,0],"texture":"#1"}},"rotation":{"origin":[8,6.9,8],"axis":"y","angle":45,"rescale":false}},{"from":[7.58016,5.81,10.11148],"to":[8.42016,7.49,10.11148],"faces":{"north":{"uv":[7,12.67,7.29,13.21],"texture":"#1"},"east":{"uv":[0,0,0,0.54],"texture":"#1"},"south":{"uv":[7.33,12.67,7.62,13.21],"texture":"#1"},"west":{"uv":[0,0,0,0.54],"texture":"#1"},"up":{"uv":[0.29,0,0,0],"texture":"#1"},"down":{"uv":[0.29,0,0,0],"texture":"#1"}},"rotation":{"origin":[8,6.9,8],"axis":"y","angle":-22.5,"rescale":false}},{"from":[7.58016,5.81,10.11148],"to":[8.42016,7.49,10.11148],"faces":{"north":{"uv":[6.67,12.67,6.96,13.21],"texture":"#1"},"east":{"uv":[0,0,0,0.54],"texture":"#1"},"south":{"uv":[12.67,6.67,12.96,7.21],"texture":"#1"},"west":{"uv":[0,0,0,0.54],"texture":"#1"},"up":{"uv":[0.29,0,0,0],"texture":"#1"},"down":{"uv":[0.29,0,0,0],"texture":"#1"}},"rotation":{"origin":[8,6.9,8],"axis":"y","angle":22.5,"rescale":false}},{"from":[7.58016,6.51,10.11148],"to":[8.42016,8.19,10.11148],"faces":{"north":{"uv":[12.33,6,12.62,6.54],"texture":"#1"},"east":{"uv":[0,0,0,0.54],"texture":"#1"},"south":{"uv":[12.33,6.67,12.62,7.21],"texture":"#1"},"west":{"uv":[0,0,0,0.54],"texture":"#1"},"up":{"uv":[0.29,0,0,0],"texture":"#1"},"down":{"uv":[0.29,0,0,0],"texture":"#1"}}},{"from":[7.58016,6.51,10.11148],"to":[8.42016,8.19,10.11148],"faces":{"north":{"uv":[12.33,7.33,12.62,7.88],"texture":"#1"},"east":{"uv":[0,0,0,0.54],"texture":"#1"},"south":{"uv":[12.33,8,12.62,8.54],"texture":"#1"},"west":{"uv":[0,0,0,0.54],"texture":"#1"},"up":{"uv":[0.29,0,0,0],"texture":"#1"},"down":{"uv":[0.29,0,0,0],"texture":"#1"}},"rotation":{"origin":[8,6.9,8],"axis":"y","angle":45,"rescale":false}},{"from":[7.66673,14.07825,6.98431],"to":[8.16673,14.52825,7.38431],"faces":{"north":{"uv":[6.67,14.67,6.83,14.83],"texture":"#1"},"east":{"uv":[11,14.67,11.12,14.83],"texture":"#1"},"south":{"uv":[14.67,6.67,14.83,6.83],"texture":"#1"},"west":{"uv":[14.67,11,14.79,11.17],"texture":"#1"},"up":{"uv":[11.5,14.79,11.33,14.67],"texture":"#1"},"down":{"uv":[14.83,11.33,14.67,11.46],"texture":"#1"}},"rotation":{"origin":[8.41673,13.62825,6.98431],"axis":"z","angle":45,"rescale":false}},{"from":[7.66673,14.07825,8.61569],"to":[8.16673,14.52825,9.01569],"faces":{"north":{"uv":[7.67,14.67,7.83,14.83],"texture":"#1"},"east":{"uv":[14,14.67,14.12,14.83],"texture":"#1"},"south":{"uv":[14.67,7.67,14.83,7.83],"texture":"#1"},"west":{"uv":[14.67,14,14.79,14.17],"texture":"#1"},"up":{"uv":[14.5,14.79,14.33,14.67],"texture":"#1"},"down":{"uv":[14.83,14.33,14.67,14.46],"texture":"#1"}},"rotation":{"origin":[8.41673,13.62825,9.01569],"axis":"z","angle":45,"rescale":false}},{"from":[7.7195,9.87288,6.32],"to":[8.66,10.81338,7.005],"faces":{"north":{"uv":[13.33,9.33,13.67,9.67],"texture":"#1"},"east":{"uv":[14,9,14.21,9.33],"texture":"#1"},"south":{"uv":[13.33,9.67,13.67,10],"texture":"#1"},"west":{"uv":[9.33,14,9.54,14.33],"texture":"#1"},"up":{"uv":[10,14.21,9.67,14],"texture":"#1"},"down":{"uv":[14.33,9.67,14,9.88],"texture":"#1"}},"rotation":{"origin":[8,10.53288,7.005],"axis":"z","angle":-45,"rescale":false}},{"from":[7.7195,15.84788,9.27],"to":[8.66,16.78838,9.955],"faces":{"north":{"uv":[13.33,7.67,13.67,8],"texture":"#1"},"east":{"uv":[14,7.33,14.21,7.67],"texture":"#1"},"south":{"uv":[8,13.33,8.33,13.67],"texture":"#1"},"west":{"uv":[8,14,8.21,14.33],"texture":"#1"},"up":{"uv":[14.33,8.21,14,8],"texture":"#1"},"down":{"uv":[8.67,14,8.33,14.21],"texture":"#1"}},"rotation":{"origin":[8,16.50788,9.27],"axis":"z","angle":-45,"rescale":false}},{"from":[7.83327,14.07825,6.98431],"to":[8.33327,14.52825,7.38431],"faces":{"north":{"uv":[7,14.67,7.17,14.83],"texture":"#1"},"east":{"uv":[11.67,14.67,11.79,14.83],"texture":"#1"},"south":{"uv":[14.67,7,14.83,7.17],"texture":"#1"},"west":{"uv":[14.67,11.67,14.79,11.83],"texture":"#1"},"up":{"uv":[12.17,14.79,12,14.67],"texture":"#1"},"down":{"uv":[14.83,12,14.67,12.12],"texture":"#1"}},"rotation":{"origin":[7.58327,13.62825,6.98431],"axis":"z","angle":-45,"rescale":false}},{"from":[7.83327,14.07825,8.61569],"to":[8.33327,14.52825,9.01569],"faces":{"north":{"uv":[7.33,14.67,7.5,14.83],"texture":"#1"},"east":{"uv":[13.33,14.67,13.46,14.83],"texture":"#1"},"south":{"uv":[14.67,7.33,14.83,7.5],"texture":"#1"},"west":{"uv":[14.67,13.33,14.79,13.5],"texture":"#1"},"up":{"uv":[13.83,14.79,13.67,14.67],"texture":"#1"},"down":{"uv":[14.83,13.67,14.67,13.79],"texture":"#1"}},"rotation":{"origin":[7.58327,13.62825,9.01569],"axis":"z","angle":-45,"rescale":false}},{"from":[7.93917,4.22503,7.25],"to":[8.43917,5.12503,8.75],"faces":{"north":{"uv":[10.33,14.33,10.5,14.62],"texture":"#1"},"east":{"uv":[11,12.67,11.5,12.96],"texture":"#1"},"south":{"uv":[10.67,14.33,10.83,14.62],"texture":"#1"},"west":{"uv":[12.67,11,13.17,11.29],"texture":"#1"},"up":{"uv":[0.5,14.5,0.33,14],"texture":"#1"},"down":{"uv":[14.17,0.67,14,1.17],"texture":"#1"}},"rotation":{"origin":[8,6.9,8],"axis":"z","angle":22.5,"rescale":false}},{"from":[7.93917,8.67497,7.25],"to":[8.43917,9.57497,8.75],"faces":{"north":{"uv":[14.33,9.33,14.5,9.62],"texture":"#1"},"east":{"uv":[12.67,10,13.17,10.29],"texture":"#1"},"south":{"uv":[9.67,14.33,9.83,14.62],"texture":"#1"},"west":{"uv":[10.33,12.67,10.83,12.96],"texture":"#1"},"up":{"uv":[13.5,14.17,13.33,13.67],"texture":"#1"},"down":{"uv":[13.83,13.33,13.67,13.83],"texture":"#1"}},"rotation":{"origin":[8,6.9,8],"axis":"z","angle":-22.5,"rescale":false}},{"from":[8,-1.8,14.55],"to":[8,10.2,14.8],"faces":{"north":{"uv":[0,0,0,4],"texture":"#1"},"east":{"uv":[2,11,2.08,15],"texture":"#1"},"south":{"uv":[0,0,0,4],"texture":"#1"},"west":{"uv":[2.33,11,2.42,15],"texture":"#1"},"up":{"uv":[0,0.08,0,0],"texture":"#1"},"down":{"uv":[0,0,0,0.08],"texture":"#1"}}},{"from":[8,1.9,4],"to":[8,5.9,8],"faces":{"north":{"uv":[0,0,0,4],"texture":"#None"},"east":{"uv":[7.38,7.5,3.38,11.5],"texture":"#0"},"south":{"uv":[0,0,0,4],"texture":"#None"},"west":{"uv":[3.38,7.5,7.38,11.5],"texture":"#0"},"up":{"uv":[0,0,0,4],"texture":"#None"},"down":{"uv":[0,0,0,4],"texture":"#None"}},"rotation":{"origin":[8,3.9,8],"axis":"y","angle":-45,"rescale":false}},{"from":[8,1.9,8],"to":[8,5.9,12],"faces":{"north":{"uv":[0,0,0,4],"texture":"#None"},"east":{"uv":[3.38,7.5,7.38,11.5],"texture":"#0"},"south":{"uv":[0,0,0,4],"texture":"#None"},"west":{"uv":[7.38,7.5,3.38,11.5],"texture":"#0"},"up":{"uv":[0,4,0,0],"texture":"#None"},"down":{"uv":[0,4,0,0],"texture":"#None"}},"rotation":{"origin":[8,3.9,8],"axis":"y","angle":-45,"rescale":false}},{"from":[8,1.9,8],"to":[12,5.9,8],"faces":{"north":{"uv":[3.38,7.5,7.38,11.5],"texture":"#0"},"east":{"uv":[0,0,0,4],"texture":"#None"},"south":{"uv":[7.38,7.5,3.38,11.5],"texture":"#0"},"west":{"uv":[0,0,0,4],"texture":"#None"},"up":{"uv":[0,4,0,0],"texture":"#None","rotation":270},"down":{"uv":[0,4,0,0],"texture":"#None","rotation":90}},"rotation":{"origin":[8,3.9,8],"axis":"y","angle":-45,"rescale":false}},{"from":[8,7.8,4],"to":[8,11.8,8],"faces":{"north":{"uv":[0,4,0,0],"texture":"#None"},"east":{"uv":[7.38,11.5,3.38,7.5],"texture":"#0"},"south":{"uv":[0,4,0,0],"texture":"#None"},"west":{"uv":[3.38,11.5,7.38,7.5],"texture":"#0"},"up":{"uv":[0,4,0,0],"texture":"#None"},"down":{"uv":[0,4,0,0],"texture":"#None"}},"rotation":{"origin":[8,9.8,8],"axis":"y","angle":-45,"rescale":false}},{"from":[8,7.8,8],"to":[8,11.8,12],"faces":{"north":{"uv":[0,4,0,0],"texture":"#None"},"east":{"uv":[3.38,11.5,7.38,7.5],"texture":"#0"},"south":{"uv":[0,4,0,0],"texture":"#None"},"west":{"uv":[7.38,11.5,3.38,7.5],"texture":"#0"},"up":{"uv":[0,0,0,4],"texture":"#None"},"down":{"uv":[0,0,0,4],"texture":"#None"}},"rotation":{"origin":[8,9.8,8],"axis":"y","angle":-45,"rescale":false}},{"from":[8,7.8,8],"to":[12,11.8,8],"faces":{"north":{"uv":[3.38,11.5,7.38,7.5],"texture":"#0"},"east":{"uv":[0,4,0,0],"texture":"#None"},"south":{"uv":[7.38,11.5,3.38,7.5],"texture":"#0"},"west":{"uv":[0,4,0,0],"texture":"#None"},"up":{"uv":[0,4,0,0],"texture":"#None","rotation":90},"down":{"uv":[0,4,0,0],"texture":"#None","rotation":270}},"rotation":{"origin":[8,9.8,8],"axis":"y","angle":-45,"rescale":false}},{"from":[8,10.2,14.55],"to":[8,22.2,14.8],"faces":{"north":{"uv":[0,0,0,4],"texture":"#1"},"east":{"uv":[1.33,11,1.42,15],"texture":"#1"},"south":{"uv":[0,0,0,4],"texture":"#1"},"west":{"uv":[1.67,11,1.75,15],"texture":"#1"},"up":{"uv":[0,0.08,0,0],"texture":"#1"},"down":{"uv":[0,0,0,0.08],"texture":"#1"}}},{"from":[8,15.8,4.5],"to":[8,22.8,11.5],"faces":{"north":{"uv":[0,0,0,3.2],"texture":"#None"},"east":{"uv":[7,0,0,7],"texture":"#0"},"south":{"uv":[0,0,0,3.2],"texture":"#None"},"west":{"uv":[0,0,7,7],"texture":"#0"},"up":{"uv":[0,0,0,3.2],"texture":"#None"},"down":{"uv":[0,0,0,3.2],"texture":"#None"}},"rotation":{"origin":[8,19.3,8],"axis":"y","angle":-45,"rescale":false}},{"from":[8,15.8,4.5],"to":[8,22.8,11.5],"faces":{"north":{"uv":[0,0,0,3.2],"texture":"#None"},"east":{"uv":[7,0,0,7],"texture":"#0"},"south":{"uv":[0,0,0,3.2],"texture":"#None"},"west":{"uv":[0,0,7,7],"texture":"#0"},"up":{"uv":[0,0,0,3.2],"texture":"#None"},"down":{"uv":[0,0,0,3.2],"texture":"#None"}},"rotation":{"origin":[8,19.3,8],"axis":"y","angle":45,"rescale":false}},{"from":[8.525,18.00452,7.22621],"to":[8.525,18.35252,7.34221],"faces":{"north":{"uv":[0,0,0,0.12],"texture":"#1"},"east":{"uv":[15,12.67,15.04,12.79],"texture":"#1"},"south":{"uv":[0,0,0,0.12],"texture":"#1"},"west":{"uv":[13,15,13.04,15.12],"texture":"#1"},"up":{"uv":[0,0.04,0,0],"texture":"#1"},"down":{"uv":[0,0,0,0.04],"texture":"#1"}}},{"from":[8.525,18.00452,7.32771],"to":[8.525,18.12052,7.45821],"faces":{"north":{"uv":[0,0,0,0.04],"texture":"#1"},"east":{"uv":[3.67,15.33,3.71,15.38],"texture":"#1"},"south":{"uv":[0,0,0,0.04],"texture":"#1"},"west":{"uv":[15.33,3.67,15.38,3.71],"texture":"#1"},"up":{"uv":[0,0.04,0,0],"texture":"#1"},"down":{"uv":[0,0,0,0.04],"texture":"#1"}}},{"from":[8.525,18.06252,7.05221],"to":[8.525,18.35252,7.16821],"faces":{"north":{"uv":[0,0,0,0.08],"texture":"#1"},"east":{"uv":[1.67,15.33,1.71,15.42],"texture":"#1"},"south":{"uv":[0,0,0,0.08],"texture":"#1"},"west":{"uv":[15.33,1.67,15.38,1.75],"texture":"#1"},"up":{"uv":[0,0.04,0,0],"texture":"#1"},"down":{"uv":[0,0,0,0.04],"texture":"#1"}}},{"from":[8.525,18.1562,6.81333],"to":[8.525,18.2722,7.10333],"faces":{"north":{"uv":[0,0,0,0.04],"texture":"#1"},"east":{"uv":[1.33,15.33,1.42,15.38],"texture":"#1"},"south":{"uv":[0,0,0,0.04],"texture":"#1"},"west":{"uv":[15.33,1.33,15.42,1.38],"texture":"#1"},"up":{"uv":[0,0.08,0,0],"texture":"#1"},"down":{"uv":[0,0,0,0.08],"texture":"#1"}},"rotation":{"origin":[7.8,18.49409,7.2],"axis":"x","angle":45,"rescale":false}},{"from":[8.525,18.19793,7.24644],"to":[8.525,18.31393,7.50744],"faces":{"north":{"uv":[0,0,0,0.04],"texture":"#1"},"east":{"uv":[0.33,15.33,0.42,15.38],"texture":"#1"},"south":{"uv":[0,0,0,0.04],"texture":"#1"},"west":{"uv":[15.33,0.33,15.42,0.38],"texture":"#1"},"up":{"uv":[0,0.08,0,0],"texture":"#1"},"down":{"uv":[0,0,0,0.08],"texture":"#1"}},"rotation":{"origin":[7.8,18.49409,7.2],"axis":"x","angle":-45,"rescale":false}},{"from":[8.525,18.19793,7.47844],"to":[8.525,18.54593,7.59444],"faces":{"north":{"uv":[0,0,0,0.12],"texture":"#1"},"east":{"uv":[15,12,15.04,12.12],"texture":"#1"},"south":{"uv":[0,0,0,0.12],"texture":"#1"},"west":{"uv":[12.33,15,12.38,15.12],"texture":"#1"},"up":{"uv":[0,0.04,0,0],"texture":"#1"},"down":{"uv":[0,0,0,0.04],"texture":"#1"}},"rotation":{"origin":[7.8,18.49409,7.2],"axis":"x","angle":-45,"rescale":false}},{"from":[8.525,18.32352,6.89271],"to":[8.525,18.43952,7.44371],"faces":{"north":{"uv":[0,0,0,0.04],"texture":"#1"},"east":{"uv":[15,10.33,15.17,10.38],"texture":"#1"},"south":{"uv":[0,0,0,0.04],"texture":"#1"},"west":{"uv":[10.67,15,10.83,15.04],"texture":"#1"},"up":{"uv":[0,0.17,0,0],"texture":"#1"},"down":{"uv":[0,0,0,0.17],"texture":"#1"}}},{"from":[8.525,18.50516,6.97825],"to":[8.525,18.70816,7.12325],"faces":{"north":{"uv":[0,0,0,0.08],"texture":"#1"},"east":{"uv":[1,15.33,1.04,15.42],"texture":"#1"},"south":{"uv":[0,0,0,0.08],"texture":"#1"},"west":{"uv":[15.33,1,15.38,1.08],"texture":"#1"},"up":{"uv":[0,0.04,0,0],"texture":"#1"},"down":{"uv":[0,0,0,0.04],"texture":"#1"}}},{"from":[8.525,18.50516,7.10875],"to":[8.525,18.60666,7.26825],"faces":{"north":{"uv":[0,0,0,0.04],"texture":"#1"},"east":{"uv":[3.33,15.33,3.38,15.38],"texture":"#1"},"south":{"uv":[0,0,0,0.04],"texture":"#1"},"west":{"uv":[15.33,3.33,15.38,3.38],"texture":"#1"},"up":{"uv":[0,0.04,0,0],"texture":"#1"},"down":{"uv":[0,0,0,0.04],"texture":"#1"}}},{"from":[8.525,18.50516,7.25375],"to":[8.525,18.70816,7.39875],"faces":{"north":{"uv":[0,0,0,0.08],"texture":"#1"},"east":{"uv":[0.67,15.33,0.71,15.42],"texture":"#1"},"south":{"uv":[0,0,0,0.08],"texture":"#1"},"west":{"uv":[15.33,0.67,15.38,0.75],"texture":"#1"},"up":{"uv":[0,0.04,0,0],"texture":"#1"},"down":{"uv":[0,0,0,0.04],"texture":"#1"}}},{"from":[8.525,18.69366,6.97825],"to":[8.525,18.80966,7.44225],"faces":{"north":{"uv":[0,0,0,0.04],"texture":"#1"},"east":{"uv":[15,10,15.17,10.04],"texture":"#1"},"south":{"uv":[0,0,0,0.04],"texture":"#1"},"west":{"uv":[10.33,15,10.5,15.04],"texture":"#1"},"up":{"uv":[0,0.17,0,0],"texture":"#1"},"down":{"uv":[0,0,0,0.17],"texture":"#1"}}},{"from":[8.525,18.76477,6.9346],"to":[8.525,18.88077,7.2681],"faces":{"north":{"uv":[0,0,0,0.04],"texture":"#1"},"east":{"uv":[15,12.33,15.12,12.38],"texture":"#1"},"south":{"uv":[0,0,0,0.04],"texture":"#1"},"west":{"uv":[12.67,15,12.79,15.04],"texture":"#1"},"up":{"uv":[0,0.12,0,0],"texture":"#1"},"down":{"uv":[0,0,0,0.12],"texture":"#1"}},"rotation":{"origin":[7.8,18.49409,7.2],"axis":"x","angle":-45,"rescale":false}},{"from":[8.525,18.86766,6.86225],"to":[8.525,18.98366,7.55825],"faces":{"north":{"uv":[0,0,0,0.04],"texture":"#1"},"east":{"uv":[15,7,15.25,7.04],"texture":"#1"},"south":{"uv":[0,0,0,0.04],"texture":"#1"},"west":{"uv":[7.33,15,7.58,15.04],"texture":"#1"},"up":{"uv":[0,0.25,0,0],"texture":"#1"},"down":{"uv":[0,0,0,0.25],"texture":"#1"}}},{"from":[8.525,18.96309,7.01735],"to":[8.525,19.07909,7.30735],"faces":{"north":{"uv":[0,0,0,0.04],"texture":"#1"},"east":{"uv":[2.33,15.33,2.42,15.38],"texture":"#1"},"south":{"uv":[0,0,0,0.04],"texture":"#1"},"west":{"uv":[15.33,2.33,15.42,2.38],"texture":"#1"},"up":{"uv":[0,0.08,0,0],"texture":"#1"},"down":{"uv":[0,0,0,0.08],"texture":"#1"}},"rotation":{"origin":[7.8,18.49409,7.2],"axis":"x","angle":-45,"rescale":false}},{"from":[8.525,18.97759,7.10715],"to":[8.525,19.09359,7.33915],"faces":{"north":{"uv":[0,0,0,0.04],"texture":"#1"},"east":{"uv":[2,15.33,2.08,15.38],"texture":"#1"},"south":{"uv":[0,0,0,0.04],"texture":"#1"},"west":{"uv":[15.33,2,15.42,2.04],"texture":"#1"},"up":{"uv":[0,0.08,0,0],"texture":"#1"},"down":{"uv":[0,0,0,0.08],"texture":"#1"}},"rotation":{"origin":[7.8,18.49409,7.2],"axis":"x","angle":45,"rescale":false}},{"from":[8.6,-4.7,6],"to":[8.6,2,16],"faces":{"north":{"uv":[0,0,0,2.25],"texture":"#1"},"east":{"uv":[6.67,0,10,2.25],"texture":"#1"},"south":{"uv":[0,0,0,2.25],"texture":"#1"},"west":{"uv":[6.67,2.33,10,4.58],"texture":"#1"},"up":{"uv":[0,3.33,0,0],"texture":"#1"},"down":{"uv":[0,0,0,3.33],"texture":"#1"}}},{"from":[8.6,19,6],"to":[8.6,25.7,16],"faces":{"north":{"uv":[0,0,0,2.25],"texture":"#1"},"east":{"uv":[0,0,3.33,2.25],"texture":"#1"},"south":{"uv":[0,0,0,2.25],"texture":"#1"},"west":{"uv":[0,2.33,3.33,4.58],"texture":"#1"},"up":{"uv":[0,3.33,0,0],"texture":"#1"},"down":{"uv":[0,0,0,3.33],"texture":"#1"}}},{"from":[8.65,1.3,6.5],"to":[9,2.7,7.1],"faces":{"north":{"uv":[14.33,6.33,14.46,6.79],"texture":"#1"},"east":{"uv":[5.33,13.67,5.54,14.12],"texture":"#1"},"south":{"uv":[14.33,7,14.46,7.46],"texture":"#1"},"west":{"uv":[5.67,13.67,5.88,14.12],"texture":"#1"},"up":{"uv":[9.46,14.88,9.33,14.67],"texture":"#1"},"down":{"uv":[14.79,9.33,14.67,9.54],"texture":"#1"}},"rotation":{"origin":[8,2.725,6.8],"axis":"x","angle":-22.5,"rescale":false}},{"from":[8.65,2.7,5.8],"to":[9,3.15,7.8],"faces":{"north":{"uv":[2,15,2.12,15.17],"texture":"#1"},"east":{"uv":[13.33,8.67,14,8.83],"texture":"#1"},"south":{"uv":[15,2,15.12,2.17],"texture":"#1"},"west":{"uv":[13.33,9,14,9.17],"texture":"#1"},"up":{"uv":[12.12,14.33,12,13.67],"texture":"#1"},"down":{"uv":[12.46,13.67,12.33,14.33],"texture":"#1"}},"rotation":{"origin":[8,2.725,6.8],"axis":"x","angle":-22.5,"rescale":false}},{"from":[8.65,3.15,6.3],"to":[9,3.95,6.6],"faces":{"north":{"uv":[6,14.67,6.12,14.92],"texture":"#1"},"east":{"uv":[15,1,15.08,1.25],"texture":"#1"},"south":{"uv":[14.67,6,14.79,6.25],"texture":"#1"},"west":{"uv":[1.33,15,1.42,15.25],"texture":"#1"},"up":{"uv":[15.12,8.08,15,8],"texture":"#1"},"down":{"uv":[8.46,15,8.33,15.08],"texture":"#1"}},"rotation":{"origin":[8,2.725,6.8],"axis":"x","angle":-22.5,"rescale":false}},{"from":[8.65,3.15,7],"to":[9,3.95,7.3],"faces":{"north":{"uv":[6.33,14.67,6.46,14.92],"texture":"#1"},"east":{"uv":[1.67,15,1.75,15.25],"texture":"#1"},"south":{"uv":[14.67,6.33,14.79,6.58],"texture":"#1"},"west":{"uv":[15,1.67,15.08,1.92],"texture":"#1"},"up":{"uv":[15.12,8.42,15,8.33],"texture":"#1"},"down":{"uv":[8.79,15,8.67,15.08],"texture":"#1"}},"rotation":{"origin":[8,2.725,6.8],"axis":"x","angle":-22.5,"rescale":false}},{"from":[8.65,3.55,6.6],"to":[9,3.95,7],"faces":{"north":{"uv":[5.33,15,5.46,15.12],"texture":"#1"},"east":{"uv":[5.67,15,5.79,15.12],"texture":"#1"},"south":{"uv":[15,5.67,15.12,5.79],"texture":"#1"},"west":{"uv":[6,15,6.12,15.12],"texture":"#1"},"up":{"uv":[15.12,6.12,15,6],"texture":"#1"},"down":{"uv":[6.46,15,6.33,15.12],"texture":"#1"}},"rotation":{"origin":[8,2.725,6.8],"axis":"x","angle":-22.5,"rescale":false}},{"from":[8.66,9.86888,6.445],"to":[9.08,11.78888,7.005],"faces":{"north":{"uv":[14,6.67,14.12,7.29],"texture":"#1"},"east":{"uv":[13.67,0,13.83,0.62],"texture":"#1"},"south":{"uv":[7,14,7.12,14.62],"texture":"#1"},"west":{"uv":[0.67,13.67,0.83,14.29],"texture":"#1"},"up":{"uv":[2.46,15.17,2.33,15],"texture":"#1"},"down":{"uv":[15.12,2.33,15,2.5],"texture":"#1"}}},{"from":[8.66,15.84388,9.27],"to":[9.08,17.76388,9.83],"faces":{"north":{"uv":[6.33,14,6.46,14.62],"texture":"#1"},"east":{"uv":[11.33,13.33,11.5,13.96],"texture":"#1"},"south":{"uv":[6.67,14,6.79,14.62],"texture":"#1"},"west":{"uv":[13.33,11.33,13.5,11.96],"texture":"#1"},"up":{"uv":[12.79,14.83,12.67,14.67],"texture":"#1"},"down":{"uv":[13.12,14.67,13,14.83],"texture":"#1"}}},{"from":[8.75576,11.6,6.19497],"to":[8.75576,14.8,6.99497],"faces":{"north":{"uv":[0,0,0,1.08],"texture":"#1"},"east":{"uv":[4,11.33,4.25,12.42],"texture":"#1"},"south":{"uv":[0,0,0,1.08],"texture":"#1"},"west":{"uv":[4.33,11.33,4.58,12.42],"texture":"#1"},"up":{"uv":[0,0.25,0,0],"texture":"#1"},"down":{"uv":[0,0,0,0.25],"texture":"#1"}},"rotation":{"origin":[8.75576,13.2,6.59497],"axis":"y","angle":22.5,"rescale":false}},{"from":[8.75576,17.575,9.28003],"to":[8.75576,20.775,10.08003],"faces":{"north":{"uv":[0,0,0,1.08],"texture":"#1"},"east":{"uv":[3.33,11.33,3.58,12.42],"texture":"#1"},"south":{"uv":[0,0,0,1.08],"texture":"#1"},"west":{"uv":[3.67,11.33,3.92,12.42],"texture":"#1"},"up":{"uv":[0,0.25,0,0],"texture":"#1"},"down":{"uv":[0,0,0,0.25],"texture":"#1"}},"rotation":{"origin":[8.75576,19.175,9.68003],"axis":"y","angle":-22.5,"rescale":false}},{"from":[8.8,9.2,7.5],"to":[8.8,15.2,10],"faces":{"north":{"uv":[0,0,0,2],"texture":"#1"},"east":{"uv":[0,7,0.83,9],"texture":"#1"},"south":{"uv":[0,0,0,2],"texture":"#1"},"west":{"uv":[1,7,1.83,9],"texture":"#1"},"up":{"uv":[0,0.83,0,0],"texture":"#1"},"down":{"uv":[0,0,0,0.83],"texture":"#1"}}},{"from":[8.844,15.42179,7.556],"to":[9.032,16.29979,8.444],"faces":{"north":{"uv":[10.33,14.67,10.42,14.96],"texture":"#1"},"east":{"uv":[10.67,13.67,10.96,13.96],"texture":"#1"},"south":{"uv":[14.67,10.33,14.75,10.62],"texture":"#1"},"west":{"uv":[13.67,10.67,13.96,10.96],"texture":"#1"},"up":{"uv":[10.75,14.96,10.67,14.67],"texture":"#1"},"down":{"uv":[14.75,10.67,14.67,10.96],"texture":"#1"}},"rotation":{"origin":[9.688,15.86079,8],"axis":"x","angle":45,"rescale":false}},{"from":[9.1,14.1,7],"to":[9.1,17.1,10],"faces":{"north":{"uv":[0,0,0,3.2],"texture":"#None"},"east":{"uv":[3,7.12,0,10.12],"texture":"#0"},"south":{"uv":[0,0,0,3.2],"texture":"#None"},"west":{"uv":[0,10.38,3,13.38],"texture":"#0"},"up":{"uv":[0,0,0,3.2],"texture":"#None"},"down":{"uv":[0,0,0,3.2],"texture":"#None"}}},{"from":[10.11148,5.81,7.57984],"to":[10.11148,7.49,8.41984],"faces":{"north":{"uv":[0,0,0,0.54],"texture":"#1"},"east":{"uv":[12.67,6,12.96,6.54],"texture":"#1"},"south":{"uv":[0,0,0,0.54],"texture":"#1"},"west":{"uv":[6.33,12.67,6.62,13.21],"texture":"#1"},"up":{"uv":[0,0.29,0,0],"texture":"#1"},"down":{"uv":[0,0,0,0.29],"texture":"#1"}},"rotation":{"origin":[8,6.9,8],"axis":"y","angle":-22.5,"rescale":false}},{"from":[10.11148,5.81,7.57984],"to":[10.11148,7.49,8.41984],"faces":{"north":{"uv":[0,0,0,0.54],"texture":"#1"},"east":{"uv":[4.33,12.67,4.62,13.21],"texture":"#1"},"south":{"uv":[0,0,0,0.54],"texture":"#1"},"west":{"uv":[12.67,5.33,12.96,5.88],"texture":"#1"},"up":{"uv":[0,0.29,0,0],"texture":"#1"},"down":{"uv":[0,0,0,0.29],"texture":"#1"}},"rotation":{"origin":[8,6.9,8],"axis":"y","angle":22.5,"rescale":false}},{"from":[10.11148,6.51,7.57984],"to":[10.11148,8.19,8.41984],"faces":{"north":{"uv":[0,0,0,0.54],"texture":"#1"},"east":{"uv":[12.33,8.67,12.62,9.21],"texture":"#1"},"south":{"uv":[0,0,0,0.54],"texture":"#1"},"west":{"uv":[12.33,9.33,12.62,9.88],"texture":"#1"},"up":{"uv":[0,0.29,0,0],"texture":"#1"},"down":{"uv":[0,0,0,0.29],"texture":"#1"}}},{"from":[10.11148,6.51,7.57984],"to":[10.11148,8.19,8.41984],"faces":{"north":{"uv":[0,0,0,0.54],"texture":"#1"},"east":{"uv":[12.33,10,12.62,10.54],"texture":"#1"},"south":{"uv":[0,0,0,0.54],"texture":"#1"},"west":{"uv":[12.33,10.67,12.62,11.21],"texture":"#1"},"up":{"uv":[0,0.29,0,0],"texture":"#1"},"down":{"uv":[0,0,0,0.29],"texture":"#1"}},"rotation":{"origin":[8,6.9,8],"axis":"y","angle":45,"rescale":false}}],"display":{"thirdperson_righthand":{"translation":[0,-5.5,0.75],"scale":[0.93,0.93,0.93]},"thirdperson_lefthand":{"translation":[0,-5.5,0.75],"scale":[0.93,0.93,0.93]},"firstperson_righthand":{"rotation":[-5,0,0],"translation":[-2.25,4,2],"scale":[0.54,0.54,0.54]},"firstperson_lefthand":{"rotation":[-5,0,0],"translation":[-2.25,4,2],"scale":[0.54,0.54,0.54]},"ground":{"rotation":[39,0,0],"translation":[-1.5,3,-1.75],"scale":[0.36,0.36,0.36]},"gui":{"rotation":[86.23,47,-69.31],"translation":[-3,0.75,0],"scale":[0.73,0.73,0.73]},"head":{"rotation":[-4.25,0,0],"translation":[0,16.75,0],"scale":[0,0,0]},"fixed":{"rotation":[0,-90,0],"translation":[3.75,-2.25,-1.5],"scale":[0.82,0.82,0.82]}},"gui_light":"front","mcmodels":"4657fff084f261ee7d860dbbfffed9a5"}