{"credit":"Made with Blockbench","textures":{"0":"conqueror_legacy:crossbow_0","1":"conqueror_legacy:crossbow_1"},"elements":[{"from":[4,5.05,1.25],"to":[8,5.05,5.25],"faces":{"north":{"uv":[0,0,0,4],"texture":"#None","rotation":270},"east":{"uv":[0,4,0,0],"texture":"#None","rotation":90},"south":{"uv":[0,0,0,4],"texture":"#None","rotation":270},"west":{"uv":[0,4,0,0],"texture":"#None","rotation":270},"up":{"uv":[3.38,11.5,7.38,7.5],"texture":"#1"},"down":{"uv":[7.38,11.5,3.38,7.5],"texture":"#1","rotation":180}},"rotation":{"origin":[8,5.05,6.2],"axis":"z","angle":-45,"rescale":false}},{"from":[4,5.05,7.15],"to":[8,5.05,11.15],"faces":{"north":{"uv":[0,0,0,4],"texture":"#None","rotation":90},"east":{"uv":[0,0,0,4],"texture":"#None","rotation":90},"south":{"uv":[0,0,0,4],"texture":"#None","rotation":90},"west":{"uv":[0,0,0,4],"texture":"#None","rotation":270},"up":{"uv":[3.38,7.5,7.38,11.5],"texture":"#1"},"down":{"uv":[7.38,7.5,3.38,11.5],"texture":"#1","rotation":180}},"rotation":{"origin":[8,5.05,6.2],"axis":"z","angle":-45,"rescale":false}},{"from":[4.35,-0.00023,-6.03693],"to":[6.6,2.39977,-6.03693],"faces":{"north":{"uv":[9.6,7.68,10.32,8.44],"texture":"#0"},"east":{"uv":[0,0,0,0.76],"texture":"#0"},"south":{"uv":[8.32,9.6,9.04,10.36],"texture":"#0"},"west":{"uv":[0,0,0,0.76],"texture":"#0"},"up":{"uv":[0.72,0,0,0],"texture":"#0"},"down":{"uv":[0.72,0,0,0],"texture":"#0"}},"rotation":{"origin":[8,4.2409,2.43567],"axis":"x","angle":22.5,"rescale":false}},{"from":[4.35,0.68304,-4.11347],"to":[6.6,2.48304,-4.11347],"faces":{"north":{"uv":[10.88,3.84,11.6,4.4],"texture":"#0"},"east":{"uv":[0,0,0,0.56],"texture":"#0"},"south":{"uv":[9.92,10.88,10.64,11.44],"texture":"#0"},"west":{"uv":[0,0,0,0.56],"texture":"#0"},"up":{"uv":[0.72,0,0,0],"texture":"#0"},"down":{"uv":[0.72,0,0,0],"texture":"#0"}},"rotation":{"origin":[8,4.2409,2.43567],"axis":"x","angle":45,"rescale":false}},{"from":[4.35,7.62885,-3.43827],"to":[6.6,9.87885,-3.43827],"faces":{"north":{"uv":[0,10.24,0.72,10.96],"texture":"#0"},"east":{"uv":[0,0,0,0.72],"texture":"#0"},"south":{"uv":[0.96,10.24,1.68,10.96],"texture":"#0"},"west":{"uv":[0,0,0,0.72],"texture":"#0"},"up":{"uv":[0.72,0,0,0],"texture":"#0"},"down":{"uv":[0.72,0,0,0],"texture":"#0"}}},{"from":[4.35,8.93007,-4.85724],"to":[6.6,8.93007,-3.35724],"faces":{"north":{"uv":[0,0,0.72,0],"texture":"#0"},"east":{"uv":[0,0,0.48,0],"texture":"#0"},"south":{"uv":[0,0,0.72,0],"texture":"#0"},"west":{"uv":[0,0,0.48,0],"texture":"#0"},"up":{"uv":[11.92,7.52,11.2,7.04],"texture":"#0"},"down":{"uv":[11.92,7.68,11.2,8.16],"texture":"#0"}},"rotation":{"origin":[8,4.2409,2.43567],"axis":"x","angle":-22.5,"rescale":false}},{"from":[5.46279,3.71,4.50573],"to":[5.46279,5.39,5.34573],"faces":{"north":{"uv":[0,0,0,0.52],"texture":"#0"},"east":{"uv":[12.8,0.64,13.08,1.16],"texture":"#0"},"south":{"uv":[0,0,0,0.52],"texture":"#0"},"west":{"uv":[12.8,1.28,13.08,1.8],"texture":"#0"},"up":{"uv":[0,0.28,0,0],"texture":"#0"},"down":{"uv":[0,0,0,0.28],"texture":"#0"}},"rotation":{"origin":[6.3,4.55,6.2],"axis":"y","angle":-45,"rescale":false}},{"from":[5.46295,3.71,7.05443],"to":[5.46295,5.39,7.89443],"faces":{"north":{"uv":[0,0,0,0.52],"texture":"#0"},"east":{"uv":[12.8,3.84,13.08,4.36],"texture":"#0"},"south":{"uv":[0,0,0,0.52],"texture":"#0"},"west":{"uv":[12.8,4.48,13.08,5],"texture":"#0"},"up":{"uv":[0,0.28,0,0],"texture":"#0"},"down":{"uv":[0,0,0,0.28],"texture":"#0"}},"rotation":{"origin":[6.3,4.55,6.2],"axis":"y","angle":45,"rescale":false}},{"from":[5.8535,4.61,5.09038],"to":[5.8535,6.29,5.93038],"faces":{"north":{"uv":[0,0,0,0.52],"texture":"#0"},"east":{"uv":[0.32,12.8,0.6,13.32],"texture":"#0"},"south":{"uv":[0,0,0,0.52],"texture":"#0"},"west":{"uv":[0.64,12.8,0.92,13.32],"texture":"#0"},"up":{"uv":[0,0.28,0,0],"texture":"#0"},"down":{"uv":[0,0,0,0.28],"texture":"#0"}},"rotation":{"origin":[6.3,5.45,6.2],"axis":"y","angle":-22.5,"rescale":false}},{"from":[5.85358,4.61,6.46973],"to":[5.85358,6.29,7.30973],"faces":{"north":{"uv":[0,0,0,0.52],"texture":"#0"},"east":{"uv":[12.8,3.2,13.08,3.72],"texture":"#0"},"south":{"uv":[0,0,0,0.52],"texture":"#0"},"west":{"uv":[3.52,12.8,3.8,13.32],"texture":"#0"},"up":{"uv":[0,0.28,0,0],"texture":"#0"},"down":{"uv":[0,0,0,0.28],"texture":"#0"}},"rotation":{"origin":[6.3,5.45,6.2],"axis":"y","angle":22.5,"rescale":false}},{"from":[5.99072,3.71,5.78005],"to":[5.99072,5.39,6.62005],"faces":{"north":{"uv":[0,0,0,0.52],"texture":"#0"},"east":{"uv":[1.92,12.8,2.2,13.32],"texture":"#0"},"south":{"uv":[0,0,0,0.52],"texture":"#0"},"west":{"uv":[2.24,12.8,2.52,13.32],"texture":"#0"},"up":{"uv":[0,0.28,0,0],"texture":"#0"},"down":{"uv":[0,0,0,0.28],"texture":"#0"}}},{"from":[6.275,11.68863,-4.08671],"to":[6.275,13.08863,-0.58671],"faces":{"north":{"uv":[0,0,0,0.44],"texture":"#0"},"east":{"uv":[10.56,1.92,11.68,2.36],"texture":"#0"},"south":{"uv":[0,0,0,0.44],"texture":"#0"},"west":{"uv":[2.56,10.56,3.68,11],"texture":"#0"},"up":{"uv":[0,1.12,0,0],"texture":"#0"},"down":{"uv":[0,0,0,1.12],"texture":"#0"}},"rotation":{"origin":[8,4.2409,2.43567],"axis":"x","angle":-22.5,"rescale":false}},{"from":[6.3,9.94088,-1.63614],"to":[9.7,11.84088,-0.58614],"faces":{"north":{"uv":[8.96,6.08,10.04,6.68],"texture":"#0"},"east":{"uv":[12.16,12.16,12.48,12.76],"texture":"#0"},"south":{"uv":[6.4,8.96,7.48,9.56],"texture":"#0"},"west":{"uv":[12.48,0.32,12.8,0.92],"texture":"#0"},"up":{"uv":[11.64,10.56,10.56,10.24],"texture":"#0"},"down":{"uv":[12.28,6.08,11.2,6.4],"texture":"#0"}},"rotation":{"origin":[8,4.2409,2.43567],"axis":"x","angle":-22.5,"rescale":false}},{"from":[6.325,7.02126,7.5803],"to":[9.675,7.92126,11.0803],"faces":{"north":{"uv":[11.84,1.92,12.92,2.2],"texture":"#0"},"east":{"uv":[11.52,6.4,12.64,6.68],"texture":"#0"},"south":{"uv":[11.84,2.24,12.92,2.52],"texture":"#0"},"west":{"uv":[11.52,6.72,12.64,7],"texture":"#0"},"up":{"uv":[7.48,4.32,6.4,3.2],"texture":"#0"},"down":{"uv":[4.92,6.4,3.84,7.52],"texture":"#0"}}},{"from":[6.4,4.23465,-4.78156],"to":[9.6,6.13465,-3.73156],"faces":{"north":{"uv":[9.6,0,10.64,0.6],"texture":"#0"},"east":{"uv":[0.64,12.16,0.96,12.76],"texture":"#0"},"south":{"uv":[9.6,0.64,10.64,1.24],"texture":"#0"},"west":{"uv":[12.16,11.52,12.48,12.12],"texture":"#0"},"up":{"uv":[12.24,8.64,11.2,8.32],"texture":"#0"},"down":{"uv":[12.24,8.64,11.2,8.96],"texture":"#0"}},"rotation":{"origin":[8,4.2409,2.43567],"axis":"x","angle":22.5,"rescale":false}},{"from":[6.4,6.03584,-6.38361],"to":[9.6,9.83584,-6.38361],"faces":{"north":{"uv":[1.28,6.4,2.32,7.6],"texture":"#0"},"east":{"uv":[0,0,0,1.2],"texture":"#0"},"south":{"uv":[2.56,6.4,3.6,7.6],"texture":"#0"},"west":{"uv":[0,0,0,1.2],"texture":"#0"},"up":{"uv":[1.04,0,0,0],"texture":"#0"},"down":{"uv":[1.04,0,0,0],"texture":"#0"}},"rotation":{"origin":[8,4.2409,2.43567],"axis":"x","angle":45,"rescale":false}},{"from":[6.4,8.45597,-5.76449],"to":[9.6,10.40597,-3.26449],"faces":{"north":{"uv":[5.12,8.96,6.16,9.6],"texture":"#0"},"east":{"uv":[10.24,3.2,11.04,3.84],"texture":"#0"},"south":{"uv":[8.96,5.44,10,6.08],"texture":"#0"},"west":{"uv":[10.56,1.28,11.36,1.92],"texture":"#0"},"up":{"uv":[9.36,8.48,8.32,7.68],"texture":"#0"},"down":{"uv":[9.68,1.28,8.64,2.08],"texture":"#0"}}},{"from":[6.4,13.07474,-2.78103],"to":[9.6,13.07474,0.71897],"faces":{"north":{"uv":[0,0,1.04,0],"texture":"#0"},"east":{"uv":[0,0,1.12,0],"texture":"#0"},"south":{"uv":[0,0,1.04,0],"texture":"#0"},"west":{"uv":[0,0,1.12,0],"texture":"#0"},"up":{"uv":[7.44,6.56,6.4,5.44],"texture":"#0"},"down":{"uv":[7.44,6.72,6.4,7.84],"texture":"#0"}},"rotation":{"origin":[8,4.2409,2.43567],"axis":"x","angle":-22.5,"rescale":false}},{"from":[6.42795,2.66885,-7.7],"to":[8.42795,4.66885,-7.7],"faces":{"north":{"uv":[10.56,8,11.2,8.64],"texture":"#0"},"east":{"uv":[0,0,0,0.64],"texture":"#0"},"south":{"uv":[9.28,10.56,9.92,11.2],"texture":"#0"},"west":{"uv":[0,0,0,0.64],"texture":"#0"},"up":{"uv":[0.64,0,0,0],"texture":"#0"},"down":{"uv":[0.64,0,0,0],"texture":"#0"}},"rotation":{"origin":[8,4.2409,2.43567],"axis":"z","angle":45,"rescale":false}},{"from":[6.475,5.11127,-1],"to":[7.325,8.06127,0.75],"faces":{"north":{"uv":[3.52,11.84,3.8,12.8],"texture":"#0"},"east":{"uv":[9.28,9.6,9.84,10.56],"texture":"#0"},"south":{"uv":[7.04,11.84,7.32,12.8],"texture":"#0"},"west":{"uv":[9.92,1.28,10.48,2.24],"texture":"#0"},"up":{"uv":[5.08,13.04,4.8,12.48],"texture":"#0"},"down":{"uv":[12.76,12.16,12.48,12.72],"texture":"#0"}}},{"from":[6.5,8.59737,-4.92964],"to":[9.5,9.64737,-1.92964],"faces":{"north":{"uv":[9.92,11.52,10.88,11.84],"texture":"#0"},"east":{"uv":[10.88,11.52,11.84,11.84],"texture":"#0"},"south":{"uv":[0,11.84,0.96,12.16],"texture":"#0"},"west":{"uv":[11.84,0,12.8,0.32],"texture":"#0"},"up":{"uv":[7.36,8.96,6.4,8],"texture":"#0"},"down":{"uv":[8.32,8,7.36,8.96],"texture":"#0"}},"rotation":{"origin":[8,4.2409,2.43567],"axis":"x","angle":-22.5,"rescale":false}},{"from":[6.6,-0.44421,-6.59534],"to":[9.4,2.85579,-5.34534],"faces":{"north":{"uv":[1.92,8.32,2.8,9.36],"texture":"#0"},"east":{"uv":[8,10.56,8.4,11.6],"texture":"#0"},"south":{"uv":[2.88,8.32,3.76,9.36],"texture":"#0"},"west":{"uv":[8.64,10.56,9.04,11.6],"texture":"#0"},"up":{"uv":[3.76,11.6,2.88,11.2],"texture":"#0"},"down":{"uv":[12.08,3.2,11.2,3.6],"texture":"#0"}},"rotation":{"origin":[8,4.2409,2.43567],"axis":"x","angle":22.5,"rescale":false}},{"from":[6.65,8.50597,-7.1645],"to":[9.35,9.45597,-5.7645],"faces":{"north":{"uv":[11.84,8.96,12.72,9.28],"texture":"#0"},"east":{"uv":[12.48,10.24,12.92,10.56],"texture":"#0"},"south":{"uv":[11.84,9.28,12.72,9.6],"texture":"#0"},"west":{"uv":[12.8,8,13.24,8.32],"texture":"#0"},"up":{"uv":[11.76,11.32,10.88,10.88],"texture":"#0"},"down":{"uv":[0.88,11.2,0,11.64],"texture":"#0"}}},{"from":[6.775,1.153,1.83924],"to":[7.325,4.703,2.78924],"faces":{"north":{"uv":[1.6,12.48,1.76,13.6],"texture":"#0"},"east":{"uv":[0.96,11.2,1.28,12.32],"texture":"#0"},"south":{"uv":[3.2,12.48,3.36,13.6],"texture":"#0"},"west":{"uv":[1.28,11.2,1.6,12.32],"texture":"#0"},"up":{"uv":[2.72,14.08,2.56,13.76],"texture":"#0"},"down":{"uv":[13.92,2.56,13.76,2.88],"texture":"#0"}},"rotation":{"origin":[8,4.2409,2.43567],"axis":"x","angle":45,"rescale":false}},{"from":[6.9,5.1,11],"to":[6.9,8.1,14],"faces":{"north":{"uv":[0,0,0,3.2],"texture":"#None"},"east":{"uv":[0,10.38,3,13.38],"texture":"#1"},"south":{"uv":[0,0,0,3.2],"texture":"#None"},"west":{"uv":[0,7.13,3,10.13],"texture":"#1"},"up":{"uv":[0,0,0,3.2],"texture":"#None"},"down":{"uv":[0,0,0,3.2],"texture":"#None"}}},{"from":[6.9,7.21174,-6.98407],"to":[6.9,8.61174,-3.98407],"faces":{"north":{"uv":[0,0,0,0.44],"texture":"#0"},"east":{"uv":[11.52,6.4,10.56,6.84],"texture":"#0"},"south":{"uv":[0,0,0,0.44],"texture":"#0"},"west":{"uv":[7.36,10.56,6.4,11],"texture":"#0"},"up":{"uv":[0,0.96,0,0],"texture":"#0"},"down":{"uv":[0,0,0,0.96],"texture":"#0"}}},{"from":[6.92,6.84388,13.27],"to":[7.34,8.76388,13.83],"faces":{"north":{"uv":[6.4,13.44,6.52,14.04],"texture":"#0"},"east":{"uv":[4.8,13.12,4.96,13.72],"texture":"#0"},"south":{"uv":[6.72,13.44,6.84,14.04],"texture":"#0"},"west":{"uv":[7.36,13.12,7.52,13.72],"texture":"#0"},"up":{"uv":[14.2,1.44,14.08,1.28],"texture":"#0"},"down":{"uv":[1.72,14.08,1.6,14.24],"texture":"#0"}}},{"from":[6.968,6.42179,11.556],"to":[7.156,7.29979,12.444],"faces":{"north":{"uv":[12.8,13.76,12.88,14.04],"texture":"#0"},"east":{"uv":[12.48,0.96,12.76,1.24],"texture":"#0"},"south":{"uv":[13.76,12.8,13.84,13.08],"texture":"#0"},"west":{"uv":[12.48,6.08,12.76,6.36],"texture":"#0"},"up":{"uv":[13.2,14.04,13.12,13.76],"texture":"#0"},"down":{"uv":[13.84,13.12,13.76,13.4],"texture":"#0"}},"rotation":{"origin":[6.312,6.86079,12],"axis":"x","angle":45,"rescale":false}},{"from":[7.1,8.1949,-5.35186],"to":[8.9,10.7449,-4.10186],"faces":{"north":{"uv":[3.84,10.56,4.4,11.36],"texture":"#0"},"east":{"uv":[5.12,11.2,5.52,12],"texture":"#0"},"south":{"uv":[5.76,10.56,6.32,11.36],"texture":"#0"},"west":{"uv":[9.28,11.2,9.68,12],"texture":"#0"},"up":{"uv":[12.72,3.6,12.16,3.2],"texture":"#0"},"down":{"uv":[5.68,12.16,5.12,12.56],"texture":"#0"}},"rotation":{"origin":[8,4.2409,2.43567],"axis":"x","angle":-45,"rescale":false}},{"from":[7.156,6.02179,11.156],"to":[8.844,7.69979,12.844],"faces":{"north":{"uv":[11.84,2.56,12.4,3.08],"texture":"#0"},"east":{"uv":[2.88,11.84,3.44,12.36],"texture":"#0"},"south":{"uv":[11.84,3.84,12.4,4.36],"texture":"#0"},"west":{"uv":[11.84,4.48,12.4,5],"texture":"#0"},"up":{"uv":[11.76,9.52,11.2,8.96],"texture":"#0"},"down":{"uv":[12.08,1.28,11.52,1.84],"texture":"#0"}},"rotation":{"origin":[8,6.86079,12],"axis":"x","angle":45,"rescale":false}},{"from":[7.2,1.5,13.6],"to":[7.2,8.2,23.6],"faces":{"north":{"uv":[0,0,0,2.16],"texture":"#0"},"east":{"uv":[0,0,3.2,2.16],"texture":"#0"},"south":{"uv":[0,0,0,2.16],"texture":"#0"},"west":{"uv":[0,2.24,3.2,4.4],"texture":"#0"},"up":{"uv":[0,3.2,0,0],"texture":"#0"},"down":{"uv":[0,0,0,3.2],"texture":"#0"}}},{"from":[7.2,1.63019,-5.86684],"to":[8.8,2.58019,3.58316],"faces":{"north":{"uv":[5.76,8.64,6.28,8.96],"texture":"#0"},"east":{"uv":[7.68,3.84,10.72,4.16],"texture":"#0"},"south":{"uv":[11.84,10.24,12.36,10.56],"texture":"#0"},"west":{"uv":[7.68,4.16,10.72,4.48],"texture":"#0"},"up":{"uv":[6.28,8.48,5.76,5.44],"texture":"#0"},"down":{"uv":[6.92,0,6.4,3.04],"texture":"#0"}}},{"from":[7.24424,8.575,13.28003],"to":[7.24424,11.775,14.08003],"faces":{"north":{"uv":[0,0,0,1.04],"texture":"#0"},"east":{"uv":[9.92,11.84,10.16,12.88],"texture":"#0"},"south":{"uv":[0,0,0,1.04],"texture":"#0"},"west":{"uv":[10.24,11.84,10.48,12.88],"texture":"#0"},"up":{"uv":[0,0.24,0,0],"texture":"#0"},"down":{"uv":[0,0,0,0.24],"texture":"#0"}},"rotation":{"origin":[7.24424,10.175,13.68003],"axis":"y","angle":22.5,"rescale":false}},{"from":[7.2457,4.25329,3.51422],"to":[7.7457,5.75329,4.41422],"faces":{"north":{"uv":[3.52,13.44,3.68,13.92],"texture":"#0"},"east":{"uv":[12.8,12.8,13.08,13.28],"texture":"#0"},"south":{"uv":[3.84,13.44,4,13.92],"texture":"#0"},"west":{"uv":[13.12,0,13.4,0.48],"texture":"#0"},"up":{"uv":[13.92,6.04,13.76,5.76],"texture":"#0"},"down":{"uv":[13.92,6.08,13.76,6.36],"texture":"#0"}},"rotation":{"origin":[7.27377,5.00329,4.5],"axis":"y","angle":22.5,"rescale":false}},{"from":[7.2457,4.25329,7.88578],"to":[7.7457,5.75329,8.78578],"faces":{"north":{"uv":[13.44,1.92,13.6,2.4],"texture":"#0"},"east":{"uv":[9.6,12.8,9.88,13.28],"texture":"#0"},"south":{"uv":[2.24,13.44,2.4,13.92],"texture":"#0"},"west":{"uv":[12.8,12.16,13.08,12.64],"texture":"#0"},"up":{"uv":[13.92,5.08,13.76,4.8],"texture":"#0"},"down":{"uv":[13.92,5.44,13.76,5.72],"texture":"#0"}},"rotation":{"origin":[7.27377,5.00329,7.8],"axis":"y","angle":-22.5,"rescale":false}},{"from":[7.25,2.25,23.6],"to":[8.75,5.5,24.35],"faces":{"north":{"uv":[4.48,10.24,4.96,11.28],"texture":"#0"},"east":{"uv":[11.84,10.88,12.08,11.92],"texture":"#0"},"south":{"uv":[1.92,10.56,2.4,11.6],"texture":"#0"},"west":{"uv":[11.2,11.84,11.44,12.88],"texture":"#0"},"up":{"uv":[13.6,5.04,13.12,4.8],"texture":"#0"},"down":{"uv":[13.6,5.44,13.12,5.68],"texture":"#0"}}},{"from":[7.25,4.73431,10.98431],"to":[8.75,5.98431,11.38431],"faces":{"north":{"uv":[0.96,12.48,1.44,12.88],"texture":"#0"},"east":{"uv":[3.2,13.76,3.32,14.16],"texture":"#0"},"south":{"uv":[2.56,12.48,3.04,12.88],"texture":"#0"},"west":{"uv":[13.76,3.2,13.88,3.6],"texture":"#0"},"up":{"uv":[13.92,11.32,13.44,11.2],"texture":"#0"},"down":{"uv":[12,13.44,11.52,13.56],"texture":"#0"}}},{"from":[7.25,4.73431,12.61569],"to":[8.75,5.98431,13.01569],"faces":{"north":{"uv":[12.48,2.56,12.96,2.96],"texture":"#0"},"east":{"uv":[13.76,3.84,13.88,4.24],"texture":"#0"},"south":{"uv":[3.84,12.48,4.32,12.88],"texture":"#0"},"west":{"uv":[4.48,13.76,4.6,14.16],"texture":"#0"},"up":{"uv":[0.48,13.88,0,13.76],"texture":"#0"},"down":{"uv":[1.44,13.76,0.96,13.88],"texture":"#0"}}},{"from":[7.25,6.05754,10.80754],"to":[8.75,6.70754,11.20754],"faces":{"north":{"uv":[13.12,6.72,13.6,6.92],"texture":"#0"},"east":{"uv":[13.76,11.84,13.88,12.04],"texture":"#0"},"south":{"uv":[13.12,7.04,13.6,7.24],"texture":"#0"},"west":{"uv":[13.76,12.16,13.88,12.36],"texture":"#0"},"up":{"uv":[11.04,13.56,10.56,13.44],"texture":"#0"},"down":{"uv":[13.92,10.88,13.44,11],"texture":"#0"}},"rotation":{"origin":[8,5.80754,10.80754],"axis":"x","angle":45,"rescale":false}},{"from":[7.25,6.05754,12.79246],"to":[8.75,6.70754,13.19246],"faces":{"north":{"uv":[13.12,8.32,13.6,8.52],"texture":"#0"},"east":{"uv":[12.48,13.76,12.6,13.96],"texture":"#0"},"south":{"uv":[13.12,8.64,13.6,8.84],"texture":"#0"},"west":{"uv":[13.76,12.48,13.88,12.68],"texture":"#0"},"up":{"uv":[2.08,13.88,1.6,13.76],"texture":"#0"},"down":{"uv":[14.24,1.6,13.76,1.72],"texture":"#0"}},"rotation":{"origin":[8,5.80754,13.19246],"axis":"x","angle":-45,"rescale":false}},{"from":[7.3,3.028,4.42136],"to":[8.7,3.878,5.57136],"faces":{"north":{"uv":[13.12,2.56,13.56,2.84],"texture":"#0"},"east":{"uv":[13.12,6.08,13.48,6.36],"texture":"#0"},"south":{"uv":[13.12,2.88,13.56,3.16],"texture":"#0"},"west":{"uv":[13.12,6.4,13.48,6.68],"texture":"#0"},"up":{"uv":[6.2,12.84,5.76,12.48],"texture":"#0"},"down":{"uv":[7.8,12.48,7.36,12.84],"texture":"#0"}},"rotation":{"origin":[8,4.2409,2.43567],"axis":"x","angle":45,"rescale":false}},{"from":[7.3,7.02126,0.4803],"to":[8.7,8.42126,7.5803],"faces":{"north":{"uv":[12.16,10.88,12.6,11.32],"texture":"#0"},"east":{"uv":[1.92,7.68,4.2,8.12],"texture":"#0"},"south":{"uv":[11.52,12.16,11.96,12.6],"texture":"#0"},"west":{"uv":[7.68,3.2,9.96,3.64],"texture":"#0"},"up":{"uv":[4.92,9.96,4.48,7.68],"texture":"#0"},"down":{"uv":[8.12,5.44,7.68,7.72],"texture":"#0"}}},{"from":[7.315,8.51364,13.52257],"to":[8.685,9.33364,14.18257],"faces":{"north":{"uv":[13.12,3.2,13.56,3.48],"texture":"#0"},"east":{"uv":[13.76,1.92,13.96,2.2],"texture":"#0"},"south":{"uv":[13.12,3.52,13.56,3.8],"texture":"#0"},"west":{"uv":[13.76,2.24,13.96,2.52],"texture":"#0"},"up":{"uv":[13.56,11.72,13.12,11.52],"texture":"#0"},"down":{"uv":[13.56,11.84,13.12,12.04],"texture":"#0"}},"rotation":{"origin":[8,9.17364,13.52257],"axis":"x","angle":22.5,"rescale":false}},{"from":[7.325,3.91127,-1],"to":[8.675,6.11127,14],"faces":{"north":{"uv":[3.84,11.52,4.28,12.24],"texture":"#0"},"east":{"uv":[0,4.48,4.8,5.2],"texture":"#0"},"south":{"uv":[4.48,11.52,4.92,12.24],"texture":"#0"},"west":{"uv":[4.8,4.48,9.6,5.2],"texture":"#0"},"up":{"uv":[0.44,10.24,0,5.44],"texture":"#0"},"down":{"uv":[1.08,5.44,0.64,10.24],"texture":"#0"}}},{"from":[7.325,6.68177,-7.06029],"to":[8.675,8.08177,0.83971],"faces":{"north":{"uv":[12.16,7.68,12.6,8.12],"texture":"#0"},"east":{"uv":[7.04,0,9.56,0.44],"texture":"#0"},"south":{"uv":[9.28,12.16,9.72,12.6],"texture":"#0"},"west":{"uv":[7.04,0.64,9.56,1.08],"texture":"#0"},"up":{"uv":[5.56,8.92,5.12,6.4],"texture":"#0"},"down":{"uv":[1.72,7.68,1.28,10.2],"texture":"#0"}},"rotation":{"origin":[8,7.34806,-0.19335],"axis":"x","angle":-22.5,"rescale":false}},{"from":[7.3375,2.39493,17.2],"to":[8.6625,5.39493,23.6],"faces":{"north":{"uv":[10.56,7.04,11,8],"texture":"#0"},"east":{"uv":[1.28,5.44,3.32,6.4],"texture":"#0"},"south":{"uv":[7.36,10.56,7.8,11.52],"texture":"#0"},"west":{"uv":[3.52,5.44,5.56,6.4],"texture":"#0"},"up":{"uv":[4.28,10.36,3.84,8.32],"texture":"#0"},"down":{"uv":[8.76,5.44,8.32,7.48],"texture":"#0"}}},{"from":[7.34,7.24388,13.27],"to":[8.66,8.56388,13.93],"faces":{"north":{"uv":[12.16,5.44,12.6,5.88],"texture":"#0"},"east":{"uv":[9.92,13.12,10.12,13.56],"texture":"#0"},"south":{"uv":[12.16,7.04,12.6,7.48],"texture":"#0"},"west":{"uv":[10.24,13.12,10.44,13.56],"texture":"#0"},"up":{"uv":[13.56,10.44,13.12,10.24],"texture":"#0"},"down":{"uv":[11,13.12,10.56,13.32],"texture":"#0"}}},{"from":[7.3625,3.1531,13.4],"to":[8.6375,5.3531,17.8],"faces":{"north":{"uv":[6.4,11.84,6.8,12.56],"texture":"#0"},"east":{"uv":[7.04,1.28,8.44,2],"texture":"#0"},"south":{"uv":[8,11.84,8.4,12.56],"texture":"#0"},"west":{"uv":[7.04,2.24,8.44,2.96],"texture":"#0"},"up":{"uv":[8.08,10.36,7.68,8.96],"texture":"#0"},"down":{"uv":[5.52,9.6,5.12,11],"texture":"#0"}},"rotation":{"origin":[8,4.2531,15.6],"axis":"x","angle":22.5,"rescale":false}},{"from":[7.375,1.7201,-4.20269],"to":[7.675,2.2201,-2.55269],"faces":{"north":{"uv":[14.08,3.52,14.16,3.68],"texture":"#0"},"east":{"uv":[0,13.44,0.52,13.6],"texture":"#0"},"south":{"uv":[3.84,14.08,3.92,14.24],"texture":"#0"},"west":{"uv":[13.44,0,13.96,0.16],"texture":"#0"},"up":{"uv":[7.76,14.28,7.68,13.76],"texture":"#0"},"down":{"uv":[13.84,8,13.76,8.52],"texture":"#0"}},"rotation":{"origin":[8,7.34806,-0.19335],"axis":"x","angle":22.5,"rescale":false}},{"from":[7.4,0.61702,3.64633],"to":[8.6,1.76702,4.29633],"faces":{"north":{"uv":[8.32,12.8,8.72,13.16],"texture":"#0"},"east":{"uv":[5.76,13.44,5.96,13.8],"texture":"#0"},"south":{"uv":[8.96,12.8,9.36,13.16],"texture":"#0"},"west":{"uv":[6.08,13.44,6.28,13.8],"texture":"#0"},"up":{"uv":[13.84,1.16,13.44,0.96],"texture":"#0"},"down":{"uv":[13.84,1.28,13.44,1.48],"texture":"#0"}}},{"from":[7.406,6.82179,11.056],"to":[8.594,9.24979,13.394],"faces":{"north":{"uv":[5.76,11.52,6.16,12.28],"texture":"#0"},"east":{"uv":[2.88,9.6,3.64,10.36],"texture":"#0"},"south":{"uv":[7.36,11.52,7.76,12.28],"texture":"#0"},"west":{"uv":[9.6,4.48,10.36,5.24],"texture":"#0"},"up":{"uv":[12.24,1.08,11.84,0.32],"texture":"#0"},"down":{"uv":[2.32,11.84,1.92,12.6],"texture":"#0"}},"rotation":{"origin":[8,8.16079,11.8],"axis":"x","angle":45,"rescale":false}},{"from":[7.44,7.89588,13.8568],"to":[8.56,8.31588,14.8668],"faces":{"north":{"uv":[13.76,7.36,14.12,7.48],"texture":"#0"},"east":{"uv":[13.76,9.28,14.08,9.4],"texture":"#0"},"south":{"uv":[13.76,7.68,14.12,7.8],"texture":"#0"},"west":{"uv":[9.92,13.76,10.24,13.88],"texture":"#0"},"up":{"uv":[4.2,13.44,3.84,13.12],"texture":"#0"},"down":{"uv":[13.48,3.84,13.12,4.16],"texture":"#0"}},"rotation":{"origin":[8,8.25588,13.8568],"axis":"x","angle":22.5,"rescale":false}},{"from":[7.44,8.26107,14.13233],"to":[8.56,8.98107,15.54233],"faces":{"north":{"uv":[13.12,12.16,13.48,12.4],"texture":"#0"},"east":{"uv":[5.76,13.12,6.2,13.36],"texture":"#0"},"south":{"uv":[13.12,12.48,13.48,12.72],"texture":"#0"},"west":{"uv":[13.12,5.76,13.56,6],"texture":"#0"},"up":{"uv":[12.84,8.76,12.48,8.32],"texture":"#0"},"down":{"uv":[12.84,11.52,12.48,11.96],"texture":"#0"}},"rotation":{"origin":[8,8.92107,14.13233],"axis":"x","angle":22.5,"rescale":false}},{"from":[7.5,6,12.85],"to":[9,7.5,13.25],"faces":{"north":{"uv":[0,12.16,0.48,12.64],"texture":"#0"},"east":{"uv":[9.6,13.44,9.72,13.92],"texture":"#0"},"south":{"uv":[12.16,1.28,12.64,1.76],"texture":"#0"},"west":{"uv":[12.16,13.44,12.28,13.92],"texture":"#0"},"up":{"uv":[12.96,13.56,12.48,13.44],"texture":"#0"},"down":{"uv":[13.6,13.44,13.12,13.56],"texture":"#0"}},"rotation":{"origin":[8,6.5,13],"axis":"z","angle":45,"rescale":false}},{"from":[7.525,3.49806,-6.56835],"to":[8.475,4.79806,-5.41835],"faces":{"north":{"uv":[13.12,1.92,13.44,2.32],"texture":"#0"},"east":{"uv":[12.8,8.96,13.16,9.36],"texture":"#0"},"south":{"uv":[2.56,13.12,2.88,13.52],"texture":"#0"},"west":{"uv":[12.8,10.88,13.16,11.28],"texture":"#0"},"up":{"uv":[3.2,13.48,2.88,13.12],"texture":"#0"},"down":{"uv":[13.44,4.16,13.12,4.52],"texture":"#0"}}},{"from":[7.6,3.2,-3.8],"to":[7.6,3.4,12.1],"faces":{"north":{"uv":[0,0,0,0.08],"texture":"#0"},"east":{"uv":[10.56,5.12,15.64,5.2],"texture":"#0"},"south":{"uv":[0,0,0,0.08],"texture":"#0"},"west":{"uv":[10.56,9.6,15.64,9.68],"texture":"#0"},"up":{"uv":[0,5.08,0,0],"texture":"#0"},"down":{"uv":[0,0,0,5.08],"texture":"#0"}}},{"from":[7.66673,5.07825,10.98431],"to":[8.16673,5.52825,11.38431],"faces":{"north":{"uv":[10.24,13.76,10.4,13.92],"texture":"#0"},"east":{"uv":[14.08,0,14.2,0.16],"texture":"#0"},"south":{"uv":[13.76,10.24,13.92,10.4],"texture":"#0"},"west":{"uv":[0.32,14.08,0.44,14.24],"texture":"#0"},"up":{"uv":[14.24,0.44,14.08,0.32],"texture":"#0"},"down":{"uv":[0.8,14.08,0.64,14.2],"texture":"#0"}},"rotation":{"origin":[8.41673,4.62825,10.98431],"axis":"z","angle":45,"rescale":false}},{"from":[7.66673,5.07825,12.61569],"to":[8.16673,5.52825,13.01569],"faces":{"north":{"uv":[13.76,11.52,13.92,11.68],"texture":"#0"},"east":{"uv":[2.88,14.08,3,14.24],"texture":"#0"},"south":{"uv":[11.84,13.76,12,13.92],"texture":"#0"},"west":{"uv":[14.08,2.88,14.2,3.04],"texture":"#0"},"up":{"uv":[14.24,3.32,14.08,3.2],"texture":"#0"},"down":{"uv":[3.68,14.08,3.52,14.2],"texture":"#0"}},"rotation":{"origin":[8.41673,4.62825,13.01569],"axis":"z","angle":45,"rescale":false}},{"from":[7.675,2.89806,-4.86835],"to":[8.325,3.69806,-3.71835],"faces":{"north":{"uv":[13.76,4.48,13.96,4.72],"texture":"#0"},"east":{"uv":[13.12,12.8,13.48,13.04],"texture":"#0"},"south":{"uv":[4.8,13.76,5,14],"texture":"#0"},"west":{"uv":[13.12,13.12,13.48,13.36],"texture":"#0"},"up":{"uv":[8.2,13.8,8,13.44],"texture":"#0"},"down":{"uv":[8.52,13.44,8.32,13.8],"texture":"#0"}}},{"from":[7.675,2.99806,11.43165],"to":[8.325,4.29806,12.58165],"faces":{"north":{"uv":[11.2,13.12,11.4,13.52],"texture":"#0"},"east":{"uv":[11.52,12.8,11.88,13.2],"texture":"#0"},"south":{"uv":[0.64,13.44,0.84,13.84],"texture":"#0"},"west":{"uv":[12.16,12.8,12.52,13.2],"texture":"#0"},"up":{"uv":[8.84,13.8,8.64,13.44],"texture":"#0"},"down":{"uv":[9.16,13.44,8.96,13.8],"texture":"#0"}}},{"from":[7.7195,6.84788,13.27],"to":[8.66,7.78838,13.955],"faces":{"north":{"uv":[10.24,6.4,10.56,6.72],"texture":"#0"},"east":{"uv":[13.44,8,13.64,8.32],"texture":"#0"},"south":{"uv":[11.52,11.84,11.84,12.16],"texture":"#0"},"west":{"uv":[13.44,8.96,13.64,9.28],"texture":"#0"},"up":{"uv":[9.6,13.64,9.28,13.44],"texture":"#0"},"down":{"uv":[13.76,9.28,13.44,9.48],"texture":"#0"}},"rotation":{"origin":[8,7.50788,13.27],"axis":"z","angle":-45,"rescale":false}},{"from":[7.83327,5.07825,10.98431],"to":[8.33327,5.52825,11.38431],"faces":{"north":{"uv":[10.56,13.76,10.72,13.92],"texture":"#0"},"east":{"uv":[14.08,0.64,14.2,0.8],"texture":"#0"},"south":{"uv":[10.88,13.76,11.04,13.92],"texture":"#0"},"west":{"uv":[0.96,14.08,1.08,14.24],"texture":"#0"},"up":{"uv":[14.24,1.08,14.08,0.96],"texture":"#0"},"down":{"uv":[1.44,14.08,1.28,14.2],"texture":"#0"}},"rotation":{"origin":[7.58327,4.62825,10.98431],"axis":"z","angle":-45,"rescale":false}},{"from":[7.83327,5.07825,12.61569],"to":[8.33327,5.52825,13.01569],"faces":{"north":{"uv":[11.2,13.76,11.36,13.92],"texture":"#0"},"east":{"uv":[2.24,14.08,2.36,14.24],"texture":"#0"},"south":{"uv":[11.52,13.76,11.68,13.92],"texture":"#0"},"west":{"uv":[14.08,2.24,14.2,2.4],"texture":"#0"},"up":{"uv":[2.72,14.2,2.56,14.08],"texture":"#0"},"down":{"uv":[14.24,2.56,14.08,2.68],"texture":"#0"}},"rotation":{"origin":[7.58327,4.62825,13.01569],"axis":"z","angle":-45,"rescale":false}},{"from":[8,1.05,1.25],"to":[8,5.05,5.25],"faces":{"north":{"uv":[0,4,0,0],"texture":"#None","rotation":180},"east":{"uv":[7.38,11.5,3.38,7.5],"texture":"#1","rotation":90},"south":{"uv":[0,4,0,0],"texture":"#None"},"west":{"uv":[3.38,11.5,7.38,7.5],"texture":"#1","rotation":270},"up":{"uv":[0,4,0,0],"texture":"#None"},"down":{"uv":[0,4,0,0],"texture":"#None","rotation":180}},"rotation":{"origin":[8,5.05,6.2],"axis":"z","angle":-45,"rescale":false}},{"from":[8,1.05,7.15],"to":[8,5.05,11.15],"faces":{"north":{"uv":[0,0,0,4],"texture":"#None","rotation":180},"east":{"uv":[7.38,7.5,3.38,11.5],"texture":"#1","rotation":90},"south":{"uv":[0,0,0,4],"texture":"#None"},"west":{"uv":[3.38,7.5,7.38,11.5],"texture":"#1","rotation":270},"up":{"uv":[0,0,0,4],"texture":"#None"},"down":{"uv":[0,0,0,4],"texture":"#None","rotation":180}},"rotation":{"origin":[8,5.05,6.2],"axis":"z","angle":-45,"rescale":false}},{"from":[8,5.05,1.25],"to":[8,9.05,5.25],"faces":{"north":{"uv":[0,0,0,4],"texture":"#None","rotation":180},"east":{"uv":[3.38,11.5,7.38,7.5],"texture":"#1","rotation":90},"south":{"uv":[0,0,0,4],"texture":"#None"},"west":{"uv":[7.38,11.5,3.38,7.5],"texture":"#1","rotation":270},"up":{"uv":[0,4,0,0],"texture":"#None"},"down":{"uv":[0,4,0,0],"texture":"#None","rotation":180}},"rotation":{"origin":[8,5.05,6.2],"axis":"z","angle":-45,"rescale":false}},{"from":[8,5.05,1.25],"to":[12,5.05,5.25],"faces":{"north":{"uv":[0,4,0,0],"texture":"#None","rotation":270},"east":{"uv":[0,4,0,0],"texture":"#None","rotation":90},"south":{"uv":[0,4,0,0],"texture":"#None","rotation":270},"west":{"uv":[0,4,0,0],"texture":"#None","rotation":270},"up":{"uv":[7.38,11.5,3.38,7.5],"texture":"#1"},"down":{"uv":[3.38,11.5,7.38,7.5],"texture":"#1","rotation":180}},"rotation":{"origin":[8,5.05,6.2],"axis":"z","angle":-45,"rescale":false}},{"from":[8,5.05,7.15],"to":[8,9.05,11.15],"faces":{"north":{"uv":[0,4,0,0],"texture":"#None","rotation":180},"east":{"uv":[3.38,7.5,7.38,11.5],"texture":"#1","rotation":90},"south":{"uv":[0,4,0,0],"texture":"#None"},"west":{"uv":[7.38,7.5,3.38,11.5],"texture":"#1","rotation":270},"up":{"uv":[0,0,0,4],"texture":"#None"},"down":{"uv":[0,0,0,4],"texture":"#None","rotation":180}},"rotation":{"origin":[8,5.05,6.2],"axis":"z","angle":-45,"rescale":false}},{"from":[8,5.05,7.15],"to":[12,5.05,11.15],"faces":{"north":{"uv":[0,4,0,0],"texture":"#None","rotation":90},"east":{"uv":[0,0,0,4],"texture":"#None","rotation":90},"south":{"uv":[0,4,0,0],"texture":"#None","rotation":90},"west":{"uv":[0,0,0,4],"texture":"#None","rotation":270},"up":{"uv":[7.38,7.5,3.38,11.5],"texture":"#1"},"down":{"uv":[3.38,7.5,7.38,11.5],"texture":"#1","rotation":180}},"rotation":{"origin":[8,5.05,6.2],"axis":"z","angle":-45,"rescale":false}},{"from":[8,6.8,8.5],"to":[8,13.8,15.5],"faces":{"north":{"uv":[0,0,0,3.2],"texture":"#None"},"east":{"uv":[7,0,0,7],"texture":"#1"},"south":{"uv":[0,0,0,3.2],"texture":"#None"},"west":{"uv":[0,0,7,7],"texture":"#1"},"up":{"uv":[0,0,0,3.2],"texture":"#None"},"down":{"uv":[0,0,0,3.2],"texture":"#None"}},"rotation":{"origin":[8,10.3,12],"axis":"y","angle":-45,"rescale":false}},{"from":[8,6.8,8.5],"to":[8,13.8,15.5],"faces":{"north":{"uv":[0,0,0,3.2],"texture":"#None"},"east":{"uv":[7,0,0,7],"texture":"#1"},"south":{"uv":[0,0,0,3.2],"texture":"#None"},"west":{"uv":[0,0,7,7],"texture":"#1"},"up":{"uv":[0,0,0,3.2],"texture":"#None"},"down":{"uv":[0,0,0,3.2],"texture":"#None"}},"rotation":{"origin":[8,10.3,12],"axis":"y","angle":45,"rescale":false}},{"from":[8.2543,4.25329,3.51422],"to":[8.7543,5.75329,4.41422],"faces":{"north":{"uv":[4.16,13.44,4.32,13.92],"texture":"#0"},"east":{"uv":[13.12,0.64,13.4,1.12],"texture":"#0"},"south":{"uv":[13.44,4.16,13.6,4.64],"texture":"#0"},"west":{"uv":[0.96,13.12,1.24,13.6],"texture":"#0"},"up":{"uv":[13.92,6.68,13.76,6.4],"texture":"#0"},"down":{"uv":[13.92,6.72,13.76,7],"texture":"#0"}},"rotation":{"origin":[8.72623,5.00329,4.5],"axis":"y","angle":-22.5,"rescale":false}},{"from":[8.2543,4.25329,7.88578],"to":[8.7543,5.75329,8.78578],"faces":{"north":{"uv":[5.12,13.44,5.28,13.92],"texture":"#0"},"east":{"uv":[1.28,13.12,1.56,13.6],"texture":"#0"},"south":{"uv":[5.44,13.44,5.6,13.92],"texture":"#0"},"west":{"uv":[13.12,1.28,13.4,1.76],"texture":"#0"},"up":{"uv":[13.92,7.32,13.76,7.04],"texture":"#0"},"down":{"uv":[7.52,13.76,7.36,14.04],"texture":"#0"}},"rotation":{"origin":[8.72623,5.00329,7.8],"axis":"y","angle":22.5,"rescale":false}},{"from":[8.325,1.7201,-4.20269],"to":[8.625,2.2201,-2.55269],"faces":{"north":{"uv":[14.08,3.84,14.16,4],"texture":"#0"},"east":{"uv":[13.44,0.32,13.96,0.48],"texture":"#0"},"south":{"uv":[4.16,14.08,4.24,14.24],"texture":"#0"},"west":{"uv":[13.44,0.64,13.96,0.8],"texture":"#0"},"up":{"uv":[13.84,9.16,13.76,8.64],"texture":"#0"},"down":{"uv":[9.36,13.76,9.28,14.28],"texture":"#0"}},"rotation":{"origin":[8,7.34806,-0.19335],"axis":"x","angle":22.5,"rescale":false}},{"from":[8.4,3.2,-3.8],"to":[8.4,3.4,12.1],"faces":{"north":{"uv":[0,0,0,0.08],"texture":"#0"},"east":{"uv":[9.92,10.56,15,10.64],"texture":"#0"},"south":{"uv":[0,0,0,0.08],"texture":"#0"},"west":{"uv":[10.56,9.92,15.64,10],"texture":"#0"},"up":{"uv":[0,5.08,0,0],"texture":"#0"},"down":{"uv":[0,0,0,5.08],"texture":"#0"}}},{"from":[8.66,6.84388,13.27],"to":[9.08,8.76388,13.83],"faces":{"north":{"uv":[7.04,13.44,7.16,14.04],"texture":"#0"},"east":{"uv":[13.12,7.36,13.28,7.96],"texture":"#0"},"south":{"uv":[13.44,7.36,13.56,7.96],"texture":"#0"},"west":{"uv":[7.68,13.12,7.84,13.72],"texture":"#0"},"up":{"uv":[2.04,14.24,1.92,14.08],"texture":"#0"},"down":{"uv":[14.2,1.92,14.08,2.08],"texture":"#0"}}},{"from":[8.675,1.153,1.83924],"to":[9.225,4.703,2.78924],"faces":{"north":{"uv":[12.48,3.84,12.64,4.96],"texture":"#0"},"east":{"uv":[1.6,11.2,1.92,12.32],"texture":"#0"},"south":{"uv":[4.48,12.48,4.64,13.6],"texture":"#0"},"west":{"uv":[2.56,11.2,2.88,12.32],"texture":"#0"},"up":{"uv":[3.04,14.08,2.88,13.76],"texture":"#0"},"down":{"uv":[13.92,2.88,13.76,3.2],"texture":"#0"}},"rotation":{"origin":[8,4.2409,2.43567],"axis":"x","angle":45,"rescale":false}},{"from":[8.675,5.11127,-1],"to":[9.525,8.06127,0.75],"faces":{"north":{"uv":[8.64,11.84,8.92,12.8],"texture":"#0"},"east":{"uv":[9.92,6.72,10.48,7.68],"texture":"#0"},"south":{"uv":[8.96,11.84,9.24,12.8],"texture":"#0"},"west":{"uv":[9.92,9.6,10.48,10.56],"texture":"#0"},"up":{"uv":[0.28,13.36,0,12.8],"texture":"#0"},"down":{"uv":[13.08,0,12.8,0.56],"texture":"#0"}}},{"from":[8.75576,8.575,13.28003],"to":[8.75576,11.775,14.08003],"faces":{"north":{"uv":[0,0,0,1.04],"texture":"#0"},"east":{"uv":[10.56,11.84,10.8,12.88],"texture":"#0"},"south":{"uv":[0,0,0,1.04],"texture":"#0"},"west":{"uv":[10.88,11.84,11.12,12.88],"texture":"#0"},"up":{"uv":[0,0.24,0,0],"texture":"#0"},"down":{"uv":[0,0,0,0.24],"texture":"#0"}},"rotation":{"origin":[8.75576,10.175,13.68003],"axis":"y","angle":-22.5,"rescale":false}},{"from":[8.8,1.5,13.6],"to":[8.8,8.2,23.6],"faces":{"north":{"uv":[0,0,0,2.16],"texture":"#0"},"east":{"uv":[3.2,0,6.4,2.16],"texture":"#0"},"south":{"uv":[0,0,0,2.16],"texture":"#0"},"west":{"uv":[3.2,2.24,6.4,4.4],"texture":"#0"},"up":{"uv":[0,3.2,0,0],"texture":"#0"},"down":{"uv":[0,0,0,3.2],"texture":"#0"}}},{"from":[8.844,6.42179,11.556],"to":[9.032,7.29979,12.444],"faces":{"north":{"uv":[13.44,13.76,13.52,14.04],"texture":"#0"},"east":{"uv":[13.44,1.6,13.72,1.88],"texture":"#0"},"south":{"uv":[13.76,13.44,13.84,13.72],"texture":"#0"},"west":{"uv":[1.92,13.44,2.2,13.72],"texture":"#0"},"up":{"uv":[13.84,14.04,13.76,13.76],"texture":"#0"},"down":{"uv":[0.08,14.08,0,14.36],"texture":"#0"}},"rotation":{"origin":[9.688,6.86079,12],"axis":"x","angle":45,"rescale":false}},{"from":[9.1,5.1,11],"to":[9.1,8.1,14],"faces":{"north":{"uv":[0,0,0,3.2],"texture":"#None"},"east":{"uv":[3,7.13,0,10.13],"texture":"#1"},"south":{"uv":[0,0,0,3.2],"texture":"#None"},"west":{"uv":[0,10.38,3,13.38],"texture":"#1"},"up":{"uv":[0,0,0,3.2],"texture":"#None"},"down":{"uv":[0,0,0,3.2],"texture":"#None"}}},{"from":[9.1,7.21174,-6.98407],"to":[9.1,8.61174,-3.98407],"faces":{"north":{"uv":[0,0,0,0.44],"texture":"#0"},"east":{"uv":[6.4,10.56,7.36,11],"texture":"#0"},"south":{"uv":[0,0,0,0.44],"texture":"#0"},"west":{"uv":[10.56,6.4,11.52,6.84],"texture":"#0"},"up":{"uv":[0,0.96,0,0],"texture":"#0"},"down":{"uv":[0,0,0,0.96],"texture":"#0"}}},{"from":[9.4,-0.00023,-6.03693],"to":[11.65,2.39977,-6.03693],"faces":{"north":{"uv":[5.76,9.6,6.48,10.36],"texture":"#0"},"east":{"uv":[0,0,0,0.76],"texture":"#0"},"south":{"uv":[6.72,9.6,7.44,10.36],"texture":"#0"},"west":{"uv":[0,0,0,0.76],"texture":"#0"},"up":{"uv":[0.72,0,0,0],"texture":"#0"},"down":{"uv":[0.72,0,0,0],"texture":"#0"}},"rotation":{"origin":[8,4.2409,2.43567],"axis":"x","angle":22.5,"rescale":false}},{"from":[9.4,0.68304,-4.11347],"to":[11.65,2.48304,-4.11347],"faces":{"north":{"uv":[10.88,0,11.6,0.56],"texture":"#0"},"east":{"uv":[0,0,0,0.56],"texture":"#0"},"south":{"uv":[10.88,0.64,11.6,1.2],"texture":"#0"},"west":{"uv":[0,0,0,0.56],"texture":"#0"},"up":{"uv":[0.72,0,0,0],"texture":"#0"},"down":{"uv":[0.72,0,0,0],"texture":"#0"}},"rotation":{"origin":[8,4.2409,2.43567],"axis":"x","angle":45,"rescale":false}},{"from":[9.4,7.62885,-3.43827],"to":[11.65,9.87885,-3.43827],"faces":{"north":{"uv":[10.24,5.44,10.96,6.16],"texture":"#0"},"east":{"uv":[0,0,0,0.72],"texture":"#0"},"south":{"uv":[10.24,8.64,10.96,9.36],"texture":"#0"},"west":{"uv":[0,0,0,0.72],"texture":"#0"},"up":{"uv":[0.72,0,0,0],"texture":"#0"},"down":{"uv":[0.72,0,0,0],"texture":"#0"}}},{"from":[9.4,8.93007,-4.85724],"to":[11.65,8.93007,-3.35724],"faces":{"north":{"uv":[0,0,0.72,0],"texture":"#0"},"east":{"uv":[0,0,0.48,0],"texture":"#0"},"south":{"uv":[0,0,0.72,0],"texture":"#0"},"west":{"uv":[0,0,0.48,0],"texture":"#0"},"up":{"uv":[11.92,5.92,11.2,5.44],"texture":"#0"},"down":{"uv":[7.12,11.2,6.4,11.68],"texture":"#0"}},"rotation":{"origin":[8,4.2409,2.43567],"axis":"x","angle":-22.5,"rescale":false}},{"from":[9.725,11.45245,-2.9939],"to":[9.725,12.85245,0.5061],"faces":{"north":{"uv":[0,0,0,0.44],"texture":"#0"},"east":{"uv":[10.56,2.56,11.68,3],"texture":"#0"},"south":{"uv":[0,0,0,0.44],"texture":"#0"},"west":{"uv":[10.56,4.48,11.68,4.92],"texture":"#0"},"up":{"uv":[0,1.12,0,0],"texture":"#0"},"down":{"uv":[0,0,0,1.12],"texture":"#0"}},"rotation":{"origin":[8,4.2409,2.43567],"axis":"x","angle":-22.5,"rescale":false}},{"from":[10.00928,3.71,5.78005],"to":[10.00928,5.39,6.62005],"faces":{"north":{"uv":[0,0,0,0.52],"texture":"#0"},"east":{"uv":[6.4,12.8,6.68,13.32],"texture":"#0"},"south":{"uv":[0,0,0,0.52],"texture":"#0"},"west":{"uv":[6.72,12.8,7,13.32],"texture":"#0"},"up":{"uv":[0,0.28,0,0],"texture":"#0"},"down":{"uv":[0,0,0,0.28],"texture":"#0"}}},{"from":[10.14642,4.61,6.46973],"to":[10.14642,6.29,7.30973],"faces":{"north":{"uv":[0,0,0,0.52],"texture":"#0"},"east":{"uv":[12.8,6.72,13.08,7.24],"texture":"#0"},"south":{"uv":[0,0,0,0.52],"texture":"#0"},"west":{"uv":[7.04,12.8,7.32,13.32],"texture":"#0"},"up":{"uv":[0,0.28,0,0],"texture":"#0"},"down":{"uv":[0,0,0,0.28],"texture":"#0"}},"rotation":{"origin":[9.7,5.45,6.2],"axis":"y","angle":-22.5,"rescale":false}},{"from":[10.1465,4.61,5.09038],"to":[10.1465,6.29,5.93038],"faces":{"north":{"uv":[0,0,0,0.52],"texture":"#0"},"east":{"uv":[12.8,5.44,13.08,5.96],"texture":"#0"},"south":{"uv":[0,0,0,0.52],"texture":"#0"},"west":{"uv":[12.8,6.08,13.08,6.6],"texture":"#0"},"up":{"uv":[0,0.28,0,0],"texture":"#0"},"down":{"uv":[0,0,0,0.28],"texture":"#0"}},"rotation":{"origin":[9.7,5.45,6.2],"axis":"y","angle":22.5,"rescale":false}},{"from":[10.53705,3.71,7.05443],"to":[10.53705,5.39,7.89443],"faces":{"north":{"uv":[0,0,0,0.52],"texture":"#0"},"east":{"uv":[12.8,7.36,13.08,7.88],"texture":"#0"},"south":{"uv":[0,0,0,0.52],"texture":"#0"},"west":{"uv":[8,12.8,8.28,13.32],"texture":"#0"},"up":{"uv":[0,0.28,0,0],"texture":"#0"},"down":{"uv":[0,0,0,0.28],"texture":"#0"}},"rotation":{"origin":[9.7,4.55,6.2],"axis":"y","angle":-45,"rescale":false}},{"from":[10.53721,3.71,4.50573],"to":[10.53721,5.39,5.34573],"faces":{"north":{"uv":[0,0,0,0.52],"texture":"#0"},"east":{"uv":[5.12,12.8,5.4,13.32],"texture":"#0"},"south":{"uv":[0,0,0,0.52],"texture":"#0"},"west":{"uv":[5.44,12.8,5.72,13.32],"texture":"#0"},"up":{"uv":[0,0.28,0,0],"texture":"#0"},"down":{"uv":[0,0,0,0.28],"texture":"#0"}},"rotation":{"origin":[9.7,4.55,6.2],"axis":"y","angle":45,"rescale":false}}],"display":{"thirdperson_righthand":{"translation":[0,3,-1.25],"scale":[0.68,0.68,0.68]},"thirdperson_lefthand":{"translation":[0,3,-1.25],"scale":[0.68,0.68,0.68]},"firstperson_righthand":{"rotation":[-9.5,0,0],"translation":[-3.25,5.25,-0.5],"scale":[0.64,0.64,0.64]},"firstperson_lefthand":{"rotation":[-9.5,0,0],"translation":[-3.25,5.25,-0.5],"scale":[0.64,0.64,0.64]},"ground":{"rotation":[45,0,0],"translation":[-1.5,3,0],"scale":[0.37,0.37,0.37]},"gui":{"rotation":[86.23,47,-69.31],"translation":[2,1.25,0],"scale":[0.73,0.73,0.73]},"head":{"rotation":[-4.25,0,0],"translation":[0,16.75,0],"scale":[0,0,0]},"fixed":{"rotation":[0,-90,0],"translation":[0,2.25,-3.25],"scale":[0.96,0.96,0.96]}},"gui_light":"front","mcmodels":"4657fff084f261ee7d860dbbfffed9a5"}