{"credit":"Made with Blockbench","textures":{"0":"conqueror_legacy:fishing_rod_cast_0","1":"conqueror_legacy:fishing_rod_cast_1"},"elements":[{"from":[4,1.8,8],"to":[8,5.8,8],"faces":{"north":{"uv":[7.38,11.5,3.38,7.5],"texture":"#1"},"east":{"uv":[0,4,0,0],"texture":"#None"},"south":{"uv":[3.38,11.5,7.38,7.5],"texture":"#1"},"west":{"uv":[0,4,0,0],"texture":"#None"},"up":{"uv":[0,0,0,4],"texture":"#None","rotation":90},"down":{"uv":[0,0,0,4],"texture":"#None","rotation":270}},"rotation":{"origin":[8,3.8,8],"axis":"y","angle":-45,"rescale":false}},{"from":[6.9,3.1,7],"to":[6.9,6.1,10],"faces":{"north":{"uv":[0,0,0,3.2],"texture":"#None"},"east":{"uv":[0,10.38,3,13.38],"texture":"#1"},"south":{"uv":[0,0,0,3.2],"texture":"#None"},"west":{"uv":[0,7.12,3,10.12],"texture":"#1"},"up":{"uv":[0,0,0,3.2],"texture":"#None"},"down":{"uv":[0,0,0,3.2],"texture":"#None"}}},{"from":[6.92,3.76888,9.02],"to":[7.34,5.68888,9.58],"faces":{"north":{"uv":[13,2.5,13.19,3.44],"texture":"#0"},"east":{"uv":[6.5,12,6.75,12.94],"texture":"#0"},"south":{"uv":[3,13,3.19,13.94],"texture":"#0"},"west":{"uv":[12.5,0,12.75,0.94],"texture":"#0"},"up":{"uv":[7.19,14.75,7,14.5],"texture":"#0"},"down":{"uv":[7.69,14.5,7.5,14.75],"texture":"#0"}}},{"from":[6.95,4.55298,4.23734],"to":[9.05,4.85298,5.48734],"faces":{"north":{"uv":[13.5,7,14.56,7.12],"texture":"#0"},"east":{"uv":[14,5.5,14.62,5.62],"texture":"#0"},"south":{"uv":[13.5,7.5,14.56,7.62],"texture":"#0"},"west":{"uv":[7.5,14,8.12,14.12],"texture":"#0"},"up":{"uv":[9.06,4.62,8,4],"texture":"#0"},"down":{"uv":[8.56,8,7.5,8.62],"texture":"#0"}},"rotation":{"origin":[8,10.411,8.21312],"axis":"x","angle":-22.5,"rescale":false}},{"from":[6.95,5.25298,4.23734],"to":[9.05,5.55298,5.48734],"faces":{"north":{"uv":[13.5,6,14.56,6.12],"texture":"#0"},"east":{"uv":[4.5,14,5.12,14.12],"texture":"#0"},"south":{"uv":[13.5,6.5,14.56,6.62],"texture":"#0"},"west":{"uv":[5.5,14,6.12,14.12],"texture":"#0"},"up":{"uv":[9.06,0.62,8,0],"texture":"#0"},"down":{"uv":[9.06,1,8,1.62],"texture":"#0"}},"rotation":{"origin":[8,10.411,8.21312],"axis":"x","angle":-22.5,"rescale":false}},{"from":[6.968,5.826,11.89657],"to":[7.156,6.704,12.78457],"faces":{"north":{"uv":[14.5,1.5,14.62,1.94],"texture":"#0"},"east":{"uv":[12.5,10,12.94,10.44],"texture":"#0"},"south":{"uv":[14.5,2,14.62,2.44],"texture":"#0"},"west":{"uv":[10.5,12.5,10.94,12.94],"texture":"#0"},"up":{"uv":[14.62,2.94,14.5,2.5],"texture":"#0"},"down":{"uv":[3.12,14.5,3,14.94],"texture":"#0"}},"rotation":{"origin":[8,10.411,8.21312],"axis":"x","angle":45,"rescale":false}},{"from":[7,2.7,8.6],"to":[8.5,4.2,9],"faces":{"north":{"uv":[9,8,9.75,8.75],"texture":"#0","rotation":90},"east":{"uv":[14.25,2,13.5,2.19],"texture":"#0","rotation":270},"south":{"uv":[8.5,9,9.25,9.75],"texture":"#0","rotation":270},"west":{"uv":[14.25,1.69,13.5,1.5],"texture":"#0","rotation":270},"up":{"uv":[13.5,0.5,13.69,1.25],"texture":"#0","rotation":270},"down":{"uv":[1.5,13.5,1.69,14.25],"texture":"#0","rotation":270}},"rotation":{"origin":[8,3.2,8.75],"axis":"z","angle":-45,"rescale":false}},{"from":[7,4.30298,4.68734],"to":[7.35,5.70298,5.28734],"faces":{"north":{"uv":[7,13.5,7.19,14.19],"texture":"#0"},"east":{"uv":[5,12.5,5.31,13.19],"texture":"#0"},"south":{"uv":[13.5,8,13.69,8.69],"texture":"#0"},"west":{"uv":[5.5,12.5,5.81,13.19],"texture":"#0"},"up":{"uv":[14.69,0.81,14.5,0.5],"texture":"#0"},"down":{"uv":[1.19,14.5,1,14.81],"texture":"#0"}},"rotation":{"origin":[8,10.411,8.21312],"axis":"x","angle":-22.5,"rescale":false}},{"from":[7,5.70298,3.98734],"to":[7.35,6.15298,5.98734],"faces":{"north":{"uv":[14.5,8.5,14.69,8.75],"texture":"#0"},"east":{"uv":[1.5,12,2.5,12.25],"texture":"#0"},"south":{"uv":[9,14.5,9.19,14.75],"texture":"#0"},"west":{"uv":[2.5,12,3.5,12.25],"texture":"#0"},"up":{"uv":[12.19,13.5,12,12.5],"texture":"#0"},"down":{"uv":[12.69,12.5,12.5,13.5],"texture":"#0"}},"rotation":{"origin":[8,10.411,8.21312],"axis":"x","angle":-22.5,"rescale":false}},{"from":[7,6.15298,4.48734],"to":[7.35,6.95298,4.78734],"faces":{"north":{"uv":[14,10,14.19,10.38],"texture":"#0"},"east":{"uv":[14.5,9,14.62,9.38],"texture":"#0"},"south":{"uv":[10.5,14,10.69,14.38],"texture":"#0"},"west":{"uv":[9.5,14.5,9.62,14.88],"texture":"#0"},"up":{"uv":[3.19,15.12,3,15],"texture":"#0"},"down":{"uv":[15.19,3,15,3.12],"texture":"#0"}},"rotation":{"origin":[8,10.411,8.21312],"axis":"x","angle":-22.5,"rescale":false}},{"from":[7,6.15298,5.18734],"to":[7.35,6.95298,5.48734],"faces":{"north":{"uv":[14,11,14.19,11.38],"texture":"#0"},"east":{"uv":[14.5,9.5,14.62,9.88],"texture":"#0"},"south":{"uv":[14,11.5,14.19,11.88],"texture":"#0"},"west":{"uv":[10,14.5,10.12,14.88],"texture":"#0"},"up":{"uv":[3.69,15.12,3.5,15],"texture":"#0"},"down":{"uv":[15.19,3.5,15,3.62],"texture":"#0"}},"rotation":{"origin":[8,10.411,8.21312],"axis":"x","angle":-22.5,"rescale":false}},{"from":[7,6.55298,4.78734],"to":[7.35,6.95298,5.18734],"faces":{"north":{"uv":[14.5,12.5,14.69,12.69],"texture":"#0"},"east":{"uv":[13,14.5,13.19,14.69],"texture":"#0"},"south":{"uv":[14.5,13,14.69,13.19],"texture":"#0"},"west":{"uv":[13.5,14.5,13.69,14.69],"texture":"#0"},"up":{"uv":[14.69,13.69,14.5,13.5],"texture":"#0"},"down":{"uv":[14.19,14.5,14,14.69],"texture":"#0"}},"rotation":{"origin":[8,10.411,8.21312],"axis":"x","angle":-22.5,"rescale":false}},{"from":[7.156,5.426,11.49657],"to":[8.844,7.104,13.18457],"faces":{"north":{"uv":[4,7.5,4.88,8.31],"texture":"#0"},"east":{"uv":[7.5,5,8.38,5.81],"texture":"#0"},"south":{"uv":[7.5,6,8.38,6.81],"texture":"#0"},"west":{"uv":[7.5,7,8.38,7.81],"texture":"#0"},"up":{"uv":[0.88,8.38,0,7.5],"texture":"#0"},"down":{"uv":[1.88,7.5,1,8.38],"texture":"#0"}},"rotation":{"origin":[8,10.411,8.21312],"axis":"x","angle":45,"rescale":false}},{"from":[7.24424,5.5,9.03003],"to":[7.24424,8.7,9.83003],"faces":{"north":{"uv":[0,0,0,1.62],"texture":"#0"},"east":{"uv":[5,8,5.38,9.62],"texture":"#0"},"south":{"uv":[0,0,0,1.62],"texture":"#0"},"west":{"uv":[5.5,8,5.88,9.62],"texture":"#0"},"up":{"uv":[0,0.38,0,0],"texture":"#0"},"down":{"uv":[0,0,0,0.38],"texture":"#0"}},"rotation":{"origin":[7.24424,7.1,9.43003],"axis":"y","angle":22.5,"rescale":false}},{"from":[7.25,-0.94393,7.60607],"to":[8.75,-0.54393,8.65607],"faces":{"north":{"uv":[13,11,13.75,11.19],"texture":"#0"},"east":{"uv":[13.5,12,14,12.19],"texture":"#0"},"south":{"uv":[13,11.5,13.75,11.69],"texture":"#0"},"west":{"uv":[13.5,12.5,14,12.69],"texture":"#0"},"up":{"uv":[9.25,11.5,8.5,11],"texture":"#0"},"down":{"uv":[11.75,9,11,9.5],"texture":"#0"}}},{"from":[7.25,1.53544,15.53018],"to":[8.75,2.23544,15.93018],"faces":{"north":{"uv":[1.5,11.5,2.25,11.88],"texture":"#0"},"east":{"uv":[6.5,14,6.69,14.38],"texture":"#0"},"south":{"uv":[11.5,1.5,12.25,1.88],"texture":"#0"},"west":{"uv":[14,8.5,14.19,8.88],"texture":"#0"},"up":{"uv":[10.75,13.19,10,13],"texture":"#0"},"down":{"uv":[11.75,13,11,13.19],"texture":"#0"}},"rotation":{"origin":[8,10.411,8.21312],"axis":"x","angle":45,"rescale":false}},{"from":[7.25,1.73431,6.98431],"to":[8.75,2.98431,7.38431],"faces":{"north":{"uv":[5,10,5.75,10.62],"texture":"#0"},"east":{"uv":[11,13.5,11.19,14.12],"texture":"#0"},"south":{"uv":[10,5,10.75,5.62],"texture":"#0"},"west":{"uv":[11.5,13.5,11.69,14.12],"texture":"#0"},"up":{"uv":[14.25,5.19,13.5,5],"texture":"#0"},"down":{"uv":[6.25,13.5,5.5,13.69],"texture":"#0"}}},{"from":[7.25,3.04393,7.44393],"to":[8.75,3.44393,8.39393],"faces":{"north":{"uv":[13.5,3.5,14.25,3.69],"texture":"#0"},"east":{"uv":[13.5,13,14,13.19],"texture":"#0"},"south":{"uv":[13.5,4,14.25,4.19],"texture":"#0"},"west":{"uv":[13.5,13.5,14,13.69],"texture":"#0"},"up":{"uv":[10.25,11.5,9.5,11],"texture":"#0"},"down":{"uv":[11.75,9.5,11,10],"texture":"#0"}}},{"from":[7.25,4.29065,12.59568],"to":[8.75,4.94065,12.99568],"faces":{"north":{"uv":[12,12,12.75,12.31],"texture":"#0"},"east":{"uv":[14.5,0,14.69,0.31],"texture":"#0"},"south":{"uv":[0,12.5,0.75,12.81],"texture":"#0"},"west":{"uv":[0.5,14.5,0.69,14.81],"texture":"#0"},"up":{"uv":[5.25,13.69,4.5,13.5],"texture":"#0"},"down":{"uv":[14.25,4.5,13.5,4.69],"texture":"#0"}},"rotation":{"origin":[8,10.411,8.21312],"axis":"x","angle":45,"rescale":false}},{"from":[7.25,5.32955,13.15028],"to":[8.75,6.02955,13.55028],"faces":{"north":{"uv":[11.5,2,12.25,2.38],"texture":"#0"},"east":{"uv":[14,9,14.19,9.38],"texture":"#0"},"south":{"uv":[2.5,11.5,3.25,11.88],"texture":"#0"},"west":{"uv":[14,9.5,14.19,9.88],"texture":"#0"},"up":{"uv":[14.25,2.69,13.5,2.5],"texture":"#0"},"down":{"uv":[14.25,3,13.5,3.19],"texture":"#0"}},"rotation":{"origin":[8,10.411,8.21312],"axis":"x","angle":45,"rescale":false}},{"from":[7.25,11.9,8.125],"to":[8.75,12.5,9.625],"faces":{"north":{"uv":[12,5,12.75,5.31],"texture":"#0"},"east":{"uv":[12,5.5,12.75,5.81],"texture":"#0"},"south":{"uv":[12,6,12.75,6.31],"texture":"#0"},"west":{"uv":[12,6.5,12.75,6.81],"texture":"#0"},"up":{"uv":[9.25,2.75,8.5,2],"texture":"#0"},"down":{"uv":[3.25,8.5,2.5,9.25],"texture":"#0"}}},{"from":[7.25,13.9,8.125],"to":[8.75,14.5,9.625],"faces":{"north":{"uv":[3.5,12,4.25,12.31],"texture":"#0"},"east":{"uv":[12,4,12.75,4.31],"texture":"#0"},"south":{"uv":[12,4.5,12.75,4.81],"texture":"#0"},"west":{"uv":[5,12,5.75,12.31],"texture":"#0"},"up":{"uv":[1.25,9.25,0.5,8.5],"texture":"#0"},"down":{"uv":[2.25,8.5,1.5,9.25],"texture":"#0"}}},{"from":[7.25,15.9,8.125],"to":[8.75,16.5,9.625],"faces":{"north":{"uv":[7.5,12,8.25,12.31],"texture":"#0"},"east":{"uv":[12,8,12.75,8.31],"texture":"#0"},"south":{"uv":[12,8.5,12.75,8.81],"texture":"#0"},"west":{"uv":[9,12,9.75,12.31],"texture":"#0"},"up":{"uv":[9.25,3.75,8.5,3],"texture":"#0"},"down":{"uv":[4.25,8.5,3.5,9.25],"texture":"#0"}}},{"from":[7.25,17.9,8.125],"to":[8.75,18.5,9.625],"faces":{"north":{"uv":[12,9,12.75,9.31],"texture":"#0"},"east":{"uv":[12,9.5,12.75,9.81],"texture":"#0"},"south":{"uv":[10,12,10.75,12.31],"texture":"#0"},"west":{"uv":[11,12,11.75,12.31],"texture":"#0"},"up":{"uv":[9.25,5.75,8.5,5],"texture":"#0"},"down":{"uv":[9.25,6,8.5,6.75],"texture":"#0"}}},{"from":[7.3,7.65779,7.88201],"to":[7.3,9.40779,9.63201],"faces":{"north":{"uv":[0,0,0,0.88],"texture":"#0"},"east":{"uv":[2,7.5,2.88,8.38],"texture":"#0"},"south":{"uv":[0,0,0,0.88],"texture":"#0"},"west":{"uv":[7.5,2,8.38,2.88],"texture":"#0"},"up":{"uv":[0,0.88,0,0],"texture":"#0"},"down":{"uv":[0,0,0,0.88],"texture":"#0"}},"rotation":{"origin":[8,10.411,8.21312],"axis":"x","angle":22.5,"rescale":false}},{"from":[7.315,6.17233,10.84219],"to":[8.685,6.99233,11.50219],"faces":{"north":{"uv":[0.5,11.5,1.19,11.94],"texture":"#0"},"east":{"uv":[2,13.5,2.31,13.94],"texture":"#0"},"south":{"uv":[11.5,1,12.19,1.44],"texture":"#0"},"west":{"uv":[13.5,5.5,13.81,5.94],"texture":"#0"},"up":{"uv":[4.19,12.81,3.5,12.5],"texture":"#0"},"down":{"uv":[13.19,3.5,12.5,3.81],"texture":"#0"}},"rotation":{"origin":[8,10.411,8.21312],"axis":"x","angle":22.5,"rescale":false}},{"from":[7.34,4.16888,9.02],"to":[8.66,5.48888,9.68],"faces":{"north":{"uv":[3.5,10,4.19,10.69],"texture":"#0"},"east":{"uv":[1.5,12.5,1.81,13.19],"texture":"#0"},"south":{"uv":[10,4,10.69,4.69],"texture":"#0"},"west":{"uv":[2,12.5,2.31,13.19],"texture":"#0"},"up":{"uv":[13.19,2.31,12.5,2],"texture":"#0"},"down":{"uv":[3.19,12.5,2.5,12.81],"texture":"#0"}}},{"from":[7.375,0.88366,16.58906],"to":[8.625,1.73366,17.43906],"faces":{"north":{"uv":[11.5,7.5,12.12,7.94],"texture":"#0"},"east":{"uv":[9.5,12.5,9.94,12.94],"texture":"#0"},"south":{"uv":[9,11.5,9.62,11.94],"texture":"#0"},"west":{"uv":[10,12.5,10.44,12.94],"texture":"#0"},"up":{"uv":[12.12,10.44,11.5,10],"texture":"#0"},"down":{"uv":[12.12,10.5,11.5,10.94],"texture":"#0"}},"rotation":{"origin":[8,10.411,8.21312],"axis":"x","angle":45,"rescale":false}},{"from":[7.4,7.90779,8.13201],"to":[7.9,9.15779,9.38201],"faces":{"north":{"uv":[6.5,13,6.75,13.62],"texture":"#0"},"east":{"uv":[1.5,10.5,2.12,11.12],"texture":"#0"},"south":{"uv":[13,6.5,13.25,7.12],"texture":"#0"},"west":{"uv":[10.5,2,11.12,2.62],"texture":"#0"},"up":{"uv":[7.75,13.62,7.5,13],"texture":"#0"},"down":{"uv":[13.25,7.5,13,8.12],"texture":"#0"}},"rotation":{"origin":[8,10.411,8.21312],"axis":"x","angle":22.5,"rescale":false}},{"from":[7.406,-2.24679,7.406],"to":[8.594,-0.81879,8.594],"faces":{"north":{"uv":[10,8,10.62,8.69],"texture":"#0"},"east":{"uv":[8.5,10,9.12,10.69],"texture":"#0"},"south":{"uv":[10,9,10.62,9.69],"texture":"#0"},"west":{"uv":[9.5,10,10.12,10.69],"texture":"#0"},"up":{"uv":[1.12,11.12,0.5,10.5],"texture":"#0"},"down":{"uv":[11.12,1,10.5,1.62],"texture":"#0"}}},{"from":[7.44,5.75234,11.50219],"to":[8.56,6.17234,12.51219],"faces":{"north":{"uv":[13.5,10.5,14.06,10.69],"texture":"#0"},"east":{"uv":[0,14,0.5,14.19],"texture":"#0"},"south":{"uv":[12,13.5,12.56,13.69],"texture":"#0"},"west":{"uv":[0.5,14,1,14.19],"texture":"#0"},"up":{"uv":[12.06,4,11.5,3.5],"texture":"#0"},"down":{"uv":[12.06,7,11.5,7.5],"texture":"#0"}},"rotation":{"origin":[8,10.411,8.21312],"axis":"x","angle":22.5,"rescale":false}},{"from":[7.44,6.17233,11.50219],"to":[8.56,6.89233,12.91219],"faces":{"north":{"uv":[7.5,12.5,8.06,12.88],"texture":"#0"},"east":{"uv":[11.5,11,12.19,11.38],"texture":"#0"},"south":{"uv":[8.5,12.5,9.06,12.88],"texture":"#0"},"west":{"uv":[11.5,11.5,12.19,11.88],"texture":"#0"},"up":{"uv":[8.06,11.69,7.5,11],"texture":"#0"},"down":{"uv":[11.56,8,11,8.69],"texture":"#0"}},"rotation":{"origin":[8,10.411,8.21312],"axis":"x","angle":22.5,"rescale":false}},{"from":[7.475,6.50452,8.10602],"to":[7.475,6.85252,8.22202],"faces":{"north":{"uv":[0,0,0,0.19],"texture":"#0"},"east":{"uv":[7.5,15,7.56,15.19],"texture":"#0"},"south":{"uv":[0,0,0,0.19],"texture":"#0"},"west":{"uv":[15,7.5,15.06,7.69],"texture":"#0"},"up":{"uv":[0,0.06,0,0],"texture":"#0"},"down":{"uv":[0,0,0,0.06],"texture":"#0"}}},{"from":[7.475,6.50452,8.20752],"to":[7.475,6.62052,8.33802],"faces":{"north":{"uv":[0,0,0,0.06],"texture":"#0"},"east":{"uv":[15.5,2,15.56,2.06],"texture":"#0"},"south":{"uv":[0,0,0,0.06],"texture":"#0"},"west":{"uv":[2.5,15.5,2.56,15.56],"texture":"#0"},"up":{"uv":[0,0.06,0,0],"texture":"#0"},"down":{"uv":[0,0,0,0.06],"texture":"#0"}}},{"from":[7.475,6.56252,7.93202],"to":[7.475,6.85252,8.04802],"faces":{"north":{"uv":[0,0,0,0.12],"texture":"#0"},"east":{"uv":[11.5,15,11.56,15.12],"texture":"#0"},"south":{"uv":[0,0,0,0.12],"texture":"#0"},"west":{"uv":[15,11.5,15.06,11.62],"texture":"#0"},"up":{"uv":[0,0.06,0,0],"texture":"#0"},"down":{"uv":[0,0,0,0.06],"texture":"#0"}}},{"from":[7.475,6.82352,7.77252],"to":[7.475,6.93952,8.32352],"faces":{"north":{"uv":[0,0,0,0.06],"texture":"#0"},"east":{"uv":[5.5,15,5.75,15.06],"texture":"#0"},"south":{"uv":[0,0,0,0.06],"texture":"#0"},"west":{"uv":[15,5.5,15.25,5.56],"texture":"#0"},"up":{"uv":[0,0.25,0,0],"texture":"#0"},"down":{"uv":[0,0,0,0.25],"texture":"#0"}}},{"from":[7.475,7.00516,7.85806],"to":[7.475,7.20816,8.00306],"faces":{"north":{"uv":[0,0,0,0.12],"texture":"#0"},"east":{"uv":[13,15,13.06,15.12],"texture":"#0"},"south":{"uv":[0,0,0,0.12],"texture":"#0"},"west":{"uv":[15,13,15.06,13.12],"texture":"#0"},"up":{"uv":[0,0.06,0,0],"texture":"#0"},"down":{"uv":[0,0,0,0.06],"texture":"#0"}}},{"from":[7.475,7.00516,7.98856],"to":[7.475,7.10666,8.14806],"faces":{"north":{"uv":[0,0,0,0.06],"texture":"#0"},"east":{"uv":[15.5,2.5,15.56,2.56],"texture":"#0"},"south":{"uv":[0,0,0,0.06],"texture":"#0"},"west":{"uv":[3,15.5,3.06,15.56],"texture":"#0"},"up":{"uv":[0,0.06,0,0],"texture":"#0"},"down":{"uv":[0,0,0,0.06],"texture":"#0"}}},{"from":[7.475,7.00516,8.13356],"to":[7.475,7.20816,8.27856],"faces":{"north":{"uv":[0,0,0,0.12],"texture":"#0"},"east":{"uv":[12.5,15,12.56,15.12],"texture":"#0"},"south":{"uv":[0,0,0,0.12],"texture":"#0"},"west":{"uv":[15,12.5,15.06,12.62],"texture":"#0"},"up":{"uv":[0,0.06,0,0],"texture":"#0"},"down":{"uv":[0,0,0,0.06],"texture":"#0"}}},{"from":[7.475,7.19366,7.85806],"to":[7.475,7.30966,8.32206],"faces":{"north":{"uv":[0,0,0,0.06],"texture":"#0"},"east":{"uv":[6,15,6.25,15.06],"texture":"#0"},"south":{"uv":[0,0,0,0.06],"texture":"#0"},"west":{"uv":[15,6,15.25,6.06],"texture":"#0"},"up":{"uv":[0,0.25,0,0],"texture":"#0"},"down":{"uv":[0,0,0,0.25],"texture":"#0"}}},{"from":[7.475,7.36766,7.74206],"to":[7.475,7.48366,8.43806],"faces":{"north":{"uv":[0,0,0,0.06],"texture":"#0"},"east":{"uv":[2,15,2.38,15.06],"texture":"#0"},"south":{"uv":[0,0,0,0.06],"texture":"#0"},"west":{"uv":[15,2,15.38,2.06],"texture":"#0"},"up":{"uv":[0,0.38,0,0],"texture":"#0"},"down":{"uv":[0,0,0,0.38],"texture":"#0"}}},{"from":[7.475,7.56272,10.1483],"to":[7.475,7.67872,10.4383],"faces":{"north":{"uv":[0,0,0,0.06],"texture":"#0"},"east":{"uv":[11,15,11.12,15.06],"texture":"#0"},"south":{"uv":[0,0,0,0.06],"texture":"#0"},"west":{"uv":[15,11,15.12,11.06],"texture":"#0"},"up":{"uv":[0,0.12,0,0],"texture":"#0"},"down":{"uv":[0,0,0,0.12],"texture":"#0"}},"rotation":{"origin":[8,10.411,8.21312],"axis":"x","angle":45,"rescale":false}},{"from":[7.475,7.63521,10.1483],"to":[7.475,7.96871,10.2643],"faces":{"north":{"uv":[0,0.19,0,0],"texture":"#0","rotation":180},"east":{"uv":[8.5,15,8.69,15.06],"texture":"#0","rotation":90},"south":{"uv":[0,0,0,0.19],"texture":"#0"},"west":{"uv":[15,8.5,15.19,8.56],"texture":"#0","rotation":270},"up":{"uv":[0,0,0,0.06],"texture":"#0"},"down":{"uv":[0,0,0,0.06],"texture":"#0","rotation":180}},"rotation":{"origin":[8,10.411,8.21312],"axis":"x","angle":45,"rescale":false}},{"from":[7.475,7.71796,9.94998],"to":[7.475,8.00796,10.06598],"faces":{"north":{"uv":[0,0.12,0,0],"texture":"#0","rotation":180},"east":{"uv":[10.5,15,10.62,15.06],"texture":"#0","rotation":90},"south":{"uv":[0,0,0,0.12],"texture":"#0"},"west":{"uv":[15,10.5,15.12,10.56],"texture":"#0","rotation":270},"up":{"uv":[0,0,0,0.06],"texture":"#0"},"down":{"uv":[0,0,0,0.06],"texture":"#0","rotation":180}},"rotation":{"origin":[8,10.411,8.21312],"axis":"x","angle":45,"rescale":false}},{"from":[7.475,7.94706,10.71514],"to":[7.475,8.20806,10.83114],"faces":{"north":{"uv":[0,0.12,0,0],"texture":"#0","rotation":180},"east":{"uv":[12,15,12.12,15.06],"texture":"#0","rotation":90},"south":{"uv":[0,0,0,0.12],"texture":"#0"},"west":{"uv":[15,12,15.12,12.06],"texture":"#0","rotation":270},"up":{"uv":[0,0,0,0.06],"texture":"#0"},"down":{"uv":[0,0,0,0.06],"texture":"#0","rotation":180}},"rotation":{"origin":[8,10.411,8.21312],"axis":"x","angle":45,"rescale":false}},{"from":[7.475,8.17906,10.48314],"to":[7.475,8.29506,10.83114],"faces":{"north":{"uv":[0,0.06,0,0],"texture":"#0","rotation":180},"east":{"uv":[8,15,8.06,15.19],"texture":"#0","rotation":90},"south":{"uv":[0,0,0,0.06],"texture":"#0"},"west":{"uv":[15,8,15.06,8.19],"texture":"#0","rotation":270},"up":{"uv":[0,0,0,0.19],"texture":"#0"},"down":{"uv":[0,0,0,0.19],"texture":"#0","rotation":180}},"rotation":{"origin":[8,10.411,8.21312],"axis":"x","angle":45,"rescale":false}},{"from":[7.475,8.38411,10.44212],"to":[7.475,8.50011,10.67412],"faces":{"north":{"uv":[0,0,0,0.06],"texture":"#0"},"east":{"uv":[13.5,15,13.62,15.06],"texture":"#0"},"south":{"uv":[0,0,0,0.06],"texture":"#0"},"west":{"uv":[15,13.5,15.12,13.56],"texture":"#0"},"up":{"uv":[0,0.12,0,0],"texture":"#0"},"down":{"uv":[0,0,0,0.12],"texture":"#0"}},"rotation":{"origin":[8,10.411,8.21312],"axis":"x","angle":45,"rescale":false}},{"from":[7.5,-1.7,7],"to":[9,-0.2,7.4],"faces":{"north":{"uv":[8.5,7,9.25,7.75],"texture":"#0"},"east":{"uv":[13,12,13.19,12.75],"texture":"#0"},"south":{"uv":[7.5,9,8.25,9.75],"texture":"#0"},"west":{"uv":[13,13,13.19,13.75],"texture":"#0"},"up":{"uv":[14.25,0.19,13.5,0],"texture":"#0"},"down":{"uv":[1.25,13.5,0.5,13.69],"texture":"#0"}},"rotation":{"origin":[8,-0.7,7.25],"axis":"z","angle":-45,"rescale":false}},{"from":[7.5,4.32285,4.29496],"to":[8.5,5.32285,6.29496],"faces":{"north":{"uv":[12,0.5,12.5,1],"texture":"#0"},"east":{"uv":[3.5,9.5,4.5,10],"texture":"#0"},"south":{"uv":[1,12,1.5,12.5],"texture":"#0"},"west":{"uv":[9.5,7.5,10.5,8],"texture":"#0"},"up":{"uv":[10,10,9.5,9],"texture":"#0"},"down":{"uv":[10.5,3,10,4],"texture":"#0"}},"rotation":{"origin":[8,10.411,8.21312],"axis":"x","angle":-22.5,"rescale":false}},{"from":[7.5248,-0.84721,7.5248],"to":[8.4752,3.04379,8.4752],"faces":{"north":{"uv":[6.5,2,7,3.94],"texture":"#0"},"east":{"uv":[6.5,4,7,5.94],"texture":"#0"},"south":{"uv":[6.5,6,7,7.94],"texture":"#0"},"west":{"uv":[7,2,7.5,3.94],"texture":"#0"},"up":{"uv":[10.5,7.5,10,7],"texture":"#0"},"down":{"uv":[10.5,11.5,10,12],"texture":"#0"}}},{"from":[7.525,8.10049,5.78632],"to":[7.525,9.35049,7.03632],"faces":{"north":{"uv":[0,0,0,0.62],"texture":"#0"},"east":{"uv":[10.5,6,11.12,6.62],"texture":"#0"},"south":{"uv":[0,0,0,0.62],"texture":"#0"},"west":{"uv":[10.5,7,11.12,7.62],"texture":"#0"},"up":{"uv":[0,0.62,0,0],"texture":"#0"},"down":{"uv":[0,0,0,0.62],"texture":"#0"}},"rotation":{"origin":[8,10.411,8.21312],"axis":"x","angle":-22.5,"rescale":false}},{"from":[7.525,8.31076,7.29461],"to":[7.525,9.56076,8.54461],"faces":{"north":{"uv":[0,0,0,0.62],"texture":"#0"},"east":{"uv":[2.5,10.5,3.12,11.12],"texture":"#0"},"south":{"uv":[0,0,0,0.62],"texture":"#0"},"west":{"uv":[10.5,3,11.12,3.62],"texture":"#0"},"up":{"uv":[0,0.62,0,0],"texture":"#0"},"down":{"uv":[0,0,0,0.62],"texture":"#0"}},"rotation":{"origin":[8,10.411,8.21312],"axis":"x","angle":-22.5,"rescale":false}},{"from":[7.53725,3.70021,8.995],"to":[8.47775,4.64071,9.68],"faces":{"north":{"uv":[12,0,12.5,0.5],"texture":"#0"},"east":{"uv":[13,4.5,13.31,5],"texture":"#0"},"south":{"uv":[0.5,12,1,12.5],"texture":"#0"},"west":{"uv":[13,5,13.31,5.5],"texture":"#0"},"up":{"uv":[13.5,5.81,13,5.5],"texture":"#0"},"down":{"uv":[13.5,6,13,6.31],"texture":"#0"}},"rotation":{"origin":[8.0075,4.17046,9.3375],"axis":"z","angle":-45,"rescale":false}},{"from":[7.55,4.35252,6.37689],"to":[7.55,8.50252,8.52689],"faces":{"north":{"uv":[0,0,0,2.06],"texture":"#0"},"east":{"uv":[3.5,0,4.56,2.06],"texture":"#0"},"south":{"uv":[0,0,0,2.06],"texture":"#0"},"west":{"uv":[3.5,2.5,4.56,4.56],"texture":"#0"},"up":{"uv":[0,1.06,0,0],"texture":"#0"},"down":{"uv":[0,0,0,1.06],"texture":"#0"}}},{"from":[7.55,8.59748,7.17311],"to":[7.55,12.74748,9.32311],"faces":{"north":{"uv":[0,0,0,2.06],"texture":"#0"},"east":{"uv":[2,0,3.06,2.06],"texture":"#0"},"south":{"uv":[0,0,0,2.06],"texture":"#0"},"west":{"uv":[2,2.5,3.06,4.56],"texture":"#0"},"up":{"uv":[0,1.06,0,0],"texture":"#0"},"down":{"uv":[0,0,0,1.06],"texture":"#0"}}},{"from":[7.5682,1.41612,6.98431],"to":[8.4312,1.74112,7.38431],"faces":{"north":{"uv":[14,1,14.44,1.19],"texture":"#0"},"east":{"uv":[14.5,12,14.69,12.19],"texture":"#0"},"south":{"uv":[3,14,3.44,14.19],"texture":"#0"},"west":{"uv":[12.5,14.5,12.69,14.69],"texture":"#0"},"up":{"uv":[3.94,14.19,3.5,14],"texture":"#0"},"down":{"uv":[4.44,14,4,14.19],"texture":"#0"}}},{"from":[7.581,3.98177,4.36561],"to":[8.419,5.94477,6.24361],"faces":{"north":{"uv":[10,6,10.44,7],"texture":"#0"},"east":{"uv":[7,4,7.94,5],"texture":"#0"},"south":{"uv":[6.5,10,6.94,11],"texture":"#0"},"west":{"uv":[5,7,5.94,8],"texture":"#0"},"up":{"uv":[0.44,11.44,0,10.5],"texture":"#0"},"down":{"uv":[10.94,0,10.5,0.94],"texture":"#0"}},"rotation":{"origin":[8,10.411,8.21312],"axis":"x","angle":-22.5,"rescale":false}},{"from":[7.606,5.14721,10.86701],"to":[8.394,6.66021,11.92001],"faces":{"north":{"uv":[11.5,2.5,11.88,3.25],"texture":"#0"},"east":{"uv":[6.5,11,7,11.75],"texture":"#0"},"south":{"uv":[11.5,6,11.88,6.75],"texture":"#0"},"west":{"uv":[10.5,11,11,11.75],"texture":"#0"},"up":{"uv":[12.88,11.5,12.5,11],"texture":"#0"},"down":{"uv":[11.88,12.5,11.5,13],"texture":"#0"}},"rotation":{"origin":[8,10.411,8.21312],"axis":"x","angle":45,"rescale":false}},{"from":[7.625,4.675,7.5],"to":[8.375,19.675,8.5],"faces":{"north":{"uv":[1,0,1.38,7.5],"texture":"#0"},"east":{"uv":[0,0,0.5,7.5],"texture":"#0"},"south":{"uv":[1.5,0,1.88,7.5],"texture":"#0"},"west":{"uv":[0.5,0,1,7.5],"texture":"#0"},"up":{"uv":[12.88,12,12.5,11.5],"texture":"#0"},"down":{"uv":[0.88,13,0.5,13.5],"texture":"#0"}}},{"from":[7.65,18.86003,11.12335],"to":[8.35,20.86003,12.02335],"faces":{"north":{"uv":[11,11,11.38,12],"texture":"#0"},"east":{"uv":[7.5,10,7.94,11],"texture":"#0"},"south":{"uv":[0,11.5,0.38,12.5],"texture":"#0"},"west":{"uv":[8,10,8.44,11],"texture":"#0"},"up":{"uv":[13.38,4.44,13,4],"texture":"#0"},"down":{"uv":[4.88,13,4.5,13.44],"texture":"#0"}},"rotation":{"origin":[8,10.411,8.21312],"axis":"x","angle":-22.5,"rescale":false}},{"from":[7.66673,2.07825,6.98431],"to":[8.16673,2.52825,7.38431],"faces":{"north":{"uv":[13,14,13.25,14.25],"texture":"#0"},"east":{"uv":[14.5,4,14.69,4.25],"texture":"#0"},"south":{"uv":[14,13,14.25,13.25],"texture":"#0"},"west":{"uv":[4.5,14.5,4.69,14.75],"texture":"#0"},"up":{"uv":[14.75,4.69,14.5,4.5],"texture":"#0"},"down":{"uv":[5.25,14.5,5,14.69],"texture":"#0"}},"rotation":{"origin":[8.41673,1.62825,6.98431],"axis":"z","angle":45,"rescale":false}},{"from":[7.75,17.12985,-1.48242],"to":[8.25,17.82985,0.01758],"faces":{"north":{"uv":[14.25,0.88,14,0.5],"texture":"#0","rotation":180},"east":{"uv":[7,11.5,7.38,12.25],"texture":"#0","rotation":90},"south":{"uv":[1.25,14,1,14.38],"texture":"#0"},"west":{"uv":[8.5,11.5,8.88,12.25],"texture":"#0","rotation":270},"up":{"uv":[2.5,13,2.75,13.75],"texture":"#0"},"down":{"uv":[13,1,13.25,1.75],"texture":"#0","rotation":180}},"rotation":{"origin":[8,10.411,8.21312],"axis":"x","angle":45,"rescale":false}},{"from":[7.83327,2.07825,6.98431],"to":[8.33327,2.52825,7.38431],"faces":{"north":{"uv":[13.5,14,13.75,14.25],"texture":"#0"},"east":{"uv":[14.5,5,14.69,5.25],"texture":"#0"},"south":{"uv":[14,13.5,14.25,13.75],"texture":"#0"},"west":{"uv":[5.5,14.5,5.69,14.75],"texture":"#0"},"up":{"uv":[6.25,14.69,6,14.5],"texture":"#0"},"down":{"uv":[6.75,14.5,6.5,14.69],"texture":"#0"}},"rotation":{"origin":[7.58327,1.62825,6.98431],"axis":"z","angle":-45,"rescale":false}},{"from":[7.8493,4.8,4.56242],"to":[7.8493,11.8,11.56242],"faces":{"north":{"uv":[0,0,0,3.2],"texture":"#None"},"east":{"uv":[7,0,0,7],"texture":"#1"},"south":{"uv":[0,0,0,3.2],"texture":"#None"},"west":{"uv":[0,0,7,7],"texture":"#1"},"up":{"uv":[0,0,0,3.2],"texture":"#None"},"down":{"uv":[0,0,0,3.2],"texture":"#None"}},"rotation":{"origin":[8,10.411,8.21312],"axis":"y","angle":45,"rescale":false}},{"from":[7.85,20.37545,1.09468],"to":[8.15,20.87545,2.09468],"faces":{"north":{"uv":[1,15,1.12,15.25],"texture":"#0"},"east":{"uv":[13.5,10,14,10.25],"texture":"#0"},"south":{"uv":[15,1,15.12,1.25],"texture":"#0"},"west":{"uv":[10.5,13.5,11,13.75],"texture":"#0"},"up":{"uv":[14.12,14.5,14,14],"texture":"#0"},"down":{"uv":[0.12,14.5,0,15],"texture":"#0"}},"rotation":{"origin":[8,10.411,8.21312],"axis":"x","angle":22.5,"rescale":false}},{"from":[7.9612,20.56308,1.33494],"to":[7.9612,21.36308,1.63494],"faces":{"north":{"uv":[0,0,0,0.38],"texture":"#0"},"east":{"uv":[14.5,11.5,14.62,11.88],"texture":"#0"},"south":{"uv":[0,0,0,0.38],"texture":"#0"},"west":{"uv":[12,14.5,12.12,14.88],"texture":"#0"},"up":{"uv":[0,0.12,0,0],"texture":"#0"},"down":{"uv":[0,0,0,0.12],"texture":"#0"}},"rotation":{"origin":[8,10.411,8.21312],"axis":"x","angle":22.5,"rescale":false}},{"from":[7.9612,21.36307,1.33494],"to":[7.9612,21.66307,2.53494],"faces":{"north":{"uv":[0,0,0,0.12],"texture":"#0"},"east":{"uv":[14,8,14.62,8.12],"texture":"#0"},"south":{"uv":[0,0,0,0.12],"texture":"#0"},"west":{"uv":[8.5,14,9.12,14.12],"texture":"#0"},"up":{"uv":[0,0.62,0,0],"texture":"#0"},"down":{"uv":[0,0,0,0.62],"texture":"#0"}},"rotation":{"origin":[8,10.411,8.21312],"axis":"x","angle":22.5,"rescale":false}},{"from":[8,1.8,4],"to":[8,5.8,8],"faces":{"north":{"uv":[0,4,0,0],"texture":"#None"},"east":{"uv":[7.38,11.5,3.38,7.5],"texture":"#1"},"south":{"uv":[0,4,0,0],"texture":"#None"},"west":{"uv":[3.38,11.5,7.38,7.5],"texture":"#1"},"up":{"uv":[0,4,0,0],"texture":"#None"},"down":{"uv":[0,4,0,0],"texture":"#None"}},"rotation":{"origin":[8,3.8,8],"axis":"y","angle":-45,"rescale":false}},{"from":[8,11.4,8.95],"to":[8,19.7,9.25],"faces":{"north":{"uv":[0,0,0,4.12],"texture":"#0"},"east":{"uv":[4.5,8.5,4.62,12.62],"texture":"#0"},"south":{"uv":[0,0,0,4.12],"texture":"#0"},"west":{"uv":[9.5,3,9.62,7.12],"texture":"#0"},"up":{"uv":[0,0.12,0,0],"texture":"#0"},"down":{"uv":[0,0,0,0.12],"texture":"#0"}}},{"from":[8,18.59612,12.42582],"to":[8,20.99612,12.72582],"faces":{"north":{"uv":[0,0,0,1.19],"texture":"#0"},"east":{"uv":[9.5,13,9.62,14.19],"texture":"#0"},"south":{"uv":[0,0,0,1.19],"texture":"#0"},"west":{"uv":[13,9.5,13.12,10.69],"texture":"#0"},"up":{"uv":[0,0.12,0,0],"texture":"#0"},"down":{"uv":[0,0,0,0.12],"texture":"#0"}},"rotation":{"origin":[8,10.411,8.21312],"axis":"x","angle":-22.5,"rescale":false}},{"from":[8.02273,18.3192,-1.35125],"to":[8.02273,18.6192,0.14875],"faces":{"north":{"uv":[0,0.12,0,0],"texture":"#0","rotation":180},"east":{"uv":[2,14,2.12,14.75],"texture":"#0","rotation":90},"south":{"uv":[0,0,0,0.12],"texture":"#0"},"west":{"uv":[2.5,14,2.62,14.75],"texture":"#0","rotation":270},"up":{"uv":[0,0,0,0.75],"texture":"#0"},"down":{"uv":[0,0,0,0.75],"texture":"#0","rotation":180}},"rotation":{"origin":[8,10.411,8.21312],"axis":"x","angle":45,"rescale":false}},{"from":[8.1,7.90779,8.13201],"to":[8.6,9.15779,9.38201],"faces":{"north":{"uv":[8,13,8.25,13.62],"texture":"#0"},"east":{"uv":[3.5,11,4.12,11.62],"texture":"#0"},"south":{"uv":[8.5,13,8.75,13.62],"texture":"#0"},"west":{"uv":[11,4,11.62,4.62],"texture":"#0"},"up":{"uv":[13.25,9.12,13,8.5],"texture":"#0"},"down":{"uv":[9.25,13,9,13.62],"texture":"#0"}},"rotation":{"origin":[8,10.411,8.21312],"axis":"x","angle":22.5,"rescale":false}},{"from":[8.1507,4.8,4.56242],"to":[8.1507,11.8,11.56242],"faces":{"north":{"uv":[0,0,0,3.2],"texture":"#None"},"east":{"uv":[7,0,0,7],"texture":"#1"},"south":{"uv":[0,0,0,3.2],"texture":"#None"},"west":{"uv":[0,0,7,7],"texture":"#1"},"up":{"uv":[0,0,0,3.2],"texture":"#None"},"down":{"uv":[0,0,0,3.2],"texture":"#None"}},"rotation":{"origin":[8,10.411,8.21312],"axis":"y","angle":-45,"rescale":false}},{"from":[8.45,4.35252,6.37689],"to":[8.45,8.50252,8.52689],"faces":{"north":{"uv":[0,0,0,2.06],"texture":"#0"},"east":{"uv":[5,0,6.06,2.06],"texture":"#0"},"south":{"uv":[0,0,0,2.06],"texture":"#0"},"west":{"uv":[2,5,3.06,7.06],"texture":"#0"},"up":{"uv":[0,1.06,0,0],"texture":"#0"},"down":{"uv":[0,0,0,1.06],"texture":"#0"}}},{"from":[8.45,8.59748,7.17311],"to":[8.45,12.74748,9.32311],"faces":{"north":{"uv":[0,0,0,2.06],"texture":"#0"},"east":{"uv":[5,2.5,6.06,4.56],"texture":"#0"},"south":{"uv":[0,0,0,2.06],"texture":"#0"},"west":{"uv":[3.5,5,4.56,7.06],"texture":"#0"},"up":{"uv":[0,1.06,0,0],"texture":"#0"},"down":{"uv":[0,0,0,1.06],"texture":"#0"}}},{"from":[8.475,8.10049,5.78632],"to":[8.475,9.35049,7.03632],"faces":{"north":{"uv":[0,0,0,0.62],"texture":"#0"},"east":{"uv":[10.5,10,11.12,10.62],"texture":"#0"},"south":{"uv":[0,0,0,0.62],"texture":"#0"},"west":{"uv":[11,0,11.62,0.62],"texture":"#0"},"up":{"uv":[0,0.62,0,0],"texture":"#0"},"down":{"uv":[0,0,0,0.62],"texture":"#0"}},"rotation":{"origin":[8,10.411,8.21312],"axis":"x","angle":-22.5,"rescale":false}},{"from":[8.475,8.31076,7.29461],"to":[8.475,9.56076,8.54461],"faces":{"north":{"uv":[0,0,0,0.62],"texture":"#0"},"east":{"uv":[5,11,5.62,11.62],"texture":"#0"},"south":{"uv":[0,0,0,0.62],"texture":"#0"},"west":{"uv":[11,5,11.62,5.62],"texture":"#0"},"up":{"uv":[0,0.62,0,0],"texture":"#0"},"down":{"uv":[0,0,0,0.62],"texture":"#0"}},"rotation":{"origin":[8,10.411,8.21312],"axis":"x","angle":-22.5,"rescale":false}},{"from":[8.525,6.50452,8.10602],"to":[8.525,6.85252,8.22202],"faces":{"north":{"uv":[0,0,0,0.19],"texture":"#0"},"east":{"uv":[9,15,9.06,15.19],"texture":"#0"},"south":{"uv":[0,0,0,0.19],"texture":"#0"},"west":{"uv":[15,9,15.06,9.19],"texture":"#0"},"up":{"uv":[0,0.06,0,0],"texture":"#0"},"down":{"uv":[0,0,0,0.06],"texture":"#0"}}},{"from":[8.525,6.50452,8.20752],"to":[8.525,6.62052,8.33802],"faces":{"north":{"uv":[0,0,0,0.06],"texture":"#0"},"east":{"uv":[15.5,3,15.56,3.06],"texture":"#0"},"south":{"uv":[0,0,0,0.06],"texture":"#0"},"west":{"uv":[3.5,15.5,3.56,15.56],"texture":"#0"},"up":{"uv":[0,0.06,0,0],"texture":"#0"},"down":{"uv":[0,0,0,0.06],"texture":"#0"}}},{"from":[8.525,6.56252,7.93202],"to":[8.525,6.85252,8.04802],"faces":{"north":{"uv":[0,0,0,0.12],"texture":"#0"},"east":{"uv":[15,15,15.06,15.12],"texture":"#0"},"south":{"uv":[0,0,0,0.12],"texture":"#0"},"west":{"uv":[0,15.5,0.06,15.62],"texture":"#0"},"up":{"uv":[0,0.06,0,0],"texture":"#0"},"down":{"uv":[0,0,0,0.06],"texture":"#0"}}},{"from":[8.525,6.82352,7.77252],"to":[8.525,6.93952,8.32352],"faces":{"north":{"uv":[0,0,0,0.06],"texture":"#0"},"east":{"uv":[6.5,15,6.75,15.06],"texture":"#0"},"south":{"uv":[0,0,0,0.06],"texture":"#0"},"west":{"uv":[15,6.5,15.25,6.56],"texture":"#0"},"up":{"uv":[0,0.25,0,0],"texture":"#0"},"down":{"uv":[0,0,0,0.25],"texture":"#0"}}},{"from":[8.525,7.00516,7.85806],"to":[8.525,7.20816,8.00306],"faces":{"north":{"uv":[0,0,0,0.12],"texture":"#0"},"east":{"uv":[15.5,1,15.56,1.12],"texture":"#0"},"south":{"uv":[0,0,0,0.12],"texture":"#0"},"west":{"uv":[1.5,15.5,1.56,15.62],"texture":"#0"},"up":{"uv":[0,0.06,0,0],"texture":"#0"},"down":{"uv":[0,0,0,0.06],"texture":"#0"}}},{"from":[8.525,7.00516,7.98856],"to":[8.525,7.10666,8.14806],"faces":{"north":{"uv":[0,0,0,0.06],"texture":"#0"},"east":{"uv":[15.5,3.5,15.56,3.56],"texture":"#0"},"south":{"uv":[0,0,0,0.06],"texture":"#0"},"west":{"uv":[4,15.5,4.06,15.56],"texture":"#0"},"up":{"uv":[0,0.06,0,0],"texture":"#0"},"down":{"uv":[0,0,0,0.06],"texture":"#0"}}},{"from":[8.525,7.00516,8.13356],"to":[8.525,7.20816,8.27856],"faces":{"north":{"uv":[0,0,0,0.12],"texture":"#0"},"east":{"uv":[15.5,0.5,15.56,0.62],"texture":"#0"},"south":{"uv":[0,0,0,0.12],"texture":"#0"},"west":{"uv":[1,15.5,1.06,15.62],"texture":"#0"},"up":{"uv":[0,0.06,0,0],"texture":"#0"},"down":{"uv":[0,0,0,0.06],"texture":"#0"}}},{"from":[8.525,7.19366,7.85806],"to":[8.525,7.30966,8.32206],"faces":{"north":{"uv":[0,0,0,0.06],"texture":"#0"},"east":{"uv":[7,15,7.25,15.06],"texture":"#0"},"south":{"uv":[0,0,0,0.06],"texture":"#0"},"west":{"uv":[15,7,15.25,7.06],"texture":"#0"},"up":{"uv":[0,0.25,0,0],"texture":"#0"},"down":{"uv":[0,0,0,0.25],"texture":"#0"}}},{"from":[8.525,7.36766,7.74206],"to":[8.525,7.48366,8.43806],"faces":{"north":{"uv":[0,0,0,0.06],"texture":"#0"},"east":{"uv":[2.5,15,2.88,15.06],"texture":"#0"},"south":{"uv":[0,0,0,0.06],"texture":"#0"},"west":{"uv":[15,2.5,15.38,2.56],"texture":"#0"},"up":{"uv":[0,0.38,0,0],"texture":"#0"},"down":{"uv":[0,0,0,0.38],"texture":"#0"}}},{"from":[8.525,7.56272,10.1483],"to":[8.525,7.67872,10.4383],"faces":{"north":{"uv":[0,0,0,0.06],"texture":"#0"},"east":{"uv":[15.5,0,15.62,0.06],"texture":"#0"},"south":{"uv":[0,0,0,0.06],"texture":"#0"},"west":{"uv":[0.5,15.5,0.62,15.56],"texture":"#0"},"up":{"uv":[0,0.12,0,0],"texture":"#0"},"down":{"uv":[0,0,0,0.12],"texture":"#0"}},"rotation":{"origin":[8,10.411,8.21312],"axis":"x","angle":45,"rescale":false}},{"from":[8.525,7.63521,10.1483],"to":[8.525,7.96871,10.2643],"faces":{"north":{"uv":[0,0.19,0,0],"texture":"#0","rotation":180},"east":{"uv":[9.5,15,9.69,15.06],"texture":"#0","rotation":90},"south":{"uv":[0,0,0,0.19],"texture":"#0"},"west":{"uv":[15,9.5,15.19,9.56],"texture":"#0","rotation":270},"up":{"uv":[0,0,0,0.06],"texture":"#0"},"down":{"uv":[0,0,0,0.06],"texture":"#0","rotation":180}},"rotation":{"origin":[8,10.411,8.21312],"axis":"x","angle":45,"rescale":false}},{"from":[8.525,7.71796,9.94998],"to":[8.525,8.00796,10.06598],"faces":{"north":{"uv":[0,0.12,0,0],"texture":"#0","rotation":180},"east":{"uv":[14,15,14.12,15.06],"texture":"#0","rotation":90},"south":{"uv":[0,0,0,0.12],"texture":"#0"},"west":{"uv":[15,14,15.12,14.06],"texture":"#0","rotation":270},"up":{"uv":[0,0,0,0.06],"texture":"#0"},"down":{"uv":[0,0,0,0.06],"texture":"#0","rotation":180}},"rotation":{"origin":[8,10.411,8.21312],"axis":"x","angle":45,"rescale":false}},{"from":[8.525,7.94706,10.71514],"to":[8.525,8.20806,10.83114],"faces":{"north":{"uv":[0,0.12,0,0],"texture":"#0","rotation":180},"east":{"uv":[15.5,1.5,15.62,1.56],"texture":"#0","rotation":90},"south":{"uv":[0,0,0,0.12],"texture":"#0"},"west":{"uv":[2,15.5,2.12,15.56],"texture":"#0","rotation":270},"up":{"uv":[0,0,0,0.06],"texture":"#0"},"down":{"uv":[0,0,0,0.06],"texture":"#0","rotation":180}},"rotation":{"origin":[8,10.411,8.21312],"axis":"x","angle":45,"rescale":false}},{"from":[8.525,8.17906,10.48314],"to":[8.525,8.29506,10.83114],"faces":{"north":{"uv":[0,0.06,0,0],"texture":"#0","rotation":180},"east":{"uv":[10,15,10.06,15.19],"texture":"#0","rotation":90},"south":{"uv":[0,0,0,0.06],"texture":"#0"},"west":{"uv":[15,10,15.06,10.19],"texture":"#0","rotation":270},"up":{"uv":[0,0,0,0.19],"texture":"#0"},"down":{"uv":[0,0,0,0.19],"texture":"#0","rotation":180}},"rotation":{"origin":[8,10.411,8.21312],"axis":"x","angle":45,"rescale":false}},{"from":[8.525,8.38411,10.44212],"to":[8.525,8.50011,10.67412],"faces":{"north":{"uv":[0,0,0,0.06],"texture":"#0"},"east":{"uv":[14.5,15,14.62,15.06],"texture":"#0"},"south":{"uv":[0,0,0,0.06],"texture":"#0"},"west":{"uv":[15,14.5,15.12,14.56],"texture":"#0"},"up":{"uv":[0,0.12,0,0],"texture":"#0"},"down":{"uv":[0,0,0,0.12],"texture":"#0"}},"rotation":{"origin":[8,10.411,8.21312],"axis":"x","angle":45,"rescale":false}},{"from":[8.65,4.30298,4.68734],"to":[9,5.70298,5.28734],"faces":{"north":{"uv":[13.5,9,13.69,9.69],"texture":"#0"},"east":{"uv":[7,12.5,7.31,13.19],"texture":"#0"},"south":{"uv":[10,13.5,10.19,14.19],"texture":"#0"},"west":{"uv":[12.5,7,12.81,7.69],"texture":"#0"},"up":{"uv":[14.69,1.31,14.5,1],"texture":"#0"},"down":{"uv":[1.69,14.5,1.5,14.81],"texture":"#0"}},"rotation":{"origin":[8,10.411,8.21312],"axis":"x","angle":-22.5,"rescale":false}},{"from":[8.65,5.70298,3.98734],"to":[9,6.15298,5.98734],"faces":{"north":{"uv":[14.5,11,14.69,11.25],"texture":"#0"},"east":{"uv":[12,2.5,13,2.75],"texture":"#0"},"south":{"uv":[11.5,14.5,11.69,14.75],"texture":"#0"},"west":{"uv":[12,3,13,3.25],"texture":"#0"},"up":{"uv":[0.19,14,0,13],"texture":"#0"},"down":{"uv":[13.19,0,13,1],"texture":"#0"}},"rotation":{"origin":[8,10.411,8.21312],"axis":"x","angle":-22.5,"rescale":false}},{"from":[8.65,6.15298,4.48734],"to":[9,6.95298,4.78734],"faces":{"north":{"uv":[12,14,12.19,14.38],"texture":"#0"},"east":{"uv":[14.5,10,14.62,10.38],"texture":"#0"},"south":{"uv":[14,12,14.19,12.38],"texture":"#0"},"west":{"uv":[10.5,14.5,10.62,14.88],"texture":"#0"},"up":{"uv":[4.19,15.12,4,15],"texture":"#0"},"down":{"uv":[15.19,4,15,4.12],"texture":"#0"}},"rotation":{"origin":[8,10.411,8.21312],"axis":"x","angle":-22.5,"rescale":false}},{"from":[8.65,6.15298,5.18734],"to":[9,6.95298,5.48734],"faces":{"north":{"uv":[12.5,14,12.69,14.38],"texture":"#0"},"east":{"uv":[14.5,10.5,14.62,10.88],"texture":"#0"},"south":{"uv":[14,12.5,14.19,12.88],"texture":"#0"},"west":{"uv":[11,14.5,11.12,14.88],"texture":"#0"},"up":{"uv":[4.69,15.12,4.5,15],"texture":"#0"},"down":{"uv":[15.19,4.5,15,4.62],"texture":"#0"}},"rotation":{"origin":[8,10.411,8.21312],"axis":"x","angle":-22.5,"rescale":false}},{"from":[8.65,6.55298,4.78734],"to":[9,6.95298,5.18734],"faces":{"north":{"uv":[14.5,14,14.69,14.19],"texture":"#0"},"east":{"uv":[14.5,14.5,14.69,14.69],"texture":"#0"},"south":{"uv":[0,15,0.19,15.19],"texture":"#0"},"west":{"uv":[15,0,15.19,0.19],"texture":"#0"},"up":{"uv":[0.69,15.19,0.5,15],"texture":"#0"},"down":{"uv":[15.19,0.5,15,0.69],"texture":"#0"}},"rotation":{"origin":[8,10.411,8.21312],"axis":"x","angle":-22.5,"rescale":false}},{"from":[8.66,3.76888,9.02],"to":[9.08,5.68888,9.58],"faces":{"north":{"uv":[3.5,13,3.69,13.94],"texture":"#0"},"east":{"uv":[1,12.5,1.25,13.44],"texture":"#0"},"south":{"uv":[4,13,4.19,13.94],"texture":"#0"},"west":{"uv":[12.5,1,12.75,1.94],"texture":"#0"},"up":{"uv":[8.19,14.75,8,14.5],"texture":"#0"},"down":{"uv":[8.69,14.5,8.5,14.75],"texture":"#0"}}},{"from":[8.7,7.65779,7.88201],"to":[8.7,9.40779,9.63201],"faces":{"north":{"uv":[0,0,0,0.88],"texture":"#0"},"east":{"uv":[3,7.5,3.88,8.38],"texture":"#0"},"south":{"uv":[0,0,0,0.88],"texture":"#0"},"west":{"uv":[7.5,3,8.38,3.88],"texture":"#0"},"up":{"uv":[0,0.88,0,0],"texture":"#0"},"down":{"uv":[0,0,0,0.88],"texture":"#0"}},"rotation":{"origin":[8,10.411,8.21312],"axis":"x","angle":22.5,"rescale":false}},{"from":[8.75576,5.5,9.03003],"to":[8.75576,8.7,9.83003],"faces":{"north":{"uv":[0,0,0,1.62],"texture":"#0"},"east":{"uv":[6.5,8,6.88,9.62],"texture":"#0"},"south":{"uv":[0,0,0,1.62],"texture":"#0"},"west":{"uv":[0,8.5,0.38,10.12],"texture":"#0"},"up":{"uv":[0,0.38,0,0],"texture":"#0"},"down":{"uv":[0,0,0,0.38],"texture":"#0"}},"rotation":{"origin":[8.75576,7.1,9.43003],"axis":"y","angle":-22.5,"rescale":false}},{"from":[8.844,5.826,11.89657],"to":[9.032,6.704,12.78457],"faces":{"north":{"uv":[14.5,3,14.62,3.44],"texture":"#0"},"east":{"uv":[12.5,10.5,12.94,10.94],"texture":"#0"},"south":{"uv":[3.5,14.5,3.62,14.94],"texture":"#0"},"west":{"uv":[11,12.5,11.44,12.94],"texture":"#0"},"up":{"uv":[14.62,3.94,14.5,3.5],"texture":"#0"},"down":{"uv":[4.12,14.5,4,14.94],"texture":"#0"}},"rotation":{"origin":[8,10.411,8.21312],"axis":"x","angle":45,"rescale":false}},{"from":[9.1,3.1,7],"to":[9.1,6.1,10],"faces":{"north":{"uv":[0,0,0,3.2],"texture":"#None"},"east":{"uv":[3,7.12,0,10.12],"texture":"#1"},"south":{"uv":[0,0,0,3.2],"texture":"#None"},"west":{"uv":[0,10.38,3,13.38],"texture":"#1"},"up":{"uv":[0,0,0,3.2],"texture":"#None"},"down":{"uv":[0,0,0,3.2],"texture":"#None"}}}],"display":{"thirdperson_righthand":{"rotation":[-25.75,0,0],"translation":[0,5,-1],"scale":[1.03,1.03,1.03]},"thirdperson_lefthand":{"rotation":[-25.75,0,0],"translation":[0,5,-1],"scale":[1.03,1.03,1.03]},"firstperson_righthand":{"rotation":[-40.75,0,0],"translation":[-2.25,6.5,3.75],"scale":[0.64,0.64,0.64]},"firstperson_lefthand":{"rotation":[-40.75,0,0],"translation":[-2.25,6.5,3.75],"scale":[0.64,0.64,0.64]},"ground":{"rotation":[-45,0,0],"translation":[-1.5,3,0],"scale":[0.45,0.45,0.45]},"gui":{"rotation":[-85,-47,-69.31],"translation":[-1.75,-0.75,0],"scale":[0.96,0.96,0.96]},"head":{"rotation":[-4.25,0,0],"translation":[0,16.75,0],"scale":[1.9,1.9,1.9]},"fixed":{"rotation":[0,-90,0],"translation":[0,-1.5,-1.5],"scale":[0.94,0.94,0.94]}},"gui_light":"front","mcmodels":"4657fff084f261ee7d860dbbfffed9a5"}