{"credit":"Made with Blockbench","textures":{"0":"conqueror_legacy:hammer_0","1":"conqueror_legacy:hammer_1"},"elements":[{"from":[4,-5.1,8],"to":[8,-1.1,8],"faces":{"north":{"uv":[7.38,7.5,3.38,11.5],"texture":"#1"},"east":{"uv":[0,0,0,4],"texture":"#None"},"south":{"uv":[3.38,7.5,7.38,11.5],"texture":"#1"},"west":{"uv":[0,0,0,4],"texture":"#None"},"up":{"uv":[0,0,0,4],"texture":"#None","rotation":270},"down":{"uv":[0,0,0,4],"texture":"#None","rotation":90}},"rotation":{"origin":[8,-3.1,8],"axis":"y","angle":-45,"rescale":false}},{"from":[4,0.8,8],"to":[8,4.8,8],"faces":{"north":{"uv":[7.38,11.5,3.38,7.5],"texture":"#1"},"east":{"uv":[0,4,0,0],"texture":"#None"},"south":{"uv":[3.38,11.5,7.38,7.5],"texture":"#1"},"west":{"uv":[0,4,0,0],"texture":"#None"},"up":{"uv":[0,0,0,4],"texture":"#None","rotation":90},"down":{"uv":[0,0,0,4],"texture":"#None","rotation":270}},"rotation":{"origin":[8,2.8,8],"axis":"y","angle":-45,"rescale":false}},{"from":[4.95,5.65,3.7],"to":[4.95,6.4,4.45],"faces":{"north":{"uv":[0,0,0,0.23],"texture":"#0"},"east":{"uv":[4.92,14.77,5.15,15],"texture":"#0"},"south":{"uv":[0,0,0,0.23],"texture":"#0"},"west":{"uv":[14.77,5.23,15,5.46],"texture":"#0"},"up":{"uv":[0,0.23,0,0],"texture":"#0"},"down":{"uv":[0,0,0,0.23],"texture":"#0"}},"rotation":{"origin":[4.95,5.9,4.2],"axis":"x","angle":22.5,"rescale":false}},{"from":[4.95,6.45,5],"to":[4.95,7.2,5.75],"faces":{"north":{"uv":[0,0,0,0.23],"texture":"#0"},"east":{"uv":[14.77,5.54,15,5.77],"texture":"#0"},"south":{"uv":[0,0,0,0.23],"texture":"#0"},"west":{"uv":[5.85,14.77,6.08,15],"texture":"#0"},"up":{"uv":[0,0.23,0,0],"texture":"#0"},"down":{"uv":[0,0,0,0.23],"texture":"#0"}}},{"from":[4.95,7.65,5.8],"to":[4.95,8.4,6.55],"faces":{"north":{"uv":[0,0,0,0.23],"texture":"#0"},"east":{"uv":[14.77,5.85,15,6.08],"texture":"#0"},"south":{"uv":[0,0,0,0.23],"texture":"#0"},"west":{"uv":[6.15,14.77,6.38,15],"texture":"#0"},"up":{"uv":[0,0.23,0,0],"texture":"#0"},"down":{"uv":[0,0,0,0.23],"texture":"#0"}},"rotation":{"origin":[4.95,7.9,6.3],"axis":"x","angle":-22.5,"rescale":false}},{"from":[5.05,2.4,3],"to":[5.05,8.8,8.4],"faces":{"north":{"uv":[0,0,0,1.96],"texture":"#0"},"east":{"uv":[3.69,4.31,5.35,6.27],"texture":"#0"},"south":{"uv":[0,0,0,1.96],"texture":"#0"},"west":{"uv":[0,4.62,1.65,6.58],"texture":"#0"},"up":{"uv":[0,1.65,0,0],"texture":"#0"},"down":{"uv":[0,0,0,1.65],"texture":"#0"}}},{"from":[5.15,6.4,2],"to":[5.15,11.8,6.4],"faces":{"north":{"uv":[0,0,0,1.65],"texture":"#0"},"east":{"uv":[6.77,0,8.12,1.65],"texture":"#0"},"south":{"uv":[0,0,0,1.65],"texture":"#0"},"west":{"uv":[1.54,6.77,2.88,8.42],"texture":"#0"},"up":{"uv":[0,1.35,0,0],"texture":"#0"},"down":{"uv":[0,0,0,1.35],"texture":"#0"}}},{"from":[5.22654,6.4,6.38478],"to":[5.22654,11.8,7.03478],"faces":{"north":{"uv":[0,0,0,1.65],"texture":"#0"},"east":{"uv":[5.85,11.08,6.04,12.73],"texture":"#0"},"south":{"uv":[0,0,0,1.65],"texture":"#0"},"west":{"uv":[6.15,11.08,6.35,12.73],"texture":"#0"},"up":{"uv":[0,0.19,0,0],"texture":"#0"},"down":{"uv":[0,0,0,0.19],"texture":"#0"}},"rotation":{"origin":[5.22654,9.2,6.58478],"axis":"y","angle":22.5,"rescale":false}},{"from":[5.54017,6.4,6.94194],"to":[5.54017,11.8,7.59194],"faces":{"north":{"uv":[0,0,0,1.65],"texture":"#0"},"east":{"uv":[6.46,11.08,6.65,12.73],"texture":"#0"},"south":{"uv":[0,0,0,1.65],"texture":"#0"},"west":{"uv":[6.77,11.08,6.96,12.73],"texture":"#0"},"up":{"uv":[0,0.19,0,0],"texture":"#0"},"down":{"uv":[0,0,0,0.19],"texture":"#0"}},"rotation":{"origin":[5.54017,9.2,7.14194],"axis":"y","angle":45,"rescale":false}},{"from":[5.625,4.53306,2.36872],"to":[10.375,12.18306,6.36872],"faces":{"north":{"uv":[0,0,1.46,2.35],"texture":"#0"},"east":{"uv":[5.54,2.15,6.77,4.5],"texture":"#0"},"south":{"uv":[1.54,0,3,2.35],"texture":"#0"},"west":{"uv":[5.54,4.62,6.77,6.96],"texture":"#0"},"up":{"uv":[8.23,6.77,6.77,5.54],"texture":"#0"},"down":{"uv":[8.23,6.77,6.77,8],"texture":"#0"}}},{"from":[5.875,4.78306,1.36872],"to":[10.125,11.93306,2.36872],"faces":{"north":{"uv":[3.69,6.46,5,8.65],"texture":"#0"},"east":{"uv":[0.62,10.46,0.92,12.65],"texture":"#0"},"south":{"uv":[0,6.77,1.31,8.96],"texture":"#0"},"west":{"uv":[1.54,10.46,1.85,12.65],"texture":"#0"},"up":{"uv":[11.77,7.69,10.46,7.38],"texture":"#0"},"down":{"uv":[11.77,7.69,10.46,8],"texture":"#0"}}},{"from":[5.88852,-0.54,7.58016],"to":[5.88852,1.14,8.42016],"faces":{"north":{"uv":[0,0,0,0.5],"texture":"#0"},"east":{"uv":[13.85,1.54,14.12,2.04],"texture":"#0"},"south":{"uv":[0,0,0,0.5],"texture":"#0"},"west":{"uv":[13.85,2.15,14.12,2.65],"texture":"#0"},"up":{"uv":[0,0.27,0,0],"texture":"#0"},"down":{"uv":[0,0,0,0.27],"texture":"#0"}},"rotation":{"origin":[8,0.3,8],"axis":"y","angle":22.5,"rescale":false}},{"from":[5.88852,-0.54,7.58016],"to":[5.88852,1.14,8.42016],"faces":{"north":{"uv":[0,0,0,0.5],"texture":"#0"},"east":{"uv":[2.46,13.85,2.73,14.35],"texture":"#0"},"south":{"uv":[0,0,0,0.5],"texture":"#0"},"west":{"uv":[2.77,13.85,3.04,14.35],"texture":"#0"},"up":{"uv":[0,0.27,0,0],"texture":"#0"},"down":{"uv":[0,0,0,0.27],"texture":"#0"}},"rotation":{"origin":[8,0.3,8],"axis":"y","angle":-22.5,"rescale":false}},{"from":[5.88852,0.16,7.58016],"to":[5.88852,1.84,8.42016],"faces":{"north":{"uv":[0,0,0,0.5],"texture":"#0"},"east":{"uv":[13.54,2.77,13.81,3.27],"texture":"#0"},"south":{"uv":[0,0,0,0.5],"texture":"#0"},"west":{"uv":[13.54,3.38,13.81,3.88],"texture":"#0"},"up":{"uv":[0,0.27,0,0],"texture":"#0"},"down":{"uv":[0,0,0,0.27],"texture":"#0"}}},{"from":[5.88852,0.16,7.58016],"to":[5.88852,1.84,8.42016],"faces":{"north":{"uv":[0,0,0,0.5],"texture":"#0"},"east":{"uv":[3.69,13.54,3.96,14.04],"texture":"#0"},"south":{"uv":[0,0,0,0.5],"texture":"#0"},"west":{"uv":[4,13.54,4.27,14.04],"texture":"#0"},"up":{"uv":[0,0.27,0,0],"texture":"#0"},"down":{"uv":[0,0,0,0.27],"texture":"#0"}},"rotation":{"origin":[8,1,8],"axis":"y","angle":45,"rescale":false}},{"from":[5.9349,6.4,7.44492],"to":[5.9349,11.8,8.09492],"faces":{"north":{"uv":[0,0,0,1.65],"texture":"#0"},"east":{"uv":[7.08,11.08,7.27,12.73],"texture":"#0"},"south":{"uv":[0,0,0,1.65],"texture":"#0"},"west":{"uv":[7.38,11.08,7.58,12.73],"texture":"#0"},"up":{"uv":[0,0.19,0,0],"texture":"#0"},"down":{"uv":[0,0,0,0.19],"texture":"#0"}},"rotation":{"origin":[5.9349,9.2,7.64492],"axis":"y","angle":22.5,"rescale":false}},{"from":[6,3.3,5.4],"to":[6,9.7,10.8],"faces":{"north":{"uv":[0,0,0,1.96],"texture":"#0"},"east":{"uv":[3.08,0,4.73,1.96],"texture":"#0"},"south":{"uv":[0,0,0,1.96],"texture":"#0"},"west":{"uv":[3.69,2.15,5.35,4.12],"texture":"#0"},"up":{"uv":[0,1.65,0,0],"texture":"#0"},"down":{"uv":[0,0,0,1.65],"texture":"#0"}}},{"from":[6.10711,6.4,8.06066],"to":[6.10711,11.8,9.61066],"faces":{"north":{"uv":[0,0,0,1.65],"texture":"#0"},"east":{"uv":[9.85,9.54,10.31,11.19],"texture":"#0"},"south":{"uv":[0,0,0,1.65],"texture":"#0"},"west":{"uv":[8.62,10.15,9.08,11.81],"texture":"#0"},"up":{"uv":[0,0.46,0,0],"texture":"#0"},"down":{"uv":[0,0,0,0.46],"texture":"#0"}}},{"from":[6.35208,13.00208,1],"to":[6.35208,15.70208,7.4],"faces":{"north":{"uv":[0,0,0,0.85],"texture":"#0"},"east":{"uv":[5.23,8,7.19,8.85],"texture":"#0"},"south":{"uv":[0,0,0,0.85],"texture":"#0"},"west":{"uv":[7.38,8,9.35,8.85],"texture":"#0"},"up":{"uv":[0,1.96,0,0],"texture":"#0"},"down":{"uv":[0,0,0,1.96],"texture":"#0"}}},{"from":[6.375,11.18781,4.69118],"to":[7.425,12.83781,6.59118],"faces":{"north":{"uv":[7.69,12.92,8,13.42],"texture":"#0"},"east":{"uv":[0,12.31,0.58,12.81],"texture":"#0"},"south":{"uv":[8,12.92,8.31,13.42],"texture":"#0"},"west":{"uv":[12.31,0,12.88,0.5],"texture":"#0"},"up":{"uv":[5.54,7.04,5.23,6.46],"texture":"#0"},"down":{"uv":[9.85,8,9.54,8.58],"texture":"#0"}},"rotation":{"origin":[6.9,13.06715,6.01131],"axis":"x","angle":22.5,"rescale":false}},{"from":[6.475,12.49902,5.29423],"to":[7.325,14.09902,6.74423],"faces":{"north":{"uv":[13.54,1.54,13.81,2.04],"texture":"#0"},"east":{"uv":[12.31,6.46,12.77,6.96],"texture":"#0"},"south":{"uv":[1.85,13.54,2.12,14.04],"texture":"#0"},"west":{"uv":[9.85,12.31,10.31,12.81],"texture":"#0"},"up":{"uv":[3.65,14.31,3.38,13.85],"texture":"#0"},"down":{"uv":[14.12,3.69,13.85,4.15],"texture":"#0"}},"rotation":{"origin":[6.9,13.06715,6.01131],"axis":"x","angle":-45,"rescale":false}},{"from":[6.575,12.90095,6.29356],"to":[7.225,14.20095,7.74356],"faces":{"north":{"uv":[12.62,14.15,12.81,14.54],"texture":"#0"},"east":{"uv":[12.92,0.62,13.38,1],"texture":"#0"},"south":{"uv":[12.92,14.15,13.12,14.54],"texture":"#0"},"west":{"uv":[1.23,12.92,1.69,13.31],"texture":"#0"},"up":{"uv":[6.04,14.62,5.85,14.15],"texture":"#0"},"down":{"uv":[6.35,14.15,6.15,14.62],"texture":"#0"}},"rotation":{"origin":[6.9,13.06715,6.01131],"axis":"x","angle":-22.5,"rescale":false}},{"from":[6.725,8.85509,10.5922],"to":[6.725,10.60509,12.3422],"faces":{"north":{"uv":[0,0,0,0.54],"texture":"#0"},"east":{"uv":[8.62,12,9.15,12.54],"texture":"#0"},"south":{"uv":[0,0,0,0.54],"texture":"#0"},"west":{"uv":[12,8.92,12.54,9.46],"texture":"#0"},"up":{"uv":[0,0.54,0,0],"texture":"#0"},"down":{"uv":[0,0,0,0.54],"texture":"#0"}},"rotation":{"origin":[6.9,9.75,11.3],"axis":"x","angle":45,"rescale":false}},{"from":[6.75,-12.75,7.75],"to":[7.25,-11.75,8.25],"faces":{"north":{"uv":[14.77,10.46,14.92,10.77],"texture":"#0"},"east":{"uv":[14.77,10.77,14.92,11.08],"texture":"#0"},"south":{"uv":[14.77,11.08,14.92,11.38],"texture":"#0"},"west":{"uv":[11.38,14.77,11.54,15.08],"texture":"#0"},"up":{"uv":[15.54,0.46,15.38,0.31],"texture":"#0"},"down":{"uv":[0.77,15.38,0.62,15.54],"texture":"#0"}},"rotation":{"origin":[8,-12,8],"axis":"y","angle":45,"rescale":false}},{"from":[6.75,-12.75,7.75],"to":[7.25,-11.75,8.25],"faces":{"north":{"uv":[14.77,11.38,14.92,11.69],"texture":"#0"},"east":{"uv":[11.69,14.77,11.85,15.08],"texture":"#0"},"south":{"uv":[14.77,11.69,14.92,12],"texture":"#0"},"west":{"uv":[12,14.77,12.15,15.08],"texture":"#0"},"up":{"uv":[15.54,0.77,15.38,0.62],"texture":"#0"},"down":{"uv":[1.08,15.38,0.92,15.54],"texture":"#0"}},"rotation":{"origin":[8,-12,8],"axis":"y","angle":-45,"rescale":false}},{"from":[6.75,6.15,7.75],"to":[7.25,7.15,8.25],"faces":{"north":{"uv":[0.92,15.08,1.08,15.38],"texture":"#0"},"east":{"uv":[15.08,0.92,15.23,1.23],"texture":"#0"},"south":{"uv":[1.23,15.08,1.38,15.38],"texture":"#0"},"west":{"uv":[15.08,1.23,15.23,1.54],"texture":"#0"},"up":{"uv":[15.54,2.31,15.38,2.15],"texture":"#0"},"down":{"uv":[2.62,15.38,2.46,15.54],"texture":"#0"}},"rotation":{"origin":[8,6.4,8],"axis":"y","angle":-45,"rescale":false}},{"from":[6.75,6.15,7.75],"to":[7.25,7.15,8.25],"faces":{"north":{"uv":[1.54,15.08,1.69,15.38],"texture":"#0"},"east":{"uv":[1.85,15.08,2,15.38],"texture":"#0"},"south":{"uv":[15.08,1.85,15.23,2.15],"texture":"#0"},"west":{"uv":[15.08,2.15,15.23,2.46],"texture":"#0"},"up":{"uv":[15.54,2.62,15.38,2.46],"texture":"#0"},"down":{"uv":[2.92,15.38,2.77,15.54],"texture":"#0"}},"rotation":{"origin":[8,6.4,8],"axis":"y","angle":45,"rescale":false}},{"from":[6.80189,-2.27593,7.25],"to":[7.30189,-1.37593,8.75],"faces":{"north":{"uv":[15.08,6.77,15.23,7.04],"texture":"#0"},"east":{"uv":[13.85,8.92,14.31,9.19],"texture":"#0"},"south":{"uv":[7.08,15.08,7.23,15.35],"texture":"#0"},"west":{"uv":[9.23,13.85,9.69,14.12],"texture":"#0"},"up":{"uv":[14.62,7.23,14.46,6.77],"texture":"#0"},"down":{"uv":[14.62,7.38,14.46,7.85],"texture":"#0"}},"rotation":{"origin":[8,-1.43321,8],"axis":"z","angle":-22.5,"rescale":false}},{"from":[6.80189,2.47593,7.25],"to":[7.30189,3.37593,8.75],"faces":{"north":{"uv":[15.08,5.85,15.23,6.12],"texture":"#0"},"east":{"uv":[13.85,7.38,14.31,7.65],"texture":"#0"},"south":{"uv":[6.15,15.08,6.31,15.35],"texture":"#0"},"west":{"uv":[13.85,7.69,14.31,7.96],"texture":"#0"},"up":{"uv":[14.62,4.77,14.46,4.31],"texture":"#0"},"down":{"uv":[5.38,14.46,5.23,14.92],"texture":"#0"}},"rotation":{"origin":[8,2.53321,8],"axis":"z","angle":22.5,"rescale":false}},{"from":[6.825,9.10509,10.8422],"to":[7.325,10.35509,12.0922],"faces":{"north":{"uv":[14.46,8.92,14.62,9.31],"texture":"#0"},"east":{"uv":[3.08,13.23,3.46,13.62],"texture":"#0"},"south":{"uv":[9.23,14.46,9.38,14.85],"texture":"#0"},"west":{"uv":[13.23,4.92,13.62,5.31],"texture":"#0"},"up":{"uv":[14.62,9.92,14.46,9.54],"texture":"#0"},"down":{"uv":[10.31,14.46,10.15,14.85],"texture":"#0"}},"rotation":{"origin":[6.9,9.75,11.3],"axis":"x","angle":45,"rescale":false}},{"from":[6.9,10.1,7],"to":[6.9,13.1,10],"faces":{"north":{"uv":[0,0,0,3.2],"texture":"#None"},"east":{"uv":[0,10.38,3,13.38],"texture":"#1"},"south":{"uv":[0,0,0,3.2],"texture":"#None"},"west":{"uv":[0,7.12,3,10.12],"texture":"#1"},"up":{"uv":[0,0,0,3.2],"texture":"#None"},"down":{"uv":[0,0,0,3.2],"texture":"#None"}}},{"from":[6.92,11.64388,9.27],"to":[7.34,13.56388,9.83],"faces":{"north":{"uv":[8.31,14.46,8.42,15.04],"texture":"#0"},"east":{"uv":[4.31,14.15,4.46,14.73],"texture":"#0"},"south":{"uv":[14.46,8.31,14.58,8.88],"texture":"#0"},"west":{"uv":[14.15,4.31,14.31,4.88],"texture":"#0"},"up":{"uv":[15.5,8.15,15.38,8],"texture":"#0"},"down":{"uv":[8.42,15.38,8.31,15.54],"texture":"#0"}}},{"from":[6.95,7.75,7.25],"to":[9.05,8.05,8.75],"faces":{"north":{"uv":[14.77,9.23,15.42,9.31],"texture":"#0"},"east":{"uv":[15.08,10.46,15.54,10.54],"texture":"#0"},"south":{"uv":[14.77,9.54,15.42,9.62],"texture":"#0"},"west":{"uv":[10.77,15.08,11.23,15.15],"texture":"#0"},"up":{"uv":[12.04,4.15,11.38,3.69],"texture":"#0"},"down":{"uv":[12.04,6.46,11.38,6.92],"texture":"#0"}}},{"from":[6.95,8.45,7.25],"to":[9.05,8.75,8.75],"faces":{"north":{"uv":[14.77,8.62,15.42,8.69],"texture":"#0"},"east":{"uv":[15.08,9.85,15.54,9.92],"texture":"#0"},"south":{"uv":[14.77,8.92,15.42,9],"texture":"#0"},"west":{"uv":[15.08,10.15,15.54,10.23],"texture":"#0"},"up":{"uv":[12.04,3.54,11.38,3.08],"texture":"#0"},"down":{"uv":[4.35,11.38,3.69,11.85],"texture":"#0"}}},{"from":[6.95,9.01987,9.92085],"to":[6.95,10.26987,11.17085],"faces":{"north":{"uv":[0,0,0,0.38],"texture":"#0"},"east":{"uv":[12.92,12.62,13.31,13],"texture":"#0"},"south":{"uv":[0,0,0,0.38],"texture":"#0"},"west":{"uv":[2.46,13.23,2.85,13.62],"texture":"#0"},"up":{"uv":[0,0.38,0,0],"texture":"#0"},"down":{"uv":[0,0,0,0.38],"texture":"#0"}}},{"from":[6.95,9.23013,11.42915],"to":[6.95,10.48013,12.67915],"faces":{"north":{"uv":[0,0,0,0.38],"texture":"#0"},"east":{"uv":[12.92,11.38,13.31,11.77],"texture":"#0"},"south":{"uv":[0,0,0,0.38],"texture":"#0"},"west":{"uv":[12.92,12,13.31,12.38],"texture":"#0"},"up":{"uv":[0,0.38,0,0],"texture":"#0"},"down":{"uv":[0,0,0,0.38],"texture":"#0"}}},{"from":[6.968,11.22179,7.556],"to":[7.156,12.09979,8.444],"faces":{"north":{"uv":[15.38,5.23,15.46,5.5],"texture":"#0"},"east":{"uv":[13.54,4.62,13.81,4.88],"texture":"#0"},"south":{"uv":[5.54,15.38,5.62,15.65],"texture":"#0"},"west":{"uv":[13.85,14.15,14.12,14.42],"texture":"#0"},"up":{"uv":[15.46,5.81,15.38,5.54],"texture":"#0"},"down":{"uv":[5.92,15.38,5.85,15.65],"texture":"#0"}},"rotation":{"origin":[6.312,11.66079,8],"axis":"x","angle":45,"rescale":false}},{"from":[6.975,5.55252,9.82689],"to":[6.975,9.70252,11.97689],"faces":{"north":{"uv":[0,0,0,1.27],"texture":"#0"},"east":{"uv":[6.77,9.54,7.42,10.81],"texture":"#0"},"south":{"uv":[0,0,0,1.27],"texture":"#0"},"west":{"uv":[7.69,9.54,8.35,10.81],"texture":"#0"},"up":{"uv":[0,0.65,0,0],"texture":"#0"},"down":{"uv":[0,0,0,0.65],"texture":"#0"}},"rotation":{"origin":[6.9,9.75,11.3],"axis":"x","angle":22.5,"rescale":false}},{"from":[6.975,9.79748,10.62311],"to":[6.975,13.94748,12.77311],"faces":{"north":{"uv":[0,0,0,1.27],"texture":"#0"},"east":{"uv":[4.92,9.54,5.58,10.81],"texture":"#0"},"south":{"uv":[0,0,0,1.27],"texture":"#0"},"west":{"uv":[5.85,9.54,6.5,10.81],"texture":"#0"},"up":{"uv":[0,0.65,0,0],"texture":"#0"},"down":{"uv":[0,0,0,0.65],"texture":"#0"}},"rotation":{"origin":[6.9,9.75,11.3],"axis":"x","angle":22.5,"rescale":false}},{"from":[7,-1.975,7],"to":[9,3.1,9],"faces":{"north":{"uv":[3.08,6.77,3.69,8.35],"texture":"#0"},"east":{"uv":[3.08,9.54,3.69,11.12],"texture":"#0"},"south":{"uv":[3.69,9.54,4.31,11.12],"texture":"#0"},"west":{"uv":[4.31,9.54,4.92,11.12],"texture":"#0"},"up":{"uv":[11.69,0.62,11.08,0],"texture":"#0"},"down":{"uv":[11.69,0.62,11.08,1.23],"texture":"#0"}}},{"from":[7,7.5,7.7],"to":[7.35,8.9,8.3],"faces":{"north":{"uv":[9.54,14.77,9.65,15.19],"texture":"#0"},"east":{"uv":[9.54,14.15,9.73,14.58],"texture":"#0"},"south":{"uv":[9.85,14.77,9.96,15.19],"texture":"#0"},"west":{"uv":[9.85,14.15,10.04,14.58],"texture":"#0"},"up":{"uv":[15.5,4.81,15.38,4.62],"texture":"#0"},"down":{"uv":[5.04,15.38,4.92,15.58],"texture":"#0"}}},{"from":[7,8.9,7],"to":[7.35,9.35,9],"faces":{"north":{"uv":[11.08,15.38,11.19,15.54],"texture":"#0"},"east":{"uv":[14.15,2.77,14.77,2.92],"texture":"#0"},"south":{"uv":[15.38,11.08,15.5,11.23],"texture":"#0"},"west":{"uv":[14.15,3.08,14.77,3.23],"texture":"#0"},"up":{"uv":[1.35,15.08,1.23,14.46],"texture":"#0"},"down":{"uv":[14.58,1.23,14.46,1.85],"texture":"#0"}}},{"from":[7,9.35,7.5],"to":[7.35,10.15,7.8],"faces":{"north":{"uv":[13.54,15.08,13.65,15.31],"texture":"#0"},"east":{"uv":[11.38,15.38,11.46,15.62],"texture":"#0"},"south":{"uv":[15.08,13.54,15.19,13.77],"texture":"#0"},"west":{"uv":[15.38,11.38,15.46,11.62],"texture":"#0"},"up":{"uv":[15.81,0.69,15.69,0.62],"texture":"#0"},"down":{"uv":[1.04,15.69,0.92,15.77],"texture":"#0"}}},{"from":[7,9.35,8.2],"to":[7.35,10.15,8.5],"faces":{"north":{"uv":[13.85,15.08,13.96,15.31],"texture":"#0"},"east":{"uv":[11.69,15.38,11.77,15.62],"texture":"#0"},"south":{"uv":[15.08,13.85,15.19,14.08],"texture":"#0"},"west":{"uv":[15.38,11.69,15.46,11.92],"texture":"#0"},"up":{"uv":[15.81,1,15.69,0.92],"texture":"#0"},"down":{"uv":[1.35,15.69,1.23,15.77],"texture":"#0"}}},{"from":[7,9.75,7.8],"to":[7.35,10.15,8.2],"faces":{"north":{"uv":[13.85,15.38,13.96,15.5],"texture":"#0"},"east":{"uv":[15.38,13.85,15.5,13.96],"texture":"#0"},"south":{"uv":[14.15,15.38,14.27,15.5],"texture":"#0"},"west":{"uv":[15.38,14.15,15.5,14.27],"texture":"#0"},"up":{"uv":[14.58,15.5,14.46,15.38],"texture":"#0"},"down":{"uv":[15.5,14.46,15.38,14.58],"texture":"#0"}}},{"from":[7.1299,10.9799,1],"to":[7.1299,12.6799,7.4],"faces":{"north":{"uv":[0,0,0,0.54],"texture":"#0"},"east":{"uv":[8.31,7.38,10.27,7.92],"texture":"#0"},"south":{"uv":[0,0,0,0.54],"texture":"#0"},"west":{"uv":[2.46,8.92,4.42,9.46],"texture":"#0"},"up":{"uv":[0,1.96,0,0],"texture":"#0"},"down":{"uv":[0,0,0,1.96],"texture":"#0"}},"rotation":{"origin":[7.1299,13.7799,2.2],"axis":"z","angle":-45,"rescale":false}},{"from":[7.156,10.82179,7.156],"to":[8.844,12.49979,8.844],"faces":{"north":{"uv":[12.31,2.77,12.85,3.27],"texture":"#0"},"east":{"uv":[12.31,3.38,12.85,3.88],"texture":"#0"},"south":{"uv":[12.31,4,12.85,4.5],"texture":"#0"},"west":{"uv":[12.31,4.62,12.85,5.12],"texture":"#0"},"up":{"uv":[12.54,10.69,12,10.15],"texture":"#0"},"down":{"uv":[12.54,10.77,12,11.31],"texture":"#0"}},"rotation":{"origin":[8,11.66079,8],"axis":"x","angle":45,"rescale":false}},{"from":[7.2,-9.4,7.5],"to":[7.2,-3.4,10],"faces":{"north":{"uv":[0,0,0,1.85],"texture":"#0"},"east":{"uv":[8.31,1.85,9.08,3.69],"texture":"#0"},"south":{"uv":[0,0,0,1.85],"texture":"#0"},"west":{"uv":[8.31,3.69,9.08,5.54],"texture":"#0"},"up":{"uv":[0,0.77,0,0],"texture":"#0"},"down":{"uv":[0,0,0,0.77],"texture":"#0"}}},{"from":[7.24424,13.375,9.28003],"to":[7.24424,16.575,10.08003],"faces":{"north":{"uv":[0,0,0,1],"texture":"#0"},"east":{"uv":[4.92,12.31,5.15,13.31],"texture":"#0"},"south":{"uv":[0,0,0,1],"texture":"#0"},"west":{"uv":[5.23,12.31,5.46,13.31],"texture":"#0"},"up":{"uv":[0,0.23,0,0],"texture":"#0"},"down":{"uv":[0,0,0,0.23],"texture":"#0"}},"rotation":{"origin":[7.24424,14.975,9.68003],"axis":"y","angle":22.5,"rescale":false}},{"from":[7.25,-14.775,8.1],"to":[8.75,-14.075,8.5],"faces":{"north":{"uv":[13.85,11.08,14.31,11.31],"texture":"#0"},"east":{"uv":[13.23,15.08,13.35,15.31],"texture":"#0"},"south":{"uv":[13.85,11.38,14.31,11.62],"texture":"#0"},"west":{"uv":[15.08,13.23,15.19,13.46],"texture":"#0"},"up":{"uv":[15.23,3.19,14.77,3.08],"texture":"#0"},"down":{"uv":[15.23,3.38,14.77,3.5],"texture":"#0"}},"rotation":{"origin":[8,-14.225,8.5],"axis":"x","angle":-45,"rescale":false}},{"from":[7.25,-14.51893,7.34393],"to":[8.75,-14.11893,8.39393],"faces":{"north":{"uv":[14.77,2.77,15.23,2.88],"texture":"#0"},"east":{"uv":[8.31,15.08,8.62,15.19],"texture":"#0"},"south":{"uv":[3.08,14.77,3.54,14.88],"texture":"#0"},"west":{"uv":[15.08,8.31,15.38,8.42],"texture":"#0"},"up":{"uv":[3.54,8.92,3.08,8.62],"texture":"#0"},"down":{"uv":[11.85,7.08,11.38,7.38],"texture":"#0"}}},{"from":[7.25,-13,7.25],"to":[8.75,-12,8.75],"faces":{"north":{"uv":[11.69,2.77,12.15,3.08],"texture":"#0"},"east":{"uv":[11.69,6.15,12.15,6.46],"texture":"#0"},"south":{"uv":[13.23,11.08,13.69,11.38],"texture":"#0"},"west":{"uv":[0.62,13.54,1.08,13.85],"texture":"#0"},"up":{"uv":[13.08,9.38,12.62,8.92],"texture":"#0"},"down":{"uv":[9.69,12.62,9.23,13.08],"texture":"#0"}}},{"from":[7.25,-6.2,7.5],"to":[8.75,-5.5,7.9],"faces":{"north":{"uv":[13.85,10.77,14.31,11],"texture":"#0"},"east":{"uv":[12.92,15.08,13.04,15.31],"texture":"#0"},"south":{"uv":[11.08,13.85,11.54,14.08],"texture":"#0"},"west":{"uv":[15.08,12.92,15.19,13.15],"texture":"#0"},"up":{"uv":[14.92,12.73,14.46,12.62],"texture":"#0"},"down":{"uv":[14.92,12.92,14.46,13.04],"texture":"#0"}},"rotation":{"origin":[8,-5.65,7.5],"axis":"x","angle":45,"rescale":false}},{"from":[7.25,-5.94393,7.60607],"to":[8.75,-5.54393,8.65607],"faces":{"north":{"uv":[14.46,13.23,14.92,13.35],"texture":"#0"},"east":{"uv":[8,15.08,8.31,15.19],"texture":"#0"},"south":{"uv":[14.46,13.54,14.92,13.65],"texture":"#0"},"west":{"uv":[15.08,8,15.38,8.12],"texture":"#0"},"up":{"uv":[3.54,2.46,3.08,2.15],"texture":"#0"},"down":{"uv":[2.92,8.62,2.46,8.92],"texture":"#0"}}},{"from":[7.25,-1.6,6.8],"to":[8.75,-0.7,7.3],"faces":{"north":{"uv":[8.62,13.85,9.08,14.12],"texture":"#0"},"east":{"uv":[15.08,6.46,15.23,6.73],"texture":"#0"},"south":{"uv":[13.85,8.62,14.31,8.88],"texture":"#0"},"west":{"uv":[6.77,15.08,6.92,15.35],"texture":"#0"},"up":{"uv":[14.92,6.31,14.46,6.15],"texture":"#0"},"down":{"uv":[14.92,6.46,14.46,6.62],"texture":"#0"}},"rotation":{"origin":[8,-1.1,6.3],"axis":"x","angle":22.5,"rescale":false}},{"from":[7.25,-1.6,8.7],"to":[8.75,-0.7,9.2],"faces":{"north":{"uv":[13.85,9.23,14.31,9.5],"texture":"#0"},"east":{"uv":[15.08,7.08,15.23,7.35],"texture":"#0"},"south":{"uv":[13.85,9.54,14.31,9.81],"texture":"#0"},"west":{"uv":[7.38,15.08,7.54,15.35],"texture":"#0"},"up":{"uv":[8.15,14.62,7.69,14.46],"texture":"#0"},"down":{"uv":[14.92,8,14.46,8.15],"texture":"#0"}},"rotation":{"origin":[8,-1.1,9.7],"axis":"x","angle":-22.5,"rescale":false}},{"from":[7.25,1.8,6.8],"to":[8.75,2.7,7.3],"faces":{"north":{"uv":[13.85,6.15,14.31,6.42],"texture":"#0"},"east":{"uv":[15.08,5.23,15.23,5.5],"texture":"#0"},"south":{"uv":[13.85,6.46,14.31,6.73],"texture":"#0"},"west":{"uv":[5.54,15.08,5.69,15.35],"texture":"#0"},"up":{"uv":[14.92,2.31,14.46,2.15],"texture":"#0"},"down":{"uv":[3.85,14.46,3.38,14.62],"texture":"#0"}},"rotation":{"origin":[8,2.2,6.3],"axis":"x","angle":-22.5,"rescale":false}},{"from":[7.25,1.8,8.7],"to":[8.75,2.7,9.2],"faces":{"north":{"uv":[13.85,5.54,14.31,5.81],"texture":"#0"},"east":{"uv":[4.92,15.08,5.08,15.35],"texture":"#0"},"south":{"uv":[13.85,5.85,14.31,6.12],"texture":"#0"},"west":{"uv":[5.23,15.08,5.38,15.35],"texture":"#0"},"up":{"uv":[14.92,2,14.46,1.85],"texture":"#0"},"down":{"uv":[2.62,14.46,2.15,14.62],"texture":"#0"}},"rotation":{"origin":[8,2.2,9.7],"axis":"x","angle":22.5,"rescale":false}},{"from":[7.25,6.4,7.25],"to":[8.75,7.4,8.75],"faces":{"north":{"uv":[13.54,0.62,14,0.92],"texture":"#0"},"east":{"uv":[13.54,0.92,14,1.23],"texture":"#0"},"south":{"uv":[1.23,13.54,1.69,13.85],"texture":"#0"},"west":{"uv":[13.54,1.23,14,1.54],"texture":"#0"},"up":{"uv":[13.08,10,12.62,9.54],"texture":"#0"},"down":{"uv":[13.08,10.15,12.62,10.62],"texture":"#0"}}},{"from":[7.25,7.97157,10.02469],"to":[8.75,10.77157,12.82469],"faces":{"north":{"uv":[10.77,8,11.23,8.85],"texture":"#0"},"east":{"uv":[5.23,7.08,6.08,7.92],"texture":"#0"},"south":{"uv":[10.77,8.92,11.23,9.77],"texture":"#0"},"west":{"uv":[9.85,6.46,10.69,7.31],"texture":"#0"},"up":{"uv":[11.23,10.69,10.77,9.85],"texture":"#0"},"down":{"uv":[11.23,10.77,10.77,11.62],"texture":"#0"}},"rotation":{"origin":[8,8.79657,11.42469],"axis":"x","angle":45,"rescale":false}},{"from":[7.25,9.53431,6.98431],"to":[8.75,10.78431,7.38431],"faces":{"north":{"uv":[12.31,12.62,12.77,13],"texture":"#0"},"east":{"uv":[3.38,15.08,3.5,15.46],"texture":"#0"},"south":{"uv":[0,12.92,0.46,13.31],"texture":"#0"},"west":{"uv":[4,15.08,4.12,15.46],"texture":"#0"},"up":{"uv":[1.08,14.88,0.62,14.77],"texture":"#0"},"down":{"uv":[15.23,0.62,14.77,0.73],"texture":"#0"}}},{"from":[7.25,9.53431,8.61569],"to":[8.75,10.78431,9.01569],"faces":{"north":{"uv":[12.92,0,13.38,0.38],"texture":"#0"},"east":{"uv":[4.31,15.08,4.42,15.46],"texture":"#0"},"south":{"uv":[0.62,12.92,1.08,13.31],"texture":"#0"},"west":{"uv":[4.62,15.08,4.73,15.46],"texture":"#0"},"up":{"uv":[4.77,14.88,4.31,14.77],"texture":"#0"},"down":{"uv":[15.23,4.31,14.77,4.42],"texture":"#0"}}},{"from":[7.25,10.85754,6.80754],"to":[8.75,11.50754,7.20754],"faces":{"north":{"uv":[14.15,3.69,14.62,3.88],"texture":"#0"},"east":{"uv":[3.69,15.38,3.81,15.58],"texture":"#0"},"south":{"uv":[14.15,4,14.62,4.19],"texture":"#0"},"west":{"uv":[15.38,3.69,15.5,3.88],"texture":"#0"},"up":{"uv":[15.23,0.12,14.77,0],"texture":"#0"},"down":{"uv":[15.23,0.31,14.77,0.42],"texture":"#0"}},"rotation":{"origin":[8,10.60754,6.80754],"axis":"x","angle":45,"rescale":false}},{"from":[7.25,10.85754,8.79246],"to":[8.75,11.50754,9.19246],"faces":{"north":{"uv":[14.15,4.92,14.62,5.12],"texture":"#0"},"east":{"uv":[15.38,4,15.5,4.19],"texture":"#0"},"south":{"uv":[5.23,14.15,5.69,14.35],"texture":"#0"},"west":{"uv":[15.38,4.31,15.5,4.5],"texture":"#0"},"up":{"uv":[15.23,4.73,14.77,4.62],"texture":"#0"},"down":{"uv":[15.23,4.92,14.77,5.04],"texture":"#0"}},"rotation":{"origin":[8,10.60754,9.19246],"axis":"x","angle":-45,"rescale":false}},{"from":[7.275,4.00452,8.10602],"to":[7.275,4.35252,8.22202],"faces":{"north":{"uv":[0,0,0,0.12],"texture":"#0"},"east":{"uv":[15.69,3.69,15.73,3.81],"texture":"#0"},"south":{"uv":[0,0,0,0.12],"texture":"#0"},"west":{"uv":[4,15.69,4.04,15.81],"texture":"#0"},"up":{"uv":[0,0.04,0,0],"texture":"#0"},"down":{"uv":[0,0,0,0.04],"texture":"#0"}}},{"from":[7.275,4.00452,8.20752],"to":[7.275,4.12052,8.33802],"faces":{"north":{"uv":[0,0,0,0.04],"texture":"#0"},"east":{"uv":[15.69,9.54,15.73,9.58],"texture":"#0"},"south":{"uv":[0,0,0,0.04],"texture":"#0"},"west":{"uv":[9.85,15.69,9.88,15.73],"texture":"#0"},"up":{"uv":[0,0.04,0,0],"texture":"#0"},"down":{"uv":[0,0,0,0.04],"texture":"#0"}}},{"from":[7.275,4.06252,7.93202],"to":[7.275,4.35252,8.04802],"faces":{"north":{"uv":[0,0,0,0.08],"texture":"#0"},"east":{"uv":[15.69,6.15,15.73,6.23],"texture":"#0"},"south":{"uv":[0,0,0,0.08],"texture":"#0"},"west":{"uv":[6.46,15.69,6.5,15.77],"texture":"#0"},"up":{"uv":[0,0.04,0,0],"texture":"#0"},"down":{"uv":[0,0,0,0.04],"texture":"#0"}}},{"from":[7.275,4.32352,7.77252],"to":[7.275,4.43952,8.32352],"faces":{"north":{"uv":[0,0,0,0.04],"texture":"#0"},"east":{"uv":[15.69,2.15,15.85,2.19],"texture":"#0"},"south":{"uv":[0,0,0,0.04],"texture":"#0"},"west":{"uv":[2.46,15.69,2.62,15.73],"texture":"#0"},"up":{"uv":[0,0.15,0,0],"texture":"#0"},"down":{"uv":[0,0,0,0.15],"texture":"#0"}}},{"from":[7.275,4.41155,8.25909],"to":[7.275,4.52755,8.52009],"faces":{"north":{"uv":[0,0,0,0.04],"texture":"#0"},"east":{"uv":[15.69,4.92,15.77,4.96],"texture":"#0"},"south":{"uv":[0,0,0,0.04],"texture":"#0"},"west":{"uv":[5.23,15.69,5.31,15.73],"texture":"#0"},"up":{"uv":[0,0.08,0,0],"texture":"#0"},"down":{"uv":[0,0,0,0.08],"texture":"#0"}},"rotation":{"origin":[7.275,4.44055,8.40409],"axis":"x","angle":-45,"rescale":false}},{"from":[7.275,4.50516,7.85806],"to":[7.275,4.70816,8.00306],"faces":{"north":{"uv":[0,0,0,0.08],"texture":"#0"},"east":{"uv":[15.69,5.54,15.73,5.62],"texture":"#0"},"south":{"uv":[0,0,0,0.08],"texture":"#0"},"west":{"uv":[5.85,15.69,5.88,15.77],"texture":"#0"},"up":{"uv":[0,0.04,0,0],"texture":"#0"},"down":{"uv":[0,0,0,0.04],"texture":"#0"}}},{"from":[7.275,4.50516,7.98856],"to":[7.275,4.60666,8.14806],"faces":{"north":{"uv":[0,0,0,0.04],"texture":"#0"},"east":{"uv":[15.69,9.23,15.73,9.27],"texture":"#0"},"south":{"uv":[0,0,0,0.04],"texture":"#0"},"west":{"uv":[9.54,15.69,9.58,15.73],"texture":"#0"},"up":{"uv":[0,0.04,0,0],"texture":"#0"},"down":{"uv":[0,0,0,0.04],"texture":"#0"}}},{"from":[7.275,4.50516,8.13356],"to":[7.275,4.70816,8.27856],"faces":{"north":{"uv":[0,0,0,0.08],"texture":"#0"},"east":{"uv":[15.69,5.23,15.73,5.31],"texture":"#0"},"south":{"uv":[0,0,0,0.08],"texture":"#0"},"west":{"uv":[5.54,15.69,5.58,15.77],"texture":"#0"},"up":{"uv":[0,0.04,0,0],"texture":"#0"},"down":{"uv":[0,0,0,0.04],"texture":"#0"}}},{"from":[7.275,4.51408,8.44862],"to":[7.275,4.86208,8.56462],"faces":{"north":{"uv":[0,0,0,0.12],"texture":"#0"},"east":{"uv":[15.69,3.08,15.73,3.19],"texture":"#0"},"south":{"uv":[0,0,0,0.12],"texture":"#0"},"west":{"uv":[3.38,15.69,3.42,15.81],"texture":"#0"},"up":{"uv":[0,0.04,0,0],"texture":"#0"},"down":{"uv":[0,0,0,0.04],"texture":"#0"}},"rotation":{"origin":[7.275,4.54308,8.50662],"axis":"x","angle":-45,"rescale":false}},{"from":[7.275,4.5321,7.61697],"to":[7.275,4.6481,7.90697],"faces":{"north":{"uv":[0,0,0,0.04],"texture":"#0"},"east":{"uv":[15.69,5.85,15.77,5.88],"texture":"#0"},"south":{"uv":[0,0,0,0.04],"texture":"#0"},"west":{"uv":[6.15,15.69,6.23,15.73],"texture":"#0"},"up":{"uv":[0,0.08,0,0],"texture":"#0"},"down":{"uv":[0,0,0,0.08],"texture":"#0"}},"rotation":{"origin":[7.275,4.5901,7.58797],"axis":"x","angle":45,"rescale":false}},{"from":[7.275,4.57705,8.26964],"to":[7.275,4.69305,8.50164],"faces":{"north":{"uv":[0,0,0,0.04],"texture":"#0"},"east":{"uv":[15.69,6.46,15.77,6.5],"texture":"#0"},"south":{"uv":[0,0,0,0.04],"texture":"#0"},"west":{"uv":[6.77,15.69,6.85,15.73],"texture":"#0"},"up":{"uv":[0,0.08,0,0],"texture":"#0"},"down":{"uv":[0,0,0,0.08],"texture":"#0"}},"rotation":{"origin":[7.275,4.63505,8.70464],"axis":"x","angle":45,"rescale":false}},{"from":[7.275,4.69366,7.85806],"to":[7.275,4.80966,8.32206],"faces":{"north":{"uv":[0,0,0,0.04],"texture":"#0"},"east":{"uv":[15.69,1.85,15.85,1.88],"texture":"#0"},"south":{"uv":[0,0,0,0.04],"texture":"#0"},"west":{"uv":[2.15,15.69,2.31,15.73],"texture":"#0"},"up":{"uv":[0,0.15,0,0],"texture":"#0"},"down":{"uv":[0,0,0,0.15],"texture":"#0"}}},{"from":[7.275,4.73716,7.55356],"to":[7.275,4.85316,7.88706],"faces":{"north":{"uv":[0,0,0,0.04],"texture":"#0"},"east":{"uv":[15.69,3.38,15.81,3.42],"texture":"#0"},"south":{"uv":[0,0,0,0.04],"texture":"#0"},"west":{"uv":[3.69,15.69,3.81,15.73],"texture":"#0"},"up":{"uv":[0,0.12,0,0],"texture":"#0"},"down":{"uv":[0,0,0,0.12],"texture":"#0"}},"rotation":{"origin":[7.275,4.79516,7.91606],"axis":"x","angle":-45,"rescale":false}},{"from":[7.275,4.7411,7.55253],"to":[7.275,4.8571,7.84253],"faces":{"north":{"uv":[0,0,0,0.04],"texture":"#0"},"east":{"uv":[15.69,6.77,15.77,6.81],"texture":"#0"},"south":{"uv":[0,0,0,0.04],"texture":"#0"},"west":{"uv":[7.08,15.69,7.15,15.73],"texture":"#0"},"up":{"uv":[0,0.08,0,0],"texture":"#0"},"down":{"uv":[0,0,0,0.08],"texture":"#0"}},"rotation":{"origin":[7.275,4.7991,7.63953],"axis":"x","angle":-45,"rescale":false}},{"from":[7.275,4.86766,7.74206],"to":[7.275,4.98366,8.43806],"faces":{"north":{"uv":[0,0,0,0.04],"texture":"#0"},"east":{"uv":[15.69,0,15.92,0.04],"texture":"#0"},"south":{"uv":[0,0,0,0.04],"texture":"#0"},"west":{"uv":[0.31,15.69,0.54,15.73],"texture":"#0"},"up":{"uv":[0,0.23,0,0],"texture":"#0"},"down":{"uv":[0,0,0,0.23],"texture":"#0"}}},{"from":[7.275,7.23306,9.03128],"to":[8.725,11.18306,11.83128],"faces":{"north":{"uv":[10.77,2.15,11.23,3.38],"texture":"#0"},"east":{"uv":[8.92,8.92,9.77,10.15],"texture":"#0"},"south":{"uv":[10.77,3.38,11.23,4.62],"texture":"#0"},"west":{"uv":[0,9.23,0.85,10.46],"texture":"#0"},"up":{"uv":[6.62,7.92,6.15,7.08],"texture":"#0"},"down":{"uv":[11.23,6.46,10.77,7.31],"texture":"#0"}}},{"from":[7.315,13.31364,9.52257],"to":[8.685,14.13364,10.18257],"faces":{"north":{"uv":[10.46,13.85,10.88,14.12],"texture":"#0"},"east":{"uv":[8,14.77,8.19,15.04],"texture":"#0"},"south":{"uv":[13.85,10.46,14.27,10.73],"texture":"#0"},"west":{"uv":[14.77,8.31,14.96,8.58],"texture":"#0"},"up":{"uv":[8.73,14.35,8.31,14.15],"texture":"#0"},"down":{"uv":[9.35,14.15,8.92,14.35],"texture":"#0"}},"rotation":{"origin":[8,13.97364,9.52257],"axis":"x","angle":22.5,"rescale":false}},{"from":[7.34,12.04388,9.27],"to":[8.66,13.36388,9.93],"faces":{"north":{"uv":[11.08,12.62,11.5,13.04],"texture":"#0"},"east":{"uv":[7.08,14.15,7.27,14.58],"texture":"#0"},"south":{"uv":[11.69,12.62,12.12,13.04],"texture":"#0"},"west":{"uv":[7.38,14.15,7.58,14.58],"texture":"#0"},"up":{"uv":[14.58,5.42,14.15,5.23],"texture":"#0"},"down":{"uv":[8.12,14.15,7.69,14.35],"texture":"#0"}}},{"from":[7.35,3.05,7.35],"to":[8.65,11.25,8.65],"faces":{"north":{"uv":[0.92,9.23,1.31,11.77],"texture":"#0"},"east":{"uv":[9.23,1.85,9.62,4.38],"texture":"#0"},"south":{"uv":[9.23,4.62,9.62,7.15],"texture":"#0"},"west":{"uv":[2.46,9.54,2.85,12.08],"texture":"#0"},"up":{"uv":[13.62,10.85,13.23,10.46],"texture":"#0"},"down":{"uv":[11.15,13.23,10.77,13.62],"texture":"#0"}}},{"from":[7.375,-16,8.175],"to":[8.625,-15.15,9.025],"faces":{"north":{"uv":[13.85,13.54,14.23,13.81],"texture":"#0"},"east":{"uv":[0.62,14.46,0.88,14.73],"texture":"#0"},"south":{"uv":[0,14.15,0.38,14.42],"texture":"#0"},"west":{"uv":[14.46,0.62,14.73,0.88],"texture":"#0"},"up":{"uv":[14.54,0.27,14.15,0],"texture":"#0"},"down":{"uv":[14.54,0.31,14.15,0.58],"texture":"#0"}},"rotation":{"origin":[8,-14.975,8],"axis":"x","angle":45,"rescale":false}},{"from":[7.375,-13,6.975],"to":[8.625,-12.15,7.825],"faces":{"north":{"uv":[12.92,13.85,13.31,14.12],"texture":"#0"},"east":{"uv":[0,14.46,0.27,14.73],"texture":"#0"},"south":{"uv":[13.85,12.92,14.23,13.19],"texture":"#0"},"west":{"uv":[0.31,14.46,0.58,14.73],"texture":"#0"},"up":{"uv":[14.23,13.5,13.85,13.23],"texture":"#0"},"down":{"uv":[13.92,13.85,13.54,14.12],"texture":"#0"}},"rotation":{"origin":[8,-11.975,8],"axis":"x","angle":-45,"rescale":false}},{"from":[7.375,-7.425,8.175],"to":[8.625,-6.575,9.025],"faces":{"north":{"uv":[13.85,12,14.23,12.27],"texture":"#0"},"east":{"uv":[12.92,6.77,13.19,7.04],"texture":"#0"},"south":{"uv":[12.31,13.85,12.69,14.12],"texture":"#0"},"west":{"uv":[10.15,12.92,10.42,13.19],"texture":"#0"},"up":{"uv":[14.23,12.58,13.85,12.31],"texture":"#0"},"down":{"uv":[14.23,12.62,13.85,12.88],"texture":"#0"}},"rotation":{"origin":[8,-6.4,8],"axis":"x","angle":45,"rescale":false}},{"from":[7.406,-15.82179,7.406],"to":[8.594,-14.39379,8.594],"faces":{"north":{"uv":[5.85,12.92,6.23,13.35],"texture":"#0"},"east":{"uv":[12.92,6.15,13.31,6.58],"texture":"#0"},"south":{"uv":[6.46,12.92,6.85,13.35],"texture":"#0"},"west":{"uv":[7.08,12.92,7.46,13.35],"texture":"#0"},"up":{"uv":[11.77,13.62,11.38,13.23],"texture":"#0"},"down":{"uv":[12.38,13.23,12,13.62],"texture":"#0"}}},{"from":[7.406,-7.24679,7.406],"to":[8.594,-5.81879,8.594],"faces":{"north":{"uv":[3.69,12.92,4.08,13.35],"texture":"#0"},"east":{"uv":[12.92,3.69,13.31,4.12],"texture":"#0"},"south":{"uv":[4.31,12.92,4.69,13.35],"texture":"#0"},"west":{"uv":[12.92,4.31,13.31,4.73],"texture":"#0"},"up":{"uv":[13.62,10.23,13.23,9.85],"texture":"#0"},"down":{"uv":[10.54,13.23,10.15,13.62],"texture":"#0"}}},{"from":[7.406,11.62179,6.956],"to":[8.594,14.04979,9.394],"faces":{"north":{"uv":[12.31,1.85,12.69,2.58],"texture":"#0"},"east":{"uv":[10.77,4.62,11.54,5.35],"texture":"#0"},"south":{"uv":[2.46,12.31,2.85,13.04],"texture":"#0"},"west":{"uv":[10.77,5.54,11.54,6.27],"texture":"#0"},"up":{"uv":[12.38,7.85,12,7.08],"texture":"#0"},"down":{"uv":[12.38,8,12,8.77],"texture":"#0"}},"rotation":{"origin":[8,12.96079,7.8],"axis":"x","angle":45,"rescale":false}},{"from":[7.44,12.69588,9.8568],"to":[8.56,13.11588,10.8668],"faces":{"north":{"uv":[15.08,7.38,15.42,7.5],"texture":"#0"},"east":{"uv":[8.62,15.08,8.92,15.19],"texture":"#0"},"south":{"uv":[15.08,7.69,15.42,7.81],"texture":"#0"},"west":{"uv":[8.92,15.08,9.23,15.19],"texture":"#0"},"up":{"uv":[12.04,14.15,11.69,13.85],"texture":"#0"},"down":{"uv":[14.19,11.69,13.85,12],"texture":"#0"}},"rotation":{"origin":[8,13.05588,9.8568],"axis":"x","angle":22.5,"rescale":false}},{"from":[7.44,13.06107,10.13233],"to":[8.56,13.78107,11.54233],"faces":{"north":{"uv":[10.77,14.15,11.12,14.38],"texture":"#0"},"east":{"uv":[1.85,14.15,2.27,14.38],"texture":"#0"},"south":{"uv":[11.38,14.15,11.73,14.38],"texture":"#0"},"west":{"uv":[14.15,2.46,14.58,2.69],"texture":"#0"},"up":{"uv":[0.35,13.96,0,13.54],"texture":"#0"},"down":{"uv":[13.88,0,13.54,0.42],"texture":"#0"}},"rotation":{"origin":[8,13.72107,10.13233],"axis":"x","angle":22.5,"rescale":false}},{"from":[7.5,-15.275,8.6],"to":[9,-13.775,9],"faces":{"north":{"uv":[12.62,8.31,13.08,8.77],"texture":"#0"},"east":{"uv":[14.77,0.92,14.88,1.38],"texture":"#0"},"south":{"uv":[8.62,12.62,9.08,13.08],"texture":"#0"},"west":{"uv":[2.15,14.77,2.27,15.23],"texture":"#0"},"up":{"uv":[15.23,1.65,14.77,1.54],"texture":"#0"},"down":{"uv":[15.23,2.46,14.77,2.58],"texture":"#0"}},"rotation":{"origin":[8,-14.275,8.75],"axis":"z","angle":-45,"rescale":false}},{"from":[7.5,-6.7,7],"to":[9,-5.2,7.4],"faces":{"north":{"uv":[12.62,7.08,13.08,7.54],"texture":"#0"},"east":{"uv":[13.85,14.46,13.96,14.92],"texture":"#0"},"south":{"uv":[12.62,7.69,13.08,8.15],"texture":"#0"},"west":{"uv":[14.46,13.85,14.58,14.31],"texture":"#0"},"up":{"uv":[14.62,14.58,14.15,14.46],"texture":"#0"},"down":{"uv":[0.46,14.77,0,14.88],"texture":"#0"}},"rotation":{"origin":[8,-5.7,7.25],"axis":"z","angle":-45,"rescale":false}},{"from":[7.5,10.8,8.85],"to":[9,12.3,9.25],"faces":{"north":{"uv":[10.46,12.62,10.92,13.08],"texture":"#0"},"east":{"uv":[2.46,14.77,2.58,15.23],"texture":"#0"},"south":{"uv":[12.62,10.77,13.08,11.23],"texture":"#0"},"west":{"uv":[3.69,14.77,3.81,15.23],"texture":"#0"},"up":{"uv":[15.23,3.81,14.77,3.69],"texture":"#0"},"down":{"uv":[15.23,4,14.77,4.12],"texture":"#0"}},"rotation":{"origin":[8,11.3,9],"axis":"z","angle":45,"rescale":false}},{"from":[7.5248,-14.24721,7.5248],"to":[8.4752,-7.35621,8.4752],"faces":{"north":{"uv":[1.85,10.46,2.15,12.58],"texture":"#0"},"east":{"uv":[2.15,10.46,2.46,12.58],"texture":"#0"},"south":{"uv":[10.46,9.54,10.77,11.65],"texture":"#0"},"west":{"uv":[10.77,0,11.08,2.12],"texture":"#0"},"up":{"uv":[11.69,4.62,11.38,4.31],"texture":"#0"},"down":{"uv":[12.31,11.38,12,11.69],"texture":"#0"}}},{"from":[7.5248,-5.84721,7.5248],"to":[8.4752,-1.95621,8.4752],"faces":{"north":{"uv":[10.46,0,10.77,1.19],"texture":"#0"},"east":{"uv":[4.92,11.08,5.23,12.27],"texture":"#0"},"south":{"uv":[5.23,11.08,5.54,12.27],"texture":"#0"},"west":{"uv":[5.54,11.08,5.85,12.27],"texture":"#0"},"up":{"uv":[9.85,8.92,9.54,8.62],"texture":"#0"},"down":{"uv":[11.38,1.85,11.08,2.15],"texture":"#0"}}},{"from":[7.5682,9.21612,6.98431],"to":[8.4312,9.54112,7.38431],"faces":{"north":{"uv":[15.08,10.77,15.35,10.88],"texture":"#0"},"east":{"uv":[13.23,15.38,13.35,15.5],"texture":"#0"},"south":{"uv":[15.08,11.08,15.35,11.19],"texture":"#0"},"west":{"uv":[15.38,13.23,15.5,13.35],"texture":"#0"},"up":{"uv":[11.65,15.19,11.38,15.08],"texture":"#0"},"down":{"uv":[15.35,11.38,15.08,11.5],"texture":"#0"}}},{"from":[7.5682,9.21612,8.61569],"to":[8.4312,9.54112,9.01569],"faces":{"north":{"uv":[11.69,15.08,11.96,15.19],"texture":"#0"},"east":{"uv":[13.54,15.38,13.65,15.5],"texture":"#0"},"south":{"uv":[15.08,11.69,15.35,11.81],"texture":"#0"},"west":{"uv":[15.38,13.54,15.5,13.65],"texture":"#0"},"up":{"uv":[12.27,15.19,12,15.08],"texture":"#0"},"down":{"uv":[15.35,12,15.08,12.12],"texture":"#0"}}},{"from":[7.57984,-0.54,5.88852],"to":[8.41984,1.14,5.88852],"faces":{"north":{"uv":[7.38,13.54,7.65,14.04],"texture":"#0"},"east":{"uv":[0,0,0,0.5],"texture":"#0"},"south":{"uv":[7.69,13.54,7.96,14.04],"texture":"#0"},"west":{"uv":[0,0,0,0.5],"texture":"#0"},"up":{"uv":[0.27,0,0,0],"texture":"#0"},"down":{"uv":[0.27,0,0,0],"texture":"#0"}},"rotation":{"origin":[8,0.3,8],"axis":"y","angle":22.5,"rescale":false}},{"from":[7.57984,-0.54,5.88852],"to":[8.41984,1.14,5.88852],"faces":{"north":{"uv":[8,13.54,8.27,14.04],"texture":"#0"},"east":{"uv":[0,0,0,0.5],"texture":"#0"},"south":{"uv":[8.31,13.54,8.58,14.04],"texture":"#0"},"west":{"uv":[0,0,0,0.5],"texture":"#0"},"up":{"uv":[0.27,0,0,0],"texture":"#0"},"down":{"uv":[0.27,0,0,0],"texture":"#0"}},"rotation":{"origin":[8,0.3,8],"axis":"y","angle":-22.5,"rescale":false}},{"from":[7.57984,0.16,5.88852],"to":[8.41984,1.84,5.88852],"faces":{"north":{"uv":[13.54,6.15,13.81,6.65],"texture":"#0"},"east":{"uv":[0,0,0,0.5],"texture":"#0"},"south":{"uv":[6.46,13.54,6.73,14.04],"texture":"#0"},"west":{"uv":[0,0,0,0.5],"texture":"#0"},"up":{"uv":[0.27,0,0,0],"texture":"#0"},"down":{"uv":[0.27,0,0,0],"texture":"#0"}}},{"from":[7.57984,0.16,5.88852],"to":[8.41984,1.84,5.88852],"faces":{"north":{"uv":[6.77,13.54,7.04,14.04],"texture":"#0"},"east":{"uv":[0,0,0,0.5],"texture":"#0"},"south":{"uv":[7.08,13.54,7.35,14.04],"texture":"#0"},"west":{"uv":[0,0,0,0.5],"texture":"#0"},"up":{"uv":[0.27,0,0,0],"texture":"#0"},"down":{"uv":[0.27,0,0,0],"texture":"#0"}},"rotation":{"origin":[8,1,8],"axis":"y","angle":45,"rescale":false}},{"from":[7.58016,-0.54,10.11148],"to":[8.42016,1.14,10.11148],"faces":{"north":{"uv":[0.62,13.85,0.88,14.35],"texture":"#0"},"east":{"uv":[0,0,0,0.5],"texture":"#0"},"south":{"uv":[0.92,13.85,1.19,14.35],"texture":"#0"},"west":{"uv":[0,0,0,0.5],"texture":"#0"},"up":{"uv":[0.27,0,0,0],"texture":"#0"},"down":{"uv":[0.27,0,0,0],"texture":"#0"}},"rotation":{"origin":[8,0.3,8],"axis":"y","angle":22.5,"rescale":false}},{"from":[7.58016,-0.54,10.11148],"to":[8.42016,1.14,10.11148],"faces":{"north":{"uv":[1.23,13.85,1.5,14.35],"texture":"#0"},"east":{"uv":[0,0,0,0.5],"texture":"#0"},"south":{"uv":[1.54,13.85,1.81,14.35],"texture":"#0"},"west":{"uv":[0,0,0,0.5],"texture":"#0"},"up":{"uv":[0.27,0,0,0],"texture":"#0"},"down":{"uv":[0.27,0,0,0],"texture":"#0"}},"rotation":{"origin":[8,0.3,8],"axis":"y","angle":-22.5,"rescale":false}},{"from":[7.58016,0.16,10.11148],"to":[8.42016,1.84,10.11148],"faces":{"north":{"uv":[13.54,4,13.81,4.5],"texture":"#0"},"east":{"uv":[0,0,0,0.5],"texture":"#0"},"south":{"uv":[4.31,13.54,4.58,14.04],"texture":"#0"},"west":{"uv":[0,0,0,0.5],"texture":"#0"},"up":{"uv":[0.27,0,0,0],"texture":"#0"},"down":{"uv":[0.27,0,0,0],"texture":"#0"}}},{"from":[7.58016,0.16,10.11148],"to":[8.42016,1.84,10.11148],"faces":{"north":{"uv":[4.62,13.54,4.88,14.04],"texture":"#0"},"east":{"uv":[0,0,0,0.5],"texture":"#0"},"south":{"uv":[4.92,13.54,5.19,14.04],"texture":"#0"},"west":{"uv":[0,0,0,0.5],"texture":"#0"},"up":{"uv":[0.27,0,0,0],"texture":"#0"},"down":{"uv":[0.27,0,0,0],"texture":"#0"}},"rotation":{"origin":[8,1,8],"axis":"y","angle":45,"rescale":false}},{"from":[7.625,9.53306,6.36872],"to":[8.375,11.18306,7.36872],"faces":{"north":{"uv":[13.85,9.85,14.08,10.35],"texture":"#0"},"east":{"uv":[11.08,1.23,11.38,1.73],"texture":"#0"},"south":{"uv":[10.15,13.85,10.38,14.35],"texture":"#0"},"west":{"uv":[4.62,11.38,4.92,11.88],"texture":"#0"},"up":{"uv":[1.15,14.77,0.92,14.46],"texture":"#0"},"down":{"uv":[14.69,0.92,14.46,1.23],"texture":"#0"}}},{"from":[7.66673,9.87825,6.98431],"to":[8.16673,10.32825,7.38431],"faces":{"north":{"uv":[15.08,15.08,15.23,15.23],"texture":"#0"},"east":{"uv":[15.38,6.46,15.5,6.62],"texture":"#0"},"south":{"uv":[0,15.38,0.15,15.54],"texture":"#0"},"west":{"uv":[6.77,15.38,6.88,15.54],"texture":"#0"},"up":{"uv":[15.54,6.88,15.38,6.77],"texture":"#0"},"down":{"uv":[7.23,15.38,7.08,15.5],"texture":"#0"}},"rotation":{"origin":[8.41673,9.42825,6.98431],"axis":"z","angle":45,"rescale":false}},{"from":[7.66673,9.87825,8.61569],"to":[8.16673,10.32825,9.01569],"faces":{"north":{"uv":[15.38,3.08,15.54,3.23],"texture":"#0"},"east":{"uv":[10.15,15.38,10.27,15.54],"texture":"#0"},"south":{"uv":[15.38,3.38,15.54,3.54],"texture":"#0"},"west":{"uv":[10.46,15.38,10.58,15.54],"texture":"#0"},"up":{"uv":[10.92,15.5,10.77,15.38],"texture":"#0"},"down":{"uv":[15.54,10.77,15.38,10.88],"texture":"#0"}},"rotation":{"origin":[8.41673,9.42825,9.01569],"axis":"z","angle":45,"rescale":false}},{"from":[7.7195,11.64788,9.27],"to":[8.66,12.58838,9.955],"faces":{"north":{"uv":[12.62,6.15,12.92,6.46],"texture":"#0"},"east":{"uv":[11.38,14.46,11.58,14.77],"texture":"#0"},"south":{"uv":[12.92,4.92,13.23,5.23],"texture":"#0"},"west":{"uv":[14.46,11.38,14.65,11.69],"texture":"#0"},"up":{"uv":[12,14.65,11.69,14.46],"texture":"#0"},"down":{"uv":[14.77,11.69,14.46,11.88],"texture":"#0"}},"rotation":{"origin":[8,12.30788,9.27],"axis":"z","angle":-45,"rescale":false}},{"from":[7.75,4.075,9.675],"to":[8.25,6.175,10.275],"faces":{"north":{"uv":[14.15,0.62,14.31,1.27],"texture":"#0"},"east":{"uv":[13.85,2.77,14.04,3.42],"texture":"#0"},"south":{"uv":[14.15,1.54,14.31,2.19],"texture":"#0"},"west":{"uv":[3.08,13.85,3.27,14.5],"texture":"#0"},"up":{"uv":[12.46,15.27,12.31,15.08],"texture":"#0"},"down":{"uv":[15.23,12.31,15.08,12.5],"texture":"#0"}}},{"from":[7.75,6.175,8.675],"to":[8.25,7.275,10.275],"faces":{"north":{"uv":[14.77,7.38,14.92,7.73],"texture":"#0"},"east":{"uv":[12.92,2.46,13.42,2.81],"texture":"#0"},"south":{"uv":[7.69,14.77,7.85,15.12],"texture":"#0"},"west":{"uv":[12.92,3.08,13.42,3.42],"texture":"#0"},"up":{"uv":[12.15,14.65,12,14.15],"texture":"#0"},"down":{"uv":[12.46,14.15,12.31,14.65],"texture":"#0"}}},{"from":[7.775,3.65074,9.11005],"to":[8.225,4.65074,9.68505],"faces":{"north":{"uv":[2.77,15.08,2.92,15.38],"texture":"#0"},"east":{"uv":[14.46,12,14.65,12.31],"texture":"#0"},"south":{"uv":[3.08,15.08,3.23,15.38],"texture":"#0"},"west":{"uv":[14.46,12.31,14.65,12.62],"texture":"#0"},"up":{"uv":[12.77,15.27,12.62,15.08],"texture":"#0"},"down":{"uv":[15.23,12.62,15.08,12.81],"texture":"#0"}},"rotation":{"origin":[8,3.65074,9.28505],"axis":"x","angle":45,"rescale":false}},{"from":[7.8,3.36789,8.76789],"to":[8.2,3.86789,9.56789],"faces":{"north":{"uv":[12.92,15.38,13.04,15.54],"texture":"#0"},"east":{"uv":[9.23,15.08,9.46,15.23],"texture":"#0"},"south":{"uv":[15.38,12.92,15.5,13.08],"texture":"#0"},"west":{"uv":[10.15,15.08,10.38,15.23],"texture":"#0"},"up":{"uv":[14.88,15.31,14.77,15.08],"texture":"#0"},"down":{"uv":[15.19,14.77,15.08,15],"texture":"#0"}}},{"from":[7.83327,9.87825,6.98431],"to":[8.33327,10.32825,7.38431],"faces":{"north":{"uv":[15.38,0,15.54,0.15],"texture":"#0"},"east":{"uv":[15.38,7.08,15.5,7.23],"texture":"#0"},"south":{"uv":[0.31,15.38,0.46,15.54],"texture":"#0"},"west":{"uv":[7.38,15.38,7.5,15.54],"texture":"#0"},"up":{"uv":[7.85,15.5,7.69,15.38],"texture":"#0"},"down":{"uv":[8.15,15.38,8,15.5],"texture":"#0"}},"rotation":{"origin":[7.58327,9.42825,6.98431],"axis":"z","angle":-45,"rescale":false}},{"from":[7.83327,9.87825,8.61569],"to":[8.33327,10.32825,9.01569],"faces":{"north":{"uv":[15.38,2.77,15.54,2.92],"texture":"#0"},"east":{"uv":[8.92,15.38,9.04,15.54],"texture":"#0"},"south":{"uv":[3.08,15.38,3.23,15.54],"texture":"#0"},"west":{"uv":[9.23,15.38,9.35,15.54],"texture":"#0"},"up":{"uv":[9.69,15.5,9.54,15.38],"texture":"#0"},"down":{"uv":[10,15.38,9.85,15.5],"texture":"#0"}},"rotation":{"origin":[7.58327,9.42825,9.01569],"axis":"z","angle":-45,"rescale":false}},{"from":[8,-12.5,6.1],"to":[8,-10,7.3],"faces":{"north":{"uv":[0,0,0,0.77],"texture":"#0"},"east":{"uv":[11.38,8,11.77,8.77],"texture":"#0"},"south":{"uv":[0,0,0,0.77],"texture":"#0"},"west":{"uv":[11.38,8.92,11.77,9.69],"texture":"#0"},"up":{"uv":[0,0.38,0,0],"texture":"#0"},"down":{"uv":[0,0,0,0.38],"texture":"#0"}},"rotation":{"origin":[8,-11,8],"axis":"y","angle":45,"rescale":false}},{"from":[8,-12.5,6.1],"to":[8,-10,7.3],"faces":{"north":{"uv":[0,0,0,0.77],"texture":"#0"},"east":{"uv":[11.38,10.77,11.77,11.54],"texture":"#0"},"south":{"uv":[0,0,0,0.77],"texture":"#0"},"west":{"uv":[11.69,0,12.08,0.77],"texture":"#0"},"up":{"uv":[0,0.38,0,0],"texture":"#0"},"down":{"uv":[0,0,0,0.38],"texture":"#0"}},"rotation":{"origin":[8,-11,8],"axis":"y","angle":-45,"rescale":false}},{"from":[8,-12.5,8.7],"to":[8,-10,9.9],"faces":{"north":{"uv":[0,0,0,0.77],"texture":"#0"},"east":{"uv":[9.85,11.38,10.23,12.15],"texture":"#0"},"south":{"uv":[0,0,0,0.77],"texture":"#0"},"west":{"uv":[11.38,9.85,11.77,10.62],"texture":"#0"},"up":{"uv":[0,0.38,0,0],"texture":"#0"},"down":{"uv":[0,0,0,0.38],"texture":"#0"}},"rotation":{"origin":[8,-11,8],"axis":"y","angle":-45,"rescale":false}},{"from":[8,-12.5,8.7],"to":[8,-10,9.9],"faces":{"north":{"uv":[0,0,0,0.77],"texture":"#0"},"east":{"uv":[11.69,0.92,12.08,1.69],"texture":"#0"},"south":{"uv":[0,0,0,0.77],"texture":"#0"},"west":{"uv":[11.69,1.85,12.08,2.62],"texture":"#0"},"up":{"uv":[0,0.38,0,0],"texture":"#0"},"down":{"uv":[0,0,0,0.38],"texture":"#0"}},"rotation":{"origin":[8,-11,8],"axis":"y","angle":45,"rescale":false}},{"from":[8,-5.1,4],"to":[8,-1.1,8],"faces":{"north":{"uv":[0,0,0,4],"texture":"#None"},"east":{"uv":[7.38,7.5,3.38,11.5],"texture":"#1"},"south":{"uv":[0,0,0,4],"texture":"#None"},"west":{"uv":[3.38,7.5,7.38,11.5],"texture":"#1"},"up":{"uv":[0,0,0,4],"texture":"#None"},"down":{"uv":[0,0,0,4],"texture":"#None"}},"rotation":{"origin":[8,-3.1,8],"axis":"y","angle":-45,"rescale":false}},{"from":[8,-5.1,8],"to":[8,-1.1,12],"faces":{"north":{"uv":[0,0,0,4],"texture":"#None"},"east":{"uv":[3.38,7.5,7.38,11.5],"texture":"#1"},"south":{"uv":[0,0,0,4],"texture":"#None"},"west":{"uv":[7.38,7.5,3.38,11.5],"texture":"#1"},"up":{"uv":[0,4,0,0],"texture":"#None"},"down":{"uv":[0,4,0,0],"texture":"#None"}},"rotation":{"origin":[8,-3.1,8],"axis":"y","angle":-45,"rescale":false}},{"from":[8,-5.1,8],"to":[12,-1.1,8],"faces":{"north":{"uv":[3.38,7.5,7.38,11.5],"texture":"#1"},"east":{"uv":[0,0,0,4],"texture":"#None"},"south":{"uv":[7.38,7.5,3.38,11.5],"texture":"#1"},"west":{"uv":[0,0,0,4],"texture":"#None"},"up":{"uv":[0,4,0,0],"texture":"#None","rotation":270},"down":{"uv":[0,4,0,0],"texture":"#None","rotation":90}},"rotation":{"origin":[8,-3.1,8],"axis":"y","angle":-45,"rescale":false}},{"from":[8,0.8,4],"to":[8,4.8,8],"faces":{"north":{"uv":[0,4,0,0],"texture":"#None"},"east":{"uv":[7.38,11.5,3.38,7.5],"texture":"#1"},"south":{"uv":[0,4,0,0],"texture":"#None"},"west":{"uv":[3.38,11.5,7.38,7.5],"texture":"#1"},"up":{"uv":[0,4,0,0],"texture":"#None"},"down":{"uv":[0,4,0,0],"texture":"#None"}},"rotation":{"origin":[8,2.8,8],"axis":"y","angle":-45,"rescale":false}},{"from":[8,0.8,8],"to":[8,4.8,12],"faces":{"north":{"uv":[0,4,0,0],"texture":"#None"},"east":{"uv":[3.38,11.5,7.38,7.5],"texture":"#1"},"south":{"uv":[0,4,0,0],"texture":"#None"},"west":{"uv":[7.38,11.5,3.38,7.5],"texture":"#1"},"up":{"uv":[0,0,0,4],"texture":"#None"},"down":{"uv":[0,0,0,4],"texture":"#None"}},"rotation":{"origin":[8,2.8,8],"axis":"y","angle":-45,"rescale":false}},{"from":[8,0.8,8],"to":[12,4.8,8],"faces":{"north":{"uv":[3.38,11.5,7.38,7.5],"texture":"#1"},"east":{"uv":[0,4,0,0],"texture":"#None"},"south":{"uv":[7.38,11.5,3.38,7.5],"texture":"#1"},"west":{"uv":[0,4,0,0],"texture":"#None"},"up":{"uv":[0,4,0,0],"texture":"#None","rotation":90},"down":{"uv":[0,4,0,0],"texture":"#None","rotation":270}},"rotation":{"origin":[8,2.8,8],"axis":"y","angle":-45,"rescale":false}},{"from":[8,4.4,6.1],"to":[8,6.9,7.3],"faces":{"north":{"uv":[0,0,0,0.77],"texture":"#0"},"east":{"uv":[10.46,11.69,10.85,12.46],"texture":"#0"},"south":{"uv":[0,0,0,0.77],"texture":"#0"},"west":{"uv":[11.08,11.69,11.46,12.46],"texture":"#0"},"up":{"uv":[0,0.38,0,0],"texture":"#0"},"down":{"uv":[0,0,0,0.38],"texture":"#0"}},"rotation":{"origin":[8,5.4,8],"axis":"y","angle":-45,"rescale":false}},{"from":[8,4.4,6.1],"to":[8,6.9,7.3],"faces":{"north":{"uv":[0,0,0,0.77],"texture":"#0"},"east":{"uv":[11.69,11.69,12.08,12.46],"texture":"#0"},"south":{"uv":[0,0,0,0.77],"texture":"#0"},"west":{"uv":[0.92,12,1.31,12.77],"texture":"#0"},"up":{"uv":[0,0.38,0,0],"texture":"#0"},"down":{"uv":[0,0,0,0.38],"texture":"#0"}},"rotation":{"origin":[8,5.4,8],"axis":"y","angle":45,"rescale":false}},{"from":[8,4.4,8.7],"to":[8,6.9,9.9],"faces":{"north":{"uv":[0,0,0,0.77],"texture":"#0"},"east":{"uv":[11.69,4.31,12.08,5.08],"texture":"#0"},"south":{"uv":[0,0,0,0.77],"texture":"#0"},"west":{"uv":[11.69,5.23,12.08,6],"texture":"#0"},"up":{"uv":[0,0.38,0,0],"texture":"#0"},"down":{"uv":[0,0,0,0.38],"texture":"#0"}},"rotation":{"origin":[8,5.4,8],"axis":"y","angle":45,"rescale":false}},{"from":[8,4.4,8.7],"to":[8,6.9,9.9],"faces":{"north":{"uv":[0,0,0,0.77],"texture":"#0"},"east":{"uv":[3.69,12,4.08,12.77],"texture":"#0"},"south":{"uv":[0,0,0,0.77],"texture":"#0"},"west":{"uv":[4.31,12,4.69,12.77],"texture":"#0"},"up":{"uv":[0,0.38,0,0],"texture":"#0"},"down":{"uv":[0,0,0,0.38],"texture":"#0"}},"rotation":{"origin":[8,5.4,8],"axis":"y","angle":-45,"rescale":false}},{"from":[8,11.8,4.5],"to":[8,18.8,11.5],"faces":{"north":{"uv":[0,0,0,3.2],"texture":"#None"},"east":{"uv":[7,0,0,7],"texture":"#1"},"south":{"uv":[0,0,0,3.2],"texture":"#None"},"west":{"uv":[0,0,7,7],"texture":"#1"},"up":{"uv":[0,0,0,3.2],"texture":"#None"},"down":{"uv":[0,0,0,3.2],"texture":"#None"}},"rotation":{"origin":[8,15.3,8],"axis":"y","angle":-45,"rescale":false}},{"from":[8,11.8,4.5],"to":[8,18.8,11.5],"faces":{"north":{"uv":[0,0,0,3.2],"texture":"#None"},"east":{"uv":[7,0,0,7],"texture":"#1"},"south":{"uv":[0,0,0,3.2],"texture":"#None"},"west":{"uv":[0,0,7,7],"texture":"#1"},"up":{"uv":[0,0,0,3.2],"texture":"#None"},"down":{"uv":[0,0,0,3.2],"texture":"#None"}},"rotation":{"origin":[8,15.3,8],"axis":"y","angle":45,"rescale":false}},{"from":[8.575,11.18781,4.69118],"to":[9.625,12.83781,6.59118],"faces":{"north":{"uv":[8.31,12.92,8.62,13.42],"texture":"#0"},"east":{"uv":[12.31,0.62,12.88,1.12],"texture":"#0"},"south":{"uv":[9.85,12.92,10.15,13.42],"texture":"#0"},"west":{"uv":[12.31,1.23,12.88,1.73],"texture":"#0"},"up":{"uv":[8.92,10.12,8.62,9.54],"texture":"#0"},"down":{"uv":[10.77,1.23,10.46,1.81],"texture":"#0"}},"rotation":{"origin":[9.1,13.06715,6.01131],"axis":"x","angle":22.5,"rescale":false}},{"from":[8.65,7.5,7.7],"to":[9,8.9,8.3],"faces":{"north":{"uv":[14.77,9.85,14.88,10.27],"texture":"#0"},"east":{"uv":[14.15,9.85,14.35,10.27],"texture":"#0"},"south":{"uv":[10.46,14.77,10.58,15.19],"texture":"#0"},"west":{"uv":[10.46,14.15,10.65,14.58],"texture":"#0"},"up":{"uv":[15.5,5.12,15.38,4.92],"texture":"#0"},"down":{"uv":[5.35,15.38,5.23,15.58],"texture":"#0"}}},{"from":[8.65,8.9,7],"to":[9,9.35,9],"faces":{"north":{"uv":[12.62,15.38,12.73,15.54],"texture":"#0"},"east":{"uv":[14.15,3.38,14.77,3.54],"texture":"#0"},"south":{"uv":[15.38,12.62,15.5,12.77],"texture":"#0"},"west":{"uv":[3.69,14.15,4.31,14.31],"texture":"#0"},"up":{"uv":[1.65,15.08,1.54,14.46],"texture":"#0"},"down":{"uv":[1.96,14.46,1.85,15.08],"texture":"#0"}}},{"from":[8.65,9.35,7.5],"to":[9,10.15,7.8],"faces":{"north":{"uv":[14.15,15.08,14.27,15.31],"texture":"#0"},"east":{"uv":[12,15.38,12.08,15.62],"texture":"#0"},"south":{"uv":[15.08,14.15,15.19,14.38],"texture":"#0"},"west":{"uv":[15.38,12,15.46,12.23],"texture":"#0"},"up":{"uv":[15.81,1.31,15.69,1.23],"texture":"#0"},"down":{"uv":[1.65,15.69,1.54,15.77],"texture":"#0"}}},{"from":[8.65,9.35,8.2],"to":[9,10.15,8.5],"faces":{"north":{"uv":[14.46,15.08,14.58,15.31],"texture":"#0"},"east":{"uv":[12.31,15.38,12.38,15.62],"texture":"#0"},"south":{"uv":[15.08,14.46,15.19,14.69],"texture":"#0"},"west":{"uv":[15.38,12.31,15.46,12.54],"texture":"#0"},"up":{"uv":[15.81,1.62,15.69,1.54],"texture":"#0"},"down":{"uv":[1.96,15.69,1.85,15.77],"texture":"#0"}}},{"from":[8.65,9.75,7.8],"to":[9,10.15,8.2],"faces":{"north":{"uv":[14.77,15.38,14.88,15.5],"texture":"#0"},"east":{"uv":[15.38,14.77,15.5,14.88],"texture":"#0"},"south":{"uv":[15.08,15.38,15.19,15.5],"texture":"#0"},"west":{"uv":[15.38,15.08,15.5,15.19],"texture":"#0"},"up":{"uv":[15.5,15.5,15.38,15.38],"texture":"#0"},"down":{"uv":[0.12,15.69,0,15.81],"texture":"#0"}}},{"from":[8.66,11.64388,9.27],"to":[9.08,13.56388,9.83],"faces":{"north":{"uv":[8.62,14.46,8.73,15.04],"texture":"#0"},"east":{"uv":[4.62,14.15,4.77,14.73],"texture":"#0"},"south":{"uv":[8.92,14.46,9.04,15.04],"texture":"#0"},"west":{"uv":[4.92,14.15,5.08,14.73],"texture":"#0"},"up":{"uv":[15.5,8.46,15.38,8.31],"texture":"#0"},"down":{"uv":[8.73,15.38,8.62,15.54],"texture":"#0"}}},{"from":[8.675,9.10509,10.8422],"to":[9.175,10.35509,12.0922],"faces":{"north":{"uv":[14.46,10.15,14.62,10.54],"texture":"#0"},"east":{"uv":[8.62,13.23,9,13.62],"texture":"#0"},"south":{"uv":[10.77,14.46,10.92,14.85],"texture":"#0"},"west":{"uv":[13.23,8.62,13.62,9],"texture":"#0"},"up":{"uv":[14.62,11.15,14.46,10.77],"texture":"#0"},"down":{"uv":[11.23,14.46,11.08,14.85],"texture":"#0"}},"rotation":{"origin":[9.1,9.75,11.3],"axis":"x","angle":45,"rescale":false}},{"from":[8.675,11.49748,10.22689],"to":[8.675,13.64748,11.37689],"faces":{"north":{"uv":[0,0,0,0.65],"texture":"#0"},"east":{"uv":[1.85,12.62,2.19,13.27],"texture":"#0"},"south":{"uv":[0,0,0,0.65],"texture":"#0"},"west":{"uv":[12.62,5.23,12.96,5.88],"texture":"#0"},"up":{"uv":[0,0.35,0,0],"texture":"#0"},"down":{"uv":[0,0,0,0.35],"texture":"#0"}}},{"from":[8.675,12.49902,5.29423],"to":[9.525,14.09902,6.74423],"faces":{"north":{"uv":[2.15,13.54,2.42,14.04],"texture":"#0"},"east":{"uv":[12.31,11.38,12.77,11.88],"texture":"#0"},"south":{"uv":[13.54,2.15,13.81,2.65],"texture":"#0"},"west":{"uv":[12.31,12,12.77,12.5],"texture":"#0"},"up":{"uv":[14.12,4.77,13.85,4.31],"texture":"#0"},"down":{"uv":[14.12,4.92,13.85,5.38],"texture":"#0"}},"rotation":{"origin":[9.1,13.06715,6.01131],"axis":"x","angle":-45,"rescale":false}},{"from":[8.69811,-2.27593,7.25],"to":[9.19811,-1.37593,8.75],"faces":{"north":{"uv":[15.08,6.15,15.23,6.42],"texture":"#0"},"east":{"uv":[13.85,8,14.31,8.27],"texture":"#0"},"south":{"uv":[6.46,15.08,6.62,15.35],"texture":"#0"},"west":{"uv":[13.85,8.31,14.31,8.58],"texture":"#0"},"up":{"uv":[5.69,14.92,5.54,14.46],"texture":"#0"},"down":{"uv":[14.62,5.54,14.46,6],"texture":"#0"}},"rotation":{"origin":[8,-1.43321,8],"axis":"z","angle":22.5,"rescale":false}},{"from":[8.69811,2.47593,7.25],"to":[9.19811,3.37593,8.75],"faces":{"north":{"uv":[15.08,5.54,15.23,5.81],"texture":"#0"},"east":{"uv":[13.85,6.77,14.31,7.04],"texture":"#0"},"south":{"uv":[5.85,15.08,6,15.35],"texture":"#0"},"west":{"uv":[13.85,7.08,14.31,7.35],"texture":"#0"},"up":{"uv":[2.92,14.92,2.77,14.46],"texture":"#0"},"down":{"uv":[4.15,14.46,4,14.92],"texture":"#0"}},"rotation":{"origin":[8,2.53321,8],"axis":"z","angle":-22.5,"rescale":false}},{"from":[8.7,10.93013,10.32085],"to":[8.7,12.18013,11.57085],"faces":{"north":{"uv":[0,0,0,0.38],"texture":"#0"},"east":{"uv":[12.62,13.23,13,13.62],"texture":"#0"},"south":{"uv":[0,0,0,0.38],"texture":"#0"},"west":{"uv":[13.23,13.23,13.62,13.62],"texture":"#0"},"up":{"uv":[0,0.38,0,0],"texture":"#0"},"down":{"uv":[0,0,0,0.38],"texture":"#0"}},"rotation":{"origin":[8.75,11.45,11.7],"axis":"x","angle":22.5,"rescale":false}},{"from":[8.725,4.00452,8.10602],"to":[8.725,4.35252,8.22202],"faces":{"north":{"uv":[0,0,0,0.12],"texture":"#0"},"east":{"uv":[15.69,4,15.73,4.12],"texture":"#0"},"south":{"uv":[0,0,0,0.12],"texture":"#0"},"west":{"uv":[4.31,15.69,4.35,15.81],"texture":"#0"},"up":{"uv":[0,0.04,0,0],"texture":"#0"},"down":{"uv":[0,0,0,0.04],"texture":"#0"}}},{"from":[8.725,4.00452,8.20752],"to":[8.725,4.12052,8.33802],"faces":{"north":{"uv":[0,0,0,0.04],"texture":"#0"},"east":{"uv":[15.69,9.85,15.73,9.88],"texture":"#0"},"south":{"uv":[0,0,0,0.04],"texture":"#0"},"west":{"uv":[10.15,15.69,10.19,15.73],"texture":"#0"},"up":{"uv":[0,0.04,0,0],"texture":"#0"},"down":{"uv":[0,0,0,0.04],"texture":"#0"}}},{"from":[8.725,4.06252,7.93202],"to":[8.725,4.35252,8.04802],"faces":{"north":{"uv":[0,0,0,0.08],"texture":"#0"},"east":{"uv":[15.69,7.69,15.73,7.77],"texture":"#0"},"south":{"uv":[0,0,0,0.08],"texture":"#0"},"west":{"uv":[8,15.69,8.04,15.77],"texture":"#0"},"up":{"uv":[0,0.04,0,0],"texture":"#0"},"down":{"uv":[0,0,0,0.04],"texture":"#0"}}},{"from":[8.725,4.32352,7.77252],"to":[8.725,4.43952,8.32352],"faces":{"north":{"uv":[0,0,0,0.04],"texture":"#0"},"east":{"uv":[15.69,2.46,15.85,2.5],"texture":"#0"},"south":{"uv":[0,0,0,0.04],"texture":"#0"},"west":{"uv":[2.77,15.69,2.92,15.73],"texture":"#0"},"up":{"uv":[0,0.15,0,0],"texture":"#0"},"down":{"uv":[0,0,0,0.15],"texture":"#0"}}},{"from":[8.725,4.41155,8.25909],"to":[8.725,4.52755,8.52009],"faces":{"north":{"uv":[0,0,0,0.04],"texture":"#0"},"east":{"uv":[15.69,8,15.77,8.04],"texture":"#0"},"south":{"uv":[0,0,0,0.04],"texture":"#0"},"west":{"uv":[8.31,15.69,8.38,15.73],"texture":"#0"},"up":{"uv":[0,0.08,0,0],"texture":"#0"},"down":{"uv":[0,0,0,0.08],"texture":"#0"}},"rotation":{"origin":[8.725,4.44055,8.40409],"axis":"x","angle":-45,"rescale":false}},{"from":[8.725,4.50516,7.85806],"to":[8.725,4.70816,8.00306],"faces":{"north":{"uv":[0,0,0,0.08],"texture":"#0"},"east":{"uv":[15.69,8.62,15.73,8.69],"texture":"#0"},"south":{"uv":[0,0,0,0.08],"texture":"#0"},"west":{"uv":[8.92,15.69,8.96,15.77],"texture":"#0"},"up":{"uv":[0,0.04,0,0],"texture":"#0"},"down":{"uv":[0,0,0,0.04],"texture":"#0"}}},{"from":[8.725,4.50516,7.98856],"to":[8.725,4.60666,8.14806],"faces":{"north":{"uv":[0,0,0,0.04],"texture":"#0"},"east":{"uv":[15.69,10.15,15.73,10.19],"texture":"#0"},"south":{"uv":[0,0,0,0.04],"texture":"#0"},"west":{"uv":[10.46,15.69,10.5,15.73],"texture":"#0"},"up":{"uv":[0,0.04,0,0],"texture":"#0"},"down":{"uv":[0,0,0,0.04],"texture":"#0"}}},{"from":[8.725,4.50516,8.13356],"to":[8.725,4.70816,8.27856],"faces":{"north":{"uv":[0,0,0,0.08],"texture":"#0"},"east":{"uv":[15.69,8.31,15.73,8.38],"texture":"#0"},"south":{"uv":[0,0,0,0.08],"texture":"#0"},"west":{"uv":[8.62,15.69,8.65,15.77],"texture":"#0"},"up":{"uv":[0,0.04,0,0],"texture":"#0"},"down":{"uv":[0,0,0,0.04],"texture":"#0"}}},{"from":[8.725,4.51408,8.44862],"to":[8.725,4.86208,8.56462],"faces":{"north":{"uv":[0,0,0,0.12],"texture":"#0"},"east":{"uv":[15.69,4.31,15.73,4.42],"texture":"#0"},"south":{"uv":[0,0,0,0.12],"texture":"#0"},"west":{"uv":[4.62,15.69,4.65,15.81],"texture":"#0"},"up":{"uv":[0,0.04,0,0],"texture":"#0"},"down":{"uv":[0,0,0,0.04],"texture":"#0"}},"rotation":{"origin":[8.725,4.54308,8.50662],"axis":"x","angle":-45,"rescale":false}},{"from":[8.725,4.5321,7.61697],"to":[8.725,4.6481,7.90697],"faces":{"north":{"uv":[0,0,0,0.04],"texture":"#0"},"east":{"uv":[15.69,7.38,15.77,7.42],"texture":"#0"},"south":{"uv":[0,0,0,0.04],"texture":"#0"},"west":{"uv":[7.69,15.69,7.77,15.73],"texture":"#0"},"up":{"uv":[0,0.08,0,0],"texture":"#0"},"down":{"uv":[0,0,0,0.08],"texture":"#0"}},"rotation":{"origin":[8.725,4.5901,7.58797],"axis":"x","angle":45,"rescale":false}},{"from":[8.725,4.57705,8.26964],"to":[8.725,4.69305,8.50164],"faces":{"north":{"uv":[0,0,0,0.04],"texture":"#0"},"east":{"uv":[15.69,8.92,15.77,8.96],"texture":"#0"},"south":{"uv":[0,0,0,0.04],"texture":"#0"},"west":{"uv":[9.23,15.69,9.31,15.73],"texture":"#0"},"up":{"uv":[0,0.08,0,0],"texture":"#0"},"down":{"uv":[0,0,0,0.08],"texture":"#0"}},"rotation":{"origin":[8.725,4.63505,8.70464],"axis":"x","angle":45,"rescale":false}},{"from":[8.725,4.69366,7.85806],"to":[8.725,4.80966,8.32206],"faces":{"north":{"uv":[0,0,0,0.04],"texture":"#0"},"east":{"uv":[15.69,2.77,15.85,2.81],"texture":"#0"},"south":{"uv":[0,0,0,0.04],"texture":"#0"},"west":{"uv":[3.08,15.69,3.23,15.73],"texture":"#0"},"up":{"uv":[0,0.15,0,0],"texture":"#0"},"down":{"uv":[0,0,0,0.15],"texture":"#0"}}},{"from":[8.725,4.73716,7.55356],"to":[8.725,4.85316,7.88706],"faces":{"north":{"uv":[0,0,0,0.04],"texture":"#0"},"east":{"uv":[15.69,4.62,15.81,4.65],"texture":"#0"},"south":{"uv":[0,0,0,0.04],"texture":"#0"},"west":{"uv":[4.92,15.69,5.04,15.73],"texture":"#0"},"up":{"uv":[0,0.12,0,0],"texture":"#0"},"down":{"uv":[0,0,0,0.12],"texture":"#0"}},"rotation":{"origin":[8.725,4.79516,7.91606],"axis":"x","angle":-45,"rescale":false}},{"from":[8.725,4.7411,7.55253],"to":[8.725,4.8571,7.84253],"faces":{"north":{"uv":[0,0,0,0.04],"texture":"#0"},"east":{"uv":[15.69,7.08,15.77,7.12],"texture":"#0"},"south":{"uv":[0,0,0,0.04],"texture":"#0"},"west":{"uv":[7.38,15.69,7.46,15.73],"texture":"#0"},"up":{"uv":[0,0.08,0,0],"texture":"#0"},"down":{"uv":[0,0,0,0.08],"texture":"#0"}},"rotation":{"origin":[8.725,4.7991,7.63953],"axis":"x","angle":-45,"rescale":false}},{"from":[8.725,4.86766,7.74206],"to":[8.725,4.98366,8.43806],"faces":{"north":{"uv":[0,0,0,0.04],"texture":"#0"},"east":{"uv":[15.69,0.31,15.92,0.35],"texture":"#0"},"south":{"uv":[0,0,0,0.04],"texture":"#0"},"west":{"uv":[0.62,15.69,0.85,15.73],"texture":"#0"},"up":{"uv":[0,0.23,0,0],"texture":"#0"},"down":{"uv":[0,0,0,0.23],"texture":"#0"}}},{"from":[8.75,-12.75,7.75],"to":[9.25,-11.75,8.25],"faces":{"north":{"uv":[14.77,12,14.92,12.31],"texture":"#0"},"east":{"uv":[12.31,14.77,12.46,15.08],"texture":"#0"},"south":{"uv":[14.77,12.31,14.92,12.62],"texture":"#0"},"west":{"uv":[12.62,14.77,12.77,15.08],"texture":"#0"},"up":{"uv":[15.54,1.08,15.38,0.92],"texture":"#0"},"down":{"uv":[1.38,15.38,1.23,15.54],"texture":"#0"}},"rotation":{"origin":[8,-12,8],"axis":"y","angle":-45,"rescale":false}},{"from":[8.75,-12.75,7.75],"to":[9.25,-11.75,8.25],"faces":{"north":{"uv":[12.92,14.77,13.08,15.08],"texture":"#0"},"east":{"uv":[13.23,14.77,13.38,15.08],"texture":"#0"},"south":{"uv":[13.54,14.77,13.69,15.08],"texture":"#0"},"west":{"uv":[14.77,13.85,14.92,14.15],"texture":"#0"},"up":{"uv":[15.54,1.38,15.38,1.23],"texture":"#0"},"down":{"uv":[1.69,15.38,1.54,15.54],"texture":"#0"}},"rotation":{"origin":[8,-12,8],"axis":"y","angle":45,"rescale":false}},{"from":[8.75,6.15,7.75],"to":[9.25,7.15,8.25],"faces":{"north":{"uv":[14.15,14.77,14.31,15.08],"texture":"#0"},"east":{"uv":[14.77,14.15,14.92,14.46],"texture":"#0"},"south":{"uv":[14.46,14.77,14.62,15.08],"texture":"#0"},"west":{"uv":[14.77,14.46,14.92,14.77],"texture":"#0"},"up":{"uv":[15.54,1.69,15.38,1.54],"texture":"#0"},"down":{"uv":[2,15.38,1.85,15.54],"texture":"#0"}},"rotation":{"origin":[8,6.4,8],"axis":"y","angle":-45,"rescale":false}},{"from":[8.75,6.15,7.75],"to":[9.25,7.15,8.25],"faces":{"north":{"uv":[14.77,14.77,14.92,15.08],"texture":"#0"},"east":{"uv":[0,15.08,0.15,15.38],"texture":"#0"},"south":{"uv":[0.31,15.08,0.46,15.38],"texture":"#0"},"west":{"uv":[0.62,15.08,0.77,15.38],"texture":"#0"},"up":{"uv":[15.54,2,15.38,1.85],"texture":"#0"},"down":{"uv":[2.31,15.38,2.15,15.54],"texture":"#0"}},"rotation":{"origin":[8,6.4,8],"axis":"y","angle":45,"rescale":false}},{"from":[8.75576,13.375,9.28003],"to":[8.75576,16.575,10.08003],"faces":{"north":{"uv":[0,0,0,1],"texture":"#0"},"east":{"uv":[12.31,5.23,12.54,6.23],"texture":"#0"},"south":{"uv":[0,0,0,1],"texture":"#0"},"west":{"uv":[5.54,12.31,5.77,13.31],"texture":"#0"},"up":{"uv":[0,0.23,0,0],"texture":"#0"},"down":{"uv":[0,0,0,0.23],"texture":"#0"}},"rotation":{"origin":[8.75576,14.975,9.68003],"axis":"y","angle":-22.5,"rescale":false}},{"from":[8.775,12.90095,6.29356],"to":[9.425,14.20095,7.74356],"faces":{"north":{"uv":[13.23,14.15,13.42,14.54],"texture":"#0"},"east":{"uv":[12.92,1.23,13.38,1.62],"texture":"#0"},"south":{"uv":[13.54,14.15,13.73,14.54],"texture":"#0"},"west":{"uv":[12.92,1.85,13.38,2.23],"texture":"#0"},"up":{"uv":[6.65,14.62,6.46,14.15],"texture":"#0"},"down":{"uv":[6.96,14.15,6.77,14.62],"texture":"#0"}},"rotation":{"origin":[9.1,13.06715,6.01131],"axis":"x","angle":-22.5,"rescale":false}},{"from":[8.8,-9.4,7.5],"to":[8.8,-3.4,10],"faces":{"north":{"uv":[0,0,0,1.85],"texture":"#0"},"east":{"uv":[8.31,5.54,9.08,7.38],"texture":"#0"},"south":{"uv":[0,0,0,1.85],"texture":"#0"},"west":{"uv":[1.54,8.62,2.31,10.46],"texture":"#0"},"up":{"uv":[0,0.77,0,0],"texture":"#0"},"down":{"uv":[0,0,0,0.77],"texture":"#0"}}},{"from":[8.844,11.22179,7.556],"to":[9.032,12.09979,8.444],"faces":{"north":{"uv":[15.38,5.85,15.46,6.12],"texture":"#0"},"east":{"uv":[14.15,13.85,14.42,14.12],"texture":"#0"},"south":{"uv":[6.15,15.38,6.23,15.65],"texture":"#0"},"west":{"uv":[14.15,14.15,14.42,14.42],"texture":"#0"},"up":{"uv":[15.46,6.42,15.38,6.15],"texture":"#0"},"down":{"uv":[6.54,15.38,6.46,15.65],"texture":"#0"}},"rotation":{"origin":[9.688,11.66079,8],"axis":"x","angle":45,"rescale":false}},{"from":[8.8701,10.9799,1],"to":[8.8701,12.6799,7.4],"faces":{"north":{"uv":[0,0,0,0.54],"texture":"#0"},"east":{"uv":[4.62,8.92,6.58,9.46],"texture":"#0"},"south":{"uv":[0,0,0,0.54],"texture":"#0"},"west":{"uv":[6.77,8.92,8.73,9.46],"texture":"#0"},"up":{"uv":[0,1.96,0,0],"texture":"#0"},"down":{"uv":[0,0,0,1.96],"texture":"#0"}},"rotation":{"origin":[8.8701,13.7799,2.2],"axis":"z","angle":45,"rescale":false}},{"from":[9.025,5.55252,9.82689],"to":[9.025,9.70252,11.97689],"faces":{"north":{"uv":[0,0,0,1.27],"texture":"#0"},"east":{"uv":[9.85,4.92,10.5,6.19],"texture":"#0"},"south":{"uv":[0,0,0,1.27],"texture":"#0"},"west":{"uv":[9.85,8,10.5,9.27],"texture":"#0"},"up":{"uv":[0,0.65,0,0],"texture":"#0"},"down":{"uv":[0,0,0,0.65],"texture":"#0"}},"rotation":{"origin":[9.1,9.75,11.3],"axis":"x","angle":22.5,"rescale":false}},{"from":[9.025,9.79748,10.62311],"to":[9.025,13.94748,12.77311],"faces":{"north":{"uv":[0,0,0,1.27],"texture":"#0"},"east":{"uv":[9.85,1.85,10.5,3.12],"texture":"#0"},"south":{"uv":[0,0,0,1.27],"texture":"#0"},"west":{"uv":[9.85,3.38,10.5,4.65],"texture":"#0"},"up":{"uv":[0,0.65,0,0],"texture":"#0"},"down":{"uv":[0,0,0,0.65],"texture":"#0"}},"rotation":{"origin":[9.1,9.75,11.3],"axis":"x","angle":22.5,"rescale":false}},{"from":[9.05,9.01987,9.92085],"to":[9.05,10.26987,11.17085],"faces":{"north":{"uv":[0,0,0,0.38],"texture":"#0"},"east":{"uv":[13.23,7.38,13.62,7.77],"texture":"#0"},"south":{"uv":[0,0,0,0.38],"texture":"#0"},"west":{"uv":[13.23,8,13.62,8.38],"texture":"#0"},"up":{"uv":[0,0.38,0,0],"texture":"#0"},"down":{"uv":[0,0,0,0.38],"texture":"#0"}}},{"from":[9.05,9.23013,11.42915],"to":[9.05,10.48013,12.67915],"faces":{"north":{"uv":[0,0,0,0.38],"texture":"#0"},"east":{"uv":[13.23,5.54,13.62,5.92],"texture":"#0"},"south":{"uv":[0,0,0,0.38],"texture":"#0"},"west":{"uv":[13.23,6.77,13.62,7.15],"texture":"#0"},"up":{"uv":[0,0.38,0,0],"texture":"#0"},"down":{"uv":[0,0,0,0.38],"texture":"#0"}}},{"from":[9.1,10.1,7],"to":[9.1,13.1,10],"faces":{"north":{"uv":[0,0,0,3.2],"texture":"#None"},"east":{"uv":[3,7.12,0,10.12],"texture":"#1"},"south":{"uv":[0,0,0,3.2],"texture":"#None"},"west":{"uv":[0,10.38,3,13.38],"texture":"#1"},"up":{"uv":[0,0,0,3.2],"texture":"#None"},"down":{"uv":[0,0,0,3.2],"texture":"#None"}}},{"from":[9.275,8.85509,10.5922],"to":[9.275,10.60509,12.3422],"faces":{"north":{"uv":[0,0,0,0.54],"texture":"#0"},"east":{"uv":[9.23,12,9.77,12.54],"texture":"#0"},"south":{"uv":[0,0,0,0.54],"texture":"#0"},"west":{"uv":[12,9.54,12.54,10.08],"texture":"#0"},"up":{"uv":[0,0.54,0,0],"texture":"#0"},"down":{"uv":[0,0,0,0.54],"texture":"#0"}},"rotation":{"origin":[9.1,9.75,11.3],"axis":"x","angle":45,"rescale":false}},{"from":[9.64792,13.00208,1],"to":[9.64792,15.70208,7.4],"faces":{"north":{"uv":[0,0,0,0.85],"texture":"#0"},"east":{"uv":[8.31,0,10.27,0.85],"texture":"#0"},"south":{"uv":[0,0,0,0.85],"texture":"#0"},"west":{"uv":[8.31,0.92,10.27,1.77],"texture":"#0"},"up":{"uv":[0,1.96,0,0],"texture":"#0"},"down":{"uv":[0,0,0,1.96],"texture":"#0"}}},{"from":[9.89289,6.4,8.06066],"to":[9.89289,11.8,9.61066],"faces":{"north":{"uv":[0,0,0,1.65],"texture":"#0"},"east":{"uv":[9.23,10.15,9.69,11.81],"texture":"#0"},"south":{"uv":[0,0,0,1.65],"texture":"#0"},"west":{"uv":[0,10.46,0.46,12.12],"texture":"#0"},"up":{"uv":[0,0.46,0,0],"texture":"#0"},"down":{"uv":[0,0,0,0.46],"texture":"#0"}}},{"from":[10,3.3,5.4],"to":[10,9.7,10.8],"faces":{"north":{"uv":[0,0,0,1.96],"texture":"#0"},"east":{"uv":[1.85,4.62,3.5,6.58],"texture":"#0"},"south":{"uv":[0,0,0,1.96],"texture":"#0"},"west":{"uv":[4.92,0,6.58,1.96],"texture":"#0"},"up":{"uv":[0,1.65,0,0],"texture":"#0"},"down":{"uv":[0,0,0,1.65],"texture":"#0"}}},{"from":[10.0651,6.4,7.44492],"to":[10.0651,11.8,8.09492],"faces":{"north":{"uv":[0,0,0,1.65],"texture":"#0"},"east":{"uv":[7.69,11.08,7.88,12.73],"texture":"#0"},"south":{"uv":[0,0,0,1.65],"texture":"#0"},"west":{"uv":[8,11.08,8.19,12.73],"texture":"#0"},"up":{"uv":[0,0.19,0,0],"texture":"#0"},"down":{"uv":[0,0,0,0.19],"texture":"#0"}},"rotation":{"origin":[10.0651,9.2,7.64492],"axis":"y","angle":-22.5,"rescale":false}},{"from":[10.11148,-0.54,7.57984],"to":[10.11148,1.14,8.41984],"faces":{"north":{"uv":[0,0,0,0.5],"texture":"#0"},"east":{"uv":[9.85,13.54,10.12,14.04],"texture":"#0"},"south":{"uv":[0,0,0,0.5],"texture":"#0"},"west":{"uv":[13.54,11.38,13.81,11.88],"texture":"#0"},"up":{"uv":[0,0.27,0,0],"texture":"#0"},"down":{"uv":[0,0,0,0.27],"texture":"#0"}},"rotation":{"origin":[8,0.3,8],"axis":"y","angle":22.5,"rescale":false}},{"from":[10.11148,-0.54,7.57984],"to":[10.11148,1.14,8.41984],"faces":{"north":{"uv":[0,0,0,0.5],"texture":"#0"},"east":{"uv":[13.54,12,13.81,12.5],"texture":"#0"},"south":{"uv":[0,0,0,0.5],"texture":"#0"},"west":{"uv":[13.54,12.62,13.81,13.12],"texture":"#0"},"up":{"uv":[0,0.27,0,0],"texture":"#0"},"down":{"uv":[0,0,0,0.27],"texture":"#0"}},"rotation":{"origin":[8,0.3,8],"axis":"y","angle":-22.5,"rescale":false}},{"from":[10.11148,0.16,7.57984],"to":[10.11148,1.84,8.41984],"faces":{"north":{"uv":[0,0,0,0.5],"texture":"#0"},"east":{"uv":[5.23,13.54,5.5,14.04],"texture":"#0"},"south":{"uv":[0,0,0,0.5],"texture":"#0"},"west":{"uv":[5.54,13.54,5.81,14.04],"texture":"#0"},"up":{"uv":[0,0.27,0,0],"texture":"#0"},"down":{"uv":[0,0,0,0.27],"texture":"#0"}}},{"from":[10.11148,0.16,7.57984],"to":[10.11148,1.84,8.41984],"faces":{"north":{"uv":[0,0,0,0.5],"texture":"#0"},"east":{"uv":[5.85,13.54,6.12,14.04],"texture":"#0"},"south":{"uv":[0,0,0,0.5],"texture":"#0"},"west":{"uv":[6.15,13.54,6.42,14.04],"texture":"#0"},"up":{"uv":[0,0.27,0,0],"texture":"#0"},"down":{"uv":[0,0,0,0.27],"texture":"#0"}},"rotation":{"origin":[8,1,8],"axis":"y","angle":45,"rescale":false}},{"from":[10.45983,6.4,6.94194],"to":[10.45983,11.8,7.59194],"faces":{"north":{"uv":[0,0,0,1.65],"texture":"#0"},"east":{"uv":[8.31,11.08,8.5,12.73],"texture":"#0"},"south":{"uv":[0,0,0,1.65],"texture":"#0"},"west":{"uv":[11.38,1.23,11.58,2.88],"texture":"#0"},"up":{"uv":[0,0.19,0,0],"texture":"#0"},"down":{"uv":[0,0,0,0.19],"texture":"#0"}},"rotation":{"origin":[10.45983,9.2,7.14194],"axis":"y","angle":-45,"rescale":false}},{"from":[10.75,5.01987,3.82085],"to":[10.75,6.26987,5.07085],"faces":{"north":{"uv":[0,0,0,0.38],"texture":"#0"},"east":{"uv":[9.23,13.23,9.62,13.62],"texture":"#0"},"south":{"uv":[0,0,0,0.38],"texture":"#0"},"west":{"uv":[13.23,9.23,13.62,9.62],"texture":"#0"},"up":{"uv":[0,0.38,0,0],"texture":"#0"},"down":{"uv":[0,0,0,0.38],"texture":"#0"}},"rotation":{"origin":[10.8,5.75,5.2],"axis":"x","angle":-22.5,"rescale":false}},{"from":[10.77346,6.4,6.38478],"to":[10.77346,11.8,7.03478],"faces":{"north":{"uv":[0,0,0,1.65],"texture":"#0"},"east":{"uv":[3.08,11.38,3.27,13.04],"texture":"#0"},"south":{"uv":[0,0,0,1.65],"texture":"#0"},"west":{"uv":[3.38,11.38,3.58,13.04],"texture":"#0"},"up":{"uv":[0,0.19,0,0],"texture":"#0"},"down":{"uv":[0,0,0,0.19],"texture":"#0"}},"rotation":{"origin":[10.77346,9.2,6.58478],"axis":"y","angle":-22.5,"rescale":false}},{"from":[10.85,6.4,2],"to":[10.85,11.8,6.4],"faces":{"north":{"uv":[0,0,0,1.65],"texture":"#0"},"east":{"uv":[6.77,1.85,8.12,3.5],"texture":"#0"},"south":{"uv":[0,0,0,1.65],"texture":"#0"},"west":{"uv":[6.77,3.69,8.12,5.35],"texture":"#0"},"up":{"uv":[0,1.35,0,0],"texture":"#0"},"down":{"uv":[0,0,0,1.35],"texture":"#0"}}},{"from":[10.95,2.4,3],"to":[10.95,8.8,8.4],"faces":{"north":{"uv":[0,0,0,1.96],"texture":"#0"},"east":{"uv":[0,2.46,1.65,4.42],"texture":"#0"},"south":{"uv":[0,0,0,1.96],"texture":"#0"},"west":{"uv":[1.85,2.46,3.5,4.42],"texture":"#0"},"up":{"uv":[0,1.65,0,0],"texture":"#0"},"down":{"uv":[0,0,0,1.65],"texture":"#0"}}},{"from":[11.05,5.65,3.7],"to":[11.05,6.4,4.45],"faces":{"north":{"uv":[0,0,0,0.23],"texture":"#0"},"east":{"uv":[6.46,14.77,6.69,15],"texture":"#0"},"south":{"uv":[0,0,0,0.23],"texture":"#0"},"west":{"uv":[6.77,14.77,7,15],"texture":"#0"},"up":{"uv":[0,0.23,0,0],"texture":"#0"},"down":{"uv":[0,0,0,0.23],"texture":"#0"}},"rotation":{"origin":[11.05,5.9,4.2],"axis":"x","angle":22.5,"rescale":false}},{"from":[11.05,6.45,5],"to":[11.05,7.2,5.75],"faces":{"north":{"uv":[0,0,0,0.23],"texture":"#0"},"east":{"uv":[14.77,6.77,15,7],"texture":"#0"},"south":{"uv":[0,0,0,0.23],"texture":"#0"},"west":{"uv":[7.08,14.77,7.31,15],"texture":"#0"},"up":{"uv":[0,0.23,0,0],"texture":"#0"},"down":{"uv":[0,0,0,0.23],"texture":"#0"}}},{"from":[11.05,7.65,5.8],"to":[11.05,8.4,6.55],"faces":{"north":{"uv":[0,0,0,0.23],"texture":"#0"},"east":{"uv":[14.77,7.08,15,7.31],"texture":"#0"},"south":{"uv":[0,0,0,0.23],"texture":"#0"},"west":{"uv":[7.38,14.77,7.62,15],"texture":"#0"},"up":{"uv":[0,0.23,0,0],"texture":"#0"},"down":{"uv":[0,0,0,0.23],"texture":"#0"}},"rotation":{"origin":[11.05,7.9,6.3],"axis":"x","angle":-22.5,"rescale":false}}],"display":{"thirdperson_righthand":{"translation":[0,11.5,2],"scale":[1.13,1.13,1.13]},"thirdperson_lefthand":{"translation":[0,11.5,2],"scale":[1.13,1.13,1.13]},"firstperson_righthand":{"rotation":[-9.5,0,0],"translation":[-2.25,9,2],"scale":[0.64,0.64,0.64]},"firstperson_lefthand":{"rotation":[-9.5,0,0],"translation":[-2.25,9,2],"scale":[0.64,0.64,0.64]},"ground":{"rotation":[-45,0,0],"translation":[-1.5,3,0],"scale":[0.45,0.45,0.45]},"gui":{"rotation":[86.23,47,-69.31],"translation":[2.75,3.5,0],"scale":[0.7,0.7,0.7]},"head":{"rotation":[-4.25,0,0],"translation":[0,16.75,0],"scale":[0,0,0]},"fixed":{"rotation":[0,-90,0],"translation":[0,7,-1.5],"scale":[0.81,0.81,0.81]}},"gui_light":"front","mcmodels":"4657fff084f261ee7d860dbbfffed9a5"}