{"credit":"Made with Blockbench","textures":{"0":"conqueror_legacy:pickaxe_0","1":"conqueror_legacy:pickaxe_1"},"elements":[{"from":[4,-5.1,8],"to":[8,-1.1,8],"faces":{"north":{"uv":[7.38,7.5,3.38,11.5],"texture":"#1"},"east":{"uv":[0,0,0,4],"texture":"#None"},"south":{"uv":[3.38,7.5,7.38,11.5],"texture":"#1"},"west":{"uv":[0,0,0,4],"texture":"#None"},"up":{"uv":[0,0,0,4],"texture":"#None","rotation":270},"down":{"uv":[0,0,0,4],"texture":"#None","rotation":90}},"rotation":{"origin":[8,-3.1,8],"axis":"y","angle":-45,"rescale":false}},{"from":[4,0.8,8],"to":[8,4.8,8],"faces":{"north":{"uv":[7.38,11.5,3.38,7.5],"texture":"#1"},"east":{"uv":[0,4,0,0],"texture":"#None"},"south":{"uv":[3.38,11.5,7.38,7.5],"texture":"#1"},"west":{"uv":[0,4,0,0],"texture":"#None"},"up":{"uv":[0,0,0,4],"texture":"#None","rotation":90},"down":{"uv":[0,0,0,4],"texture":"#None","rotation":270}},"rotation":{"origin":[8,2.8,8],"axis":"y","angle":-45,"rescale":false}},{"from":[5.88852,-0.54,7.58016],"to":[5.88852,1.14,8.42016],"faces":{"north":{"uv":[0,0,0,0.62],"texture":"#0"},"east":{"uv":[8,12.19,8.33,12.81],"texture":"#0"},"south":{"uv":[0,0,0,0.62],"texture":"#0"},"west":{"uv":[8.38,12.19,8.71,12.81],"texture":"#0"},"up":{"uv":[0,0.33,0,0],"texture":"#0"},"down":{"uv":[0,0,0,0.33],"texture":"#0"}},"rotation":{"origin":[8,0.3,8],"axis":"y","angle":22.5,"rescale":false}},{"from":[5.88852,-0.54,7.58016],"to":[5.88852,1.14,8.42016],"faces":{"north":{"uv":[0,0,0,0.62],"texture":"#0"},"east":{"uv":[12.19,8.38,12.52,9],"texture":"#0"},"south":{"uv":[0,0,0,0.62],"texture":"#0"},"west":{"uv":[8.76,12.19,9.1,12.81],"texture":"#0"},"up":{"uv":[0,0.33,0,0],"texture":"#0"},"down":{"uv":[0,0,0,0.33],"texture":"#0"}},"rotation":{"origin":[8,0.3,8],"axis":"y","angle":-22.5,"rescale":false}},{"from":[5.88852,0.16,7.58016],"to":[5.88852,1.84,8.42016],"faces":{"north":{"uv":[0,0,0,0.62],"texture":"#0"},"east":{"uv":[6.48,7.62,6.81,8.24],"texture":"#0"},"south":{"uv":[0,0,0,0.62],"texture":"#0"},"west":{"uv":[4.57,11.81,4.9,12.43],"texture":"#0"},"up":{"uv":[0,0.33,0,0],"texture":"#0"},"down":{"uv":[0,0,0,0.33],"texture":"#0"}}},{"from":[5.88852,0.16,7.58016],"to":[5.88852,1.84,8.42016],"faces":{"north":{"uv":[0,0,0,0.62],"texture":"#0"},"east":{"uv":[11.81,9.9,12.14,10.52],"texture":"#0"},"south":{"uv":[0,0,0,0.62],"texture":"#0"},"west":{"uv":[11.81,10.67,12.14,11.29],"texture":"#0"},"up":{"uv":[0,0.33,0,0],"texture":"#0"},"down":{"uv":[0,0,0,0.33],"texture":"#0"}},"rotation":{"origin":[8,1,8],"axis":"y","angle":45,"rescale":false}},{"from":[6.75,-9.75,7.75],"to":[7.25,-8.75,8.25],"faces":{"north":{"uv":[14.48,0,14.67,0.38],"texture":"#0"},"east":{"uv":[0.38,14.48,0.57,14.86],"texture":"#0"},"south":{"uv":[14.48,0.38,14.67,0.76],"texture":"#0"},"west":{"uv":[0.76,14.48,0.95,14.86],"texture":"#0"},"up":{"uv":[8.95,15.05,8.76,14.86],"texture":"#0"},"down":{"uv":[15.05,8.76,14.86,8.95],"texture":"#0"}},"rotation":{"origin":[8,-9,8],"axis":"y","angle":45,"rescale":false}},{"from":[6.75,-9.75,7.75],"to":[7.25,-8.75,8.25],"faces":{"north":{"uv":[1.14,14.48,1.33,14.86],"texture":"#0"},"east":{"uv":[1.52,14.48,1.71,14.86],"texture":"#0"},"south":{"uv":[1.9,14.48,2.1,14.86],"texture":"#0"},"west":{"uv":[14.48,1.9,14.67,2.29],"texture":"#0"},"up":{"uv":[9.33,15.05,9.14,14.86],"texture":"#0"},"down":{"uv":[15.05,9.14,14.86,9.33],"texture":"#0"}},"rotation":{"origin":[8,-9,8],"axis":"y","angle":-45,"rescale":false}},{"from":[6.75,6.15,7.75],"to":[7.25,7.15,8.25],"faces":{"north":{"uv":[6.48,14.48,6.67,14.86],"texture":"#0"},"east":{"uv":[6.86,14.48,7.05,14.86],"texture":"#0"},"south":{"uv":[7.24,14.48,7.43,14.86],"texture":"#0"},"west":{"uv":[7.62,14.48,7.81,14.86],"texture":"#0"},"up":{"uv":[12.76,15.05,12.57,14.86],"texture":"#0"},"down":{"uv":[13.14,14.86,12.95,15.05],"texture":"#0"}},"rotation":{"origin":[8,6.4,8],"axis":"y","angle":-45,"rescale":false}},{"from":[6.75,6.15,7.75],"to":[7.25,7.15,8.25],"faces":{"north":{"uv":[8,14.48,8.19,14.86],"texture":"#0"},"east":{"uv":[9.14,14.48,9.33,14.86],"texture":"#0"},"south":{"uv":[14.48,9.14,14.67,9.52],"texture":"#0"},"west":{"uv":[9.52,14.48,9.71,14.86],"texture":"#0"},"up":{"uv":[13.52,15.05,13.33,14.86],"texture":"#0"},"down":{"uv":[13.9,14.86,13.71,15.05],"texture":"#0"}},"rotation":{"origin":[8,6.4,8],"axis":"y","angle":45,"rescale":false}},{"from":[6.80189,-2.27593,7.25],"to":[7.30189,-1.37593,8.75],"faces":{"north":{"uv":[14.86,0.38,15.05,0.71],"texture":"#0"},"east":{"uv":[12.57,0.38,13.14,0.71],"texture":"#0"},"south":{"uv":[0.76,14.86,0.95,15.19],"texture":"#0"},"west":{"uv":[12.57,0.76,13.14,1.1],"texture":"#0"},"up":{"uv":[2.48,14.29,2.29,13.71],"texture":"#0"},"down":{"uv":[2.86,13.71,2.67,14.29],"texture":"#0"}},"rotation":{"origin":[8,-1.43321,8],"axis":"z","angle":-22.5,"rescale":false}},{"from":[6.80189,2.47593,7.25],"to":[7.30189,3.37593,8.75],"faces":{"north":{"uv":[13.33,14.48,13.52,14.81],"texture":"#0"},"east":{"uv":[12.19,11.05,12.76,11.38],"texture":"#0"},"south":{"uv":[13.71,14.48,13.9,14.81],"texture":"#0"},"west":{"uv":[12.19,11.43,12.76,11.76],"texture":"#0"},"up":{"uv":[13.52,13.52,13.33,12.95],"texture":"#0"},"down":{"uv":[0.19,13.71,0,14.29],"texture":"#0"}},"rotation":{"origin":[8,2.53321,8],"axis":"z","angle":22.5,"rescale":false}},{"from":[6.9,10.1,7],"to":[6.9,13.1,10],"faces":{"north":{"uv":[0,0,0,3.2],"texture":"#None"},"east":{"uv":[0,10.38,3,13.38],"texture":"#1"},"south":{"uv":[0,0,0,3.2],"texture":"#None"},"west":{"uv":[0,7.13,3,10.13],"texture":"#1"},"up":{"uv":[0,0,0,3.2],"texture":"#None"},"down":{"uv":[0,0,0,3.2],"texture":"#None"}}},{"from":[6.92,11.86888,6.17],"to":[7.34,13.78888,6.73],"faces":{"north":{"uv":[4.57,13.71,4.71,14.43],"texture":"#0"},"east":{"uv":[9.52,12.95,9.71,13.67],"texture":"#0"},"south":{"uv":[13.71,5.33,13.86,6.05],"texture":"#0"},"west":{"uv":[9.9,12.95,10.1,13.67],"texture":"#0"},"up":{"uv":[5.86,15.43,5.71,15.24],"texture":"#0"},"down":{"uv":[15.38,5.71,15.24,5.9],"texture":"#0"}}},{"from":[6.92,11.86888,9.27],"to":[7.34,13.78888,9.83],"faces":{"north":{"uv":[6.1,13.71,6.24,14.43],"texture":"#0"},"east":{"uv":[12.57,12.95,12.76,13.67],"texture":"#0"},"south":{"uv":[6.48,13.71,6.62,14.43],"texture":"#0"},"west":{"uv":[12.95,12.95,13.14,13.67],"texture":"#0"},"up":{"uv":[6.24,15.43,6.1,15.24],"texture":"#0"},"down":{"uv":[15.38,6.1,15.24,6.29],"texture":"#0"}}},{"from":[6.95,7.75,7.25],"to":[9.05,8.05,8.75],"faces":{"north":{"uv":[14.1,13.33,14.9,13.43],"texture":"#0"},"east":{"uv":[14.86,4.19,15.43,4.29],"texture":"#0"},"south":{"uv":[14.1,13.71,14.9,13.81],"texture":"#0"},"west":{"uv":[4.57,14.86,5.14,14.95],"texture":"#0"},"up":{"uv":[8.81,1.33,8,0.76],"texture":"#0"},"down":{"uv":[1.95,8,1.14,8.57],"texture":"#0"}}},{"from":[6.95,8.45,7.25],"to":[9.05,8.75,8.75],"faces":{"north":{"uv":[14.1,12.57,14.9,12.67],"texture":"#0"},"east":{"uv":[3.81,14.86,4.38,14.95],"texture":"#0"},"south":{"uv":[14.1,12.95,14.9,13.05],"texture":"#0"},"west":{"uv":[14.86,3.81,15.43,3.9],"texture":"#0"},"up":{"uv":[0.81,8.57,0,8],"texture":"#0"},"down":{"uv":[8.81,0,8,0.57],"texture":"#0"}}},{"from":[6.968,11.22179,7.556],"to":[7.156,12.09979,8.444],"faces":{"north":{"uv":[1.52,15.24,1.62,15.57],"texture":"#0"},"east":{"uv":[8,13.33,8.33,13.67],"texture":"#0"},"south":{"uv":[1.9,15.24,2,15.57],"texture":"#0"},"west":{"uv":[13.33,8,13.67,8.33],"texture":"#0"},"up":{"uv":[2.38,15.57,2.29,15.24],"texture":"#0"},"down":{"uv":[15.33,2.29,15.24,2.62],"texture":"#0"}},"rotation":{"origin":[6.312,11.66079,8],"axis":"x","angle":45,"rescale":false}},{"from":[7,-1.975,7],"to":[9,3.1,9],"faces":{"north":{"uv":[3.05,4.57,3.81,6.52],"texture":"#0"},"east":{"uv":[3.81,4.57,4.57,6.52],"texture":"#0"},"south":{"uv":[4.57,4.57,5.33,6.52],"texture":"#0"},"west":{"uv":[5.33,4.57,6.1,6.52],"texture":"#0"},"up":{"uv":[7.62,5.33,6.86,4.57],"texture":"#0"},"down":{"uv":[6.1,6.86,5.33,7.62],"texture":"#0"}}},{"from":[7,7.5,7.7],"to":[7.35,8.9,8.3],"faces":{"north":{"uv":[12.57,14.1,12.71,14.62],"texture":"#0"},"east":{"uv":[4.95,13.33,5.19,13.86],"texture":"#0"},"south":{"uv":[12.95,14.1,13.1,14.62],"texture":"#0"},"west":{"uv":[5.33,13.33,5.57,13.86],"texture":"#0"},"up":{"uv":[15.38,0.62,15.24,0.38],"texture":"#0"},"down":{"uv":[0.9,15.24,0.76,15.48],"texture":"#0"}}},{"from":[7,8.9,7],"to":[7.35,9.35,9],"faces":{"north":{"uv":[8.38,15.24,8.52,15.43],"texture":"#0"},"east":{"uv":[4.95,12.95,5.71,13.14],"texture":"#0"},"south":{"uv":[15.24,8.38,15.38,8.57],"texture":"#0"},"west":{"uv":[12.95,5.33,13.71,5.52],"texture":"#0"},"up":{"uv":[10.43,14.1,10.29,13.33],"texture":"#0"},"down":{"uv":[13.48,10.29,13.33,11.05],"texture":"#0"}}},{"from":[7,9.35,7.5],"to":[7.35,10.15,7.8],"faces":{"north":{"uv":[7.24,14.86,7.38,15.14],"texture":"#0"},"east":{"uv":[8.76,15.24,8.86,15.52],"texture":"#0"},"south":{"uv":[14.86,7.24,15,7.52],"texture":"#0"},"west":{"uv":[15.24,8.76,15.33,9.05],"texture":"#0"},"up":{"uv":[14.62,15.33,14.48,15.24],"texture":"#0"},"down":{"uv":[15.38,14.48,15.24,14.57],"texture":"#0"}}},{"from":[7,9.35,8.2],"to":[7.35,10.15,8.5],"faces":{"north":{"uv":[7.62,14.86,7.76,15.14],"texture":"#0"},"east":{"uv":[9.14,15.24,9.24,15.52],"texture":"#0"},"south":{"uv":[14.86,7.62,15,7.9],"texture":"#0"},"west":{"uv":[15.24,9.14,15.33,9.43],"texture":"#0"},"up":{"uv":[15,15.33,14.86,15.24],"texture":"#0"},"down":{"uv":[15.38,14.86,15.24,14.95],"texture":"#0"}}},{"from":[7,9.75,7.8],"to":[7.35,10.15,8.2],"faces":{"north":{"uv":[11.43,15.24,11.57,15.38],"texture":"#0"},"east":{"uv":[15.24,11.43,15.38,11.57],"texture":"#0"},"south":{"uv":[11.81,15.24,11.95,15.38],"texture":"#0"},"west":{"uv":[15.24,11.81,15.38,11.95],"texture":"#0"},"up":{"uv":[12.33,15.38,12.19,15.24],"texture":"#0"},"down":{"uv":[15.38,12.19,15.24,12.33],"texture":"#0"}}},{"from":[7.075,10.55509,3.5922],"to":[7.075,12.30509,5.3422],"faces":{"north":{"uv":[0,0,0,0.67],"texture":"#0"},"east":{"uv":[8.76,3.05,9.43,3.71],"texture":"#0"},"south":{"uv":[0,0,0,0.67],"texture":"#0"},"west":{"uv":[8.76,3.81,9.43,4.48],"texture":"#0"},"up":{"uv":[0,0.67,0,0],"texture":"#0"},"down":{"uv":[0,0,0,0.67],"texture":"#0"}},"rotation":{"origin":[7.25,11.45,4.3],"axis":"x","angle":22.5,"rescale":false}},{"from":[7.075,10.55509,10.6578],"to":[7.075,12.30509,12.4078],"faces":{"north":{"uv":[0,0,0,0.67],"texture":"#0"},"east":{"uv":[8.76,7.62,9.43,8.29],"texture":"#0"},"south":{"uv":[0,0,0,0.67],"texture":"#0"},"west":{"uv":[9.14,0,9.81,0.67],"texture":"#0"},"up":{"uv":[0,0.67,0,0],"texture":"#0"},"down":{"uv":[0,0,0,0.67],"texture":"#0"}},"rotation":{"origin":[7.25,11.45,11.7],"axis":"x","angle":-22.5,"rescale":false}},{"from":[7.156,10.82179,7.156],"to":[8.844,12.49979,8.844],"faces":{"north":{"uv":[9.14,0.76,9.81,1.38],"texture":"#0"},"east":{"uv":[2.29,9.14,2.95,9.76],"texture":"#0"},"south":{"uv":[9.14,8.38,9.81,9],"texture":"#0"},"west":{"uv":[9.14,9.14,9.81,9.76],"texture":"#0"},"up":{"uv":[9.43,2.19,8.76,1.52],"texture":"#0"},"down":{"uv":[9.43,2.29,8.76,2.95],"texture":"#0"}},"rotation":{"origin":[8,11.66079,8],"axis":"x","angle":45,"rescale":false}},{"from":[7.175,10.80509,3.8422],"to":[7.675,12.05509,5.0922],"faces":{"north":{"uv":[7.24,13.71,7.43,14.19],"texture":"#0"},"east":{"uv":[0,11.05,0.48,11.52],"texture":"#0"},"south":{"uv":[7.62,13.71,7.81,14.19],"texture":"#0"},"west":{"uv":[11.05,1.52,11.52,2],"texture":"#0"},"up":{"uv":[13.9,8.1,13.71,7.62],"texture":"#0"},"down":{"uv":[8.19,13.71,8,14.19],"texture":"#0"}},"rotation":{"origin":[7.25,11.45,4.3],"axis":"x","angle":22.5,"rescale":false}},{"from":[7.175,10.80509,10.9078],"to":[7.675,12.05509,12.1578],"faces":{"north":{"uv":[13.71,12.95,13.9,13.43],"texture":"#0"},"east":{"uv":[11.43,8.76,11.9,9.24],"texture":"#0"},"south":{"uv":[13.33,13.71,13.52,14.19],"texture":"#0"},"west":{"uv":[9.52,11.43,10,11.9],"texture":"#0"},"up":{"uv":[13.9,14.19,13.71,13.71],"texture":"#0"},"down":{"uv":[14.29,0,14.1,0.48],"texture":"#0"}},"rotation":{"origin":[7.25,11.45,11.7],"axis":"x","angle":-22.5,"rescale":false}},{"from":[7.24424,13.6,5.91997],"to":[7.24424,16.8,6.71997],"faces":{"north":{"uv":[0,0,0,1.24],"texture":"#0"},"east":{"uv":[9.52,3.05,9.81,4.29],"texture":"#0"},"south":{"uv":[0,0,0,1.24],"texture":"#0"},"west":{"uv":[3.43,9.52,3.71,10.76],"texture":"#0"},"up":{"uv":[0,0.29,0,0],"texture":"#0"},"down":{"uv":[0,0,0,0.29],"texture":"#0"}},"rotation":{"origin":[7.24424,15.2,6.31997],"axis":"y","angle":-22.5,"rescale":false}},{"from":[7.24424,13.6,9.28003],"to":[7.24424,16.8,10.08003],"faces":{"north":{"uv":[0,0,0,1.24],"texture":"#0"},"east":{"uv":[3.81,9.52,4.1,10.76],"texture":"#0"},"south":{"uv":[0,0,0,1.24],"texture":"#0"},"west":{"uv":[4.19,9.52,4.48,10.76],"texture":"#0"},"up":{"uv":[0,0.29,0,0],"texture":"#0"},"down":{"uv":[0,0,0,0.29],"texture":"#0"}},"rotation":{"origin":[7.24424,15.2,9.68003],"axis":"y","angle":22.5,"rescale":false}},{"from":[7.25,-11.775,8.1],"to":[8.75,-11.075,8.5],"faces":{"north":{"uv":[12.57,3.81,13.14,4.1],"texture":"#0"},"east":{"uv":[6.86,14.86,7,15.14],"texture":"#0"},"south":{"uv":[12.57,4.19,13.14,4.48],"texture":"#0"},"west":{"uv":[14.86,6.86,15,7.14],"texture":"#0"},"up":{"uv":[14.67,6.24,14.1,6.1],"texture":"#0"},"down":{"uv":[14.67,6.48,14.1,6.62],"texture":"#0"}},"rotation":{"origin":[8,-11.225,8.5],"axis":"x","angle":-45,"rescale":false}},{"from":[7.25,-11.51893,7.34393],"to":[8.75,-11.11893,8.39393],"faces":{"north":{"uv":[14.1,5.33,14.67,5.48],"texture":"#0"},"east":{"uv":[2.67,14.86,3.05,15],"texture":"#0"},"south":{"uv":[14.1,5.71,14.67,5.86],"texture":"#0"},"west":{"uv":[14.86,2.67,15.24,2.81],"texture":"#0"},"up":{"uv":[12.38,1.9,11.81,1.52],"texture":"#0"},"down":{"uv":[12.38,1.9,11.81,2.29],"texture":"#0"}}},{"from":[7.25,-10,7.25],"to":[8.75,-9,8.75],"faces":{"north":{"uv":[2.29,11.81,2.86,12.19],"texture":"#0"},"east":{"uv":[3.05,11.81,3.62,12.19],"texture":"#0"},"south":{"uv":[3.81,11.81,4.38,12.19],"texture":"#0"},"west":{"uv":[11.81,5.71,12.38,6.1],"texture":"#0"},"up":{"uv":[10.48,2.1,9.9,1.52],"texture":"#0"},"down":{"uv":[2.86,9.9,2.29,10.48],"texture":"#0"}}},{"from":[7.25,-6.2,7.5],"to":[8.75,-5.5,7.9],"faces":{"north":{"uv":[12.57,3.05,13.14,3.33],"texture":"#0"},"east":{"uv":[6.48,14.86,6.62,15.14],"texture":"#0"},"south":{"uv":[12.57,3.43,13.14,3.71],"texture":"#0"},"west":{"uv":[14.86,6.48,15,6.76],"texture":"#0"},"up":{"uv":[1.33,14.24,0.76,14.1],"texture":"#0"},"down":{"uv":[14.67,0.76,14.1,0.9],"texture":"#0"}},"rotation":{"origin":[8,-5.65,7.5],"axis":"x","angle":45,"rescale":false}},{"from":[7.25,-5.94393,7.60607],"to":[8.75,-5.54393,8.65607],"faces":{"north":{"uv":[14.1,1.14,14.67,1.29],"texture":"#0"},"east":{"uv":[2.29,14.86,2.67,15],"texture":"#0"},"south":{"uv":[1.52,14.1,2.1,14.24],"texture":"#0"},"west":{"uv":[14.86,2.29,15.24,2.43],"texture":"#0"},"up":{"uv":[12,5.71,11.43,5.33],"texture":"#0"},"down":{"uv":[12,9.52,11.43,9.9],"texture":"#0"}}},{"from":[7.25,-1.6,6.8],"to":[8.75,-0.7,7.3],"faces":{"north":{"uv":[0,12.57,0.57,12.9],"texture":"#0"},"east":{"uv":[14.86,0,15.05,0.33],"texture":"#0"},"south":{"uv":[12.57,0,13.14,0.33],"texture":"#0"},"west":{"uv":[0.38,14.86,0.57,15.19],"texture":"#0"},"up":{"uv":[1.71,13.9,1.14,13.71],"texture":"#0"},"down":{"uv":[14.29,1.9,13.71,2.1],"texture":"#0"}},"rotation":{"origin":[8,-1.1,6.3],"axis":"x","angle":22.5,"rescale":false}},{"from":[7.25,-1.6,8.7],"to":[8.75,-0.7,9.2],"faces":{"north":{"uv":[12.57,1.14,13.14,1.48],"texture":"#0"},"east":{"uv":[14.86,0.76,15.05,1.1],"texture":"#0"},"south":{"uv":[1.52,12.57,2.1,12.9],"texture":"#0"},"west":{"uv":[1.14,14.86,1.33,15.19],"texture":"#0"},"up":{"uv":[14.29,2.48,13.71,2.29],"texture":"#0"},"down":{"uv":[3.62,13.71,3.05,13.9],"texture":"#0"}},"rotation":{"origin":[8,-1.1,9.7],"axis":"x","angle":-22.5,"rescale":false}},{"from":[7.25,1.8,6.8],"to":[8.75,2.7,7.3],"faces":{"north":{"uv":[10.29,12.19,10.86,12.52],"texture":"#0"},"east":{"uv":[11.81,14.48,12,14.81],"texture":"#0"},"south":{"uv":[12.19,10.29,12.76,10.62],"texture":"#0"},"west":{"uv":[14.48,11.81,14.67,12.14],"texture":"#0"},"up":{"uv":[13.9,11.62,13.33,11.43],"texture":"#0"},"down":{"uv":[13.9,11.81,13.33,12],"texture":"#0"}},"rotation":{"origin":[8,2.2,6.3],"axis":"x","angle":-22.5,"rescale":false}},{"from":[7.25,1.8,8.7],"to":[8.75,2.7,9.2],"faces":{"north":{"uv":[12.19,5.33,12.76,5.67],"texture":"#0"},"east":{"uv":[14.48,9.52,14.67,9.86],"texture":"#0"},"south":{"uv":[12.19,9.9,12.76,10.24],"texture":"#0"},"west":{"uv":[11.43,14.48,11.62,14.81],"texture":"#0"},"up":{"uv":[13.9,11.24,13.33,11.05],"texture":"#0"},"down":{"uv":[12,13.33,11.43,13.52],"texture":"#0"}},"rotation":{"origin":[8,2.2,9.7],"axis":"x","angle":22.5,"rescale":false}},{"from":[7.25,6.4,7.25],"to":[8.75,7.4,8.75],"faces":{"north":{"uv":[11.81,6.1,12.38,6.48],"texture":"#0"},"east":{"uv":[11.81,6.48,12.38,6.86],"texture":"#0"},"south":{"uv":[11.81,6.86,12.38,7.24],"texture":"#0"},"west":{"uv":[11.81,7.24,12.38,7.62],"texture":"#0"},"up":{"uv":[10.48,4.38,9.9,3.81],"texture":"#0"},"down":{"uv":[10.48,4.57,9.9,5.14],"texture":"#0"}}},{"from":[7.25,9.53431,6.98431],"to":[8.75,10.78431,7.38431],"faces":{"north":{"uv":[0.76,10.67,1.33,11.14],"texture":"#0"},"east":{"uv":[9.9,14.48,10.05,14.95],"texture":"#0"},"south":{"uv":[10.67,0.76,11.24,1.24],"texture":"#0"},"west":{"uv":[10.29,14.48,10.43,14.95],"texture":"#0"},"up":{"uv":[14.67,7.76,14.1,7.62],"texture":"#0"},"down":{"uv":[14.67,8,14.1,8.14],"texture":"#0"}}},{"from":[7.25,9.53431,8.61569],"to":[8.75,10.78431,9.01569],"faces":{"north":{"uv":[10.67,2.67,11.24,3.14],"texture":"#0"},"east":{"uv":[10.67,14.48,10.81,14.95],"texture":"#0"},"south":{"uv":[10.67,3.43,11.24,3.9],"texture":"#0"},"west":{"uv":[11.05,14.48,11.19,14.95],"texture":"#0"},"up":{"uv":[14.67,10.43,14.1,10.29],"texture":"#0"},"down":{"uv":[14.67,10.67,14.1,10.81],"texture":"#0"}}},{"from":[7.25,10.85754,6.80754],"to":[8.75,11.50754,7.20754],"faces":{"north":{"uv":[7.24,12.95,7.81,13.19],"texture":"#0"},"east":{"uv":[14.86,14.86,15,15.1],"texture":"#0"},"south":{"uv":[8,12.95,8.57,13.19],"texture":"#0"},"west":{"uv":[0,15.24,0.14,15.48],"texture":"#0"},"up":{"uv":[14.67,7,14.1,6.86],"texture":"#0"},"down":{"uv":[14.67,7.24,14.1,7.38],"texture":"#0"}},"rotation":{"origin":[8,10.60754,6.80754],"axis":"x","angle":45,"rescale":false}},{"from":[7.25,10.85754,8.79246],"to":[8.75,11.50754,9.19246],"faces":{"north":{"uv":[13.33,0.76,13.9,1],"texture":"#0"},"east":{"uv":[15.24,0,15.38,0.24],"texture":"#0"},"south":{"uv":[1.14,13.33,1.71,13.57],"texture":"#0"},"west":{"uv":[0.38,15.24,0.52,15.48],"texture":"#0"},"up":{"uv":[14.67,11.19,14.1,11.05],"texture":"#0"},"down":{"uv":[14.67,11.43,14.1,11.57],"texture":"#0"}},"rotation":{"origin":[8,10.60754,9.19246],"axis":"x","angle":-45,"rescale":false}},{"from":[7.275,4.00452,8.10602],"to":[7.275,4.35252,8.22202],"faces":{"north":{"uv":[0,0,0,0.14],"texture":"#0"},"east":{"uv":[15.62,2.67,15.67,2.81],"texture":"#0"},"south":{"uv":[0,0,0,0.14],"texture":"#0"},"west":{"uv":[3.05,15.62,3.1,15.76],"texture":"#0"},"up":{"uv":[0,0.05,0,0],"texture":"#0"},"down":{"uv":[0,0,0,0.05],"texture":"#0"}}},{"from":[7.275,4.00452,8.20752],"to":[7.275,4.12052,8.33802],"faces":{"north":{"uv":[0,0,0,0.05],"texture":"#0"},"east":{"uv":[15.62,9.9,15.67,9.95],"texture":"#0"},"south":{"uv":[0,0,0,0.05],"texture":"#0"},"west":{"uv":[10.29,15.62,10.33,15.67],"texture":"#0"},"up":{"uv":[0,0.05,0,0],"texture":"#0"},"down":{"uv":[0,0,0,0.05],"texture":"#0"}}},{"from":[7.275,4.06252,7.93202],"to":[7.275,4.35252,8.04802],"faces":{"north":{"uv":[0,0,0,0.1],"texture":"#0"},"east":{"uv":[15.62,5.71,15.67,5.81],"texture":"#0"},"south":{"uv":[0,0,0,0.1],"texture":"#0"},"west":{"uv":[6.1,15.62,6.14,15.71],"texture":"#0"},"up":{"uv":[0,0.05,0,0],"texture":"#0"},"down":{"uv":[0,0,0,0.05],"texture":"#0"}}},{"from":[7.275,4.32352,7.77252],"to":[7.275,4.43952,8.32352],"faces":{"north":{"uv":[0,0,0,0.05],"texture":"#0"},"east":{"uv":[15.62,0.76,15.81,0.81],"texture":"#0"},"south":{"uv":[0,0,0,0.05],"texture":"#0"},"west":{"uv":[1.14,15.62,1.33,15.67],"texture":"#0"},"up":{"uv":[0,0.19,0,0],"texture":"#0"},"down":{"uv":[0,0,0,0.19],"texture":"#0"}}},{"from":[7.275,4.41155,8.25909],"to":[7.275,4.52755,8.52009],"faces":{"north":{"uv":[0,0,0,0.05],"texture":"#0"},"east":{"uv":[15.62,4.19,15.71,4.24],"texture":"#0"},"south":{"uv":[0,0,0,0.05],"texture":"#0"},"west":{"uv":[4.57,15.62,4.67,15.67],"texture":"#0"},"up":{"uv":[0,0.1,0,0],"texture":"#0"},"down":{"uv":[0,0,0,0.1],"texture":"#0"}},"rotation":{"origin":[7.275,4.44055,8.40409],"axis":"x","angle":-45,"rescale":false}},{"from":[7.275,4.50516,7.85806],"to":[7.275,4.70816,8.00306],"faces":{"north":{"uv":[0,0,0,0.1],"texture":"#0"},"east":{"uv":[15.62,4.95,15.67,5.05],"texture":"#0"},"south":{"uv":[0,0,0,0.1],"texture":"#0"},"west":{"uv":[5.33,15.62,5.38,15.71],"texture":"#0"},"up":{"uv":[0,0.05,0,0],"texture":"#0"},"down":{"uv":[0,0,0,0.05],"texture":"#0"}}},{"from":[7.275,4.50516,7.98856],"to":[7.275,4.60666,8.14806],"faces":{"north":{"uv":[0,0,0,0.05],"texture":"#0"},"east":{"uv":[15.62,9.52,15.67,9.57],"texture":"#0"},"south":{"uv":[0,0,0,0.05],"texture":"#0"},"west":{"uv":[9.9,15.62,9.95,15.67],"texture":"#0"},"up":{"uv":[0,0.05,0,0],"texture":"#0"},"down":{"uv":[0,0,0,0.05],"texture":"#0"}}},{"from":[7.275,4.50516,8.13356],"to":[7.275,4.70816,8.27856],"faces":{"north":{"uv":[0,0,0,0.1],"texture":"#0"},"east":{"uv":[15.62,4.57,15.67,4.67],"texture":"#0"},"south":{"uv":[0,0,0,0.1],"texture":"#0"},"west":{"uv":[4.95,15.62,5,15.71],"texture":"#0"},"up":{"uv":[0,0.05,0,0],"texture":"#0"},"down":{"uv":[0,0,0,0.05],"texture":"#0"}}},{"from":[7.275,4.51408,8.44862],"to":[7.275,4.86208,8.56462],"faces":{"north":{"uv":[0,0,0,0.14],"texture":"#0"},"east":{"uv":[15.62,1.9,15.67,2.05],"texture":"#0"},"south":{"uv":[0,0,0,0.14],"texture":"#0"},"west":{"uv":[2.29,15.62,2.33,15.76],"texture":"#0"},"up":{"uv":[0,0.05,0,0],"texture":"#0"},"down":{"uv":[0,0,0,0.05],"texture":"#0"}},"rotation":{"origin":[7.275,4.54308,8.50662],"axis":"x","angle":-45,"rescale":false}},{"from":[7.275,4.5321,7.61697],"to":[7.275,4.6481,7.90697],"faces":{"north":{"uv":[0,0,0,0.05],"texture":"#0"},"east":{"uv":[15.62,5.33,15.71,5.38],"texture":"#0"},"south":{"uv":[0,0,0,0.05],"texture":"#0"},"west":{"uv":[5.71,15.62,5.81,15.67],"texture":"#0"},"up":{"uv":[0,0.1,0,0],"texture":"#0"},"down":{"uv":[0,0,0,0.1],"texture":"#0"}},"rotation":{"origin":[7.275,4.5901,7.58797],"axis":"x","angle":45,"rescale":false}},{"from":[7.275,4.57705,8.26964],"to":[7.275,4.69305,8.50164],"faces":{"north":{"uv":[0,0,0,0.05],"texture":"#0"},"east":{"uv":[15.62,6.1,15.71,6.14],"texture":"#0"},"south":{"uv":[0,0,0,0.05],"texture":"#0"},"west":{"uv":[6.48,15.62,6.57,15.67],"texture":"#0"},"up":{"uv":[0,0.1,0,0],"texture":"#0"},"down":{"uv":[0,0,0,0.1],"texture":"#0"}},"rotation":{"origin":[7.275,4.63505,8.70464],"axis":"x","angle":45,"rescale":false}},{"from":[7.275,4.69366,7.85806],"to":[7.275,4.80966,8.32206],"faces":{"north":{"uv":[0,0,0,0.05],"texture":"#0"},"east":{"uv":[15.62,0.38,15.81,0.43],"texture":"#0"},"south":{"uv":[0,0,0,0.05],"texture":"#0"},"west":{"uv":[0.76,15.62,0.95,15.67],"texture":"#0"},"up":{"uv":[0,0.19,0,0],"texture":"#0"},"down":{"uv":[0,0,0,0.19],"texture":"#0"}}},{"from":[7.275,4.73716,7.55356],"to":[7.275,4.85316,7.88706],"faces":{"north":{"uv":[0,0,0,0.05],"texture":"#0"},"east":{"uv":[15.62,2.29,15.76,2.33],"texture":"#0"},"south":{"uv":[0,0,0,0.05],"texture":"#0"},"west":{"uv":[2.67,15.62,2.81,15.67],"texture":"#0"},"up":{"uv":[0,0.14,0,0],"texture":"#0"},"down":{"uv":[0,0,0,0.14],"texture":"#0"}},"rotation":{"origin":[7.275,4.79516,7.91606],"axis":"x","angle":-45,"rescale":false}},{"from":[7.275,4.7411,7.55253],"to":[7.275,4.8571,7.84253],"faces":{"north":{"uv":[0,0,0,0.05],"texture":"#0"},"east":{"uv":[15.62,6.48,15.71,6.52],"texture":"#0"},"south":{"uv":[0,0,0,0.05],"texture":"#0"},"west":{"uv":[6.86,15.62,6.95,15.67],"texture":"#0"},"up":{"uv":[0,0.1,0,0],"texture":"#0"},"down":{"uv":[0,0,0,0.1],"texture":"#0"}},"rotation":{"origin":[7.275,4.7991,7.63953],"axis":"x","angle":-45,"rescale":false}},{"from":[7.275,4.86766,7.74206],"to":[7.275,4.98366,8.43806],"faces":{"north":{"uv":[0,0,0,0.05],"texture":"#0"},"east":{"uv":[13.71,15.24,14,15.29],"texture":"#0"},"south":{"uv":[0,0,0,0.05],"texture":"#0"},"west":{"uv":[15.24,13.71,15.52,13.76],"texture":"#0"},"up":{"uv":[0,0.29,0,0],"texture":"#0"},"down":{"uv":[0,0,0,0.29],"texture":"#0"}}},{"from":[7.3,10.71987,2.92085],"to":[7.3,11.96987,4.17085],"faces":{"north":{"uv":[0,0,0,0.48],"texture":"#0"},"east":{"uv":[2.67,11.05,3.14,11.52],"texture":"#0"},"south":{"uv":[0,0,0,0.48],"texture":"#0"},"west":{"uv":[3.43,11.05,3.9,11.52],"texture":"#0"},"up":{"uv":[0,0.48,0,0],"texture":"#0"},"down":{"uv":[0,0,0,0.48],"texture":"#0"}},"rotation":{"origin":[7.25,11.45,4.3],"axis":"x","angle":-22.5,"rescale":false}},{"from":[7.3,10.71987,11.82915],"to":[7.3,11.96987,13.07915],"faces":{"north":{"uv":[0,0,0,0.48],"texture":"#0"},"east":{"uv":[11.43,8,11.9,8.48],"texture":"#0"},"south":{"uv":[0,0,0,0.48],"texture":"#0"},"west":{"uv":[8.76,11.43,9.24,11.9],"texture":"#0"},"up":{"uv":[0,0.48,0,0],"texture":"#0"},"down":{"uv":[0,0,0,0.48],"texture":"#0"}},"rotation":{"origin":[7.25,11.45,11.7],"axis":"x","angle":22.5,"rescale":false}},{"from":[7.3,10.93013,4.42915],"to":[7.3,12.18013,5.67915],"faces":{"north":{"uv":[0,0,0,0.48],"texture":"#0"},"east":{"uv":[4.19,11.05,4.67,11.52],"texture":"#0"},"south":{"uv":[0,0,0,0.48],"texture":"#0"},"west":{"uv":[11.05,5.71,11.52,6.19],"texture":"#0"},"up":{"uv":[0,0.48,0,0],"texture":"#0"},"down":{"uv":[0,0,0,0.48],"texture":"#0"}},"rotation":{"origin":[7.25,11.45,4.3],"axis":"x","angle":-22.5,"rescale":false}},{"from":[7.3,10.93013,10.32085],"to":[7.3,12.18013,11.57085],"faces":{"north":{"uv":[0,0,0,0.48],"texture":"#0"},"east":{"uv":[7.24,11.43,7.71,11.9],"texture":"#0"},"south":{"uv":[0,0,0,0.48],"texture":"#0"},"west":{"uv":[8,11.43,8.48,11.9],"texture":"#0"},"up":{"uv":[0,0.48,0,0],"texture":"#0"},"down":{"uv":[0,0,0,0.48],"texture":"#0"}},"rotation":{"origin":[7.25,11.45,11.7],"axis":"x","angle":22.5,"rescale":false}},{"from":[7.315,13.53864,5.81743],"to":[8.685,14.35864,6.47743],"faces":{"north":{"uv":[12.57,1.52,13.1,1.86],"texture":"#0"},"east":{"uv":[11.05,14.1,11.29,14.43],"texture":"#0"},"south":{"uv":[12.57,1.9,13.1,2.24],"texture":"#0"},"west":{"uv":[14.1,11.81,14.33,12.14],"texture":"#0"},"up":{"uv":[13.86,1.38,13.33,1.14],"texture":"#0"},"down":{"uv":[13.86,1.52,13.33,1.76],"texture":"#0"}},"rotation":{"origin":[8,14.19864,6.47743],"axis":"x","angle":-22.5,"rescale":false}},{"from":[7.315,13.53864,9.52257],"to":[8.685,14.35864,10.18257],"faces":{"north":{"uv":[12.57,2.29,13.1,2.62],"texture":"#0"},"east":{"uv":[12.19,14.1,12.43,14.43],"texture":"#0"},"south":{"uv":[12.57,2.67,13.1,3],"texture":"#0"},"west":{"uv":[14.1,12.19,14.33,12.52],"texture":"#0"},"up":{"uv":[13.86,4.43,13.33,4.19],"texture":"#0"},"down":{"uv":[13.86,4.57,13.33,4.81],"texture":"#0"}},"rotation":{"origin":[8,14.19864,9.52257],"axis":"x","angle":22.5,"rescale":false}},{"from":[7.325,8.25252,2.82689],"to":[7.325,11.40252,4.22689],"faces":{"north":{"uv":[0,0,0,1.19],"texture":"#0"},"east":{"uv":[6.1,4.57,6.62,5.76],"texture":"#0"},"south":{"uv":[0,0,0,1.19],"texture":"#0"},"west":{"uv":[6.1,6.1,6.62,7.29],"texture":"#0"},"up":{"uv":[0,0.52,0,0],"texture":"#0"},"down":{"uv":[0,0,0,0.52],"texture":"#0"}}},{"from":[7.325,8.25252,11.77311],"to":[7.325,11.40252,13.17311],"faces":{"north":{"uv":[0,0,0,1.19],"texture":"#0"},"east":{"uv":[3.81,6.86,4.33,8.05],"texture":"#0"},"south":{"uv":[0,0,0,1.19],"texture":"#0"},"west":{"uv":[4.57,6.86,5.1,8.05],"texture":"#0"},"up":{"uv":[0,0.52,0,0],"texture":"#0"},"down":{"uv":[0,0,0,0.52],"texture":"#0"}}},{"from":[7.325,11.49748,4.62311],"to":[7.325,13.64748,5.77311],"faces":{"north":{"uv":[0,0,0,0.81],"texture":"#0"},"east":{"uv":[4.95,9.52,5.38,10.33],"texture":"#0"},"south":{"uv":[0,0,0,0.81],"texture":"#0"},"west":{"uv":[5.71,9.52,6.14,10.33],"texture":"#0"},"up":{"uv":[0,0.43,0,0],"texture":"#0"},"down":{"uv":[0,0,0,0.43],"texture":"#0"}}},{"from":[7.325,11.49748,10.22689],"to":[7.325,13.64748,11.37689],"faces":{"north":{"uv":[0,0,0,0.81],"texture":"#0"},"east":{"uv":[8,9.52,8.43,10.33],"texture":"#0"},"south":{"uv":[0,0,0,0.81],"texture":"#0"},"west":{"uv":[0,9.9,0.43,10.71],"texture":"#0"},"up":{"uv":[0,0.43,0,0],"texture":"#0"},"down":{"uv":[0,0,0,0.43],"texture":"#0"}}},{"from":[7.34,12.26888,6.07],"to":[8.66,13.58888,6.73],"faces":{"north":{"uv":[10.29,6.86,10.81,7.38],"texture":"#0"},"east":{"uv":[1.9,13.33,2.14,13.86],"texture":"#0"},"south":{"uv":[10.29,7.62,10.81,8.14],"texture":"#0"},"west":{"uv":[13.33,1.9,13.57,2.43],"texture":"#0"},"up":{"uv":[2.81,13.57,2.29,13.33],"texture":"#0"},"down":{"uv":[13.86,2.67,13.33,2.9],"texture":"#0"}}},{"from":[7.34,12.26888,9.27],"to":[8.66,13.58888,9.93],"faces":{"north":{"uv":[10.29,9.9,10.81,10.43],"texture":"#0"},"east":{"uv":[13.33,3.05,13.57,3.57],"texture":"#0"},"south":{"uv":[10.67,0,11.19,0.52],"texture":"#0"},"west":{"uv":[3.81,13.33,4.05,13.86],"texture":"#0"},"up":{"uv":[13.86,4.05,13.33,3.81],"texture":"#0"},"down":{"uv":[4.71,13.33,4.19,13.57],"texture":"#0"}}},{"from":[7.35,3.05,7.35],"to":[8.65,11.25,8.65],"faces":{"north":{"uv":[0,4.57,0.48,7.71],"texture":"#0"},"east":{"uv":[0.76,4.57,1.24,7.71],"texture":"#0"},"south":{"uv":[1.52,4.57,2,7.71],"texture":"#0"},"west":{"uv":[2.29,4.57,2.76,7.71],"texture":"#0"},"up":{"uv":[11.52,6.95,11.05,6.48],"texture":"#0"},"down":{"uv":[11.52,7.24,11.05,7.71],"texture":"#0"}}},{"from":[7.375,-13,6.975],"to":[8.625,-12.15,7.825],"faces":{"north":{"uv":[12.57,8,13.05,8.33],"texture":"#0"},"east":{"uv":[7.62,13.33,7.95,13.67],"texture":"#0"},"south":{"uv":[12.57,8.38,13.05,8.71],"texture":"#0"},"west":{"uv":[13.33,7.62,13.67,7.95],"texture":"#0"},"up":{"uv":[13.05,9.1,12.57,8.76],"texture":"#0"},"down":{"uv":[13.05,9.14,12.57,9.48],"texture":"#0"}},"rotation":{"origin":[8,-11.975,8],"axis":"x","angle":-45,"rescale":false}},{"from":[7.375,-7.425,8.175],"to":[8.625,-6.575,9.025],"faces":{"north":{"uv":[12.57,6.48,13.05,6.81],"texture":"#0"},"east":{"uv":[13.33,6.86,13.67,7.19],"texture":"#0"},"south":{"uv":[12.57,6.86,13.05,7.19],"texture":"#0"},"west":{"uv":[13.33,7.24,13.67,7.57],"texture":"#0"},"up":{"uv":[13.05,7.57,12.57,7.24],"texture":"#0"},"down":{"uv":[13.05,7.62,12.57,7.95],"texture":"#0"}},"rotation":{"origin":[8,-6.4,8],"axis":"x","angle":45,"rescale":false}},{"from":[7.406,-12.82179,7.406],"to":[8.594,-11.39379,8.594],"faces":{"north":{"uv":[6.48,10.67,6.95,11.19],"texture":"#0"},"east":{"uv":[7.24,10.67,7.71,11.19],"texture":"#0"},"south":{"uv":[8,10.67,8.48,11.19],"texture":"#0"},"west":{"uv":[10.67,8.38,11.14,8.9],"texture":"#0"},"up":{"uv":[10,11.14,9.52,10.67],"texture":"#0"},"down":{"uv":[10.76,10.67,10.29,11.14],"texture":"#0"}}},{"from":[7.406,-7.24679,7.406],"to":[8.594,-5.81879,8.594],"faces":{"north":{"uv":[10.67,4.19,11.14,4.71],"texture":"#0"},"east":{"uv":[4.95,10.67,5.43,11.19],"texture":"#0"},"south":{"uv":[10.67,4.95,11.14,5.48],"texture":"#0"},"west":{"uv":[5.71,10.67,6.19,11.19],"texture":"#0"},"up":{"uv":[9.24,11.14,8.76,10.67],"texture":"#0"},"down":{"uv":[11.14,9.14,10.67,9.62],"texture":"#0"}}},{"from":[7.44,12.92088,5.1332],"to":[8.56,13.34088,6.1432],"faces":{"north":{"uv":[14.86,1.14,15.29,1.29],"texture":"#0"},"east":{"uv":[3.05,14.86,3.43,15],"texture":"#0"},"south":{"uv":[1.52,14.86,1.95,15],"texture":"#0"},"west":{"uv":[14.86,3.05,15.24,3.19],"texture":"#0"},"up":{"uv":[13,4.95,12.57,4.57],"texture":"#0"},"down":{"uv":[13,4.95,12.57,5.33],"texture":"#0"}},"rotation":{"origin":[8,13.28088,6.1432],"axis":"x","angle":-22.5,"rescale":false}},{"from":[7.44,12.92088,9.8568],"to":[8.56,13.34088,10.8668],"faces":{"north":{"uv":[14.86,1.52,15.29,1.67],"texture":"#0"},"east":{"uv":[3.43,14.86,3.81,15],"texture":"#0"},"south":{"uv":[14.86,1.9,15.29,2.05],"texture":"#0"},"west":{"uv":[14.86,3.43,15.24,3.57],"texture":"#0"},"up":{"uv":[13,6.1,12.57,5.71],"texture":"#0"},"down":{"uv":[13,6.1,12.57,6.48],"texture":"#0"}},"rotation":{"origin":[8,13.28088,9.8568],"axis":"x","angle":22.5,"rescale":false}},{"from":[7.44,13.28607,4.45767],"to":[8.56,14.00607,5.86767],"faces":{"north":{"uv":[13.33,4.95,13.76,5.24],"texture":"#0"},"east":{"uv":[12.57,9.52,13.1,9.81],"texture":"#0"},"south":{"uv":[6.1,13.33,6.52,13.62],"texture":"#0"},"west":{"uv":[0.76,12.95,1.29,13.24],"texture":"#0"},"up":{"uv":[10.71,11.95,10.29,11.43],"texture":"#0"},"down":{"uv":[11.48,11.43,11.05,11.95],"texture":"#0"}},"rotation":{"origin":[8,13.94607,5.86767],"axis":"x","angle":-22.5,"rescale":false}},{"from":[7.44,13.28607,10.13233],"to":[8.56,14.00607,11.54233],"faces":{"north":{"uv":[13.33,6.48,13.76,6.76],"texture":"#0"},"east":{"uv":[1.52,12.95,2.05,13.24],"texture":"#0"},"south":{"uv":[6.86,13.33,7.29,13.62],"texture":"#0"},"west":{"uv":[2.29,12.95,2.81,13.24],"texture":"#0"},"up":{"uv":[0.43,12.33,0,11.81],"texture":"#0"},"down":{"uv":[1.95,11.81,1.52,12.33],"texture":"#0"}},"rotation":{"origin":[8,13.94607,10.13233],"axis":"x","angle":22.5,"rescale":false}},{"from":[7.5,-12.275,8.6],"to":[9,-10.775,9],"faces":{"north":{"uv":[9.9,0.76,10.48,1.33],"texture":"#0"},"east":{"uv":[14.1,3.43,14.24,4],"texture":"#0"},"south":{"uv":[1.52,9.9,2.1,10.48],"texture":"#0"},"west":{"uv":[14.1,4.19,14.24,4.76],"texture":"#0"},"up":{"uv":[5.52,14.24,4.95,14.1],"texture":"#0"},"down":{"uv":[14.67,4.95,14.1,5.1],"texture":"#0"}},"rotation":{"origin":[8,-11.275,8.75],"axis":"z","angle":-45,"rescale":false}},{"from":[7.5,-6.7,7],"to":[9,-5.2,7.4],"faces":{"north":{"uv":[9.9,0,10.48,0.57],"texture":"#0"},"east":{"uv":[14.1,2.67,14.24,3.24],"texture":"#0"},"south":{"uv":[0.76,9.9,1.33,10.48],"texture":"#0"},"west":{"uv":[3.05,14.1,3.19,14.67],"texture":"#0"},"up":{"uv":[14.67,1.67,14.1,1.52],"texture":"#0"},"down":{"uv":[4,14.1,3.43,14.24],"texture":"#0"}},"rotation":{"origin":[8,-5.7,7.25],"axis":"z","angle":-45,"rescale":false}},{"from":[7.5,10.8,6.75],"to":[9,12.3,7.15],"faces":{"north":{"uv":[9.9,2.29,10.48,2.86],"texture":"#0"},"east":{"uv":[5.71,14.1,5.86,14.67],"texture":"#0"},"south":{"uv":[9.9,3.05,10.48,3.62],"texture":"#0"},"west":{"uv":[8.38,14.1,8.52,14.67],"texture":"#0"},"up":{"uv":[14.67,8.52,14.1,8.38],"texture":"#0"},"down":{"uv":[14.67,8.76,14.1,8.9],"texture":"#0"}},"rotation":{"origin":[8,11.3,7],"axis":"z","angle":45,"rescale":false}},{"from":[7.5,10.8,8.85],"to":[9,12.3,9.25],"faces":{"north":{"uv":[9.9,5.33,10.48,5.9],"texture":"#0"},"east":{"uv":[8.76,14.1,8.9,14.67],"texture":"#0"},"south":{"uv":[9.9,8.38,10.48,8.95],"texture":"#0"},"west":{"uv":[14.1,9.14,14.24,9.71],"texture":"#0"},"up":{"uv":[14.67,10.05,14.1,9.9],"texture":"#0"},"down":{"uv":[10.86,14.1,10.29,14.24],"texture":"#0"}},"rotation":{"origin":[8,11.3,9],"axis":"z","angle":45,"rescale":false}},{"from":[7.5248,-11.24721,7.5248],"to":[8.4752,-7.35621,8.4752],"faces":{"north":{"uv":[7.62,0,8,1.48],"texture":"#0"},"east":{"uv":[7.62,1.52,8,3],"texture":"#0"},"south":{"uv":[7.62,3.05,8,4.52],"texture":"#0"},"west":{"uv":[7.62,4.57,8,6.05],"texture":"#0"},"up":{"uv":[11.05,6.1,10.67,5.71],"texture":"#0"},"down":{"uv":[11.43,2.29,11.05,2.67],"texture":"#0"}}},{"from":[7.5248,-5.84721,7.5248],"to":[8.4752,-1.95621,8.4752],"faces":{"north":{"uv":[6.86,5.33,7.24,6.81],"texture":"#0"},"east":{"uv":[6.86,6.86,7.24,8.33],"texture":"#0"},"south":{"uv":[7.24,5.33,7.62,6.81],"texture":"#0"},"west":{"uv":[7.24,6.86,7.62,8.33],"texture":"#0"},"up":{"uv":[9.14,9.9,8.76,9.52],"texture":"#0"},"down":{"uv":[3.05,10.67,2.67,11.05],"texture":"#0"}}},{"from":[7.5682,9.21612,6.98431],"to":[8.4312,9.54112,7.38431],"faces":{"north":{"uv":[14.86,4.57,15.19,4.71],"texture":"#0"},"east":{"uv":[10.67,15.24,10.81,15.38],"texture":"#0"},"south":{"uv":[14.86,4.95,15.19,5.1],"texture":"#0"},"west":{"uv":[15.24,10.67,15.38,10.81],"texture":"#0"},"up":{"uv":[5.67,15,5.33,14.86],"texture":"#0"},"down":{"uv":[15.19,5.33,14.86,5.48],"texture":"#0"}}},{"from":[7.5682,9.21612,8.61569],"to":[8.4312,9.54112,9.01569],"faces":{"north":{"uv":[5.71,14.86,6.05,15],"texture":"#0"},"east":{"uv":[11.05,15.24,11.19,15.38],"texture":"#0"},"south":{"uv":[14.86,5.71,15.19,5.86],"texture":"#0"},"west":{"uv":[15.24,11.05,15.38,11.19],"texture":"#0"},"up":{"uv":[6.43,15,6.1,14.86],"texture":"#0"},"down":{"uv":[15.19,6.1,14.86,6.24],"texture":"#0"}}},{"from":[7.575,10.1621,2.57032],"to":[8.425,11.4371,3.49532],"faces":{"north":{"uv":[4.57,12.57,4.9,13.05],"texture":"#0"},"east":{"uv":[10.29,12.57,10.62,13.05],"texture":"#0"},"south":{"uv":[10.67,12.57,11,13.05],"texture":"#0"},"west":{"uv":[11.05,12.57,11.38,13.05],"texture":"#0"},"up":{"uv":[13.67,9.1,13.33,8.76],"texture":"#0"},"down":{"uv":[13.67,9.14,13.33,9.48],"texture":"#0"}},"rotation":{"origin":[8,11.51967,3.20475],"axis":"x","angle":22.5,"rescale":false}},{"from":[7.575,10.1621,12.50468],"to":[8.425,11.4371,13.42968],"faces":{"north":{"uv":[11.43,12.57,11.76,13.05],"texture":"#0"},"east":{"uv":[11.81,12.57,12.14,13.05],"texture":"#0"},"south":{"uv":[12.19,12.57,12.52,13.05],"texture":"#0"},"west":{"uv":[12.57,12.19,12.9,12.67],"texture":"#0"},"up":{"uv":[13.67,9.86,13.33,9.52],"texture":"#0"},"down":{"uv":[13.67,9.9,13.33,10.24],"texture":"#0"}},"rotation":{"origin":[8,11.51967,12.79525],"axis":"x","angle":-22.5,"rescale":false}},{"from":[7.57984,-0.54,5.88852],"to":[8.41984,1.14,5.88852],"faces":{"north":{"uv":[12.19,3.81,12.52,4.43],"texture":"#0"},"east":{"uv":[0,0,0,0.62],"texture":"#0"},"south":{"uv":[4.19,12.19,4.52,12.81],"texture":"#0"},"west":{"uv":[0,0,0,0.62],"texture":"#0"},"up":{"uv":[0.33,0,0,0],"texture":"#0"},"down":{"uv":[0.33,0,0,0],"texture":"#0"}},"rotation":{"origin":[8,0.3,8],"axis":"y","angle":22.5,"rescale":false}},{"from":[7.57984,-0.54,5.88852],"to":[8.41984,1.14,5.88852],"faces":{"north":{"uv":[12.19,4.57,12.52,5.19],"texture":"#0"},"east":{"uv":[0,0,0,0.62],"texture":"#0"},"south":{"uv":[4.95,12.19,5.29,12.81],"texture":"#0"},"west":{"uv":[0,0,0,0.62],"texture":"#0"},"up":{"uv":[0.33,0,0,0],"texture":"#0"},"down":{"uv":[0.33,0,0,0],"texture":"#0"}},"rotation":{"origin":[8,0.3,8],"axis":"y","angle":-22.5,"rescale":false}},{"from":[7.57984,0.16,5.88852],"to":[8.41984,1.84,5.88852],"faces":{"north":{"uv":[3.05,12.19,3.38,12.81],"texture":"#0"},"east":{"uv":[0,0,0,0.62],"texture":"#0"},"south":{"uv":[12.19,3.05,12.52,3.67],"texture":"#0"},"west":{"uv":[0,0,0,0.62],"texture":"#0"},"up":{"uv":[0.33,0,0,0],"texture":"#0"},"down":{"uv":[0.33,0,0,0],"texture":"#0"}}},{"from":[7.57984,0.16,5.88852],"to":[8.41984,1.84,5.88852],"faces":{"north":{"uv":[3.43,12.19,3.76,12.81],"texture":"#0"},"east":{"uv":[0,0,0,0.62],"texture":"#0"},"south":{"uv":[3.81,12.19,4.14,12.81],"texture":"#0"},"west":{"uv":[0,0,0,0.62],"texture":"#0"},"up":{"uv":[0.33,0,0,0],"texture":"#0"},"down":{"uv":[0.33,0,0,0],"texture":"#0"}},"rotation":{"origin":[8,1,8],"axis":"y","angle":45,"rescale":false}},{"from":[7.58016,-0.54,10.11148],"to":[8.42016,1.14,10.11148],"faces":{"north":{"uv":[6.86,12.19,7.19,12.81],"texture":"#0"},"east":{"uv":[0,0,0,0.62],"texture":"#0"},"south":{"uv":[7.24,12.19,7.57,12.81],"texture":"#0"},"west":{"uv":[0,0,0,0.62],"texture":"#0"},"up":{"uv":[0.33,0,0,0],"texture":"#0"},"down":{"uv":[0.33,0,0,0],"texture":"#0"}},"rotation":{"origin":[8,0.3,8],"axis":"y","angle":22.5,"rescale":false}},{"from":[7.58016,-0.54,10.11148],"to":[8.42016,1.14,10.11148],"faces":{"north":{"uv":[7.62,12.19,7.95,12.81],"texture":"#0"},"east":{"uv":[0,0,0,0.62],"texture":"#0"},"south":{"uv":[12.19,7.62,12.52,8.24],"texture":"#0"},"west":{"uv":[0,0,0,0.62],"texture":"#0"},"up":{"uv":[0.33,0,0,0],"texture":"#0"},"down":{"uv":[0.33,0,0,0],"texture":"#0"}},"rotation":{"origin":[8,0.3,8],"axis":"y","angle":-22.5,"rescale":false}},{"from":[7.58016,0.16,10.11148],"to":[8.42016,1.84,10.11148],"faces":{"north":{"uv":[11.81,11.43,12.14,12.05],"texture":"#0"},"east":{"uv":[0,0,0,0.62],"texture":"#0"},"south":{"uv":[12.19,0,12.52,0.62],"texture":"#0"},"west":{"uv":[0,0,0,0.62],"texture":"#0"},"up":{"uv":[0.33,0,0,0],"texture":"#0"},"down":{"uv":[0.33,0,0,0],"texture":"#0"}}},{"from":[7.58016,0.16,10.11148],"to":[8.42016,1.84,10.11148],"faces":{"north":{"uv":[0.76,12.19,1.1,12.81],"texture":"#0"},"east":{"uv":[0,0,0,0.62],"texture":"#0"},"south":{"uv":[12.19,0.76,12.52,1.38],"texture":"#0"},"west":{"uv":[0,0,0,0.62],"texture":"#0"},"up":{"uv":[0.33,0,0,0],"texture":"#0"},"down":{"uv":[0.33,0,0,0],"texture":"#0"}},"rotation":{"origin":[8,1,8],"axis":"y","angle":45,"rescale":false}},{"from":[7.6,10.55049,2.77494],"to":[8.4,11.85049,4.57494],"faces":{"north":{"uv":[12.95,9.9,13.24,10.38],"texture":"#0"},"east":{"uv":[8.76,9.9,9.43,10.38],"texture":"#0"},"south":{"uv":[12.95,10.67,13.24,11.14],"texture":"#0"},"west":{"uv":[9.9,9.14,10.57,9.62],"texture":"#0"},"up":{"uv":[9.43,12.86,9.14,12.19],"texture":"#0"},"down":{"uv":[12.48,9.14,12.19,9.81],"texture":"#0"}},"rotation":{"origin":[8,11.29595,3.09401],"axis":"x","angle":-22.5,"rescale":false}},{"from":[7.6,10.55049,11.42506],"to":[8.4,11.85049,13.22506],"faces":{"north":{"uv":[12.95,11.43,13.24,11.9],"texture":"#0"},"east":{"uv":[9.52,9.9,10.19,10.38],"texture":"#0"},"south":{"uv":[12.95,12.19,13.24,12.67],"texture":"#0"},"west":{"uv":[10.29,6.1,10.95,6.57],"texture":"#0"},"up":{"uv":[9.81,12.86,9.52,12.19],"texture":"#0"},"down":{"uv":[10.19,12.19,9.9,12.86],"texture":"#0"}},"rotation":{"origin":[8,11.29595,12.90599],"axis":"x","angle":22.5,"rescale":false}},{"from":[7.625,10.975,4.25],"to":[8.375,12.375,6.75],"faces":{"north":{"uv":[0,12.95,0.29,13.48],"texture":"#0"},"east":{"uv":[5.33,7.62,6.29,8.14],"texture":"#0"},"south":{"uv":[0.38,12.95,0.67,13.48],"texture":"#0"},"west":{"uv":[7.62,6.1,8.57,6.62],"texture":"#0"},"up":{"uv":[1.81,11.62,1.52,10.67],"texture":"#0"},"down":{"uv":[10.95,1.52,10.67,2.48],"texture":"#0"}}},{"from":[7.625,10.975,9.25],"to":[8.375,12.375,11.75],"faces":{"north":{"uv":[3.05,12.95,3.33,13.48],"texture":"#0"},"east":{"uv":[7.62,6.86,8.57,7.38],"texture":"#0"},"south":{"uv":[3.43,12.95,3.71,13.48],"texture":"#0"},"west":{"uv":[7.62,7.62,8.57,8.14],"texture":"#0"},"up":{"uv":[2.19,11.62,1.9,10.67],"texture":"#0"},"down":{"uv":[2.57,10.67,2.29,11.62],"texture":"#0"}}},{"from":[7.66673,9.87825,6.98431],"to":[8.16673,10.32825,7.38431],"faces":{"north":{"uv":[14.86,10.67,15.05,10.86],"texture":"#0"},"east":{"uv":[3.43,15.24,3.57,15.43],"texture":"#0"},"south":{"uv":[14.86,11.05,15.05,11.24],"texture":"#0"},"west":{"uv":[15.24,3.43,15.38,3.62],"texture":"#0"},"up":{"uv":[4,15.38,3.81,15.24],"texture":"#0"},"down":{"uv":[4.38,15.24,4.19,15.38],"texture":"#0"}},"rotation":{"origin":[8.41673,9.42825,6.98431],"axis":"z","angle":45,"rescale":false}},{"from":[7.66673,9.87825,8.61569],"to":[8.16673,10.32825,9.01569],"faces":{"north":{"uv":[14.48,14.86,14.67,15.05],"texture":"#0"},"east":{"uv":[7.62,15.24,7.76,15.43],"texture":"#0"},"south":{"uv":[14.86,14.48,15.05,14.67],"texture":"#0"},"west":{"uv":[15.24,7.62,15.38,7.81],"texture":"#0"},"up":{"uv":[8.19,15.38,8,15.24],"texture":"#0"},"down":{"uv":[15.43,8,15.24,8.14],"texture":"#0"}},"rotation":{"origin":[8.41673,9.42825,9.01569],"axis":"z","angle":45,"rescale":false}},{"from":[7.7195,11.87288,6.045],"to":[8.66,12.81338,6.73],"faces":{"north":{"uv":[11.05,8,11.43,8.38],"texture":"#0"},"east":{"uv":[13.71,6.1,13.95,6.48],"texture":"#0"},"south":{"uv":[11.81,7.62,12.19,8],"texture":"#0"},"west":{"uv":[8.38,13.71,8.62,14.1],"texture":"#0"},"up":{"uv":[14.1,8.62,13.71,8.38],"texture":"#0"},"down":{"uv":[9.14,13.71,8.76,13.95],"texture":"#0"}},"rotation":{"origin":[8,12.53288,6.73],"axis":"z","angle":-45,"rescale":false}},{"from":[7.7195,11.87288,9.27],"to":[8.66,12.81338,9.955],"faces":{"north":{"uv":[3.81,12.95,4.19,13.33],"texture":"#0"},"east":{"uv":[13.71,12.19,13.95,12.57],"texture":"#0"},"south":{"uv":[4.19,12.95,4.57,13.33],"texture":"#0"},"west":{"uv":[12.57,13.71,12.81,14.1],"texture":"#0"},"up":{"uv":[14.1,12.81,13.71,12.57],"texture":"#0"},"down":{"uv":[13.33,13.71,12.95,13.95],"texture":"#0"}},"rotation":{"origin":[8,12.53288,9.27],"axis":"z","angle":-45,"rescale":false}},{"from":[7.83327,9.87825,6.98431],"to":[8.33327,10.32825,7.38431],"faces":{"north":{"uv":[11.43,14.86,11.62,15.05],"texture":"#0"},"east":{"uv":[4.57,15.24,4.71,15.43],"texture":"#0"},"south":{"uv":[14.86,11.43,15.05,11.62],"texture":"#0"},"west":{"uv":[15.24,4.57,15.38,4.76],"texture":"#0"},"up":{"uv":[5.14,15.38,4.95,15.24],"texture":"#0"},"down":{"uv":[15.43,4.95,15.24,5.1],"texture":"#0"}},"rotation":{"origin":[7.58327,9.42825,6.98431],"axis":"z","angle":-45,"rescale":false}},{"from":[7.83327,9.87825,8.61569],"to":[8.33327,10.32825,9.01569],"faces":{"north":{"uv":[14.1,14.86,14.29,15.05],"texture":"#0"},"east":{"uv":[6.86,15.24,7,15.43],"texture":"#0"},"south":{"uv":[14.86,14.1,15.05,14.29],"texture":"#0"},"west":{"uv":[15.24,6.86,15.38,7.05],"texture":"#0"},"up":{"uv":[7.43,15.38,7.24,15.24],"texture":"#0"},"down":{"uv":[15.43,7.24,15.24,7.38],"texture":"#0"}},"rotation":{"origin":[7.58327,9.42825,9.01569],"axis":"z","angle":-45,"rescale":false}},{"from":[8,-9.5,6.1],"to":[8,-7,7.3],"faces":{"north":{"uv":[0,0,0,0.95],"texture":"#0"},"east":{"uv":[8,1.52,8.48,2.48],"texture":"#0"},"south":{"uv":[0,0,0,0.95],"texture":"#0"},"west":{"uv":[2.29,8,2.76,8.95],"texture":"#0"},"up":{"uv":[0,0.48,0,0],"texture":"#0"},"down":{"uv":[0,0,0,0.48],"texture":"#0"}},"rotation":{"origin":[8,-8,8],"axis":"y","angle":45,"rescale":false}},{"from":[8,-9.5,6.1],"to":[8,-7,7.3],"faces":{"north":{"uv":[0,0,0,0.95],"texture":"#0"},"east":{"uv":[8,4.95,8.48,5.9],"texture":"#0"},"south":{"uv":[0,0,0,0.95],"texture":"#0"},"west":{"uv":[3.05,8.38,3.52,9.33],"texture":"#0"},"up":{"uv":[0,0.48,0,0],"texture":"#0"},"down":{"uv":[0,0,0,0.48],"texture":"#0"}},"rotation":{"origin":[8,-8,8],"axis":"y","angle":-45,"rescale":false}},{"from":[8,-9.5,8.7],"to":[8,-7,9.9],"faces":{"north":{"uv":[0,0,0,0.95],"texture":"#0"},"east":{"uv":[8,2.67,8.48,3.62],"texture":"#0"},"south":{"uv":[0,0,0,0.95],"texture":"#0"},"west":{"uv":[8,3.81,8.48,4.76],"texture":"#0"},"up":{"uv":[0,0.48,0,0],"texture":"#0"},"down":{"uv":[0,0,0,0.48],"texture":"#0"}},"rotation":{"origin":[8,-8,8],"axis":"y","angle":-45,"rescale":false}},{"from":[8,-9.5,8.7],"to":[8,-7,9.9],"faces":{"north":{"uv":[0,0,0,0.95],"texture":"#0"},"east":{"uv":[3.81,8.38,4.29,9.33],"texture":"#0"},"south":{"uv":[0,0,0,0.95],"texture":"#0"},"west":{"uv":[4.57,8.38,5.05,9.33],"texture":"#0"},"up":{"uv":[0,0.48,0,0],"texture":"#0"},"down":{"uv":[0,0,0,0.48],"texture":"#0"}},"rotation":{"origin":[8,-8,8],"axis":"y","angle":45,"rescale":false}},{"from":[8,-5.1,4],"to":[8,-1.1,8],"faces":{"north":{"uv":[0,0,0,4],"texture":"#None"},"east":{"uv":[7.38,7.5,3.38,11.5],"texture":"#1"},"south":{"uv":[0,0,0,4],"texture":"#None"},"west":{"uv":[3.38,7.5,7.38,11.5],"texture":"#1"},"up":{"uv":[0,0,0,4],"texture":"#None"},"down":{"uv":[0,0,0,4],"texture":"#None"}},"rotation":{"origin":[8,-3.1,8],"axis":"y","angle":-45,"rescale":false}},{"from":[8,-5.1,8],"to":[8,-1.1,12],"faces":{"north":{"uv":[0,0,0,4],"texture":"#None"},"east":{"uv":[3.38,7.5,7.38,11.5],"texture":"#1"},"south":{"uv":[0,0,0,4],"texture":"#None"},"west":{"uv":[7.38,7.5,3.38,11.5],"texture":"#1"},"up":{"uv":[0,4,0,0],"texture":"#None"},"down":{"uv":[0,4,0,0],"texture":"#None"}},"rotation":{"origin":[8,-3.1,8],"axis":"y","angle":-45,"rescale":false}},{"from":[8,-5.1,8],"to":[12,-1.1,8],"faces":{"north":{"uv":[3.38,7.5,7.38,11.5],"texture":"#1"},"east":{"uv":[0,0,0,4],"texture":"#None"},"south":{"uv":[7.38,7.5,3.38,11.5],"texture":"#1"},"west":{"uv":[0,0,0,4],"texture":"#None"},"up":{"uv":[0,4,0,0],"texture":"#None","rotation":270},"down":{"uv":[0,4,0,0],"texture":"#None","rotation":90}},"rotation":{"origin":[8,-3.1,8],"axis":"y","angle":-45,"rescale":false}},{"from":[8,0.8,4],"to":[8,4.8,8],"faces":{"north":{"uv":[0,4,0,0],"texture":"#None"},"east":{"uv":[7.38,11.5,3.38,7.5],"texture":"#1"},"south":{"uv":[0,4,0,0],"texture":"#None"},"west":{"uv":[3.38,11.5,7.38,7.5],"texture":"#1"},"up":{"uv":[0,4,0,0],"texture":"#None"},"down":{"uv":[0,4,0,0],"texture":"#None"}},"rotation":{"origin":[8,2.8,8],"axis":"y","angle":-45,"rescale":false}},{"from":[8,0.8,8],"to":[8,4.8,12],"faces":{"north":{"uv":[0,4,0,0],"texture":"#None"},"east":{"uv":[3.38,11.5,7.38,7.5],"texture":"#1"},"south":{"uv":[0,4,0,0],"texture":"#None"},"west":{"uv":[7.38,11.5,3.38,7.5],"texture":"#1"},"up":{"uv":[0,0,0,4],"texture":"#None"},"down":{"uv":[0,0,0,4],"texture":"#None"}},"rotation":{"origin":[8,2.8,8],"axis":"y","angle":-45,"rescale":false}},{"from":[8,0.8,8],"to":[12,4.8,8],"faces":{"north":{"uv":[3.38,11.5,7.38,7.5],"texture":"#1"},"east":{"uv":[0,4,0,0],"texture":"#None"},"south":{"uv":[7.38,11.5,3.38,7.5],"texture":"#1"},"west":{"uv":[0,4,0,0],"texture":"#None"},"up":{"uv":[0,4,0,0],"texture":"#None","rotation":90},"down":{"uv":[0,4,0,0],"texture":"#None","rotation":270}},"rotation":{"origin":[8,2.8,8],"axis":"y","angle":-45,"rescale":false}},{"from":[8,4.4,6.1],"to":[8,6.9,7.3],"faces":{"north":{"uv":[0,0,0,0.95],"texture":"#0"},"east":{"uv":[6.86,8.38,7.33,9.33],"texture":"#0"},"south":{"uv":[0,0,0,0.95],"texture":"#0"},"west":{"uv":[7.62,8.38,8.1,9.33],"texture":"#0"},"up":{"uv":[0,0.48,0,0],"texture":"#0"},"down":{"uv":[0,0,0,0.48],"texture":"#0"}},"rotation":{"origin":[8,5.4,8],"axis":"y","angle":-45,"rescale":false}},{"from":[8,4.4,6.1],"to":[8,6.9,7.3],"faces":{"north":{"uv":[0,0,0,0.95],"texture":"#0"},"east":{"uv":[8.38,8.38,8.86,9.33],"texture":"#0"},"south":{"uv":[0,0,0,0.95],"texture":"#0"},"west":{"uv":[0,8.76,0.48,9.71],"texture":"#0"},"up":{"uv":[0,0.48,0,0],"texture":"#0"},"down":{"uv":[0,0,0,0.48],"texture":"#0"}},"rotation":{"origin":[8,5.4,8],"axis":"y","angle":45,"rescale":false}},{"from":[8,4.4,8.7],"to":[8,6.9,9.9],"faces":{"north":{"uv":[0,0,0,0.95],"texture":"#0"},"east":{"uv":[5.33,8.38,5.81,9.33],"texture":"#0"},"south":{"uv":[0,0,0,0.95],"texture":"#0"},"west":{"uv":[6.1,8.38,6.57,9.33],"texture":"#0"},"up":{"uv":[0,0.48,0,0],"texture":"#0"},"down":{"uv":[0,0,0,0.48],"texture":"#0"}},"rotation":{"origin":[8,5.4,8],"axis":"y","angle":45,"rescale":false}},{"from":[8,4.4,8.7],"to":[8,6.9,9.9],"faces":{"north":{"uv":[0,0,0,0.95],"texture":"#0"},"east":{"uv":[0.76,8.76,1.24,9.71],"texture":"#0"},"south":{"uv":[0,0,0,0.95],"texture":"#0"},"west":{"uv":[1.52,8.76,2,9.71],"texture":"#0"},"up":{"uv":[0,0.48,0,0],"texture":"#0"},"down":{"uv":[0,0,0,0.48],"texture":"#0"}},"rotation":{"origin":[8,5.4,8],"axis":"y","angle":-45,"rescale":false}},{"from":[8,7.3,-1.6],"to":[8,12.7,6.8],"faces":{"north":{"uv":[0,0,0,2.05],"texture":"#0"},"east":{"uv":[0,0,3.19,2.05],"texture":"#0"},"south":{"uv":[0,0,0,2.05],"texture":"#0"},"west":{"uv":[0,2.29,3.19,4.33],"texture":"#0"},"up":{"uv":[0,3.19,0,0],"texture":"#0"},"down":{"uv":[0,0,0,3.19],"texture":"#0"}}},{"from":[8,7.3,9.2],"to":[8,12.7,17.6],"faces":{"north":{"uv":[0,0,0,2.05],"texture":"#0"},"east":{"uv":[3.43,0,6.62,2.05],"texture":"#0"},"south":{"uv":[0,0,0,2.05],"texture":"#0"},"west":{"uv":[3.43,2.29,6.62,4.33],"texture":"#0"},"up":{"uv":[0,3.19,0,0],"texture":"#0"},"down":{"uv":[0,0,0,3.19],"texture":"#0"}}},{"from":[8,11.8,4.5],"to":[8,18.8,11.5],"faces":{"north":{"uv":[0,0,0,3.2],"texture":"#None"},"east":{"uv":[7,0,0,7],"texture":"#1"},"south":{"uv":[0,0,0,3.2],"texture":"#None"},"west":{"uv":[0,0,7,7],"texture":"#1"},"up":{"uv":[0,0,0,3.2],"texture":"#None"},"down":{"uv":[0,0,0,3.2],"texture":"#None"}},"rotation":{"origin":[8,15.3,8],"axis":"y","angle":-45,"rescale":false}},{"from":[8,11.8,4.5],"to":[8,18.8,11.5],"faces":{"north":{"uv":[0,0,0,3.2],"texture":"#None"},"east":{"uv":[7,0,0,7],"texture":"#1"},"south":{"uv":[0,0,0,3.2],"texture":"#None"},"west":{"uv":[0,0,7,7],"texture":"#1"},"up":{"uv":[0,0,0,3.2],"texture":"#None"},"down":{"uv":[0,0,0,3.2],"texture":"#None"}},"rotation":{"origin":[8,15.3,8],"axis":"y","angle":45,"rescale":false}},{"from":[8.325,10.80509,3.8422],"to":[8.825,12.05509,5.0922],"faces":{"north":{"uv":[13.71,8.76,13.9,9.24],"texture":"#0"},"east":{"uv":[11.05,9.9,11.52,10.38],"texture":"#0"},"south":{"uv":[9.14,13.71,9.33,14.19],"texture":"#0"},"west":{"uv":[11.05,10.67,11.52,11.14],"texture":"#0"},"up":{"uv":[9.71,14.19,9.52,13.71],"texture":"#0"},"down":{"uv":[13.9,9.52,13.71,10],"texture":"#0"}},"rotation":{"origin":[8.75,11.45,4.3],"axis":"x","angle":22.5,"rescale":false}},{"from":[8.325,10.80509,10.9078],"to":[8.825,12.05509,12.1578],"faces":{"north":{"uv":[9.9,13.71,10.1,14.19],"texture":"#0"},"east":{"uv":[5.71,11.43,6.19,11.9],"texture":"#0"},"south":{"uv":[13.71,10.29,13.9,10.76],"texture":"#0"},"west":{"uv":[6.48,11.43,6.95,11.9],"texture":"#0"},"up":{"uv":[11.62,14.19,11.43,13.71],"texture":"#0"},"down":{"uv":[12,13.71,11.81,14.19],"texture":"#0"}},"rotation":{"origin":[8.75,11.45,11.7],"axis":"x","angle":-22.5,"rescale":false}},{"from":[8.65,7.5,7.7],"to":[9,8.9,8.3],"faces":{"north":{"uv":[14.1,14.1,14.24,14.62],"texture":"#0"},"east":{"uv":[5.71,13.33,5.95,13.86],"texture":"#0"},"south":{"uv":[0,14.48,0.14,15],"texture":"#0"},"west":{"uv":[13.33,5.71,13.57,6.24],"texture":"#0"},"up":{"uv":[15.38,1,15.24,0.76],"texture":"#0"},"down":{"uv":[1.29,15.24,1.14,15.48],"texture":"#0"}}},{"from":[8.65,8.9,7],"to":[9,9.35,9],"faces":{"north":{"uv":[10.29,15.24,10.43,15.43],"texture":"#0"},"east":{"uv":[5.71,12.95,6.48,13.14],"texture":"#0"},"south":{"uv":[15.24,10.29,15.38,10.48],"texture":"#0"},"west":{"uv":[6.48,12.95,7.24,13.14],"texture":"#0"},"up":{"uv":[10.81,14.1,10.67,13.33],"texture":"#0"},"down":{"uv":[11.19,13.33,11.05,14.1],"texture":"#0"}}},{"from":[8.65,9.35,7.5],"to":[9,10.15,7.8],"faces":{"north":{"uv":[8,14.86,8.14,15.14],"texture":"#0"},"east":{"uv":[9.52,15.24,9.62,15.52],"texture":"#0"},"south":{"uv":[14.86,8,15,8.29],"texture":"#0"},"west":{"uv":[15.24,9.52,15.33,9.81],"texture":"#0"},"up":{"uv":[15.38,15.33,15.24,15.24],"texture":"#0"},"down":{"uv":[0.14,15.62,0,15.71],"texture":"#0"}}},{"from":[8.65,9.35,8.2],"to":[9,10.15,8.5],"faces":{"north":{"uv":[8.38,14.86,8.52,15.14],"texture":"#0"},"east":{"uv":[9.9,15.24,10,15.52],"texture":"#0"},"south":{"uv":[14.86,8.38,15,8.67],"texture":"#0"},"west":{"uv":[15.24,9.9,15.33,10.19],"texture":"#0"},"up":{"uv":[15.76,0.1,15.62,0],"texture":"#0"},"down":{"uv":[0.52,15.62,0.38,15.71],"texture":"#0"}}},{"from":[8.65,9.75,7.8],"to":[9,10.15,8.2],"faces":{"north":{"uv":[12.57,15.24,12.71,15.38],"texture":"#0"},"east":{"uv":[15.24,12.57,15.38,12.71],"texture":"#0"},"south":{"uv":[12.95,15.24,13.1,15.38],"texture":"#0"},"west":{"uv":[15.24,12.95,15.38,13.1],"texture":"#0"},"up":{"uv":[13.48,15.38,13.33,15.24],"texture":"#0"},"down":{"uv":[15.38,13.33,15.24,13.48],"texture":"#0"}}},{"from":[8.66,11.86888,6.17],"to":[9.08,13.78888,6.73],"faces":{"north":{"uv":[13.71,3.05,13.86,3.76],"texture":"#0"},"east":{"uv":[8.76,12.95,8.95,13.67],"texture":"#0"},"south":{"uv":[4.19,13.71,4.33,14.43],"texture":"#0"},"west":{"uv":[9.14,12.95,9.33,13.67],"texture":"#0"},"up":{"uv":[5.48,15.43,5.33,15.24],"texture":"#0"},"down":{"uv":[15.38,5.33,15.24,5.52],"texture":"#0"}}},{"from":[8.66,11.86888,9.27],"to":[9.08,13.78888,9.83],"faces":{"north":{"uv":[6.86,13.71,7,14.43],"texture":"#0"},"east":{"uv":[13.33,0,13.52,0.71],"texture":"#0"},"south":{"uv":[13.71,6.86,13.86,7.57],"texture":"#0"},"west":{"uv":[0.76,13.33,0.95,14.05],"texture":"#0"},"up":{"uv":[6.62,15.43,6.48,15.24],"texture":"#0"},"down":{"uv":[15.38,6.48,15.24,6.67],"texture":"#0"}}},{"from":[8.675,8.25252,2.82689],"to":[8.675,11.40252,4.22689],"faces":{"north":{"uv":[0,0,0,1.19],"texture":"#0"},"east":{"uv":[6.86,0,7.38,1.19],"texture":"#0"},"south":{"uv":[0,0,0,1.19],"texture":"#0"},"west":{"uv":[6.86,1.52,7.38,2.71],"texture":"#0"},"up":{"uv":[0,0.52,0,0],"texture":"#0"},"down":{"uv":[0,0,0,0.52],"texture":"#0"}}},{"from":[8.675,8.25252,11.77311],"to":[8.675,11.40252,13.17311],"faces":{"north":{"uv":[0,0,0,1.19],"texture":"#0"},"east":{"uv":[3.05,6.86,3.57,8.05],"texture":"#0"},"south":{"uv":[0,0,0,1.19],"texture":"#0"},"west":{"uv":[6.86,3.05,7.38,4.24],"texture":"#0"},"up":{"uv":[0,0.52,0,0],"texture":"#0"},"down":{"uv":[0,0,0,0.52],"texture":"#0"}}},{"from":[8.675,11.49748,4.62311],"to":[8.675,13.64748,5.77311],"faces":{"north":{"uv":[0,0,0,0.81],"texture":"#0"},"east":{"uv":[9.52,6.1,9.95,6.9],"texture":"#0"},"south":{"uv":[0,0,0,0.81],"texture":"#0"},"west":{"uv":[6.48,9.52,6.9,10.33],"texture":"#0"},"up":{"uv":[0,0.43,0,0],"texture":"#0"},"down":{"uv":[0,0,0,0.43],"texture":"#0"}}},{"from":[8.675,11.49748,10.22689],"to":[8.675,13.64748,11.37689],"faces":{"north":{"uv":[0,0,0,0.81],"texture":"#0"},"east":{"uv":[7.24,9.52,7.67,10.33],"texture":"#0"},"south":{"uv":[0,0,0,0.81],"texture":"#0"},"west":{"uv":[9.52,7.24,9.95,8.05],"texture":"#0"},"up":{"uv":[0,0.43,0,0],"texture":"#0"},"down":{"uv":[0,0,0,0.43],"texture":"#0"}}},{"from":[8.69811,-2.27593,7.25],"to":[9.19811,-1.37593,8.75],"faces":{"north":{"uv":[14.48,14.1,14.67,14.43],"texture":"#0"},"east":{"uv":[11.81,12.19,12.38,12.52],"texture":"#0"},"south":{"uv":[14.48,14.48,14.67,14.81],"texture":"#0"},"west":{"uv":[12.19,11.81,12.76,12.14],"texture":"#0"},"up":{"uv":[13.9,0.57,13.71,0],"texture":"#0"},"down":{"uv":[0.57,13.71,0.38,14.29],"texture":"#0"}},"rotation":{"origin":[8,-1.43321,8],"axis":"z","angle":22.5,"rescale":false}},{"from":[8.69811,2.47593,7.25],"to":[9.19811,3.37593,8.75],"faces":{"north":{"uv":[12.19,14.48,12.38,14.81],"texture":"#0"},"east":{"uv":[12.19,10.67,12.76,11],"texture":"#0"},"south":{"uv":[14.48,12.19,14.67,12.52],"texture":"#0"},"west":{"uv":[11.05,12.19,11.62,12.52],"texture":"#0"},"up":{"uv":[12.38,13.9,12.19,13.33],"texture":"#0"},"down":{"uv":[13.52,12.19,13.33,12.76],"texture":"#0"}},"rotation":{"origin":[8,2.53321,8],"axis":"z","angle":-22.5,"rescale":false}},{"from":[8.7,10.71987,2.92085],"to":[8.7,11.96987,4.17085],"faces":{"north":{"uv":[0,0,0,0.48],"texture":"#0"},"east":{"uv":[11.43,0,11.9,0.48],"texture":"#0"},"south":{"uv":[0,0,0,0.48],"texture":"#0"},"west":{"uv":[0.76,11.43,1.24,11.9],"texture":"#0"},"up":{"uv":[0,0.48,0,0],"texture":"#0"},"down":{"uv":[0,0,0,0.48],"texture":"#0"}},"rotation":{"origin":[8.75,11.45,4.3],"axis":"x","angle":-22.5,"rescale":false}},{"from":[8.7,10.71987,11.82915],"to":[8.7,11.96987,13.07915],"faces":{"north":{"uv":[0,0,0,0.48],"texture":"#0"},"east":{"uv":[11.43,4.57,11.9,5.05],"texture":"#0"},"south":{"uv":[0,0,0,0.48],"texture":"#0"},"west":{"uv":[4.95,11.43,5.43,11.9],"texture":"#0"},"up":{"uv":[0,0.48,0,0],"texture":"#0"},"down":{"uv":[0,0,0,0.48],"texture":"#0"}},"rotation":{"origin":[8.75,11.45,11.7],"axis":"x","angle":22.5,"rescale":false}},{"from":[8.7,10.93013,4.42915],"to":[8.7,12.18013,5.67915],"faces":{"north":{"uv":[0,0,0,0.48],"texture":"#0"},"east":{"uv":[11.43,0.76,11.9,1.24],"texture":"#0"},"south":{"uv":[0,0,0,0.48],"texture":"#0"},"west":{"uv":[11.43,2.29,11.9,2.76],"texture":"#0"},"up":{"uv":[0,0.48,0,0],"texture":"#0"},"down":{"uv":[0,0,0,0.48],"texture":"#0"}},"rotation":{"origin":[8.75,11.45,4.3],"axis":"x","angle":-22.5,"rescale":false}},{"from":[8.7,10.93013,10.32085],"to":[8.7,12.18013,11.57085],"faces":{"north":{"uv":[0,0,0,0.48],"texture":"#0"},"east":{"uv":[11.43,3.05,11.9,3.52],"texture":"#0"},"south":{"uv":[0,0,0,0.48],"texture":"#0"},"west":{"uv":[11.43,3.81,11.9,4.29],"texture":"#0"},"up":{"uv":[0,0.48,0,0],"texture":"#0"},"down":{"uv":[0,0,0,0.48],"texture":"#0"}},"rotation":{"origin":[8.75,11.45,11.7],"axis":"x","angle":22.5,"rescale":false}},{"from":[8.725,4.00452,8.10602],"to":[8.725,4.35252,8.22202],"faces":{"north":{"uv":[0,0,0,0.14],"texture":"#0"},"east":{"uv":[15.62,3.05,15.67,3.19],"texture":"#0"},"south":{"uv":[0,0,0,0.14],"texture":"#0"},"west":{"uv":[3.43,15.62,3.48,15.76],"texture":"#0"},"up":{"uv":[0,0.05,0,0],"texture":"#0"},"down":{"uv":[0,0,0,0.05],"texture":"#0"}}},{"from":[8.725,4.00452,8.20752],"to":[8.725,4.12052,8.33802],"faces":{"north":{"uv":[0,0,0,0.05],"texture":"#0"},"east":{"uv":[15.62,10.29,15.67,10.33],"texture":"#0"},"south":{"uv":[0,0,0,0.05],"texture":"#0"},"west":{"uv":[10.67,15.62,10.71,15.67],"texture":"#0"},"up":{"uv":[0,0.05,0,0],"texture":"#0"},"down":{"uv":[0,0,0,0.05],"texture":"#0"}}},{"from":[8.725,4.06252,7.93202],"to":[8.725,4.35252,8.04802],"faces":{"north":{"uv":[0,0,0,0.1],"texture":"#0"},"east":{"uv":[15.62,7.62,15.67,7.71],"texture":"#0"},"south":{"uv":[0,0,0,0.1],"texture":"#0"},"west":{"uv":[8,15.62,8.05,15.71],"texture":"#0"},"up":{"uv":[0,0.05,0,0],"texture":"#0"},"down":{"uv":[0,0,0,0.05],"texture":"#0"}}},{"from":[8.725,4.32352,7.77252],"to":[8.725,4.43952,8.32352],"faces":{"north":{"uv":[0,0,0,0.05],"texture":"#0"},"east":{"uv":[15.62,1.14,15.81,1.19],"texture":"#0"},"south":{"uv":[0,0,0,0.05],"texture":"#0"},"west":{"uv":[1.52,15.62,1.71,15.67],"texture":"#0"},"up":{"uv":[0,0.19,0,0],"texture":"#0"},"down":{"uv":[0,0,0,0.19],"texture":"#0"}}},{"from":[8.725,4.41155,8.25909],"to":[8.725,4.52755,8.52009],"faces":{"north":{"uv":[0,0,0,0.05],"texture":"#0"},"east":{"uv":[15.62,8,15.71,8.05],"texture":"#0"},"south":{"uv":[0,0,0,0.05],"texture":"#0"},"west":{"uv":[8.38,15.62,8.48,15.67],"texture":"#0"},"up":{"uv":[0,0.1,0,0],"texture":"#0"},"down":{"uv":[0,0,0,0.1],"texture":"#0"}},"rotation":{"origin":[8.725,4.44055,8.40409],"axis":"x","angle":-45,"rescale":false}},{"from":[8.725,4.50516,7.85806],"to":[8.725,4.70816,8.00306],"faces":{"north":{"uv":[0,0,0,0.1],"texture":"#0"},"east":{"uv":[15.62,8.76,15.67,8.86],"texture":"#0"},"south":{"uv":[0,0,0,0.1],"texture":"#0"},"west":{"uv":[9.14,15.62,9.19,15.71],"texture":"#0"},"up":{"uv":[0,0.05,0,0],"texture":"#0"},"down":{"uv":[0,0,0,0.05],"texture":"#0"}}},{"from":[8.725,4.50516,7.98856],"to":[8.725,4.60666,8.14806],"faces":{"north":{"uv":[0,0,0,0.05],"texture":"#0"},"east":{"uv":[15.62,10.67,15.67,10.71],"texture":"#0"},"south":{"uv":[0,0,0,0.05],"texture":"#0"},"west":{"uv":[11.05,15.62,11.1,15.67],"texture":"#0"},"up":{"uv":[0,0.05,0,0],"texture":"#0"},"down":{"uv":[0,0,0,0.05],"texture":"#0"}}},{"from":[8.725,4.50516,8.13356],"to":[8.725,4.70816,8.27856],"faces":{"north":{"uv":[0,0,0,0.1],"texture":"#0"},"east":{"uv":[15.62,8.38,15.67,8.48],"texture":"#0"},"south":{"uv":[0,0,0,0.1],"texture":"#0"},"west":{"uv":[8.76,15.62,8.81,15.71],"texture":"#0"},"up":{"uv":[0,0.05,0,0],"texture":"#0"},"down":{"uv":[0,0,0,0.05],"texture":"#0"}}},{"from":[8.725,4.51408,8.44862],"to":[8.725,4.86208,8.56462],"faces":{"north":{"uv":[0,0,0,0.14],"texture":"#0"},"east":{"uv":[15.62,3.43,15.67,3.57],"texture":"#0"},"south":{"uv":[0,0,0,0.14],"texture":"#0"},"west":{"uv":[3.81,15.62,3.86,15.76],"texture":"#0"},"up":{"uv":[0,0.05,0,0],"texture":"#0"},"down":{"uv":[0,0,0,0.05],"texture":"#0"}},"rotation":{"origin":[8.725,4.54308,8.50662],"axis":"x","angle":-45,"rescale":false}},{"from":[8.725,4.5321,7.61697],"to":[8.725,4.6481,7.90697],"faces":{"north":{"uv":[0,0,0,0.05],"texture":"#0"},"east":{"uv":[15.62,7.24,15.71,7.29],"texture":"#0"},"south":{"uv":[0,0,0,0.05],"texture":"#0"},"west":{"uv":[7.62,15.62,7.71,15.67],"texture":"#0"},"up":{"uv":[0,0.1,0,0],"texture":"#0"},"down":{"uv":[0,0,0,0.1],"texture":"#0"}},"rotation":{"origin":[8.725,4.5901,7.58797],"axis":"x","angle":45,"rescale":false}},{"from":[8.725,4.57705,8.26964],"to":[8.725,4.69305,8.50164],"faces":{"north":{"uv":[0,0,0,0.05],"texture":"#0"},"east":{"uv":[15.62,9.14,15.71,9.19],"texture":"#0"},"south":{"uv":[0,0,0,0.05],"texture":"#0"},"west":{"uv":[9.52,15.62,9.62,15.67],"texture":"#0"},"up":{"uv":[0,0.1,0,0],"texture":"#0"},"down":{"uv":[0,0,0,0.1],"texture":"#0"}},"rotation":{"origin":[8.725,4.63505,8.70464],"axis":"x","angle":45,"rescale":false}},{"from":[8.725,4.69366,7.85806],"to":[8.725,4.80966,8.32206],"faces":{"north":{"uv":[0,0,0,0.05],"texture":"#0"},"east":{"uv":[15.62,1.52,15.81,1.57],"texture":"#0"},"south":{"uv":[0,0,0,0.05],"texture":"#0"},"west":{"uv":[1.9,15.62,2.1,15.67],"texture":"#0"},"up":{"uv":[0,0.19,0,0],"texture":"#0"},"down":{"uv":[0,0,0,0.19],"texture":"#0"}}},{"from":[8.725,4.73716,7.55356],"to":[8.725,4.85316,7.88706],"faces":{"north":{"uv":[0,0,0,0.05],"texture":"#0"},"east":{"uv":[15.62,3.81,15.76,3.86],"texture":"#0"},"south":{"uv":[0,0,0,0.05],"texture":"#0"},"west":{"uv":[4.19,15.62,4.33,15.67],"texture":"#0"},"up":{"uv":[0,0.14,0,0],"texture":"#0"},"down":{"uv":[0,0,0,0.14],"texture":"#0"}},"rotation":{"origin":[8.725,4.79516,7.91606],"axis":"x","angle":-45,"rescale":false}},{"from":[8.725,4.7411,7.55253],"to":[8.725,4.8571,7.84253],"faces":{"north":{"uv":[0,0,0,0.05],"texture":"#0"},"east":{"uv":[15.62,6.86,15.71,6.9],"texture":"#0"},"south":{"uv":[0,0,0,0.05],"texture":"#0"},"west":{"uv":[7.24,15.62,7.33,15.67],"texture":"#0"},"up":{"uv":[0,0.1,0,0],"texture":"#0"},"down":{"uv":[0,0,0,0.1],"texture":"#0"}},"rotation":{"origin":[8.725,4.7991,7.63953],"axis":"x","angle":-45,"rescale":false}},{"from":[8.725,4.86766,7.74206],"to":[8.725,4.98366,8.43806],"faces":{"north":{"uv":[0,0,0,0.05],"texture":"#0"},"east":{"uv":[14.1,15.24,14.38,15.29],"texture":"#0"},"south":{"uv":[0,0,0,0.05],"texture":"#0"},"west":{"uv":[15.24,14.1,15.52,14.14],"texture":"#0"},"up":{"uv":[0,0.29,0,0],"texture":"#0"},"down":{"uv":[0,0,0,0.29],"texture":"#0"}}},{"from":[8.75,-9.75,7.75],"to":[9.25,-8.75,8.25],"faces":{"north":{"uv":[2.29,14.48,2.48,14.86],"texture":"#0"},"east":{"uv":[14.48,2.29,14.67,2.67],"texture":"#0"},"south":{"uv":[2.67,14.48,2.86,14.86],"texture":"#0"},"west":{"uv":[14.48,2.67,14.67,3.05],"texture":"#0"},"up":{"uv":[9.71,15.05,9.52,14.86],"texture":"#0"},"down":{"uv":[15.05,9.52,14.86,9.71],"texture":"#0"}},"rotation":{"origin":[8,-9,8],"axis":"y","angle":-45,"rescale":false}},{"from":[8.75,-9.75,7.75],"to":[9.25,-8.75,8.25],"faces":{"north":{"uv":[14.48,3.05,14.67,3.43],"texture":"#0"},"east":{"uv":[3.43,14.48,3.62,14.86],"texture":"#0"},"south":{"uv":[14.48,3.43,14.67,3.81],"texture":"#0"},"west":{"uv":[3.81,14.48,4,14.86],"texture":"#0"},"up":{"uv":[15.05,10.1,14.86,9.9],"texture":"#0"},"down":{"uv":[15.05,10.29,14.86,10.48],"texture":"#0"}},"rotation":{"origin":[8,-9,8],"axis":"y","angle":45,"rescale":false}},{"from":[8.75,6.15,7.75],"to":[9.25,7.15,8.25],"faces":{"north":{"uv":[14.48,3.81,14.67,4.19],"texture":"#0"},"east":{"uv":[4.19,14.48,4.38,14.86],"texture":"#0"},"south":{"uv":[14.48,4.19,14.67,4.57],"texture":"#0"},"west":{"uv":[4.57,14.48,4.76,14.86],"texture":"#0"},"up":{"uv":[12,15.05,11.81,14.86],"texture":"#0"},"down":{"uv":[15.05,11.81,14.86,12],"texture":"#0"}},"rotation":{"origin":[8,6.4,8],"axis":"y","angle":-45,"rescale":false}},{"from":[8.75,6.15,7.75],"to":[9.25,7.15,8.25],"faces":{"north":{"uv":[14.48,4.57,14.67,4.95],"texture":"#0"},"east":{"uv":[4.95,14.48,5.14,14.86],"texture":"#0"},"south":{"uv":[5.33,14.48,5.52,14.86],"texture":"#0"},"west":{"uv":[6.1,14.48,6.29,14.86],"texture":"#0"},"up":{"uv":[12.38,15.05,12.19,14.86],"texture":"#0"},"down":{"uv":[15.05,12.19,14.86,12.38],"texture":"#0"}},"rotation":{"origin":[8,6.4,8],"axis":"y","angle":45,"rescale":false}},{"from":[8.75576,13.6,5.91997],"to":[8.75576,16.8,6.71997],"faces":{"north":{"uv":[0,0,0,1.24],"texture":"#0"},"east":{"uv":[9.52,1.52,9.81,2.76],"texture":"#0"},"south":{"uv":[0,0,0,1.24],"texture":"#0"},"west":{"uv":[3.05,9.52,3.33,10.76],"texture":"#0"},"up":{"uv":[0,0.29,0,0],"texture":"#0"},"down":{"uv":[0,0,0,0.29],"texture":"#0"}},"rotation":{"origin":[8.75576,15.2,6.31997],"axis":"y","angle":22.5,"rescale":false}},{"from":[8.75576,13.6,9.28003],"to":[8.75576,16.8,10.08003],"faces":{"north":{"uv":[0,0,0,1.24],"texture":"#0"},"east":{"uv":[4.57,9.52,4.86,10.76],"texture":"#0"},"south":{"uv":[0,0,0,1.24],"texture":"#0"},"west":{"uv":[9.52,4.57,9.81,5.81],"texture":"#0"},"up":{"uv":[0,0.29,0,0],"texture":"#0"},"down":{"uv":[0,0,0,0.29],"texture":"#0"}},"rotation":{"origin":[8.75576,15.2,9.68003],"axis":"y","angle":-22.5,"rescale":false}},{"from":[8.844,11.22179,7.556],"to":[9.032,12.09979,8.444],"faces":{"north":{"uv":[2.67,15.24,2.76,15.57],"texture":"#0"},"east":{"uv":[8.38,13.33,8.71,13.67],"texture":"#0"},"south":{"uv":[15.24,2.67,15.33,3],"texture":"#0"},"west":{"uv":[13.33,8.38,13.67,8.71],"texture":"#0"},"up":{"uv":[3.14,15.57,3.05,15.24],"texture":"#0"},"down":{"uv":[15.33,3.05,15.24,3.38],"texture":"#0"}},"rotation":{"origin":[9.688,11.66079,8],"axis":"x","angle":45,"rescale":false}},{"from":[8.925,10.55509,3.5922],"to":[8.925,12.30509,5.3422],"faces":{"north":{"uv":[0,0,0,0.67],"texture":"#0"},"east":{"uv":[8.76,4.57,9.43,5.24],"texture":"#0"},"south":{"uv":[0,0,0,0.67],"texture":"#0"},"west":{"uv":[8.76,5.33,9.43,6],"texture":"#0"},"up":{"uv":[0,0.67,0,0],"texture":"#0"},"down":{"uv":[0,0,0,0.67],"texture":"#0"}},"rotation":{"origin":[8.75,11.45,4.3],"axis":"x","angle":22.5,"rescale":false}},{"from":[8.925,10.55509,10.6578],"to":[8.925,12.30509,12.4078],"faces":{"north":{"uv":[0,0,0,0.67],"texture":"#0"},"east":{"uv":[8.76,6.1,9.43,6.76],"texture":"#0"},"south":{"uv":[0,0,0,0.67],"texture":"#0"},"west":{"uv":[8.76,6.86,9.43,7.52],"texture":"#0"},"up":{"uv":[0,0.67,0,0],"texture":"#0"},"down":{"uv":[0,0,0,0.67],"texture":"#0"}},"rotation":{"origin":[8.75,11.45,11.7],"axis":"x","angle":-22.5,"rescale":false}},{"from":[9.1,11.1,7],"to":[9.1,14.1,10],"faces":{"north":{"uv":[0,0,0,3.2],"texture":"#None"},"east":{"uv":[3,7.13,0,10.13],"texture":"#1"},"south":{"uv":[0,0,0,3.2],"texture":"#None"},"west":{"uv":[0,10.38,3,13.38],"texture":"#1"},"up":{"uv":[0,0,0,3.2],"texture":"#None"},"down":{"uv":[0,0,0,3.2],"texture":"#None"}}},{"from":[10.11148,-0.54,7.57984],"to":[10.11148,1.14,8.41984],"faces":{"north":{"uv":[0,0,0,0.62],"texture":"#0"},"east":{"uv":[5.33,12.19,5.67,12.81],"texture":"#0"},"south":{"uv":[0,0,0,0.62],"texture":"#0"},"west":{"uv":[5.71,12.19,6.05,12.81],"texture":"#0"},"up":{"uv":[0,0.33,0,0],"texture":"#0"},"down":{"uv":[0,0,0,0.33],"texture":"#0"}},"rotation":{"origin":[8,0.3,8],"axis":"y","angle":22.5,"rescale":false}},{"from":[10.11148,-0.54,7.57984],"to":[10.11148,1.14,8.41984],"faces":{"north":{"uv":[0,0,0,0.62],"texture":"#0"},"east":{"uv":[6.1,12.19,6.43,12.81],"texture":"#0"},"south":{"uv":[0,0,0,0.62],"texture":"#0"},"west":{"uv":[6.48,12.19,6.81,12.81],"texture":"#0"},"up":{"uv":[0,0.33,0,0],"texture":"#0"},"down":{"uv":[0,0,0,0.33],"texture":"#0"}},"rotation":{"origin":[8,0.3,8],"axis":"y","angle":-22.5,"rescale":false}},{"from":[10.11148,0.16,7.57984],"to":[10.11148,1.84,8.41984],"faces":{"north":{"uv":[0,0,0,0.62],"texture":"#0"},"east":{"uv":[1.14,12.19,1.48,12.81],"texture":"#0"},"south":{"uv":[0,0,0,0.62],"texture":"#0"},"west":{"uv":[2.29,12.19,2.62,12.81],"texture":"#0"},"up":{"uv":[0,0.33,0,0],"texture":"#0"},"down":{"uv":[0,0,0,0.33],"texture":"#0"}}},{"from":[10.11148,0.16,7.57984],"to":[10.11148,1.84,8.41984],"faces":{"north":{"uv":[0,0,0,0.62],"texture":"#0"},"east":{"uv":[12.19,2.29,12.52,2.9],"texture":"#0"},"south":{"uv":[0,0,0,0.62],"texture":"#0"},"west":{"uv":[2.67,12.19,3,12.81],"texture":"#0"},"up":{"uv":[0,0.33,0,0],"texture":"#0"},"down":{"uv":[0,0,0,0.33],"texture":"#0"}},"rotation":{"origin":[8,1,8],"axis":"y","angle":45,"rescale":false}}],"display":{"thirdperson_righthand":{"translation":[0,10.25,2],"scale":[1.03,1.03,1.03]},"thirdperson_lefthand":{"translation":[0,10.25,2],"scale":[1.03,1.03,1.03]},"firstperson_righthand":{"rotation":[-9.5,0,0],"translation":[-2.25,6.25,2],"scale":[0.64,0.64,0.64]},"firstperson_lefthand":{"rotation":[-9.5,0,0],"translation":[-2.25,6.25,2],"scale":[0.64,0.64,0.64]},"ground":{"rotation":[-45,0,0],"translation":[-1.5,3,0],"scale":[0.45,0.45,0.45]},"gui":{"rotation":[86.23,47,-69.31],"translation":[2.5,3.25,0],"scale":[0.76,0.76,0.76]},"head":{"rotation":[-4.25,0,0],"translation":[0,16.75,0],"scale":[0,0,0]},"fixed":{"rotation":[0,-90,0],"translation":[0,6,-1.5],"scale":[0.69,0.69,0.69]}},"gui_light":"front","mcmodels":"4657fff084f261ee7d860dbbfffed9a5"}