{"credit":"Made with Blockbench","textures":{"0":"conqueror_legacy:staff_0","1":"conqueror_legacy:staff_1"},"elements":[{"from":[4,-5.1,8],"to":[8,-1.1,8],"faces":{"north":{"uv":[7.38,7.5,3.38,11.5],"texture":"#1"},"east":{"uv":[0,0,0,4],"texture":"#None"},"south":{"uv":[3.38,7.5,7.38,11.5],"texture":"#1"},"west":{"uv":[0,0,0,4],"texture":"#None"},"up":{"uv":[0,0,0,4],"texture":"#None","rotation":270},"down":{"uv":[0,0,0,4],"texture":"#None","rotation":90}},"rotation":{"origin":[8,-3.1,8],"axis":"y","angle":-45,"rescale":false}},{"from":[4,0.8,8],"to":[8,4.8,8],"faces":{"north":{"uv":[7.38,11.5,3.38,7.5],"texture":"#1"},"east":{"uv":[0,4,0,0],"texture":"#None"},"south":{"uv":[3.38,11.5,7.38,7.5],"texture":"#1"},"west":{"uv":[0,4,0,0],"texture":"#None"},"up":{"uv":[0,0,0,4],"texture":"#None","rotation":90},"down":{"uv":[0,0,0,4],"texture":"#None","rotation":270}},"rotation":{"origin":[8,2.8,8],"axis":"y","angle":-45,"rescale":false}},{"from":[4.35,11.17412,6.33341],"to":[6.6,13.57412,6.33341],"faces":{"north":{"uv":[2.91,8,3.73,8.86],"texture":"#0"},"east":{"uv":[0,0,0,0.86],"texture":"#0"},"south":{"uv":[8,6.55,8.82,7.41],"texture":"#0"},"west":{"uv":[0,0,0,0.86],"texture":"#0"},"up":{"uv":[0.82,0,0,0],"texture":"#0"},"down":{"uv":[0.82,0,0,0],"texture":"#0"}}},{"from":[4.35,13.42768,6.68696],"to":[6.6,14.92768,6.68696],"faces":{"north":{"uv":[9.82,4,10.64,4.55],"texture":"#0"},"east":{"uv":[0,0,0,0.55],"texture":"#0"},"south":{"uv":[9.82,4.73,10.64,5.27],"texture":"#0"},"west":{"uv":[0,0,0,0.55],"texture":"#0"},"up":{"uv":[0.82,0,0,0],"texture":"#0"},"down":{"uv":[0.82,0,0,0],"texture":"#0"}},"rotation":{"origin":[5.6,13.92768,6.68696],"axis":"x","angle":45,"rescale":false}},{"from":[4.35,14.57356,7.7],"to":[6.6,16.37356,7.7],"faces":{"north":{"uv":[9.09,9.09,9.91,9.73],"texture":"#0"},"east":{"uv":[0,0,0,0.64],"texture":"#0"},"south":{"uv":[5.45,9.45,6.27,10.09],"texture":"#0"},"west":{"uv":[0,0,0,0.64],"texture":"#0"},"up":{"uv":[0.82,0,0,0],"texture":"#0"},"down":{"uv":[0.82,0,0,0],"texture":"#0"}},"rotation":{"origin":[5.6,15.37356,7.7],"axis":"x","angle":22.5,"rescale":false}},{"from":[4.35,16.22132,7.7],"to":[6.6,18.47132,7.7],"faces":{"north":{"uv":[1.45,8.73,2.27,9.55],"texture":"#0"},"east":{"uv":[0,0,0,0.82],"texture":"#0"},"south":{"uv":[8.73,4.36,9.55,5.18],"texture":"#0"},"west":{"uv":[0,0,0,0.82],"texture":"#0"},"up":{"uv":[0.82,0,0,0],"texture":"#0"},"down":{"uv":[0.82,0,0,0],"texture":"#0"}},"rotation":{"origin":[5.6,17.22132,7.7],"axis":"x","angle":-22.5,"rescale":false}},{"from":[5.88852,-0.54,7.58016],"to":[5.88852,1.14,8.42016],"faces":{"north":{"uv":[0,0,0,0.59],"texture":"#0"},"east":{"uv":[2.18,13.09,2.5,13.68],"texture":"#0"},"south":{"uv":[0,0,0,0.59],"texture":"#0"},"west":{"uv":[13.09,2.18,13.41,2.77],"texture":"#0"},"up":{"uv":[0,0.32,0,0],"texture":"#0"},"down":{"uv":[0,0,0,0.32],"texture":"#0"}},"rotation":{"origin":[8,0.3,8],"axis":"y","angle":22.5,"rescale":false}},{"from":[5.88852,-0.54,7.58016],"to":[5.88852,1.14,8.42016],"faces":{"north":{"uv":[0,0,0,0.59],"texture":"#0"},"east":{"uv":[2.55,13.09,2.86,13.68],"texture":"#0"},"south":{"uv":[0,0,0,0.59],"texture":"#0"},"west":{"uv":[2.91,13.09,3.23,13.68],"texture":"#0"},"up":{"uv":[0,0.32,0,0],"texture":"#0"},"down":{"uv":[0,0,0,0.32],"texture":"#0"}},"rotation":{"origin":[8,0.3,8],"axis":"y","angle":-22.5,"rescale":false}},{"from":[5.88852,0.16,7.58016],"to":[5.88852,1.84,8.42016],"faces":{"north":{"uv":[0,0,0,0.59],"texture":"#0"},"east":{"uv":[6.18,10.18,6.5,10.77],"texture":"#0"},"south":{"uv":[0,0,0,0.59],"texture":"#0"},"west":{"uv":[0.73,12,1.05,12.59],"texture":"#0"},"up":{"uv":[0,0.32,0,0],"texture":"#0"},"down":{"uv":[0,0,0,0.32],"texture":"#0"}}},{"from":[5.88852,0.16,7.58016],"to":[5.88852,1.84,8.42016],"faces":{"north":{"uv":[0,0,0,0.59],"texture":"#0"},"east":{"uv":[0.73,12.73,1.05,13.32],"texture":"#0"},"south":{"uv":[0,0,0,0.59],"texture":"#0"},"west":{"uv":[12.73,0.73,13.05,1.32],"texture":"#0"},"up":{"uv":[0,0.32,0,0],"texture":"#0"},"down":{"uv":[0,0,0,0.32],"texture":"#0"}},"rotation":{"origin":[8,1,8],"axis":"y","angle":45,"rescale":false}},{"from":[6.275,16.65771,5.90985],"to":[6.275,20.15771,7.30985],"faces":{"north":{"uv":[0,0,0,1.27],"texture":"#0"},"east":{"uv":[1.82,5.09,2.32,6.36],"texture":"#0"},"south":{"uv":[0,0,0,1.27],"texture":"#0"},"west":{"uv":[7.64,8.73,8.14,10],"texture":"#0"},"up":{"uv":[0,0.5,0,0],"texture":"#0"},"down":{"uv":[0,0,0,0.5],"texture":"#0"}},"rotation":{"origin":[8.175,18.40771,6.60985],"axis":"x","angle":45,"rescale":false}},{"from":[6.3,16.7522,7.09454],"to":[9.7,18.6522,8.14454],"faces":{"north":{"uv":[7.64,1.45,8.86,2.14],"texture":"#0"},"east":{"uv":[1.45,8,1.82,8.68],"texture":"#0"},"south":{"uv":[7.64,2.18,8.86,2.86],"texture":"#0"},"west":{"uv":[7.27,9.45,7.64,10.14],"texture":"#0"},"up":{"uv":[11.05,2.55,9.82,2.18],"texture":"#0"},"down":{"uv":[11.05,5.45,9.82,5.82],"texture":"#0"}},"rotation":{"origin":[8,17.6272,7.71954],"axis":"x","angle":-45,"rescale":false}},{"from":[6.4,15.409,7.58878],"to":[9.6,17.309,8.63878],"faces":{"north":{"uv":[7.64,2.91,8.82,3.59],"texture":"#0"},"east":{"uv":[0.73,4.36,1.09,5.05],"texture":"#0"},"south":{"uv":[7.64,3.64,8.82,4.32],"texture":"#0"},"west":{"uv":[7.64,6.55,8,7.23],"texture":"#0"},"up":{"uv":[11,6.18,9.82,5.82],"texture":"#0"},"down":{"uv":[11,6.18,9.82,6.55],"texture":"#0"}}},{"from":[6.4,16.70001,5.02453],"to":[9.6,18.65001,7.52453],"faces":{"north":{"uv":[7.64,0,8.82,0.73],"texture":"#0"},"east":{"uv":[5.45,8.73,6.36,9.45],"texture":"#0"},"south":{"uv":[7.64,0.73,8.82,1.45],"texture":"#0"},"west":{"uv":[8.73,5.45,9.64,6.18],"texture":"#0"},"up":{"uv":[4.09,7.82,2.91,6.91],"texture":"#0"},"down":{"uv":[7.73,7.27,6.55,8.18],"texture":"#0"}},"rotation":{"origin":[8,17.92501,6.64953],"axis":"x","angle":-22.5,"rescale":false}},{"from":[6.4,19.33435,4.90748],"to":[9.6,19.33435,8.40748],"faces":{"north":{"uv":[0,0,1.18,0],"texture":"#0"},"east":{"uv":[0,0,1.27,0],"texture":"#0"},"south":{"uv":[0,0,1.18,0],"texture":"#0"},"west":{"uv":[0,0,1.27,0],"texture":"#0"},"up":{"uv":[4.45,1.27,3.27,0],"texture":"#0"},"down":{"uv":[2.27,3.64,1.09,4.91],"texture":"#0"}},"rotation":{"origin":[8,18.60935,6.53248],"axis":"x","angle":-45,"rescale":false}},{"from":[6.4,20.0474,7.91162],"to":[9.6,23.8474,7.91162],"faces":{"north":{"uv":[1.09,2.18,2.27,3.55],"texture":"#0"},"east":{"uv":[0,0,0,1.36],"texture":"#0"},"south":{"uv":[2.55,2.18,3.73,3.55],"texture":"#0"},"west":{"uv":[0,0,0,1.36],"texture":"#0"},"up":{"uv":[1.18,0,0,0],"texture":"#0"},"down":{"uv":[1.18,0,0,0],"texture":"#0"}},"rotation":{"origin":[8,21.6724,8.63662],"axis":"x","angle":22.5,"rescale":false}},{"from":[6.5,13.33192,6.21066],"to":[9.5,16.33192,7.26066],"faces":{"north":{"uv":[0.73,5.09,1.82,6.18],"texture":"#0"},"east":{"uv":[4,8,4.36,9.09],"texture":"#0"},"south":{"uv":[5.45,0,6.55,1.09],"texture":"#0"},"west":{"uv":[0.73,10.91,1.09,12],"texture":"#0"},"up":{"uv":[12,5.45,10.91,5.09],"texture":"#0"},"down":{"uv":[12,8.73,10.91,9.09],"texture":"#0"}},"rotation":{"origin":[8,14.20692,6.83566],"axis":"x","angle":45,"rescale":false}},{"from":[6.525,8.15509,6.0922],"to":[6.525,9.90509,7.8422],"faces":{"north":{"uv":[0,0,0,0.64],"texture":"#0"},"east":{"uv":[4,10.91,4.64,11.55],"texture":"#0"},"south":{"uv":[0,0,0,0.64],"texture":"#0"},"west":{"uv":[10.91,4.36,11.55,5],"texture":"#0"},"up":{"uv":[0,0.64,0,0],"texture":"#0"},"down":{"uv":[0,0,0,0.64],"texture":"#0"}},"rotation":{"origin":[6.7,9.05,6.8],"axis":"x","angle":22.5,"rescale":false}},{"from":[6.6,10.73014,5.775],"to":[9.4,14.03014,7.025],"faces":{"north":{"uv":[5.45,1.09,6.45,2.27],"texture":"#0"},"east":{"uv":[3.64,9.09,4.09,10.27],"texture":"#0"},"south":{"uv":[5.45,2.55,6.45,3.73],"texture":"#0"},"west":{"uv":[4.73,9.09,5.18,10.27],"texture":"#0"},"up":{"uv":[2.45,10.27,1.45,9.82],"texture":"#0"},"down":{"uv":[10.82,1.45,9.82,1.91],"texture":"#0"}}},{"from":[6.625,8.40509,6.3422],"to":[7.125,9.65509,7.5922],"faces":{"north":{"uv":[8.73,13.82,8.91,14.27],"texture":"#0"},"east":{"uv":[2.55,12.36,3,12.82],"texture":"#0"},"south":{"uv":[9.09,13.82,9.27,14.27],"texture":"#0"},"west":{"uv":[3.27,12.36,3.73,12.82],"texture":"#0"},"up":{"uv":[14,9.55,13.82,9.09],"texture":"#0"},"down":{"uv":[9.64,13.82,9.45,14.27],"texture":"#0"}},"rotation":{"origin":[6.7,9.05,6.8],"axis":"x","angle":22.5,"rescale":false}},{"from":[6.65,16.82232,3.98807],"to":[9.35,17.77232,5.38807],"faces":{"north":{"uv":[11.27,6.18,12.27,6.55],"texture":"#0"},"east":{"uv":[12.73,2.91,13.23,3.27],"texture":"#0"},"south":{"uv":[11.64,0,12.64,0.36],"texture":"#0"},"west":{"uv":[3.27,13.09,3.77,13.45],"texture":"#0"},"up":{"uv":[10.82,0.5,9.82,0],"texture":"#0"},"down":{"uv":[10.82,0.73,9.82,1.23],"texture":"#0"}},"rotation":{"origin":[8,17.04732,7.01307],"axis":"x","angle":-22.5,"rescale":false}},{"from":[6.75,-12.75,7.75],"to":[7.25,-11.75,8.25],"faces":{"north":{"uv":[14.18,10.91,14.36,11.27],"texture":"#0"},"east":{"uv":[11.27,14.18,11.45,14.55],"texture":"#0"},"south":{"uv":[14.18,11.27,14.36,11.64],"texture":"#0"},"west":{"uv":[11.64,14.18,11.82,14.55],"texture":"#0"},"up":{"uv":[15.09,3.09,14.91,2.91],"texture":"#0"},"down":{"uv":[3.45,14.91,3.27,15.09],"texture":"#0"}},"rotation":{"origin":[8,-12,8],"axis":"y","angle":45,"rescale":false}},{"from":[6.75,-12.75,7.75],"to":[7.25,-11.75,8.25],"faces":{"north":{"uv":[14.18,11.64,14.36,12],"texture":"#0"},"east":{"uv":[12,14.18,12.18,14.55],"texture":"#0"},"south":{"uv":[14.18,12,14.36,12.36],"texture":"#0"},"west":{"uv":[12.36,14.18,12.55,14.55],"texture":"#0"},"up":{"uv":[15.09,3.45,14.91,3.27],"texture":"#0"},"down":{"uv":[3.82,14.91,3.64,15.09],"texture":"#0"}},"rotation":{"origin":[8,-12,8],"axis":"y","angle":-45,"rescale":false}},{"from":[6.75,6.15,7.75],"to":[7.25,7.15,8.25],"faces":{"north":{"uv":[2.55,14.55,2.73,14.91],"texture":"#0"},"east":{"uv":[14.55,2.55,14.73,2.91],"texture":"#0"},"south":{"uv":[2.91,14.55,3.09,14.91],"texture":"#0"},"west":{"uv":[3.27,14.55,3.45,14.91],"texture":"#0"},"up":{"uv":[15.09,6,14.91,5.82],"texture":"#0"},"down":{"uv":[6.36,14.91,6.18,15.09],"texture":"#0"}},"rotation":{"origin":[8,6.4,8],"axis":"y","angle":-45,"rescale":false}},{"from":[6.75,6.15,7.75],"to":[7.25,7.15,8.25],"faces":{"north":{"uv":[14.55,3.27,14.73,3.64],"texture":"#0"},"east":{"uv":[3.64,14.55,3.82,14.91],"texture":"#0"},"south":{"uv":[14.55,3.64,14.73,4],"texture":"#0"},"west":{"uv":[4,14.55,4.18,14.91],"texture":"#0"},"up":{"uv":[15.09,6.36,14.91,6.18],"texture":"#0"},"down":{"uv":[6.73,14.91,6.55,15.09],"texture":"#0"}},"rotation":{"origin":[8,6.4,8],"axis":"y","angle":45,"rescale":false}},{"from":[6.75,8.31987,5.42085],"to":[6.75,9.56987,6.67085],"faces":{"north":{"uv":[0,0,0,0.45],"texture":"#0"},"east":{"uv":[11.64,12,12.09,12.45],"texture":"#0"},"south":{"uv":[0,0,0,0.45],"texture":"#0"},"west":{"uv":[1.82,12.36,2.27,12.82],"texture":"#0"},"up":{"uv":[0,0.45,0,0],"texture":"#0"},"down":{"uv":[0,0,0,0.45],"texture":"#0"}},"rotation":{"origin":[6.7,9.05,6.8],"axis":"x","angle":-22.5,"rescale":false}},{"from":[6.75,8.53013,6.92915],"to":[6.75,9.78013,8.17915],"faces":{"north":{"uv":[0,0,0,0.45],"texture":"#0"},"east":{"uv":[7.64,12,8.09,12.45],"texture":"#0"},"south":{"uv":[0,0,0,0.45],"texture":"#0"},"west":{"uv":[10.91,12,11.36,12.45],"texture":"#0"},"up":{"uv":[0,0.45,0,0],"texture":"#0"},"down":{"uv":[0,0,0,0.45],"texture":"#0"}},"rotation":{"origin":[6.7,9.05,6.8],"axis":"x","angle":-22.5,"rescale":false}},{"from":[6.775,4.85252,5.32689],"to":[6.775,9.00252,7.47689],"faces":{"north":{"uv":[0,0,0,1.5],"texture":"#0"},"east":{"uv":[0.73,6.18,1.5,7.68],"texture":"#0"},"south":{"uv":[0,0,0,1.5],"texture":"#0"},"west":{"uv":[6.55,0,7.32,1.5],"texture":"#0"},"up":{"uv":[0,0.77,0,0],"texture":"#0"},"down":{"uv":[0,0,0,0.77],"texture":"#0"}}},{"from":[6.775,9.09748,6.12311],"to":[6.775,13.24748,8.27311],"faces":{"north":{"uv":[0,0,0,1.5],"texture":"#0"},"east":{"uv":[5.45,4,6.23,5.5],"texture":"#0"},"south":{"uv":[0,0,0,1.5],"texture":"#0"},"west":{"uv":[5.45,5.82,6.23,7.32],"texture":"#0"},"up":{"uv":[0,0.77,0,0],"texture":"#0"},"down":{"uv":[0,0,0,0.77],"texture":"#0"}}},{"from":[6.80189,-2.27593,7.25],"to":[7.30189,-1.37593,8.75],"faces":{"north":{"uv":[9.09,14.55,9.27,14.86],"texture":"#0"},"east":{"uv":[13.09,6.18,13.64,6.5],"texture":"#0"},"south":{"uv":[9.45,14.55,9.64,14.86],"texture":"#0"},"west":{"uv":[13.09,6.55,13.64,6.86],"texture":"#0"},"up":{"uv":[6.36,14.36,6.18,13.82],"texture":"#0"},"down":{"uv":[14,6.55,13.82,7.09],"texture":"#0"}},"rotation":{"origin":[8,-1.43321,8],"axis":"z","angle":-22.5,"rescale":false}},{"from":[6.80189,2.47593,7.25],"to":[7.30189,3.37593,8.75],"faces":{"north":{"uv":[14.55,7.27,14.73,7.59],"texture":"#0"},"east":{"uv":[13.09,4.73,13.64,5.05],"texture":"#0"},"south":{"uv":[7.64,14.55,7.82,14.86],"texture":"#0"},"west":{"uv":[13.09,5.09,13.64,5.41],"texture":"#0"},"up":{"uv":[5.27,14.36,5.09,13.82],"texture":"#0"},"down":{"uv":[14,5.09,13.82,5.64],"texture":"#0"}},"rotation":{"origin":[8,2.53321,8],"axis":"z","angle":22.5,"rescale":false}},{"from":[6.9,10.1,7],"to":[6.9,13.1,10],"faces":{"north":{"uv":[0,0,0,3.2],"texture":"#None"},"east":{"uv":[0,10.38,3,13.38],"texture":"#1"},"south":{"uv":[0,0,0,3.2],"texture":"#None"},"west":{"uv":[0,7.12,3,10.12],"texture":"#1"},"up":{"uv":[0,0,0,3.2],"texture":"#None"},"down":{"uv":[0,0,0,3.2],"texture":"#None"}}},{"from":[6.9,14.9,4.5],"to":[6.9,16.3,7.5],"faces":{"north":{"uv":[0,0,0,0.5],"texture":"#0"},"east":{"uv":[10.18,2.55,9.09,3.05],"texture":"#0"},"south":{"uv":[0,0,0,0.5],"texture":"#0"},"west":{"uv":[3.64,9.09,2.55,9.59],"texture":"#0"},"up":{"uv":[0,1.09,0,0],"texture":"#0"},"down":{"uv":[0,0,0,1.09],"texture":"#0"}},"rotation":{"origin":[7.9,15.9,5.6],"axis":"x","angle":-22.5,"rescale":false}},{"from":[6.92,11.64388,9.27],"to":[7.34,13.56388,9.83],"faces":{"north":{"uv":[13.82,7.64,13.95,8.32],"texture":"#0"},"east":{"uv":[0.73,13.45,0.91,14.14],"texture":"#0"},"south":{"uv":[8,13.82,8.14,14.5],"texture":"#0"},"west":{"uv":[4,13.45,4.18,14.14],"texture":"#0"},"up":{"uv":[15.05,13.27,14.91,13.09],"texture":"#0"},"down":{"uv":[13.59,14.91,13.45,15.09],"texture":"#0"}}},{"from":[6.95,7.75,7.25],"to":[9.05,8.05,8.75],"faces":{"north":{"uv":[14.18,9.45,14.95,9.55],"texture":"#0"},"east":{"uv":[14.55,12.73,15.09,12.82],"texture":"#0"},"south":{"uv":[14.18,9.82,14.95,9.91],"texture":"#0"},"west":{"uv":[13.09,14.55,13.64,14.64],"texture":"#0"},"up":{"uv":[0.77,10.73,0,10.18],"texture":"#0"},"down":{"uv":[10.95,2.55,10.18,3.09],"texture":"#0"}}},{"from":[6.95,8.45,7.25],"to":[9.05,8.75,8.75],"faces":{"north":{"uv":[14.18,8.73,14.95,8.82],"texture":"#0"},"east":{"uv":[12.36,14.55,12.91,14.64],"texture":"#0"},"south":{"uv":[14.18,9.09,14.95,9.18],"texture":"#0"},"west":{"uv":[14.55,12.36,15.09,12.45],"texture":"#0"},"up":{"uv":[10.59,7.09,9.82,6.55],"texture":"#0"},"down":{"uv":[9.86,9.82,9.09,10.36],"texture":"#0"}}},{"from":[6.968,11.22179,7.556],"to":[7.156,12.09979,8.444],"faces":{"north":{"uv":[9.09,14.91,9.18,15.23],"texture":"#0"},"east":{"uv":[11.64,1.82,11.95,2.14],"texture":"#0"},"south":{"uv":[9.45,14.91,9.55,15.23],"texture":"#0"},"west":{"uv":[11.64,4.73,11.95,5.05],"texture":"#0"},"up":{"uv":[9.91,15.23,9.82,14.91],"texture":"#0"},"down":{"uv":[10.27,14.91,10.18,15.23],"texture":"#0"}},"rotation":{"origin":[6.312,11.66079,8],"axis":"x","angle":45,"rescale":false}},{"from":[7,-1.975,7],"to":[9,3.1,9],"faces":{"north":{"uv":[4.73,0,5.45,1.86],"texture":"#0"},"east":{"uv":[4.73,2.18,5.45,4.05],"texture":"#0"},"south":{"uv":[4,4.73,4.73,6.59],"texture":"#0"},"west":{"uv":[4.73,4.36,5.45,6.23],"texture":"#0"},"up":{"uv":[4,2.18,3.27,1.45],"texture":"#0"},"down":{"uv":[9.82,3.27,9.09,4],"texture":"#0"}}},{"from":[7,7.5,7.7],"to":[7.35,8.9,8.3],"faces":{"north":{"uv":[10.18,14.18,10.32,14.68],"texture":"#0"},"east":{"uv":[10.18,13.45,10.41,13.95],"texture":"#0"},"south":{"uv":[14.18,10.18,14.32,10.68],"texture":"#0"},"west":{"uv":[10.55,13.45,10.77,13.95],"texture":"#0"},"up":{"uv":[15.05,8.23,14.91,8],"texture":"#0"},"down":{"uv":[8.5,14.91,8.36,15.14],"texture":"#0"}}},{"from":[7,8.325,5.725],"to":[9,10.325,5.725],"faces":{"north":{"uv":[9.09,6.18,9.82,6.91],"texture":"#0"},"east":{"uv":[0,0,0,0.73],"texture":"#0"},"south":{"uv":[9.09,6.91,9.82,7.64],"texture":"#0"},"west":{"uv":[0,0,0,0.73],"texture":"#0"},"up":{"uv":[0.73,0,0,0],"texture":"#0"},"down":{"uv":[0.73,0,0,0],"texture":"#0"}},"rotation":{"origin":[8,9.325,5.725],"axis":"z","angle":45,"rescale":false}},{"from":[7,8.9,7],"to":[7.35,9.35,9],"faces":{"north":{"uv":[0.36,15.27,0.5,15.45],"texture":"#0"},"east":{"uv":[13.45,1.45,14.18,1.64],"texture":"#0"},"south":{"uv":[15.27,0.36,15.41,0.55],"texture":"#0"},"west":{"uv":[13.45,1.82,14.18,2],"texture":"#0"},"up":{"uv":[1.59,14.55,1.45,13.82],"texture":"#0"},"down":{"uv":[1.95,13.82,1.82,14.55],"texture":"#0"}}},{"from":[7,9.35,7.5],"to":[7.35,10.15,7.8],"faces":{"north":{"uv":[14.91,0.73,15.05,1],"texture":"#0"},"east":{"uv":[0.73,15.27,0.82,15.55],"texture":"#0"},"south":{"uv":[1.09,14.91,1.23,15.18],"texture":"#0"},"west":{"uv":[15.27,0.73,15.36,1],"texture":"#0"},"up":{"uv":[6.32,15.36,6.18,15.27],"texture":"#0"},"down":{"uv":[15.41,6.18,15.27,6.27],"texture":"#0"}}},{"from":[7,9.35,8.2],"to":[7.35,10.15,8.5],"faces":{"north":{"uv":[14.91,1.09,15.05,1.36],"texture":"#0"},"east":{"uv":[1.09,15.27,1.18,15.55],"texture":"#0"},"south":{"uv":[1.45,14.91,1.59,15.18],"texture":"#0"},"west":{"uv":[15.27,1.09,15.36,1.36],"texture":"#0"},"up":{"uv":[6.68,15.36,6.55,15.27],"texture":"#0"},"down":{"uv":[15.41,6.55,15.27,6.64],"texture":"#0"}}},{"from":[7,9.75,7.8],"to":[7.35,10.15,8.2],"faces":{"north":{"uv":[3.27,15.27,3.41,15.41],"texture":"#0"},"east":{"uv":[15.27,3.27,15.41,3.41],"texture":"#0"},"south":{"uv":[3.64,15.27,3.77,15.41],"texture":"#0"},"west":{"uv":[15.27,3.64,15.41,3.77],"texture":"#0"},"up":{"uv":[4.14,15.41,4,15.27],"texture":"#0"},"down":{"uv":[15.41,4,15.27,4.14],"texture":"#0"}}},{"from":[7.1,8.18014,5.775],"to":[8.9,10.73014,7.025],"faces":{"north":{"uv":[0.36,9.09,1,10],"texture":"#0"},"east":{"uv":[10.91,1.09,11.36,2],"texture":"#0"},"south":{"uv":[9.09,1.45,9.73,2.36],"texture":"#0"},"west":{"uv":[10.91,3.27,11.36,4.18],"texture":"#0"},"up":{"uv":[12.27,8.45,11.64,8],"texture":"#0"},"down":{"uv":[9.36,11.64,8.73,12.09],"texture":"#0"}}},{"from":[7.156,10.82179,7.156],"to":[8.844,12.49979,8.844],"faces":{"north":{"uv":[11.27,5.45,11.91,6.05],"texture":"#0"},"east":{"uv":[6.91,11.27,7.55,11.86],"texture":"#0"},"south":{"uv":[7.64,11.27,8.27,11.86],"texture":"#0"},"west":{"uv":[10.91,11.27,11.55,11.86],"texture":"#0"},"up":{"uv":[11.55,7.91,10.91,7.27],"texture":"#0"},"down":{"uv":[11.55,8,10.91,8.64],"texture":"#0"}},"rotation":{"origin":[8,11.66079,8],"axis":"x","angle":45,"rescale":false}},{"from":[7.2,-9.4,7.5],"to":[7.2,-3.4,10],"faces":{"north":{"uv":[0,0,0,2.18],"texture":"#0"},"east":{"uv":[0,0,0.91,2.18],"texture":"#0"},"south":{"uv":[0,0,0,2.18],"texture":"#0"},"west":{"uv":[1.09,0,2,2.18],"texture":"#0"},"up":{"uv":[0,0.91,0,0],"texture":"#0"},"down":{"uv":[0,0,0,0.91],"texture":"#0"}}},{"from":[7.24424,13.375,9.28003],"to":[7.24424,16.575,10.08003],"faces":{"north":{"uv":[0,0,0,1.18],"texture":"#0"},"east":{"uv":[8.36,11.27,8.64,12.45],"texture":"#0"},"south":{"uv":[0,0,0,1.18],"texture":"#0"},"west":{"uv":[11.64,0.36,11.91,1.55],"texture":"#0"},"up":{"uv":[0,0.27,0,0],"texture":"#0"},"down":{"uv":[0,0,0,0.27],"texture":"#0"}},"rotation":{"origin":[7.24424,14.975,9.68003],"axis":"y","angle":22.5,"rescale":false}},{"from":[7.25,-14.775,8.1],"to":[8.75,-14.075,8.5],"faces":{"north":{"uv":[13.09,8.73,13.64,9],"texture":"#0"},"east":{"uv":[14.91,0.36,15.05,0.64],"texture":"#0"},"south":{"uv":[13.09,9.09,13.64,9.36],"texture":"#0"},"west":{"uv":[0.73,14.91,0.86,15.18],"texture":"#0"},"up":{"uv":[14.73,4.86,14.18,4.73],"texture":"#0"},"down":{"uv":[14.73,5.09,14.18,5.23],"texture":"#0"}},"rotation":{"origin":[8,-14.225,8.5],"axis":"x","angle":-45,"rescale":false}},{"from":[7.25,-14.51893,7.34393],"to":[8.75,-14.11893,8.39393],"faces":{"north":{"uv":[4,14.18,4.55,14.32],"texture":"#0"},"east":{"uv":[11.64,14.55,12,14.68],"texture":"#0"},"south":{"uv":[14.18,4.36,14.73,4.5],"texture":"#0"},"west":{"uv":[14.55,11.64,14.91,11.77],"texture":"#0"},"up":{"uv":[10.73,12.73,10.18,12.36],"texture":"#0"},"down":{"uv":[12.91,10.55,12.36,10.91],"texture":"#0"}}},{"from":[7.25,-13,7.25],"to":[8.75,-12,8.75],"faces":{"north":{"uv":[12.36,10.91,12.91,11.27],"texture":"#0"},"east":{"uv":[12.36,11.27,12.91,11.64],"texture":"#0"},"south":{"uv":[12.36,11.64,12.91,12],"texture":"#0"},"west":{"uv":[12.36,12,12.91,12.36],"texture":"#0"},"up":{"uv":[4.55,12.18,4,11.64],"texture":"#0"},"down":{"uv":[12.18,4,11.64,4.55],"texture":"#0"}}},{"from":[7.25,-6.2,7.5],"to":[8.75,-5.5,7.9],"faces":{"north":{"uv":[13.09,8.36,13.64,8.64],"texture":"#0"},"east":{"uv":[14.91,0,15.05,0.27],"texture":"#0"},"south":{"uv":[8.73,13.09,9.27,13.36],"texture":"#0"},"west":{"uv":[0.36,14.91,0.5,15.18],"texture":"#0"},"up":{"uv":[14.36,12.5,13.82,12.36],"texture":"#0"},"down":{"uv":[13.27,13.82,12.73,13.95],"texture":"#0"}},"rotation":{"origin":[8,-5.65,7.5],"axis":"x","angle":45,"rescale":false}},{"from":[7.25,-5.94393,7.60607],"to":[8.75,-5.54393,8.65607],"faces":{"north":{"uv":[13.82,12.73,14.36,12.86],"texture":"#0"},"east":{"uv":[11.27,14.55,11.64,14.68],"texture":"#0"},"south":{"uv":[13.82,13.09,14.36,13.23],"texture":"#0"},"west":{"uv":[14.55,11.27,14.91,11.41],"texture":"#0"},"up":{"uv":[2.36,6.91,1.82,6.55],"texture":"#0"},"down":{"uv":[9.64,4,9.09,4.36],"texture":"#0"}}},{"from":[7.25,-1.6,6.8],"to":[8.75,-0.7,7.3],"faces":{"north":{"uv":[13.09,5.82,13.64,6.14],"texture":"#0"},"east":{"uv":[14.55,8.36,14.73,8.68],"texture":"#0"},"south":{"uv":[6.18,13.09,6.73,13.41],"texture":"#0"},"west":{"uv":[8.73,14.55,8.91,14.86],"texture":"#0"},"up":{"uv":[14.36,6,13.82,5.82],"texture":"#0"},"down":{"uv":[14.36,6.18,13.82,6.36],"texture":"#0"}},"rotation":{"origin":[8,-1.1,6.3],"axis":"x","angle":22.5,"rescale":false}},{"from":[7.25,-1.6,8.7],"to":[8.75,-0.7,9.2],"faces":{"north":{"uv":[13.09,6.91,13.64,7.23],"texture":"#0"},"east":{"uv":[9.82,14.55,10,14.86],"texture":"#0"},"south":{"uv":[13.09,7.27,13.64,7.59],"texture":"#0"},"west":{"uv":[14.55,10.18,14.73,10.5],"texture":"#0"},"up":{"uv":[7.82,14,7.27,13.82],"texture":"#0"},"down":{"uv":[14.36,7.27,13.82,7.45],"texture":"#0"}},"rotation":{"origin":[8,-1.1,9.7],"axis":"x","angle":-22.5,"rescale":false}},{"from":[7.25,1.8,6.8],"to":[8.75,2.7,7.3],"faces":{"north":{"uv":[4,13.09,4.55,13.41],"texture":"#0"},"east":{"uv":[6.18,14.55,6.36,14.86],"texture":"#0"},"south":{"uv":[13.09,4,13.64,4.32],"texture":"#0"},"west":{"uv":[14.55,6.18,14.73,6.5],"texture":"#0"},"up":{"uv":[14.36,3.82,13.82,3.64],"texture":"#0"},"down":{"uv":[14.36,4,13.82,4.18],"texture":"#0"}},"rotation":{"origin":[8,2.2,6.3],"axis":"x","angle":-22.5,"rescale":false}},{"from":[7.25,1.8,8.7],"to":[8.75,2.7,9.2],"faces":{"north":{"uv":[13.09,3.27,13.64,3.59],"texture":"#0"},"east":{"uv":[14.55,4,14.73,4.32],"texture":"#0"},"south":{"uv":[13.09,3.64,13.64,3.95],"texture":"#0"},"west":{"uv":[14.55,5.82,14.73,6.14],"texture":"#0"},"up":{"uv":[3.45,14,2.91,13.82],"texture":"#0"},"down":{"uv":[14.36,3.27,13.82,3.45],"texture":"#0"}},"rotation":{"origin":[8,2.2,9.7],"axis":"x","angle":22.5,"rescale":false}},{"from":[7.25,6.4,7.25],"to":[8.75,7.4,8.75],"faces":{"north":{"uv":[12.36,12.36,12.91,12.73],"texture":"#0"},"east":{"uv":[0,12.73,0.55,13.09],"texture":"#0"},"south":{"uv":[12.73,0,13.27,0.36],"texture":"#0"},"west":{"uv":[12.73,0.36,13.27,0.73],"texture":"#0"},"up":{"uv":[5.27,12.18,4.73,11.64],"texture":"#0"},"down":{"uv":[6.73,11.64,6.18,12.18],"texture":"#0"}}},{"from":[7.25,9.53431,6.98431],"to":[8.75,10.78431,7.38431],"faces":{"north":{"uv":[11.64,9.82,12.18,10.27],"texture":"#0"},"east":{"uv":[4.36,14.55,4.5,15],"texture":"#0"},"south":{"uv":[10.18,11.64,10.73,12.09],"texture":"#0"},"west":{"uv":[5.09,14.55,5.23,15],"texture":"#0"},"up":{"uv":[14.73,0.86,14.18,0.73],"texture":"#0"},"down":{"uv":[14.73,1.09,14.18,1.23],"texture":"#0"}}},{"from":[7.25,9.53431,8.61569],"to":[8.75,10.78431,9.01569],"faces":{"north":{"uv":[11.64,10.55,12.18,11],"texture":"#0"},"east":{"uv":[5.45,14.55,5.59,15],"texture":"#0"},"south":{"uv":[11.64,11.27,12.18,11.73],"texture":"#0"},"west":{"uv":[5.82,14.55,5.95,15],"texture":"#0"},"up":{"uv":[7.45,14.32,6.91,14.18],"texture":"#0"},"down":{"uv":[14.73,6.91,14.18,7.05],"texture":"#0"}}},{"from":[7.25,10.85754,6.80754],"to":[8.75,11.50754,7.20754],"faces":{"north":{"uv":[13.45,2.91,14,3.14],"texture":"#0"},"east":{"uv":[14.91,7.27,15.05,7.5],"texture":"#0"},"south":{"uv":[3.27,13.45,3.82,13.68],"texture":"#0"},"west":{"uv":[7.64,14.91,7.77,15.14],"texture":"#0"},"up":{"uv":[14.73,0.5,14.18,0.36],"texture":"#0"},"down":{"uv":[1.27,14.18,0.73,14.32],"texture":"#0"}},"rotation":{"origin":[8,10.60754,6.80754],"axis":"x","angle":45,"rescale":false}},{"from":[7.25,10.85754,8.79246],"to":[8.75,11.50754,9.19246],"faces":{"north":{"uv":[5.09,13.45,5.64,13.68],"texture":"#0"},"east":{"uv":[14.91,7.64,15.05,7.86],"texture":"#0"},"south":{"uv":[5.82,13.45,6.36,13.68],"texture":"#0"},"west":{"uv":[8,14.91,8.14,15.14],"texture":"#0"},"up":{"uv":[14.73,7.77,14.18,7.64],"texture":"#0"},"down":{"uv":[14.73,8,14.18,8.14],"texture":"#0"}},"rotation":{"origin":[8,10.60754,9.19246],"axis":"x","angle":-45,"rescale":false}},{"from":[7.275,4.00452,8.10602],"to":[7.275,4.35252,8.22202],"faces":{"north":{"uv":[0,0,0,0.14],"texture":"#0"},"east":{"uv":[9.82,15.27,9.86,15.41],"texture":"#0"},"south":{"uv":[0,0,0,0.14],"texture":"#0"},"west":{"uv":[15.27,9.82,15.32,9.95],"texture":"#0"},"up":{"uv":[0,0.05,0,0],"texture":"#0"},"down":{"uv":[0,0,0,0.05],"texture":"#0"}}},{"from":[7.275,4.00452,8.20752],"to":[7.275,4.12052,8.33802],"faces":{"north":{"uv":[0,0,0,0.05],"texture":"#0"},"east":{"uv":[15.64,1.09,15.68,1.14],"texture":"#0"},"south":{"uv":[0,0,0,0.05],"texture":"#0"},"west":{"uv":[1.45,15.64,1.5,15.68],"texture":"#0"},"up":{"uv":[0,0.05,0,0],"texture":"#0"},"down":{"uv":[0,0,0,0.05],"texture":"#0"}}},{"from":[7.275,4.06252,7.93202],"to":[7.275,4.35252,8.04802],"faces":{"north":{"uv":[0,0,0,0.09],"texture":"#0"},"east":{"uv":[12.73,15.27,12.77,15.36],"texture":"#0"},"south":{"uv":[0,0,0,0.09],"texture":"#0"},"west":{"uv":[15.27,12.73,15.32,12.82],"texture":"#0"},"up":{"uv":[0,0.05,0,0],"texture":"#0"},"down":{"uv":[0,0,0,0.05],"texture":"#0"}}},{"from":[7.275,4.32352,7.77252],"to":[7.275,4.43952,8.32352],"faces":{"north":{"uv":[0,0,0,0.05],"texture":"#0"},"east":{"uv":[8,15.27,8.18,15.32],"texture":"#0"},"south":{"uv":[0,0,0,0.05],"texture":"#0"},"west":{"uv":[15.27,8,15.45,8.05],"texture":"#0"},"up":{"uv":[0,0.18,0,0],"texture":"#0"},"down":{"uv":[0,0,0,0.18],"texture":"#0"}}},{"from":[7.275,4.41155,8.25909],"to":[7.275,4.52755,8.52009],"faces":{"north":{"uv":[0,0,0,0.05],"texture":"#0"},"east":{"uv":[11.27,15.27,11.36,15.32],"texture":"#0"},"south":{"uv":[0,0,0,0.05],"texture":"#0"},"west":{"uv":[15.27,11.27,15.36,11.32],"texture":"#0"},"up":{"uv":[0,0.09,0,0],"texture":"#0"},"down":{"uv":[0,0,0,0.09],"texture":"#0"}},"rotation":{"origin":[7.275,4.44055,8.40409],"axis":"x","angle":-45,"rescale":false}},{"from":[7.275,4.50516,7.85806],"to":[7.275,4.70816,8.00306],"faces":{"north":{"uv":[0,0,0,0.09],"texture":"#0"},"east":{"uv":[12,15.27,12.05,15.36],"texture":"#0"},"south":{"uv":[0,0,0,0.09],"texture":"#0"},"west":{"uv":[15.27,12,15.32,12.09],"texture":"#0"},"up":{"uv":[0,0.05,0,0],"texture":"#0"},"down":{"uv":[0,0,0,0.05],"texture":"#0"}}},{"from":[7.275,4.50516,7.98856],"to":[7.275,4.60666,8.14806],"faces":{"north":{"uv":[0,0,0,0.05],"texture":"#0"},"east":{"uv":[15.64,0.73,15.68,0.77],"texture":"#0"},"south":{"uv":[0,0,0,0.05],"texture":"#0"},"west":{"uv":[1.09,15.64,1.14,15.68],"texture":"#0"},"up":{"uv":[0,0.05,0,0],"texture":"#0"},"down":{"uv":[0,0,0,0.05],"texture":"#0"}}},{"from":[7.275,4.50516,8.13356],"to":[7.275,4.70816,8.27856],"faces":{"north":{"uv":[0,0,0,0.09],"texture":"#0"},"east":{"uv":[11.64,15.27,11.68,15.36],"texture":"#0"},"south":{"uv":[0,0,0,0.09],"texture":"#0"},"west":{"uv":[15.27,11.64,15.32,11.73],"texture":"#0"},"up":{"uv":[0,0.05,0,0],"texture":"#0"},"down":{"uv":[0,0,0,0.05],"texture":"#0"}}},{"from":[7.275,4.51408,8.44862],"to":[7.275,4.86208,8.56462],"faces":{"north":{"uv":[0,0,0,0.14],"texture":"#0"},"east":{"uv":[9.09,15.27,9.14,15.41],"texture":"#0"},"south":{"uv":[0,0,0,0.14],"texture":"#0"},"west":{"uv":[15.27,9.09,15.32,9.23],"texture":"#0"},"up":{"uv":[0,0.05,0,0],"texture":"#0"},"down":{"uv":[0,0,0,0.05],"texture":"#0"}},"rotation":{"origin":[7.275,4.54308,8.50662],"axis":"x","angle":-45,"rescale":false}},{"from":[7.275,4.5321,7.61697],"to":[7.275,4.6481,7.90697],"faces":{"north":{"uv":[0,0,0,0.05],"texture":"#0"},"east":{"uv":[12.36,15.27,12.45,15.32],"texture":"#0"},"south":{"uv":[0,0,0,0.05],"texture":"#0"},"west":{"uv":[15.27,12.36,15.36,12.41],"texture":"#0"},"up":{"uv":[0,0.09,0,0],"texture":"#0"},"down":{"uv":[0,0,0,0.09],"texture":"#0"}},"rotation":{"origin":[7.275,4.5901,7.58797],"axis":"x","angle":45,"rescale":false}},{"from":[7.275,4.57705,8.26964],"to":[7.275,4.69305,8.50164],"faces":{"north":{"uv":[0,0,0,0.05],"texture":"#0"},"east":{"uv":[13.09,15.27,13.18,15.32],"texture":"#0"},"south":{"uv":[0,0,0,0.05],"texture":"#0"},"west":{"uv":[15.27,13.09,15.36,13.14],"texture":"#0"},"up":{"uv":[0,0.09,0,0],"texture":"#0"},"down":{"uv":[0,0,0,0.09],"texture":"#0"}},"rotation":{"origin":[7.275,4.63505,8.70464],"axis":"x","angle":45,"rescale":false}},{"from":[7.275,4.69366,7.85806],"to":[7.275,4.80966,8.32206],"faces":{"north":{"uv":[0,0,0,0.05],"texture":"#0"},"east":{"uv":[7.64,15.27,7.82,15.32],"texture":"#0"},"south":{"uv":[0,0,0,0.05],"texture":"#0"},"west":{"uv":[15.27,7.64,15.45,7.68],"texture":"#0"},"up":{"uv":[0,0.18,0,0],"texture":"#0"},"down":{"uv":[0,0,0,0.18],"texture":"#0"}}},{"from":[7.275,4.73716,7.55356],"to":[7.275,4.85316,7.88706],"faces":{"north":{"uv":[0,0,0,0.05],"texture":"#0"},"east":{"uv":[9.45,15.27,9.59,15.32],"texture":"#0"},"south":{"uv":[0,0,0,0.05],"texture":"#0"},"west":{"uv":[15.27,9.45,15.41,9.5],"texture":"#0"},"up":{"uv":[0,0.14,0,0],"texture":"#0"},"down":{"uv":[0,0,0,0.14],"texture":"#0"}},"rotation":{"origin":[7.275,4.79516,7.91606],"axis":"x","angle":-45,"rescale":false}},{"from":[7.275,4.7411,7.55253],"to":[7.275,4.8571,7.84253],"faces":{"north":{"uv":[0,0,0,0.05],"texture":"#0"},"east":{"uv":[13.45,15.27,13.55,15.32],"texture":"#0"},"south":{"uv":[0,0,0,0.05],"texture":"#0"},"west":{"uv":[15.27,13.45,15.36,13.5],"texture":"#0"},"up":{"uv":[0,0.09,0,0],"texture":"#0"},"down":{"uv":[0,0,0,0.09],"texture":"#0"}},"rotation":{"origin":[7.275,4.7991,7.63953],"axis":"x","angle":-45,"rescale":false}},{"from":[7.275,4.86766,7.74206],"to":[7.275,4.98366,8.43806],"faces":{"north":{"uv":[0,0,0,0.05],"texture":"#0"},"east":{"uv":[5.45,15.27,5.73,15.32],"texture":"#0"},"south":{"uv":[0,0,0,0.05],"texture":"#0"},"west":{"uv":[15.27,5.45,15.55,5.5],"texture":"#0"},"up":{"uv":[0,0.27,0,0],"texture":"#0"},"down":{"uv":[0,0,0,0.27],"texture":"#0"}}},{"from":[7.315,13.31364,9.52257],"to":[8.685,14.13364,10.18257],"faces":{"north":{"uv":[13.09,7.64,13.59,7.95],"texture":"#0"},"east":{"uv":[7.64,14.18,7.86,14.5],"texture":"#0"},"south":{"uv":[13.09,8,13.59,8.32],"texture":"#0"},"west":{"uv":[14.18,8.36,14.41,8.68],"texture":"#0"},"up":{"uv":[9.23,13.68,8.73,13.45],"texture":"#0"},"down":{"uv":[9.95,13.45,9.45,13.68],"texture":"#0"}},"rotation":{"origin":[8,13.97364,9.52257],"axis":"x","angle":22.5,"rescale":false}},{"from":[7.34,12.04388,9.27],"to":[8.66,13.36388,9.93],"faces":{"north":{"uv":[11.64,9.09,12.14,9.59],"texture":"#0"},"east":{"uv":[6.55,13.45,6.77,13.95],"texture":"#0"},"south":{"uv":[9.45,11.64,9.95,12.14],"texture":"#0"},"west":{"uv":[6.91,13.45,7.14,13.95],"texture":"#0"},"up":{"uv":[7.77,13.68,7.27,13.45],"texture":"#0"},"down":{"uv":[8.5,13.45,8,13.68],"texture":"#0"}}},{"from":[7.35,3.05,7.35],"to":[8.65,11.25,8.65],"faces":{"north":{"uv":[2.55,3.64,3,6.64],"texture":"#0"},"east":{"uv":[3.27,3.64,3.73,6.64],"texture":"#0"},"south":{"uv":[4,1.45,4.45,4.45],"texture":"#0"},"west":{"uv":[0,4.36,0.45,7.36],"texture":"#0"},"up":{"uv":[12.82,8.09,12.36,7.64],"texture":"#0"},"down":{"uv":[12.82,8.36,12.36,8.82],"texture":"#0"}}},{"from":[7.375,-16,8.175],"to":[8.625,-15.15,9.025],"faces":{"north":{"uv":[13.09,12.73,13.55,13.05],"texture":"#0"},"east":{"uv":[0.36,13.82,0.68,14.14],"texture":"#0"},"south":{"uv":[13.09,13.09,13.55,13.41],"texture":"#0"},"west":{"uv":[1.09,13.82,1.41,14.14],"texture":"#0"},"up":{"uv":[13.91,0.32,13.45,0],"texture":"#0"},"down":{"uv":[13.91,0.36,13.45,0.68],"texture":"#0"}},"rotation":{"origin":[8,-14.975,8],"axis":"x","angle":45,"rescale":false}},{"from":[7.375,-13,6.975],"to":[8.625,-12.15,7.825],"faces":{"north":{"uv":[13.09,11.27,13.55,11.59],"texture":"#0"},"east":{"uv":[13.45,13.45,13.77,13.77],"texture":"#0"},"south":{"uv":[13.09,11.64,13.55,11.95],"texture":"#0"},"west":{"uv":[0,13.82,0.32,14.14],"texture":"#0"},"up":{"uv":[13.55,12.32,13.09,12],"texture":"#0"},"down":{"uv":[13.55,12.36,13.09,12.68],"texture":"#0"}},"rotation":{"origin":[8,-11.975,8],"axis":"x","angle":-45,"rescale":false}},{"from":[7.375,-7.425,8.175],"to":[8.625,-6.575,9.025],"faces":{"north":{"uv":[13.09,9.82,13.55,10.14],"texture":"#0"},"east":{"uv":[4,10.55,4.32,10.86],"texture":"#0"},"south":{"uv":[13.09,10.18,13.55,10.5],"texture":"#0"},"west":{"uv":[6.91,10.91,7.23,11.23],"texture":"#0"},"up":{"uv":[13.55,10.86,13.09,10.55],"texture":"#0"},"down":{"uv":[13.55,10.91,13.09,11.23],"texture":"#0"}},"rotation":{"origin":[8,-6.4,8],"axis":"x","angle":45,"rescale":false}},{"from":[7.406,-15.82179,7.406],"to":[8.594,-14.39379,8.594],"faces":{"north":{"uv":[12,2.55,12.45,3.05],"texture":"#0"},"east":{"uv":[12,4.73,12.45,5.23],"texture":"#0"},"south":{"uv":[12,5.45,12.45,5.95],"texture":"#0"},"west":{"uv":[6.91,12,7.36,12.5],"texture":"#0"},"up":{"uv":[9.18,12.82,8.73,12.36],"texture":"#0"},"down":{"uv":[12.82,9.09,12.36,9.55],"texture":"#0"}}},{"from":[7.406,-7.24679,7.406],"to":[8.594,-5.81879,8.594],"faces":{"north":{"uv":[0,12,0.45,12.5],"texture":"#0"},"east":{"uv":[12,0.36,12.45,0.86],"texture":"#0"},"south":{"uv":[12,1.09,12.45,1.59],"texture":"#0"},"west":{"uv":[12,1.82,12.45,2.32],"texture":"#0"},"up":{"uv":[12.82,6.64,12.36,6.18],"texture":"#0"},"down":{"uv":[12.82,6.91,12.36,7.36],"texture":"#0"}}},{"from":[7.406,11.62179,7.056],"to":[8.594,14.04979,9.394],"faces":{"north":{"uv":[10.91,9.09,11.36,9.95],"texture":"#0"},"east":{"uv":[7.64,4.36,8.5,5.23],"texture":"#0"},"south":{"uv":[10.91,10.18,11.36,11.05],"texture":"#0"},"west":{"uv":[5.45,7.64,6.32,8.5],"texture":"#0"},"up":{"uv":[11.73,3.05,11.27,2.18],"texture":"#0"},"down":{"uv":[5.91,11.27,5.45,12.14],"texture":"#0"}},"rotation":{"origin":[8,12.96079,7.8],"axis":"x","angle":45,"rescale":false}},{"from":[7.44,12.69588,9.8568],"to":[8.56,13.11588,10.8668],"faces":{"north":{"uv":[14.55,10.55,14.95,10.68],"texture":"#0"},"east":{"uv":[12,14.55,12.36,14.68],"texture":"#0"},"south":{"uv":[14.55,10.91,14.95,11.05],"texture":"#0"},"west":{"uv":[14.55,12,14.91,12.14],"texture":"#0"},"up":{"uv":[9.86,13.45,9.45,13.09],"texture":"#0"},"down":{"uv":[13.5,9.45,13.09,9.82],"texture":"#0"}},"rotation":{"origin":[8,13.05588,9.8568],"axis":"x","angle":22.5,"rescale":false}},{"from":[7.44,13.06107,10.13233],"to":[8.56,13.78107,11.54233],"faces":{"north":{"uv":[11.64,13.45,12.05,13.73],"texture":"#0"},"east":{"uv":[13.45,0.73,13.95,1],"texture":"#0"},"south":{"uv":[12.36,13.45,12.77,13.73],"texture":"#0"},"west":{"uv":[13.45,1.09,13.95,1.36],"texture":"#0"},"up":{"uv":[9.86,12.86,9.45,12.36],"texture":"#0"},"down":{"uv":[12.77,9.82,12.36,10.32],"texture":"#0"}},"rotation":{"origin":[8,13.72107,10.13233],"axis":"x","angle":22.5,"rescale":false}},{"from":[7.5,-15.275,8.6],"to":[9,-13.775,9],"faces":{"north":{"uv":[3.27,11.64,3.82,12.18],"texture":"#0"},"east":{"uv":[14.18,1.45,14.32,2],"texture":"#0"},"south":{"uv":[11.64,3.27,12.18,3.82],"texture":"#0"},"west":{"uv":[14.18,2.18,14.32,2.73],"texture":"#0"},"up":{"uv":[3.45,14.32,2.91,14.18],"texture":"#0"},"down":{"uv":[14.73,2.91,14.18,3.05],"texture":"#0"}},"rotation":{"origin":[8,-14.275,8.75],"axis":"z","angle":-45,"rescale":false}},{"from":[7.5,-6.7,7],"to":[9,-5.2,7.4],"faces":{"north":{"uv":[1.82,11.64,2.36,12.18],"texture":"#0"},"east":{"uv":[13.45,13.82,13.59,14.36],"texture":"#0"},"south":{"uv":[2.55,11.64,3.09,12.18],"texture":"#0"},"west":{"uv":[13.82,13.45,13.95,14],"texture":"#0"},"up":{"uv":[0.55,14.32,0,14.18],"texture":"#0"},"down":{"uv":[14.73,0,14.18,0.14],"texture":"#0"}},"rotation":{"origin":[8,-5.7,7.25],"axis":"z","angle":-45,"rescale":false}},{"from":[7.5,10.8,8.85],"to":[9,12.3,9.25],"faces":{"north":{"uv":[11.64,6.55,12.18,7.09],"texture":"#0"},"east":{"uv":[4.73,14.18,4.86,14.73],"texture":"#0"},"south":{"uv":[11.64,7.27,12.18,7.82],"texture":"#0"},"west":{"uv":[6.55,14.18,6.68,14.73],"texture":"#0"},"up":{"uv":[14.73,5.59,14.18,5.45],"texture":"#0"},"down":{"uv":[14.73,6.55,14.18,6.68],"texture":"#0"}},"rotation":{"origin":[8,11.3,9],"axis":"z","angle":45,"rescale":false}},{"from":[7.5248,-14.24721,7.5248],"to":[8.4752,-7.35621,8.4752],"faces":{"north":{"uv":[4.73,6.55,5.09,9.05],"texture":"#0"},"east":{"uv":[5.09,6.55,5.45,9.05],"texture":"#0"},"south":{"uv":[4.36,6.91,4.73,9.41],"texture":"#0"},"west":{"uv":[0,7.64,0.36,10.14],"texture":"#0"},"up":{"uv":[2.91,9.09,2.55,8.73],"texture":"#0"},"down":{"uv":[9.09,6.18,8.73,6.55],"texture":"#0"}}},{"from":[7.5248,-5.84721,7.5248],"to":[8.4752,-1.95621,8.4752],"faces":{"north":{"uv":[1.09,9.09,1.45,10.5],"texture":"#0"},"east":{"uv":[4.36,9.45,4.73,10.86],"texture":"#0"},"south":{"uv":[6.55,9.45,6.91,10.86],"texture":"#0"},"west":{"uv":[6.91,9.45,7.27,10.86],"texture":"#0"},"up":{"uv":[0.73,8,0.36,7.64],"texture":"#0"},"down":{"uv":[8,8.36,7.64,8.73],"texture":"#0"}}},{"from":[7.5682,9.21612,6.98431],"to":[8.4312,9.54112,7.38431],"faces":{"north":{"uv":[14.55,13.09,14.86,13.23],"texture":"#0"},"east":{"uv":[2.55,15.27,2.68,15.41],"texture":"#0"},"south":{"uv":[14.55,13.45,14.86,13.59],"texture":"#0"},"west":{"uv":[15.27,2.55,15.41,2.68],"texture":"#0"},"up":{"uv":[14.14,14.68,13.82,14.55],"texture":"#0"},"down":{"uv":[14.86,13.82,14.55,13.95],"texture":"#0"}}},{"from":[7.5682,9.21612,8.61569],"to":[8.4312,9.54112,9.01569],"faces":{"north":{"uv":[14.18,14.55,14.5,14.68],"texture":"#0"},"east":{"uv":[2.91,15.27,3.05,15.41],"texture":"#0"},"south":{"uv":[14.55,14.18,14.86,14.32],"texture":"#0"},"west":{"uv":[15.27,2.91,15.41,3.05],"texture":"#0"},"up":{"uv":[14.86,14.68,14.55,14.55],"texture":"#0"},"down":{"uv":[0.32,14.91,0,15.05],"texture":"#0"}}},{"from":[7.57984,-0.54,5.88852],"to":[8.41984,1.14,5.88852],"faces":{"north":{"uv":[11.27,12.73,11.59,13.32],"texture":"#0"},"east":{"uv":[0,0,0,0.59],"texture":"#0"},"south":{"uv":[11.64,12.73,11.95,13.32],"texture":"#0"},"west":{"uv":[0,0,0,0.59],"texture":"#0"},"up":{"uv":[0.32,0,0,0],"texture":"#0"},"down":{"uv":[0.32,0,0,0],"texture":"#0"}},"rotation":{"origin":[8,0.3,8],"axis":"y","angle":22.5,"rescale":false}},{"from":[7.57984,-0.54,5.88852],"to":[8.41984,1.14,5.88852],"faces":{"north":{"uv":[12,12.73,12.32,13.32],"texture":"#0"},"east":{"uv":[0,0,0,0.59],"texture":"#0"},"south":{"uv":[12.36,12.73,12.68,13.32],"texture":"#0"},"west":{"uv":[0,0,0,0.59],"texture":"#0"},"up":{"uv":[0.32,0,0,0],"texture":"#0"},"down":{"uv":[0.32,0,0,0],"texture":"#0"}},"rotation":{"origin":[8,0.3,8],"axis":"y","angle":-22.5,"rescale":false}},{"from":[7.57984,0.16,5.88852],"to":[8.41984,1.84,5.88852],"faces":{"north":{"uv":[8.36,12.73,8.68,13.32],"texture":"#0"},"east":{"uv":[0,0,0,0.59],"texture":"#0"},"south":{"uv":[10.18,12.73,10.5,13.32],"texture":"#0"},"west":{"uv":[0,0,0,0.59],"texture":"#0"},"up":{"uv":[0.32,0,0,0],"texture":"#0"},"down":{"uv":[0.32,0,0,0],"texture":"#0"}}},{"from":[7.57984,0.16,5.88852],"to":[8.41984,1.84,5.88852],"faces":{"north":{"uv":[10.55,12.73,10.86,13.32],"texture":"#0"},"east":{"uv":[0,0,0,0.59],"texture":"#0"},"south":{"uv":[10.91,12.73,11.23,13.32],"texture":"#0"},"west":{"uv":[0,0,0,0.59],"texture":"#0"},"up":{"uv":[0.32,0,0,0],"texture":"#0"},"down":{"uv":[0.32,0,0,0],"texture":"#0"}},"rotation":{"origin":[8,1,8],"axis":"y","angle":45,"rescale":false}},{"from":[7.58016,-0.54,10.11148],"to":[8.42016,1.14,10.11148],"faces":{"north":{"uv":[1.09,13.09,1.41,13.68],"texture":"#0"},"east":{"uv":[0,0,0,0.59],"texture":"#0"},"south":{"uv":[1.45,13.09,1.77,13.68],"texture":"#0"},"west":{"uv":[0,0,0,0.59],"texture":"#0"},"up":{"uv":[0.32,0,0,0],"texture":"#0"},"down":{"uv":[0.32,0,0,0],"texture":"#0"}},"rotation":{"origin":[8,0.3,8],"axis":"y","angle":22.5,"rescale":false}},{"from":[7.58016,-0.54,10.11148],"to":[8.42016,1.14,10.11148],"faces":{"north":{"uv":[13.09,1.45,13.41,2.05],"texture":"#0"},"east":{"uv":[0,0,0,0.59],"texture":"#0"},"south":{"uv":[1.82,13.09,2.14,13.68],"texture":"#0"},"west":{"uv":[0,0,0,0.59],"texture":"#0"},"up":{"uv":[0.32,0,0,0],"texture":"#0"},"down":{"uv":[0.32,0,0,0],"texture":"#0"}},"rotation":{"origin":[8,0.3,8],"axis":"y","angle":-22.5,"rescale":false}},{"from":[7.58016,0.16,10.11148],"to":[8.42016,1.84,10.11148],"faces":{"north":{"uv":[12.73,1.45,13.05,2.05],"texture":"#0"},"east":{"uv":[0,0,0,0.59],"texture":"#0"},"south":{"uv":[12.73,2.18,13.05,2.77],"texture":"#0"},"west":{"uv":[0,0,0,0.59],"texture":"#0"},"up":{"uv":[0.32,0,0,0],"texture":"#0"},"down":{"uv":[0.32,0,0,0],"texture":"#0"}}},{"from":[7.58016,0.16,10.11148],"to":[8.42016,1.84,10.11148],"faces":{"north":{"uv":[12.73,4.73,13.05,5.32],"texture":"#0"},"east":{"uv":[0,0,0,0.59],"texture":"#0"},"south":{"uv":[12.73,5.45,13.05,6.05],"texture":"#0"},"west":{"uv":[0,0,0,0.59],"texture":"#0"},"up":{"uv":[0.32,0,0,0],"texture":"#0"},"down":{"uv":[0.32,0,0,0],"texture":"#0"}},"rotation":{"origin":[8,1,8],"axis":"y","angle":45,"rescale":false}},{"from":[7.66673,9.87825,6.98431],"to":[8.16673,10.32825,7.38431],"faces":{"north":{"uv":[14.91,2.18,15.09,2.36],"texture":"#0"},"east":{"uv":[14.91,11.27,15.05,11.45],"texture":"#0"},"south":{"uv":[2.55,14.91,2.73,15.09],"texture":"#0"},"west":{"uv":[11.64,14.91,11.77,15.09],"texture":"#0"},"up":{"uv":[15.09,11.77,14.91,11.64],"texture":"#0"},"down":{"uv":[12.18,14.91,12,15.05],"texture":"#0"}},"rotation":{"origin":[8.41673,9.42825,6.98431],"axis":"z","angle":45,"rescale":false}},{"from":[7.66673,9.87825,8.61569],"to":[8.16673,10.32825,9.01569],"faces":{"north":{"uv":[14.91,6.91,15.09,7.09],"texture":"#0"},"east":{"uv":[14.91,14.55,15.05,14.73],"texture":"#0"},"south":{"uv":[7.27,14.91,7.45,15.09],"texture":"#0"},"west":{"uv":[14.91,14.91,15.05,15.09],"texture":"#0"},"up":{"uv":[0.18,15.41,0,15.27],"texture":"#0"},"down":{"uv":[15.45,0,15.27,0.14],"texture":"#0"}},"rotation":{"origin":[8.41673,9.42825,9.01569],"axis":"z","angle":45,"rescale":false}},{"from":[7.7195,11.64788,9.27],"to":[8.66,12.58838,9.955],"faces":{"north":{"uv":[9.82,7.27,10.18,7.64],"texture":"#0"},"east":{"uv":[11.64,13.82,11.86,14.18],"texture":"#0"},"south":{"uv":[8.73,10.18,9.09,10.55],"texture":"#0"},"west":{"uv":[12,13.82,12.23,14.18],"texture":"#0"},"up":{"uv":[14.18,12.23,13.82,12],"texture":"#0"},"down":{"uv":[12.73,13.82,12.36,14.05],"texture":"#0"}},"rotation":{"origin":[8,12.30788,9.27],"axis":"z","angle":-45,"rescale":false}},{"from":[7.83327,9.87825,6.98431],"to":[8.33327,10.32825,7.38431],"faces":{"north":{"uv":[14.91,2.55,15.09,2.73],"texture":"#0"},"east":{"uv":[14.91,12,15.05,12.18],"texture":"#0"},"south":{"uv":[2.91,14.91,3.09,15.09],"texture":"#0"},"west":{"uv":[12.36,14.91,12.5,15.09],"texture":"#0"},"up":{"uv":[12.91,15.05,12.73,14.91],"texture":"#0"},"down":{"uv":[13.27,14.91,13.09,15.05],"texture":"#0"}},"rotation":{"origin":[7.58327,9.42825,6.98431],"axis":"z","angle":-45,"rescale":false}},{"from":[7.83327,9.87825,8.61569],"to":[8.33327,10.32825,9.01569],"faces":{"north":{"uv":[14.91,6.55,15.09,6.73],"texture":"#0"},"east":{"uv":[14.91,13.82,15.05,14],"texture":"#0"},"south":{"uv":[6.91,14.91,7.09,15.09],"texture":"#0"},"west":{"uv":[14.18,14.91,14.32,15.09],"texture":"#0"},"up":{"uv":[15.09,14.32,14.91,14.18],"texture":"#0"},"down":{"uv":[14.73,14.91,14.55,15.05],"texture":"#0"}},"rotation":{"origin":[7.58327,9.42825,9.01569],"axis":"z","angle":-45,"rescale":false}},{"from":[8,-12.5,6.1],"to":[8,-10,7.3],"faces":{"north":{"uv":[0,0,0,0.91],"texture":"#0"},"east":{"uv":[5.45,10.18,5.91,11.09],"texture":"#0"},"south":{"uv":[0,0,0,0.91],"texture":"#0"},"west":{"uv":[7.27,10.18,7.73,11.09],"texture":"#0"},"up":{"uv":[0,0.45,0,0],"texture":"#0"},"down":{"uv":[0,0,0,0.45],"texture":"#0"}},"rotation":{"origin":[8,-11,8],"axis":"y","angle":45,"rescale":false}},{"from":[8,-12.5,6.1],"to":[8,-10,7.3],"faces":{"north":{"uv":[0,0,0,0.91],"texture":"#0"},"east":{"uv":[10.18,8.36,10.64,9.27],"texture":"#0"},"south":{"uv":[0,0,0,0.91],"texture":"#0"},"west":{"uv":[10.18,9.45,10.64,10.36],"texture":"#0"},"up":{"uv":[0,0.45,0,0],"texture":"#0"},"down":{"uv":[0,0,0,0.45],"texture":"#0"}},"rotation":{"origin":[8,-11,8],"axis":"y","angle":-45,"rescale":false}},{"from":[8,-12.5,8.7],"to":[8,-10,9.9],"faces":{"north":{"uv":[0,0,0,0.91],"texture":"#0"},"east":{"uv":[10.18,7.27,10.64,8.18],"texture":"#0"},"south":{"uv":[0,0,0,0.91],"texture":"#0"},"west":{"uv":[8,10.18,8.45,11.09],"texture":"#0"},"up":{"uv":[0,0.45,0,0],"texture":"#0"},"down":{"uv":[0,0,0,0.45],"texture":"#0"}},"rotation":{"origin":[8,-11,8],"axis":"y","angle":-45,"rescale":false}},{"from":[8,-12.5,8.7],"to":[8,-10,9.9],"faces":{"north":{"uv":[0,0,0,0.91],"texture":"#0"},"east":{"uv":[1.09,10.55,1.55,11.45],"texture":"#0"},"south":{"uv":[0,0,0,0.91],"texture":"#0"},"west":{"uv":[1.82,10.55,2.27,11.45],"texture":"#0"},"up":{"uv":[0,0.45,0,0],"texture":"#0"},"down":{"uv":[0,0,0,0.45],"texture":"#0"}},"rotation":{"origin":[8,-11,8],"axis":"y","angle":45,"rescale":false}},{"from":[8,-5.1,4],"to":[8,-1.1,8],"faces":{"north":{"uv":[0,0,0,4],"texture":"#None"},"east":{"uv":[7.38,7.5,3.38,11.5],"texture":"#1"},"south":{"uv":[0,0,0,4],"texture":"#None"},"west":{"uv":[3.38,7.5,7.38,11.5],"texture":"#1"},"up":{"uv":[0,0,0,4],"texture":"#None"},"down":{"uv":[0,0,0,4],"texture":"#None"}},"rotation":{"origin":[8,-3.1,8],"axis":"y","angle":-45,"rescale":false}},{"from":[8,-5.1,8],"to":[8,-1.1,12],"faces":{"north":{"uv":[0,0,0,4],"texture":"#None"},"east":{"uv":[3.38,7.5,7.38,11.5],"texture":"#1"},"south":{"uv":[0,0,0,4],"texture":"#None"},"west":{"uv":[7.38,7.5,3.38,11.5],"texture":"#1"},"up":{"uv":[0,4,0,0],"texture":"#None"},"down":{"uv":[0,4,0,0],"texture":"#None"}},"rotation":{"origin":[8,-3.1,8],"axis":"y","angle":-45,"rescale":false}},{"from":[8,-5.1,8],"to":[12,-1.1,8],"faces":{"north":{"uv":[3.38,7.5,7.38,11.5],"texture":"#1"},"east":{"uv":[0,0,0,4],"texture":"#None"},"south":{"uv":[7.38,7.5,3.38,11.5],"texture":"#1"},"west":{"uv":[0,0,0,4],"texture":"#None"},"up":{"uv":[0,4,0,0],"texture":"#None","rotation":270},"down":{"uv":[0,4,0,0],"texture":"#None","rotation":90}},"rotation":{"origin":[8,-3.1,8],"axis":"y","angle":-45,"rescale":false}},{"from":[8,0.8,4],"to":[8,4.8,8],"faces":{"north":{"uv":[0,4,0,0],"texture":"#None"},"east":{"uv":[7.38,11.5,3.38,7.5],"texture":"#1"},"south":{"uv":[0,4,0,0],"texture":"#None"},"west":{"uv":[3.38,11.5,7.38,7.5],"texture":"#1"},"up":{"uv":[0,4,0,0],"texture":"#None"},"down":{"uv":[0,4,0,0],"texture":"#None"}},"rotation":{"origin":[8,2.8,8],"axis":"y","angle":-45,"rescale":false}},{"from":[8,0.8,8],"to":[8,4.8,12],"faces":{"north":{"uv":[0,4,0,0],"texture":"#None"},"east":{"uv":[3.38,11.5,7.38,7.5],"texture":"#1"},"south":{"uv":[0,4,0,0],"texture":"#None"},"west":{"uv":[7.38,11.5,3.38,7.5],"texture":"#1"},"up":{"uv":[0,0,0,4],"texture":"#None"},"down":{"uv":[0,0,0,4],"texture":"#None"}},"rotation":{"origin":[8,2.8,8],"axis":"y","angle":-45,"rescale":false}},{"from":[8,0.8,8],"to":[12,4.8,8],"faces":{"north":{"uv":[3.38,11.5,7.38,7.5],"texture":"#1"},"east":{"uv":[0,4,0,0],"texture":"#None"},"south":{"uv":[7.38,11.5,3.38,7.5],"texture":"#1"},"west":{"uv":[0,4,0,0],"texture":"#None"},"up":{"uv":[0,4,0,0],"texture":"#None","rotation":90},"down":{"uv":[0,4,0,0],"texture":"#None","rotation":270}},"rotation":{"origin":[8,2.8,8],"axis":"y","angle":-45,"rescale":false}},{"from":[8,4.4,6.1],"to":[8,6.9,7.3],"faces":{"north":{"uv":[0,0,0,0.91],"texture":"#0"},"east":{"uv":[4.73,10.55,5.18,11.45],"texture":"#0"},"south":{"uv":[0,0,0,0.91],"texture":"#0"},"west":{"uv":[8.73,10.55,9.18,11.45],"texture":"#0"},"up":{"uv":[0,0.45,0,0],"texture":"#0"},"down":{"uv":[0,0,0,0.45],"texture":"#0"}},"rotation":{"origin":[8,5.4,8],"axis":"y","angle":-45,"rescale":false}},{"from":[8,4.4,6.1],"to":[8,6.9,7.3],"faces":{"north":{"uv":[0,0,0,0.91],"texture":"#0"},"east":{"uv":[9.45,10.55,9.91,11.45],"texture":"#0"},"south":{"uv":[0,0,0,0.91],"texture":"#0"},"west":{"uv":[10.18,10.55,10.64,11.45],"texture":"#0"},"up":{"uv":[0,0.45,0,0],"texture":"#0"},"down":{"uv":[0,0,0,0.45],"texture":"#0"}},"rotation":{"origin":[8,5.4,8],"axis":"y","angle":45,"rescale":false}},{"from":[8,4.4,8.7],"to":[8,6.9,9.9],"faces":{"north":{"uv":[0,0,0,0.91],"texture":"#0"},"east":{"uv":[2.55,10.55,3,11.45],"texture":"#0"},"south":{"uv":[0,0,0,0.91],"texture":"#0"},"west":{"uv":[3.27,10.55,3.73,11.45],"texture":"#0"},"up":{"uv":[0,0.45,0,0],"texture":"#0"},"down":{"uv":[0,0,0,0.45],"texture":"#0"}},"rotation":{"origin":[8,5.4,8],"axis":"y","angle":45,"rescale":false}},{"from":[8,4.4,8.7],"to":[8,6.9,9.9],"faces":{"north":{"uv":[0,0,0,0.91],"texture":"#0"},"east":{"uv":[0,10.91,0.45,11.82],"texture":"#0"},"south":{"uv":[0,0,0,0.91],"texture":"#0"},"west":{"uv":[10.91,0,11.36,0.91],"texture":"#0"},"up":{"uv":[0,0.45,0,0],"texture":"#0"},"down":{"uv":[0,0,0,0.45],"texture":"#0"}},"rotation":{"origin":[8,5.4,8],"axis":"y","angle":-45,"rescale":false}},{"from":[8,11.8,4.5],"to":[8,18.8,11.5],"faces":{"north":{"uv":[0,0,0,3.2],"texture":"#None"},"east":{"uv":[7,0,0,7],"texture":"#1"},"south":{"uv":[0,0,0,3.2],"texture":"#None"},"west":{"uv":[0,0,7,7],"texture":"#1"},"up":{"uv":[0,0,0,3.2],"texture":"#None"},"down":{"uv":[0,0,0,3.2],"texture":"#None"}},"rotation":{"origin":[8,15.3,8],"axis":"y","angle":-45,"rescale":false}},{"from":[8,11.8,4.5],"to":[8,18.8,11.5],"faces":{"north":{"uv":[0,0,0,3.2],"texture":"#None"},"east":{"uv":[7,0,0,7],"texture":"#1"},"south":{"uv":[0,0,0,3.2],"texture":"#None"},"west":{"uv":[0,0,7,7],"texture":"#1"},"up":{"uv":[0,0,0,3.2],"texture":"#None"},"down":{"uv":[0,0,0,3.2],"texture":"#None"}},"rotation":{"origin":[8,15.3,8],"axis":"y","angle":45,"rescale":false}},{"from":[8.65,7.5,7.7],"to":[9,8.9,8.3],"faces":{"north":{"uv":[10.55,14.18,10.68,14.68],"texture":"#0"},"east":{"uv":[10.91,13.45,11.14,13.95],"texture":"#0"},"south":{"uv":[10.91,14.18,11.05,14.68],"texture":"#0"},"west":{"uv":[11.27,13.45,11.5,13.95],"texture":"#0"},"up":{"uv":[15.05,8.59,14.91,8.36],"texture":"#0"},"down":{"uv":[8.86,14.91,8.73,15.14],"texture":"#0"}}},{"from":[8.65,8.9,7],"to":[9,9.35,9],"faces":{"north":{"uv":[2.18,15.27,2.32,15.45],"texture":"#0"},"east":{"uv":[13.45,2.18,14.18,2.36],"texture":"#0"},"south":{"uv":[15.27,2.18,15.41,2.36],"texture":"#0"},"west":{"uv":[13.45,2.55,14.18,2.73],"texture":"#0"},"up":{"uv":[2.32,14.55,2.18,13.82],"texture":"#0"},"down":{"uv":[2.68,13.82,2.55,14.55],"texture":"#0"}}},{"from":[8.65,9.35,7.5],"to":[9,10.15,7.8],"faces":{"north":{"uv":[14.91,1.45,15.05,1.73],"texture":"#0"},"east":{"uv":[1.45,15.27,1.55,15.55],"texture":"#0"},"south":{"uv":[1.82,14.91,1.95,15.18],"texture":"#0"},"west":{"uv":[15.27,1.45,15.36,1.73],"texture":"#0"},"up":{"uv":[7.05,15.36,6.91,15.27],"texture":"#0"},"down":{"uv":[15.41,6.91,15.27,7],"texture":"#0"}}},{"from":[8.65,9.35,8.2],"to":[9,10.15,8.5],"faces":{"north":{"uv":[14.91,1.82,15.05,2.09],"texture":"#0"},"east":{"uv":[1.82,15.27,1.91,15.55],"texture":"#0"},"south":{"uv":[2.18,14.91,2.32,15.18],"texture":"#0"},"west":{"uv":[15.27,1.82,15.36,2.09],"texture":"#0"},"up":{"uv":[7.41,15.36,7.27,15.27],"texture":"#0"},"down":{"uv":[15.41,7.27,15.27,7.36],"texture":"#0"}}},{"from":[8.65,9.75,7.8],"to":[9,10.15,8.2],"faces":{"north":{"uv":[4.36,15.27,4.5,15.41],"texture":"#0"},"east":{"uv":[15.27,4.36,15.41,4.5],"texture":"#0"},"south":{"uv":[4.73,15.27,4.86,15.41],"texture":"#0"},"west":{"uv":[15.27,4.73,15.41,4.86],"texture":"#0"},"up":{"uv":[5.23,15.41,5.09,15.27],"texture":"#0"},"down":{"uv":[15.41,5.09,15.27,5.23],"texture":"#0"}}},{"from":[8.66,11.64388,9.27],"to":[9.08,13.56388,9.83],"faces":{"north":{"uv":[8.36,13.82,8.5,14.5],"texture":"#0"},"east":{"uv":[4.36,13.45,4.55,14.14],"texture":"#0"},"south":{"uv":[13.82,8.36,13.95,9.05],"texture":"#0"},"west":{"uv":[4.73,13.45,4.91,14.14],"texture":"#0"},"up":{"uv":[15.05,13.64,14.91,13.45],"texture":"#0"},"down":{"uv":[13.95,14.91,13.82,15.09],"texture":"#0"}}},{"from":[8.69811,-2.27593,7.25],"to":[9.19811,-1.37593,8.75],"faces":{"north":{"uv":[8,14.55,8.18,14.86],"texture":"#0"},"east":{"uv":[5.45,13.09,6,13.41],"texture":"#0"},"south":{"uv":[8.36,14.55,8.55,14.86],"texture":"#0"},"west":{"uv":[13.09,5.45,13.64,5.77],"texture":"#0"},"up":{"uv":[5.64,14.36,5.45,13.82],"texture":"#0"},"down":{"uv":[6,13.82,5.82,14.36],"texture":"#0"}},"rotation":{"origin":[8,-1.43321,8],"axis":"z","angle":22.5,"rescale":false}},{"from":[8.69811,2.47593,7.25],"to":[9.19811,3.37593,8.75],"faces":{"north":{"uv":[6.91,14.55,7.09,14.86],"texture":"#0"},"east":{"uv":[13.09,4.36,13.64,4.68],"texture":"#0"},"south":{"uv":[7.27,14.55,7.45,14.86],"texture":"#0"},"west":{"uv":[4.73,13.09,5.27,13.41],"texture":"#0"},"up":{"uv":[3.82,14.36,3.64,13.82],"texture":"#0"},"down":{"uv":[14,4.36,13.82,4.91],"texture":"#0"}},"rotation":{"origin":[8,2.53321,8],"axis":"z","angle":-22.5,"rescale":false}},{"from":[8.725,4.00452,8.10602],"to":[8.725,4.35252,8.22202],"faces":{"north":{"uv":[0,0,0,0.14],"texture":"#0"},"east":{"uv":[10.18,15.27,10.23,15.41],"texture":"#0"},"south":{"uv":[0,0,0,0.14],"texture":"#0"},"west":{"uv":[15.27,10.18,15.32,10.32],"texture":"#0"},"up":{"uv":[0,0.05,0,0],"texture":"#0"},"down":{"uv":[0,0,0,0.05],"texture":"#0"}}},{"from":[8.725,4.00452,8.20752],"to":[8.725,4.12052,8.33802],"faces":{"north":{"uv":[0,0,0,0.05],"texture":"#0"},"east":{"uv":[15.64,1.45,15.68,1.5],"texture":"#0"},"south":{"uv":[0,0,0,0.05],"texture":"#0"},"west":{"uv":[1.82,15.64,1.86,15.68],"texture":"#0"},"up":{"uv":[0,0.05,0,0],"texture":"#0"},"down":{"uv":[0,0,0,0.05],"texture":"#0"}}},{"from":[8.725,4.06252,7.93202],"to":[8.725,4.35252,8.04802],"faces":{"north":{"uv":[0,0,0,0.09],"texture":"#0"},"east":{"uv":[14.55,15.27,14.59,15.36],"texture":"#0"},"south":{"uv":[0,0,0,0.09],"texture":"#0"},"west":{"uv":[15.27,14.55,15.32,14.64],"texture":"#0"},"up":{"uv":[0,0.05,0,0],"texture":"#0"},"down":{"uv":[0,0,0,0.05],"texture":"#0"}}},{"from":[8.725,4.32352,7.77252],"to":[8.725,4.43952,8.32352],"faces":{"north":{"uv":[0,0,0,0.05],"texture":"#0"},"east":{"uv":[8.36,15.27,8.55,15.32],"texture":"#0"},"south":{"uv":[0,0,0,0.05],"texture":"#0"},"west":{"uv":[15.27,8.36,15.45,8.41],"texture":"#0"},"up":{"uv":[0,0.18,0,0],"texture":"#0"},"down":{"uv":[0,0,0,0.18],"texture":"#0"}}},{"from":[8.725,4.41155,8.25909],"to":[8.725,4.52755,8.52009],"faces":{"north":{"uv":[0,0,0,0.05],"texture":"#0"},"east":{"uv":[14.91,15.27,15,15.32],"texture":"#0"},"south":{"uv":[0,0,0,0.05],"texture":"#0"},"west":{"uv":[15.27,14.91,15.36,14.95],"texture":"#0"},"up":{"uv":[0,0.09,0,0],"texture":"#0"},"down":{"uv":[0,0,0,0.09],"texture":"#0"}},"rotation":{"origin":[8.725,4.44055,8.40409],"axis":"x","angle":-45,"rescale":false}},{"from":[8.725,4.50516,7.85806],"to":[8.725,4.70816,8.00306],"faces":{"north":{"uv":[0,0,0,0.09],"texture":"#0"},"east":{"uv":[15.64,0,15.68,0.09],"texture":"#0"},"south":{"uv":[0,0,0,0.09],"texture":"#0"},"west":{"uv":[0.36,15.64,0.41,15.73],"texture":"#0"},"up":{"uv":[0,0.05,0,0],"texture":"#0"},"down":{"uv":[0,0,0,0.05],"texture":"#0"}}},{"from":[8.725,4.50516,7.98856],"to":[8.725,4.60666,8.14806],"faces":{"north":{"uv":[0,0,0,0.05],"texture":"#0"},"east":{"uv":[15.64,1.82,15.68,1.86],"texture":"#0"},"south":{"uv":[0,0,0,0.05],"texture":"#0"},"west":{"uv":[2.18,15.64,2.23,15.68],"texture":"#0"},"up":{"uv":[0,0.05,0,0],"texture":"#0"},"down":{"uv":[0,0,0,0.05],"texture":"#0"}}},{"from":[8.725,4.50516,8.13356],"to":[8.725,4.70816,8.27856],"faces":{"north":{"uv":[0,0,0,0.09],"texture":"#0"},"east":{"uv":[15.27,15.27,15.32,15.36],"texture":"#0"},"south":{"uv":[0,0,0,0.09],"texture":"#0"},"west":{"uv":[0,15.64,0.05,15.73],"texture":"#0"},"up":{"uv":[0,0.05,0,0],"texture":"#0"},"down":{"uv":[0,0,0,0.05],"texture":"#0"}}},{"from":[8.725,4.51408,8.44862],"to":[8.725,4.86208,8.56462],"faces":{"north":{"uv":[0,0,0,0.14],"texture":"#0"},"east":{"uv":[10.55,15.27,10.59,15.41],"texture":"#0"},"south":{"uv":[0,0,0,0.14],"texture":"#0"},"west":{"uv":[15.27,10.55,15.32,10.68],"texture":"#0"},"up":{"uv":[0,0.05,0,0],"texture":"#0"},"down":{"uv":[0,0,0,0.05],"texture":"#0"}},"rotation":{"origin":[8.725,4.54308,8.50662],"axis":"x","angle":-45,"rescale":false}},{"from":[8.725,4.5321,7.61697],"to":[8.725,4.6481,7.90697],"faces":{"north":{"uv":[0,0,0,0.05],"texture":"#0"},"east":{"uv":[14.18,15.27,14.27,15.32],"texture":"#0"},"south":{"uv":[0,0,0,0.05],"texture":"#0"},"west":{"uv":[15.27,14.18,15.36,14.23],"texture":"#0"},"up":{"uv":[0,0.09,0,0],"texture":"#0"},"down":{"uv":[0,0,0,0.09],"texture":"#0"}},"rotation":{"origin":[8.725,4.5901,7.58797],"axis":"x","angle":45,"rescale":false}},{"from":[8.725,4.57705,8.26964],"to":[8.725,4.69305,8.50164],"faces":{"north":{"uv":[0,0,0,0.05],"texture":"#0"},"east":{"uv":[15.64,0.36,15.73,0.41],"texture":"#0"},"south":{"uv":[0,0,0,0.05],"texture":"#0"},"west":{"uv":[0.73,15.64,0.82,15.68],"texture":"#0"},"up":{"uv":[0,0.09,0,0],"texture":"#0"},"down":{"uv":[0,0,0,0.09],"texture":"#0"}},"rotation":{"origin":[8.725,4.63505,8.70464],"axis":"x","angle":45,"rescale":false}},{"from":[8.725,4.69366,7.85806],"to":[8.725,4.80966,8.32206],"faces":{"north":{"uv":[0,0,0,0.05],"texture":"#0"},"east":{"uv":[8.73,15.27,8.91,15.32],"texture":"#0"},"south":{"uv":[0,0,0,0.05],"texture":"#0"},"west":{"uv":[15.27,8.73,15.45,8.77],"texture":"#0"},"up":{"uv":[0,0.18,0,0],"texture":"#0"},"down":{"uv":[0,0,0,0.18],"texture":"#0"}}},{"from":[8.725,4.73716,7.55356],"to":[8.725,4.85316,7.88706],"faces":{"north":{"uv":[0,0,0,0.05],"texture":"#0"},"east":{"uv":[10.91,15.27,11.05,15.32],"texture":"#0"},"south":{"uv":[0,0,0,0.05],"texture":"#0"},"west":{"uv":[15.27,10.91,15.41,10.95],"texture":"#0"},"up":{"uv":[0,0.14,0,0],"texture":"#0"},"down":{"uv":[0,0,0,0.14],"texture":"#0"}},"rotation":{"origin":[8.725,4.79516,7.91606],"axis":"x","angle":-45,"rescale":false}},{"from":[8.725,4.7411,7.55253],"to":[8.725,4.8571,7.84253],"faces":{"north":{"uv":[0,0,0,0.05],"texture":"#0"},"east":{"uv":[13.82,15.27,13.91,15.32],"texture":"#0"},"south":{"uv":[0,0,0,0.05],"texture":"#0"},"west":{"uv":[15.27,13.82,15.36,13.86],"texture":"#0"},"up":{"uv":[0,0.09,0,0],"texture":"#0"},"down":{"uv":[0,0,0,0.09],"texture":"#0"}},"rotation":{"origin":[8.725,4.7991,7.63953],"axis":"x","angle":-45,"rescale":false}},{"from":[8.725,4.86766,7.74206],"to":[8.725,4.98366,8.43806],"faces":{"north":{"uv":[0,0,0,0.05],"texture":"#0"},"east":{"uv":[5.82,15.27,6.09,15.32],"texture":"#0"},"south":{"uv":[0,0,0,0.05],"texture":"#0"},"west":{"uv":[15.27,5.82,15.55,5.86],"texture":"#0"},"up":{"uv":[0,0.27,0,0],"texture":"#0"},"down":{"uv":[0,0,0,0.27],"texture":"#0"}}},{"from":[8.75,-12.75,7.75],"to":[9.25,-11.75,8.25],"faces":{"north":{"uv":[12.73,14.18,12.91,14.55],"texture":"#0"},"east":{"uv":[13.09,14.18,13.27,14.55],"texture":"#0"},"south":{"uv":[14.18,13.45,14.36,13.82],"texture":"#0"},"west":{"uv":[13.82,14.18,14,14.55],"texture":"#0"},"up":{"uv":[15.09,3.82,14.91,3.64],"texture":"#0"},"down":{"uv":[4.18,14.91,4,15.09],"texture":"#0"}},"rotation":{"origin":[8,-12,8],"axis":"y","angle":-45,"rescale":false}},{"from":[8.75,-12.75,7.75],"to":[9.25,-11.75,8.25],"faces":{"north":{"uv":[14.18,13.82,14.36,14.18],"texture":"#0"},"east":{"uv":[14.18,14.18,14.36,14.55],"texture":"#0"},"south":{"uv":[0,14.55,0.18,14.91],"texture":"#0"},"west":{"uv":[0.36,14.55,0.55,14.91],"texture":"#0"},"up":{"uv":[15.09,4.18,14.91,4],"texture":"#0"},"down":{"uv":[15.09,4.36,14.91,4.55],"texture":"#0"}},"rotation":{"origin":[8,-12,8],"axis":"y","angle":45,"rescale":false}},{"from":[8.75,6.15,7.75],"to":[9.25,7.15,8.25],"faces":{"north":{"uv":[1.82,14.55,2,14.91],"texture":"#0"},"east":{"uv":[14.55,1.82,14.73,2.18],"texture":"#0"},"south":{"uv":[2.18,14.55,2.36,14.91],"texture":"#0"},"west":{"uv":[14.55,2.18,14.73,2.55],"texture":"#0"},"up":{"uv":[15.09,5.27,14.91,5.09],"texture":"#0"},"down":{"uv":[15.09,5.45,14.91,5.64],"texture":"#0"}},"rotation":{"origin":[8,6.4,8],"axis":"y","angle":45,"rescale":false}},{"from":[8.75,6.15,7.75],"to":[9.25,7.15,8.25],"faces":{"north":{"uv":[0.73,14.55,0.91,14.91],"texture":"#0"},"east":{"uv":[1.09,14.55,1.27,14.91],"texture":"#0"},"south":{"uv":[1.45,14.55,1.64,14.91],"texture":"#0"},"west":{"uv":[14.55,1.45,14.73,1.82],"texture":"#0"},"up":{"uv":[4.91,15.09,4.73,14.91],"texture":"#0"},"down":{"uv":[15.09,4.73,14.91,4.91],"texture":"#0"}},"rotation":{"origin":[8,6.4,8],"axis":"y","angle":-45,"rescale":false}},{"from":[8.75576,13.375,9.28003],"to":[8.75576,16.575,10.08003],"faces":{"north":{"uv":[0,0,0,1.18],"texture":"#0"},"east":{"uv":[1.09,11.64,1.36,12.82],"texture":"#0"},"south":{"uv":[0,0,0,1.18],"texture":"#0"},"west":{"uv":[1.45,11.64,1.73,12.82],"texture":"#0"},"up":{"uv":[0,0.27,0,0],"texture":"#0"},"down":{"uv":[0,0,0,0.27],"texture":"#0"}},"rotation":{"origin":[8.75576,14.975,9.68003],"axis":"y","angle":-22.5,"rescale":false}},{"from":[8.8,-9.4,7.5],"to":[8.8,-3.4,10],"faces":{"north":{"uv":[0,0,0,2.18],"texture":"#0"},"east":{"uv":[0,2.18,0.91,4.36],"texture":"#0"},"south":{"uv":[0,0,0,2.18],"texture":"#0"},"west":{"uv":[2.18,0,3.09,2.18],"texture":"#0"},"up":{"uv":[0,0.91,0,0],"texture":"#0"},"down":{"uv":[0,0,0,0.91],"texture":"#0"}}},{"from":[8.844,11.22179,7.556],"to":[9.032,12.09979,8.444],"faces":{"north":{"uv":[14.91,10.18,15,10.5],"texture":"#0"},"east":{"uv":[12,8.73,12.32,9.05],"texture":"#0"},"south":{"uv":[10.55,14.91,10.64,15.23],"texture":"#0"},"west":{"uv":[13.09,13.45,13.41,13.77],"texture":"#0"},"up":{"uv":[11,15.23,10.91,14.91],"texture":"#0"},"down":{"uv":[11.36,14.91,11.27,15.23],"texture":"#0"}},"rotation":{"origin":[9.688,11.66079,8],"axis":"x","angle":45,"rescale":false}},{"from":[8.875,8.40509,6.3422],"to":[9.375,9.65509,7.5922],"faces":{"north":{"uv":[9.82,13.82,10,14.27],"texture":"#0"},"east":{"uv":[5.45,12.36,5.91,12.82],"texture":"#0"},"south":{"uv":[13.82,9.82,14,10.27],"texture":"#0"},"west":{"uv":[6.18,12.36,6.64,12.82],"texture":"#0"},"up":{"uv":[14,11,13.82,10.55],"texture":"#0"},"down":{"uv":[14,11.27,13.82,11.73],"texture":"#0"}},"rotation":{"origin":[9.3,9.05,6.8],"axis":"x","angle":22.5,"rescale":false}},{"from":[9.1,10.1,7],"to":[9.1,13.1,10],"faces":{"north":{"uv":[0,0,0,3.2],"texture":"#None"},"east":{"uv":[3,7.12,0,10.12],"texture":"#1"},"south":{"uv":[0,0,0,3.2],"texture":"#None"},"west":{"uv":[0,10.38,3,13.38],"texture":"#1"},"up":{"uv":[0,0,0,3.2],"texture":"#None"},"down":{"uv":[0,0,0,3.2],"texture":"#None"}}},{"from":[9.1,14.9,4.5],"to":[9.1,16.3,7.5],"faces":{"north":{"uv":[0,0,0,0.5],"texture":"#0"},"east":{"uv":[2.55,9.09,3.64,9.59],"texture":"#0"},"south":{"uv":[0,0,0,0.5],"texture":"#0"},"west":{"uv":[9.09,2.55,10.18,3.05],"texture":"#0"},"up":{"uv":[0,1.09,0,0],"texture":"#0"},"down":{"uv":[0,0,0,1.09],"texture":"#0"}},"rotation":{"origin":[8.1,15.9,5.6],"axis":"x","angle":-22.5,"rescale":false}},{"from":[9.225,4.85252,5.32689],"to":[9.225,9.00252,7.47689],"faces":{"north":{"uv":[0,0,0,1.5],"texture":"#0"},"east":{"uv":[6.55,5.45,7.32,6.95],"texture":"#0"},"south":{"uv":[0,0,0,1.5],"texture":"#0"},"west":{"uv":[1.82,6.91,2.59,8.41],"texture":"#0"},"up":{"uv":[0,0.77,0,0],"texture":"#0"},"down":{"uv":[0,0,0,0.77],"texture":"#0"}}},{"from":[9.225,9.09748,6.12311],"to":[9.225,13.24748,8.27311],"faces":{"north":{"uv":[0,0,0,1.5],"texture":"#0"},"east":{"uv":[6.55,1.82,7.32,3.32],"texture":"#0"},"south":{"uv":[0,0,0,1.5],"texture":"#0"},"west":{"uv":[6.55,3.64,7.32,5.14],"texture":"#0"},"up":{"uv":[0,0.77,0,0],"texture":"#0"},"down":{"uv":[0,0,0,0.77],"texture":"#0"}}},{"from":[9.25,8.31987,5.42085],"to":[9.25,9.56987,6.67085],"faces":{"north":{"uv":[0,0,0,0.45],"texture":"#0"},"east":{"uv":[12.36,4,12.82,4.45],"texture":"#0"},"south":{"uv":[0,0,0,0.45],"texture":"#0"},"west":{"uv":[4.73,12.36,5.18,12.82],"texture":"#0"},"up":{"uv":[0,0.45,0,0],"texture":"#0"},"down":{"uv":[0,0,0,0.45],"texture":"#0"}},"rotation":{"origin":[9.3,9.05,6.8],"axis":"x","angle":-22.5,"rescale":false}},{"from":[9.25,8.53013,6.92915],"to":[9.25,9.78013,8.17915],"faces":{"north":{"uv":[0,0,0,0.45],"texture":"#0"},"east":{"uv":[12.36,3.27,12.82,3.73],"texture":"#0"},"south":{"uv":[0,0,0,0.45],"texture":"#0"},"west":{"uv":[4,12.36,4.45,12.82],"texture":"#0"},"up":{"uv":[0,0.45,0,0],"texture":"#0"},"down":{"uv":[0,0,0,0.45],"texture":"#0"}},"rotation":{"origin":[9.3,9.05,6.8],"axis":"x","angle":-22.5,"rescale":false}},{"from":[9.4,11.17412,6.33341],"to":[11.65,13.57412,6.33341],"faces":{"north":{"uv":[7.64,5.45,8.45,6.32],"texture":"#0"},"east":{"uv":[0,0,0,0.86],"texture":"#0"},"south":{"uv":[0.36,8,1.18,8.86],"texture":"#0"},"west":{"uv":[0,0,0,0.86],"texture":"#0"},"up":{"uv":[0.82,0,0,0],"texture":"#0"},"down":{"uv":[0.82,0,0,0],"texture":"#0"}}},{"from":[9.4,13.42768,6.68696],"to":[11.65,14.92768,6.68696],"faces":{"north":{"uv":[2.55,9.82,3.36,10.36],"texture":"#0"},"east":{"uv":[0,0,0,0.55],"texture":"#0"},"south":{"uv":[9.82,3.27,10.64,3.82],"texture":"#0"},"west":{"uv":[0,0,0,0.55],"texture":"#0"},"up":{"uv":[0.82,0,0,0],"texture":"#0"},"down":{"uv":[0.82,0,0,0],"texture":"#0"}},"rotation":{"origin":[10.4,13.92768,6.68696],"axis":"x","angle":45,"rescale":false}},{"from":[9.4,14.57356,7.7],"to":[11.65,16.37356,7.7],"faces":{"north":{"uv":[9.09,7.64,9.91,8.27],"texture":"#0"},"east":{"uv":[0,0,0,0.64],"texture":"#0"},"south":{"uv":[9.09,8.36,9.91,9],"texture":"#0"},"west":{"uv":[0,0,0,0.64],"texture":"#0"},"up":{"uv":[0.82,0,0,0],"texture":"#0"},"down":{"uv":[0.82,0,0,0],"texture":"#0"}},"rotation":{"origin":[10.4,15.37356,7.7],"axis":"x","angle":22.5,"rescale":false}},{"from":[9.4,16.22132,7.7],"to":[11.65,18.47132,7.7],"faces":{"north":{"uv":[8,7.64,8.82,8.45],"texture":"#0"},"east":{"uv":[0,0,0,0.82],"texture":"#0"},"south":{"uv":[6.55,8.36,7.36,9.18],"texture":"#0"},"west":{"uv":[0,0,0,0.82],"texture":"#0"},"up":{"uv":[0.82,0,0,0],"texture":"#0"},"down":{"uv":[0.82,0,0,0],"texture":"#0"}},"rotation":{"origin":[10.4,17.22132,7.7],"axis":"x","angle":-22.5,"rescale":false}},{"from":[9.475,8.15509,6.0922],"to":[9.475,9.90509,7.8422],"faces":{"north":{"uv":[0,0,0,0.64],"texture":"#0"},"east":{"uv":[6.18,10.91,6.82,11.55],"texture":"#0"},"south":{"uv":[0,0,0,0.64],"texture":"#0"},"west":{"uv":[10.91,6.55,11.55,7.18],"texture":"#0"},"up":{"uv":[0,0.64,0,0],"texture":"#0"},"down":{"uv":[0,0,0,0.64],"texture":"#0"}},"rotation":{"origin":[9.3,9.05,6.8],"axis":"x","angle":22.5,"rescale":false}},{"from":[9.725,16.65771,5.90985],"to":[9.725,20.15771,7.30985],"faces":{"north":{"uv":[0,0,0,1.27],"texture":"#0"},"east":{"uv":[8.36,8.73,8.86,10],"texture":"#0"},"south":{"uv":[0,0,0,1.27],"texture":"#0"},"west":{"uv":[9.09,0,9.59,1.27],"texture":"#0"},"up":{"uv":[0,0.5,0,0],"texture":"#0"},"down":{"uv":[0,0,0,0.5],"texture":"#0"}},"rotation":{"origin":[7.825,18.40771,6.60985],"axis":"x","angle":45,"rescale":false}},{"from":[10.11148,-0.54,7.57984],"to":[10.11148,1.14,8.41984],"faces":{"north":{"uv":[0,0,0,0.59],"texture":"#0"},"east":{"uv":[12.73,12.73,13.05,13.32],"texture":"#0"},"south":{"uv":[0,0,0,0.59],"texture":"#0"},"west":{"uv":[0,13.09,0.32,13.68],"texture":"#0"},"up":{"uv":[0,0.32,0,0],"texture":"#0"},"down":{"uv":[0,0,0,0.32],"texture":"#0"}},"rotation":{"origin":[8,0.3,8],"axis":"y","angle":22.5,"rescale":false}},{"from":[10.11148,-0.54,7.57984],"to":[10.11148,1.14,8.41984],"faces":{"north":{"uv":[0,0,0,0.59],"texture":"#0"},"east":{"uv":[0.36,13.09,0.68,13.68],"texture":"#0"},"south":{"uv":[0,0,0,0.59],"texture":"#0"},"west":{"uv":[13.09,0.73,13.41,1.32],"texture":"#0"},"up":{"uv":[0,0.32,0,0],"texture":"#0"},"down":{"uv":[0,0,0,0.32],"texture":"#0"}},"rotation":{"origin":[8,0.3,8],"axis":"y","angle":-22.5,"rescale":false}},{"from":[10.11148,0.16,7.57984],"to":[10.11148,1.84,8.41984],"faces":{"north":{"uv":[0,0,0,0.59],"texture":"#0"},"east":{"uv":[6.91,12.73,7.23,13.32],"texture":"#0"},"south":{"uv":[0,0,0,0.59],"texture":"#0"},"west":{"uv":[7.27,12.73,7.59,13.32],"texture":"#0"},"up":{"uv":[0,0.32,0,0],"texture":"#0"},"down":{"uv":[0,0,0,0.32],"texture":"#0"}}},{"from":[10.11148,0.16,7.57984],"to":[10.11148,1.84,8.41984],"faces":{"north":{"uv":[0,0,0,0.59],"texture":"#0"},"east":{"uv":[7.64,12.73,7.95,13.32],"texture":"#0"},"south":{"uv":[0,0,0,0.59],"texture":"#0"},"west":{"uv":[8,12.73,8.32,13.32],"texture":"#0"},"up":{"uv":[0,0.32,0,0],"texture":"#0"},"down":{"uv":[0,0,0,0.32],"texture":"#0"}},"rotation":{"origin":[8,1,8],"axis":"y","angle":45,"rescale":false}}],"display":{"thirdperson_righthand":{"rotation":[47.5,0,0],"translation":[0,7.75,10.25],"scale":[1.13,1.13,1.13]},"thirdperson_lefthand":{"rotation":[47.5,0,0],"translation":[0,7.75,10.25],"scale":[1.13,1.13,1.13]},"firstperson_righthand":{"rotation":[2,0,0],"translation":[-1,4.75,2.75],"scale":[0.64,0.64,0.64]},"firstperson_lefthand":{"rotation":[2,0,0],"translation":[-1,4.75,2.75],"scale":[0.64,0.64,0.64]},"ground":{"rotation":[-45,0,0],"translation":[-1.5,3,0],"scale":[0.45,0.45,0.45]},"gui":{"rotation":[86.23,47,-69.31],"translation":[2.5,3.25,0],"scale":[0.7,0.7,0.7]},"head":{"rotation":[-4.25,0,0],"translation":[0,16.75,0],"scale":[0,0,0]},"fixed":{"rotation":[0,-90,0],"translation":[0,5.25,-1.5],"scale":[0.69,0.69,0.69]}},"gui_light":"front","mcmodels":"4657fff084f261ee7d860dbbfffed9a5"}