{
	"credit": "Made by PolygonMC",
	"texture_size": [32, 32],
	"textures": {
		"1": "littlepandaset:axe",
		"particle": "littlepandaset:axe"
	},
	"elements": [
		{
			"from": [7.5, 1, 7.5],
			"to": [8.5, 2, 8.5],
			"rotation": {"angle": 0, "axis": "y", "origin": [6.5, 0, 7.5]},
			"faces": {
				"north": {"uv": [7, 3.5, 7.5, 4], "texture": "#1"},
				"east": {"uv": [1, 9, 1.5, 9.5], "texture": "#1"},
				"south": {"uv": [9.5, 3, 10, 3.5], "texture": "#1"},
				"west": {"uv": [11.5, 3.5, 12, 4], "texture": "#1"},
				"up": {"uv": [8, 12, 7.5, 11.5], "texture": "#1"},
				"down": {"uv": [8.5, 11.5, 8, 12], "texture": "#1"}
			}
		},
		{
			"from": [7.5, 2.5, 7.5],
			"to": [8.5, 7.5, 8.5],
			"rotation": {"angle": 0, "axis": "y", "origin": [6.5, 0, 7.5]},
			"faces": {
				"north": {"uv": [1.5, 7, 2, 9.5], "texture": "#1"},
				"east": {"uv": [6, 8, 6.5, 10.5], "texture": "#1"},
				"south": {"uv": [6.5, 8, 7, 10.5], "texture": "#1"},
				"west": {"uv": [7, 8, 7.5, 10.5], "texture": "#1"}
			}
		},
		{
			"from": [7.35, 2, 7.35],
			"to": [8.65, 2.5, 8.65],
			"rotation": {"angle": 0, "axis": "y", "origin": [6.5, 0, 7.5]},
			"faces": {
				"north": {"uv": [11.5, 10.5, 12.25, 10.75], "texture": "#1"},
				"east": {"uv": [11.5, 11, 12.25, 11.25], "texture": "#1"},
				"south": {"uv": [11.5, 11.5, 12.25, 11.75], "texture": "#1"},
				"west": {"uv": [12, 2, 12.75, 2.25], "texture": "#1"},
				"up": {"uv": [2.75, 11.25, 2, 10.5], "texture": "#1"},
				"down": {"uv": [5.75, 10.5, 5, 11.25], "texture": "#1"}
			}
		},
		{
			"from": [7.35, 6.5, 7.35],
			"to": [8.65, 7, 8.65],
			"rotation": {"angle": 0, "axis": "y", "origin": [6.5, -1, 7.5]},
			"faces": {
				"north": {"uv": [12, 2.5, 12.75, 2.75], "texture": "#1"},
				"east": {"uv": [3, 12, 3.75, 12.25], "texture": "#1"},
				"south": {"uv": [12, 3.5, 12.75, 3.75], "texture": "#1"},
				"west": {"uv": [12, 4, 12.75, 4.25], "texture": "#1"},
				"up": {"uv": [6.75, 11.25, 6, 10.5], "texture": "#1"},
				"down": {"uv": [11.25, 7, 10.5, 7.75], "texture": "#1"}
			}
		},
		{
			"from": [7.35, 3, 7.35],
			"to": [8.65, 6, 8.65],
			"rotation": {"angle": 0, "axis": "y", "origin": [6.5, 0, 7.5]},
			"faces": {
				"north": {"uv": [8.5, 2, 9.25, 3.5], "texture": "#1"},
				"east": {"uv": [8.5, 5, 9.25, 6.5], "texture": "#1"},
				"south": {"uv": [8.5, 6.5, 9.25, 8], "texture": "#1"},
				"west": {"uv": [8.5, 8, 9.25, 9.5], "texture": "#1"},
				"up": {"uv": [11.25, 8.75, 10.5, 8], "texture": "#1"},
				"down": {"uv": [9.25, 10.5, 8.5, 11.25], "texture": "#1"}
			}
		},
		{
			"from": [7.75, 0, 7.25],
			"to": [8.25, 1.5, 8.75],
			"rotation": {"angle": -45, "axis": "x", "origin": [8, 0.75, 8]},
			"faces": {
				"north": {"uv": [12, 4.5, 12.25, 5.25], "texture": "#1"},
				"east": {"uv": [10.5, 10, 11.25, 10.75], "texture": "#1"},
				"south": {"uv": [12, 5.5, 12.25, 6.25], "texture": "#1"},
				"west": {"uv": [11, 2, 11.75, 2.75], "texture": "#1"},
				"up": {"uv": [12.25, 7.25, 12, 6.5], "texture": "#1"},
				"down": {"uv": [7.75, 12, 7.5, 12.75], "texture": "#1"}
			}
		},
		{
			"from": [6, 12.5, 9],
			"to": [10, 16.5, 13],
			"rotation": {"angle": -22.5, "axis": "y", "origin": [6.75, 15, 11]},
			"faces": {
				"north": {"uv": [3, 2, 5, 4], "texture": "#1"},
				"east": {"uv": [3, 4, 5, 6], "texture": "#1"},
				"south": {"uv": [0, 5, 2, 7], "texture": "#1"},
				"west": {"uv": [3, 0, 5, 2], "texture": "#1"},
				"up": {"uv": [7, 2, 5, 0], "rotation": 270, "texture": "#1"},
				"down": {"uv": [7, 2, 5, 4], "rotation": 90, "texture": "#1"}
			}
		},
		{
			"from": [5, 12.5, 10],
			"to": [6, 14, 12],
			"rotation": {"angle": -22.5, "axis": "y", "origin": [6.75, 15, 11]},
			"faces": {
				"north": {"uv": [5.5, 11.5, 6, 12.25], "texture": "#1"},
				"south": {"uv": [6, 11.5, 6.5, 12.25], "texture": "#1"},
				"west": {"uv": [10, 4, 11, 4.75], "texture": "#1"},
				"up": {"uv": [4, 12, 3, 11.5], "rotation": 270, "texture": "#1"},
				"down": {"uv": [12.5, 3, 11.5, 3.5], "rotation": 90, "texture": "#1"}
			}
		},
		{
			"from": [7.75, 16, 8],
			"to": [8.25, 17.5, 10],
			"rotation": {"angle": -22.5, "axis": "y", "origin": [6.75, 15, 11]},
			"faces": {
				"north": {"uv": [12, 7.5, 12.25, 8.25], "texture": "#1"},
				"east": {"uv": [10.5, 0, 11.5, 0.75], "texture": "#1"},
				"south": {"uv": [8, 12, 8.25, 12.75], "texture": "#1"},
				"west": {"uv": [0, 10.5, 1, 11.25], "texture": "#1"},
				"up": {"uv": [9.5, 11.75, 8.5, 11.5], "rotation": 270, "texture": "#1"},
				"down": {"uv": [12.5, 8.5, 11.5, 8.75], "rotation": 90, "texture": "#1"}
			}
		},
		{
			"from": [7.75, 16, 12],
			"to": [8.25, 17.5, 14],
			"rotation": {"angle": -22.5, "axis": "y", "origin": [6.75, 15, 11]},
			"faces": {
				"north": {"uv": [8.5, 12, 8.75, 12.75], "texture": "#1"},
				"east": {"uv": [10.5, 1, 11.5, 1.75], "texture": "#1"},
				"south": {"uv": [9, 12, 9.25, 12.75], "texture": "#1"},
				"west": {"uv": [1, 10.5, 2, 11.25], "texture": "#1"},
				"up": {"uv": [10.5, 11.75, 9.5, 11.5], "rotation": 270, "texture": "#1"},
				"down": {"uv": [12.5, 10, 11.5, 10.25], "rotation": 90, "texture": "#1"}
			}
		},
		{
			"from": [7, -2.22976, 3.87392],
			"to": [9, -0.22976, 5.87392],
			"rotation": {"angle": 22.5, "axis": "x", "origin": [8, -0.06726, 4.87392]},
			"faces": {
				"north": {"uv": [7.5, 9, 8.5, 10], "texture": "#1"},
				"east": {"uv": [1, 9.5, 2, 10.5], "texture": "#1"},
				"south": {"uv": [5, 9.5, 6, 10.5], "texture": "#1"},
				"west": {"uv": [9.5, 7, 10.5, 8], "texture": "#1"},
				"up": {"uv": [10.5, 9, 9.5, 8], "texture": "#1"},
				"down": {"uv": [9.5, 9.5, 8.5, 10.5], "texture": "#1"}
			}
		},
		{
			"from": [7.3, -0.22976, 4.17392],
			"to": [8.7, 0.27024, 5.57392],
			"rotation": {"angle": 22.5, "axis": "x", "origin": [8, -0.06726, 4.87392]},
			"faces": {
				"north": {"uv": [12, 9, 12.75, 9.25], "texture": "#1"},
				"east": {"uv": [9.5, 12, 10.25, 12.25], "texture": "#1"},
				"south": {"uv": [12, 9.5, 12.75, 9.75], "texture": "#1"},
				"west": {"uv": [10.5, 12, 11.25, 12.25], "texture": "#1"}
			}
		},
		{
			"from": [7.2, 0.27024, 4.07392],
			"to": [8.8, 1.92024, 5.67392],
			"rotation": {"angle": 22.5, "axis": "x", "origin": [8, -0.06726, 4.87392]},
			"faces": {
				"north": {"uv": [11, 4, 11.75, 4.75], "texture": "#1"},
				"east": {"uv": [11, 5, 11.75, 5.75], "texture": "#1"},
				"south": {"uv": [11, 6, 11.75, 6.75], "texture": "#1"},
				"west": {"uv": [11, 9, 11.75, 9.75], "texture": "#1"},
				"up": {"uv": [11.25, 11.75, 10.5, 11], "texture": "#1"},
				"down": {"uv": [0.75, 11.5, 0, 12.25], "texture": "#1"}
			}
		},
		{
			"from": [7.25, 0.275, 5.35],
			"to": [8.75, 0.305, 8.35],
			"rotation": {"angle": -22.5, "axis": "x", "origin": [8, 0.275, 6.85]},
			"faces": {
				"up": {"uv": [0.75, 10.5, 0, 9], "texture": "#1"},
				"down": {"uv": [9.75, 3.5, 9, 5], "texture": "#1"}
			}
		},
		{
			"from": [6.5, 8.5, 10],
			"to": [9.5, 12.5, 13],
			"rotation": {"angle": 0, "axis": "y", "origin": [6.5, 8.5, 9]},
			"faces": {
				"north": {"uv": [6, 4, 7.5, 6], "texture": "#1"},
				"east": {"uv": [6, 6, 7.5, 8], "texture": "#1"},
				"south": {"uv": [0, 7, 1.5, 9], "texture": "#1"},
				"west": {"uv": [7, 0, 8.5, 2], "texture": "#1"},
				"up": {"uv": [8.5, 3.5, 7, 2], "texture": "#1"},
				"down": {"uv": [9, 3.5, 7.5, 5], "texture": "#1"}
			}
		},
		{
			"from": [8.75, 10.75, 8],
			"to": [10.25, 12.25, 10.5],
			"rotation": {"angle": 22.5, "axis": "y", "origin": [9.5, 11.5, 9.25]},
			"faces": {
				"north": {"uv": [11.5, 0, 12.25, 0.75], "texture": "#1"},
				"east": {"uv": [9.5, 9, 10.75, 9.75], "texture": "#1"},
				"south": {"uv": [1, 11.5, 1.75, 12.25], "texture": "#1"},
				"west": {"uv": [10, 3, 11.25, 3.75], "texture": "#1"},
				"up": {"uv": [8.25, 11.25, 7.5, 10], "texture": "#1"},
				"down": {"uv": [10.25, 10, 9.5, 11.25], "texture": "#1"}
			}
		},
		{
			"from": [5.75, 10.75, 8],
			"to": [7.25, 12.25, 10.5],
			"rotation": {"angle": -22.5, "axis": "y", "origin": [6.5, 11.5, 9.25]},
			"faces": {
				"north": {"uv": [12.25, 0, 11.5, 0.75], "texture": "#1"},
				"east": {"uv": [11.25, 3, 10, 3.75], "texture": "#1"},
				"south": {"uv": [1.75, 11.5, 1, 12.25], "texture": "#1"},
				"west": {"uv": [10.75, 9, 9.5, 9.75], "texture": "#1"},
				"up": {"uv": [7.5, 11.25, 8.25, 10], "texture": "#1"},
				"down": {"uv": [9.5, 10, 10.25, 11.25], "texture": "#1"}
			}
		},
		{
			"from": [5.75, 8.5, 8],
			"to": [7.25, 10, 10.5],
			"rotation": {"angle": -22.5, "axis": "y", "origin": [6.5, 9.25, 9.25]},
			"faces": {
				"north": {"uv": [12.25, 0, 11.5, 0.75], "texture": "#1"},
				"east": {"uv": [11.25, 3, 10, 3.75], "texture": "#1"},
				"south": {"uv": [1.75, 11.5, 1, 12.25], "texture": "#1"},
				"west": {"uv": [10.75, 9, 9.5, 9.75], "texture": "#1"},
				"up": {"uv": [7.5, 11.25, 8.25, 10], "texture": "#1"},
				"down": {"uv": [9.5, 10, 10.25, 11.25], "texture": "#1"}
			}
		},
		{
			"from": [8.75, 8.5, 8],
			"to": [10.25, 10, 10.5],
			"rotation": {"angle": 22.5, "axis": "y", "origin": [9.5, 9.25, 9.25]},
			"faces": {
				"north": {"uv": [11.5, 0, 12.25, 0.75], "texture": "#1"},
				"east": {"uv": [9.5, 9, 10.75, 9.75], "texture": "#1"},
				"south": {"uv": [1, 11.5, 1.75, 12.25], "texture": "#1"},
				"west": {"uv": [10, 3, 11.25, 3.75], "texture": "#1"},
				"up": {"uv": [8.25, 11.25, 7.5, 10], "texture": "#1"},
				"down": {"uv": [10.25, 10, 9.5, 11.25], "texture": "#1"}
			}
		},
		{
			"from": [7.25, 7.5, 7.25],
			"to": [8.75, 18, 8.75],
			"rotation": {"angle": 0, "axis": "y", "origin": [7.5, 7.5, 7.5]},
			"faces": {
				"north": {"uv": [4.75, 6, 4, 11.25], "texture": "#1"},
				"east": {"uv": [4, 6, 4.75, 11.25], "texture": "#1"},
				"south": {"uv": [4.75, 6, 4, 11.25], "texture": "#1"},
				"west": {"uv": [4, 6, 4.75, 11.25], "texture": "#1"},
				"up": {"uv": [12.25, 1.75, 11.5, 1], "texture": "#1"},
				"down": {"uv": [2.75, 11.5, 2, 12.25], "texture": "#1"}
			}
		},
		{
			"from": [7.75, 15, 3.25],
			"to": [8.25, 16.5, 7.25],
			"rotation": {"angle": 0, "axis": "y", "origin": [7.75, -1, 0]},
			"faces": {
				"north": {"uv": [11.5, 12, 11.75, 12.75], "texture": "#1"},
				"east": {"uv": [8.5, 0, 10.5, 0.75], "texture": "#1"},
				"west": {"uv": [8.5, 1, 10.5, 1.75], "texture": "#1"},
				"up": {"uv": [7.25, 12.5, 7, 10.5], "texture": "#1"},
				"down": {"uv": [4.25, 11.5, 4, 13.5], "texture": "#1"}
			}
		},
		{
			"from": [7.75, 10, 3.25],
			"to": [8.25, 11.5, 6.25],
			"rotation": {"angle": 0, "axis": "y", "origin": [7.75, -1, 0]},
			"faces": {
				"north": {"uv": [12, 12, 12.25, 12.75], "texture": "#1"},
				"east": {"uv": [9.5, 2, 11, 2.75], "texture": "#1"},
				"south": {"uv": [0, 12.5, 0.25, 13.25], "texture": "#1"},
				"west": {"uv": [9.5, 5, 11, 5.75], "texture": "#1"},
				"up": {"uv": [6.75, 13, 6.5, 11.5], "texture": "#1"},
				"down": {"uv": [11.75, 7, 11.5, 8.5], "texture": "#1"}
			}
		},
		{
			"from": [7.75, 11.5, 3.25],
			"to": [8.25, 15, 5.25],
			"rotation": {"angle": 0, "axis": "y", "origin": [7.75, -1, 0]},
			"faces": {
				"north": {"uv": [4.5, 11.5, 4.75, 13.25], "texture": "#1"},
				"east": {"uv": [7.5, 5, 8.5, 6.75], "texture": "#1"},
				"south": {"uv": [5, 11.5, 5.25, 13.25], "texture": "#1"},
				"west": {"uv": [7.5, 7, 8.5, 8.75], "texture": "#1"}
			}
		},
		{
			"from": [7.985, 8.5, 1.75],
			"to": [8.015, 18, 7.25],
			"rotation": {"angle": 0, "axis": "y", "origin": [7.485, -1, 0]},
			"faces": {
				"east": {"uv": [2.75, 0, 0, 4.75], "texture": "#1"},
				"west": {"uv": [0, 0, 2.75, 4.75], "texture": "#1"}
			}
		},
		{
			"from": [4.25, 16.25, 7.25],
			"to": [7.25, 16.28, 8.75],
			"rotation": {"angle": -45, "axis": "x", "origin": [5.75, 16.265, 8]},
			"faces": {
				"up": {"uv": [11, 6.75, 9.5, 6], "texture": "#1"},
				"down": {"uv": [11, 6.75, 9.5, 6], "texture": "#1"}
			}
		},
		{
			"from": [8.5, 13.015, 7.985],
			"to": [11.5, 14.515, 8.015],
			"rotation": {"angle": 22.5, "axis": "z", "origin": [10, 13.765, 8]},
			"faces": {
				"north": {"uv": [11, 6.75, 9.5, 6], "texture": "#1"},
				"south": {"uv": [11, 6.75, 9.5, 6], "rotation": 180, "texture": "#1"}
			}
		}
	],
	"gui_light": "front",
	"display": {
		"thirdperson_righthand": {
			"translation": [0, 1.5, 1]
		},
		"thirdperson_lefthand": {
			"translation": [0, 1.5, 1]
		},
		"firstperson_righthand": {
			"rotation": [-10, 0, 0],
			"translation": [0, 2.25, 0]
		},
		"firstperson_lefthand": {
			"rotation": [-10, 0, 0],
			"translation": [0, 2.25, 0]
		},
		"ground": {
			"rotation": [-45, 0, 0],
			"translation": [0, 10.5, 0]
		},
		"gui": {
			"rotation": [-90, 45, 90],
			"translation": [1.5, -0.25, 0],
			"scale": [0.72852, 0.72852, 0.72852]
		},
		"head": {
			"rotation": [90, -90, 90]
		},
		"fixed": {
			"rotation": [90, -90, 90],
			"translation": [0, -1.5, -1],
			"scale": [2, 2, 2]
		}
	}
}