{
	"credit": "Made by PolygonMC",
	"texture_size": [32, 32],
	"textures": {
		"2": "littlepandaset:pickaxe"
	},
	"elements": [
		{
			"from": [7.5, 1, 7.5],
			"to": [8.5, 2, 8.5],
			"rotation": {"angle": 0, "axis": "y", "origin": [6.5, 0, 7.5]},
			"faces": {
				"north": {"uv": [8.5, 6, 9, 6.5], "texture": "#2"},
				"east": {"uv": [1.5, 9, 2, 9.5], "texture": "#2"},
				"south": {"uv": [9, 2.5, 9.5, 3], "texture": "#2"},
				"west": {"uv": [4.5, 9.5, 5, 10], "texture": "#2"},
				"up": {"uv": [10, 6, 9.5, 5.5], "texture": "#2"},
				"down": {"uv": [10.5, 1, 10, 1.5], "texture": "#2"}
			}
		},
		{
			"from": [7.5, 2.5, 7.5],
			"to": [8.5, 7.5, 8.5],
			"rotation": {"angle": 0, "axis": "y", "origin": [6.5, 0, 7.5]},
			"faces": {
				"north": {"uv": [5, 7.5, 5.5, 10], "texture": "#2"},
				"east": {"uv": [5.5, 7.5, 6, 10], "texture": "#2"},
				"south": {"uv": [7.5, 6.5, 8, 9], "texture": "#2"},
				"west": {"uv": [0, 8, 0.5, 10.5], "texture": "#2"}
			}
		},
		{
			"from": [7.35, 2, 7.35],
			"to": [8.65, 2.5, 8.65],
			"rotation": {"angle": 0, "axis": "y", "origin": [6.5, 0, 7.5]},
			"faces": {
				"north": {"uv": [10.5, 9.5, 11.25, 9.75], "texture": "#2"},
				"east": {"uv": [12.5, 1.5, 13.25, 1.75], "texture": "#2"},
				"south": {"uv": [12.5, 10, 13.25, 10.25], "texture": "#2"},
				"west": {"uv": [12.5, 10.5, 13.25, 10.75], "texture": "#2"},
				"up": {"uv": [0.75, 12.25, 0, 11.5], "texture": "#2"},
				"down": {"uv": [12.25, 0, 11.5, 0.75], "texture": "#2"}
			}
		},
		{
			"from": [7.35, 6.5, 7.35],
			"to": [8.65, 7, 8.65],
			"rotation": {"angle": 0, "axis": "y", "origin": [6.5, -1, 7.5]},
			"faces": {
				"north": {"uv": [13, 0, 13.75, 0.25], "texture": "#2"},
				"east": {"uv": [13, 0.5, 13.75, 0.75], "texture": "#2"},
				"south": {"uv": [1, 13, 1.75, 13.25], "texture": "#2"},
				"west": {"uv": [13, 1, 13.75, 1.25], "texture": "#2"},
				"up": {"uv": [12.25, 1.75, 11.5, 1], "texture": "#2"},
				"down": {"uv": [3.25, 11.5, 2.5, 12.25], "texture": "#2"}
			}
		},
		{
			"from": [7.35, 3, 7.35],
			"to": [8.65, 6, 8.65],
			"rotation": {"angle": 0, "axis": "y", "origin": [6.5, 0, 7.5]},
			"faces": {
				"north": {"uv": [0.5, 8, 1.25, 9.5], "texture": "#2"},
				"east": {"uv": [6, 8, 6.75, 9.5], "texture": "#2"},
				"south": {"uv": [8, 6.5, 8.75, 8], "texture": "#2"},
				"west": {"uv": [8, 8, 8.75, 9.5], "texture": "#2"},
				"up": {"uv": [12.25, 5.25, 11.5, 4.5], "texture": "#2"},
				"down": {"uv": [7.75, 11.5, 7, 12.25], "texture": "#2"}
			}
		},
		{
			"from": [7.75, 0, 7.25],
			"to": [8.25, 1.5, 8.75],
			"rotation": {"angle": -45, "axis": "x", "origin": [8, 0.75, 8]},
			"faces": {
				"north": {"uv": [2, 13, 2.25, 13.75], "texture": "#2"},
				"east": {"uv": [11.5, 8, 12.25, 8.75], "texture": "#2"},
				"south": {"uv": [13, 2, 13.25, 2.75], "texture": "#2"},
				"west": {"uv": [9, 11.5, 9.75, 12.25], "texture": "#2"},
				"up": {"uv": [13.25, 3.75, 13, 3], "texture": "#2"},
				"down": {"uv": [3.75, 13, 3.5, 13.75], "texture": "#2"}
			}
		},
		{
			"from": [6, 12.5, 9],
			"to": [10, 16.5, 13],
			"rotation": {"angle": -22.5, "axis": "y", "origin": [6.75, 15, 11]},
			"faces": {
				"north": {"uv": [0, 0, 2, 2], "texture": "#2"},
				"east": {"uv": [0, 2, 2, 4], "texture": "#2"},
				"south": {"uv": [2, 0, 4, 2], "texture": "#2"},
				"west": {"uv": [2, 2, 4, 4], "texture": "#2"},
				"up": {"uv": [2, 6, 0, 4], "texture": "#2"},
				"down": {"uv": [4, 0, 6, 2], "texture": "#2"}
			}
		},
		{
			"from": [5, 12.5, 10],
			"to": [6, 14, 12],
			"rotation": {"angle": -22.5, "axis": "y", "origin": [6.75, 15, 11]},
			"faces": {
				"north": {"uv": [2, 12, 2.5, 12.75], "texture": "#2"},
				"south": {"uv": [6.5, 12, 7, 12.75], "texture": "#2"},
				"west": {"uv": [11, 2.5, 12, 3.25], "texture": "#2"},
				"up": {"uv": [2, 9, 1.5, 8], "texture": "#2"},
				"down": {"uv": [7.5, 8, 7, 9], "texture": "#2"}
			}
		},
		{
			"from": [7.75, 16, 8],
			"to": [8.25, 17.5, 10],
			"rotation": {"angle": -22.5, "axis": "y", "origin": [6.75, 15, 11]},
			"faces": {
				"north": {"uv": [4, 13, 4.25, 13.75], "texture": "#2"},
				"east": {"uv": [4, 11, 5, 11.75], "texture": "#2"},
				"south": {"uv": [4.5, 13, 4.75, 13.75], "texture": "#2"},
				"west": {"uv": [5, 11, 6, 11.75], "texture": "#2"},
				"up": {"uv": [12.75, 9, 12.5, 8], "texture": "#2"},
				"down": {"uv": [9.25, 12.5, 9, 13.5], "texture": "#2"}
			}
		},
		{
			"from": [7.75, 16, 12],
			"to": [8.25, 17.5, 14],
			"rotation": {"angle": -22.5, "axis": "y", "origin": [6.75, 15, 11]},
			"faces": {
				"north": {"uv": [13, 4.5, 13.25, 5.25], "texture": "#2"},
				"east": {"uv": [10, 11, 11, 11.75], "texture": "#2"},
				"south": {"uv": [5, 13, 5.25, 13.75], "texture": "#2"},
				"west": {"uv": [11, 11, 12, 11.75], "texture": "#2"},
				"up": {"uv": [12.75, 10, 12.5, 9], "texture": "#2"},
				"down": {"uv": [9.75, 12.5, 9.5, 13.5], "texture": "#2"}
			}
		},
		{
			"from": [7, -2.22976, 3.87392],
			"to": [9, -0.22976, 5.87392],
			"rotation": {"angle": 22.5, "axis": "x", "origin": [8, -0.06726, 4.87392]},
			"faces": {
				"north": {"uv": [7, 9, 8, 10], "texture": "#2"},
				"east": {"uv": [3.5, 9.5, 4.5, 10.5], "texture": "#2"},
				"south": {"uv": [9.5, 3.5, 10.5, 4.5], "texture": "#2"},
				"west": {"uv": [9.5, 4.5, 10.5, 5.5], "texture": "#2"},
				"up": {"uv": [7, 10.5, 6, 9.5], "texture": "#2"},
				"down": {"uv": [9, 9.5, 8, 10.5], "texture": "#2"}
			}
		},
		{
			"from": [7.3, -0.22976, 4.17392],
			"to": [8.7, 0.27024, 5.57392],
			"rotation": {"angle": 22.5, "axis": "x", "origin": [8, -0.06726, 4.87392]},
			"faces": {
				"north": {"uv": [5.5, 13, 6.25, 13.25], "texture": "#2"},
				"east": {"uv": [13, 5.5, 13.75, 5.75], "texture": "#2"},
				"south": {"uv": [13, 6, 13.75, 6.25], "texture": "#2"},
				"west": {"uv": [13, 6.5, 13.75, 6.75], "texture": "#2"}
			}
		},
		{
			"from": [7.2, 0.27024, 4.07392],
			"to": [8.8, 1.92024, 5.67392],
			"rotation": {"angle": 22.5, "axis": "x", "origin": [8, -0.06726, 4.87392]},
			"faces": {
				"north": {"uv": [11.5, 9, 12.25, 9.75], "texture": "#2"},
				"east": {"uv": [11.5, 10, 12.25, 10.75], "texture": "#2"},
				"south": {"uv": [1, 12, 1.75, 12.75], "texture": "#2"},
				"west": {"uv": [12, 2, 12.75, 2.75], "texture": "#2"},
				"up": {"uv": [12.75, 3.75, 12, 3], "texture": "#2"},
				"down": {"uv": [4.25, 12, 3.5, 12.75], "texture": "#2"}
			}
		},
		{
			"from": [7.25, 0.275, 5.35],
			"to": [8.75, 0.305, 8.35],
			"rotation": {"angle": -22.5, "axis": "x", "origin": [8, 0.275, 6.85]},
			"faces": {
				"up": {"uv": [9.25, 6, 8.5, 4.5], "texture": "#2"},
				"down": {"uv": [9.75, 0, 9, 1.5], "texture": "#2"}
			}
		},
		{
			"from": [6.5, 8.5, 10],
			"to": [9.5, 12.5, 13],
			"rotation": {"angle": 0, "axis": "y", "origin": [6.5, 8.5, 9]},
			"faces": {
				"north": {"uv": [6, 0, 7.5, 2], "texture": "#2"},
				"east": {"uv": [6, 2, 7.5, 4], "texture": "#2"},
				"south": {"uv": [6, 4, 7.5, 6], "texture": "#2"},
				"west": {"uv": [6, 6, 7.5, 8], "texture": "#2"},
				"up": {"uv": [9, 1.5, 7.5, 0], "texture": "#2"},
				"down": {"uv": [9, 1.5, 7.5, 3], "texture": "#2"}
			}
		},
		{
			"from": [8.75, 10.75, 8],
			"to": [10.25, 12.25, 10.5],
			"rotation": {"angle": 22.5, "axis": "y", "origin": [9.5, 11.5, 9.25]},
			"faces": {
				"north": {"uv": [4.5, 12, 5.25, 12.75], "texture": "#2"},
				"east": {"uv": [10, 0, 11.25, 0.75], "texture": "#2"},
				"south": {"uv": [5.5, 12, 6.25, 12.75], "texture": "#2"},
				"west": {"uv": [4.5, 10, 5.75, 10.75], "texture": "#2"},
				"up": {"uv": [7.75, 11.25, 7, 10], "texture": "#2"},
				"down": {"uv": [9.75, 10, 9, 11.25], "texture": "#2"}
			}
		},
		{
			"from": [5.75, 10.75, 8],
			"to": [7.25, 12.25, 10.5],
			"rotation": {"angle": -22.5, "axis": "y", "origin": [6.5, 11.5, 9.25]},
			"faces": {
				"north": {"uv": [12, 5.5, 12.75, 6.25], "texture": "#2"},
				"east": {"uv": [10, 10, 11.25, 10.75], "texture": "#2"},
				"south": {"uv": [12, 6.5, 12.75, 7.25], "texture": "#2"},
				"west": {"uv": [0, 10.5, 1.25, 11.25], "texture": "#2"},
				"up": {"uv": [11.25, 2.25, 10.5, 1], "texture": "#2"},
				"down": {"uv": [2.25, 10.5, 1.5, 11.75], "texture": "#2"}
			}
		},
		{
			"from": [5.75, 8.5, 8],
			"to": [7.25, 10, 10.5],
			"rotation": {"angle": -22.5, "axis": "y", "origin": [6.5, 9.25, 9.25]},
			"faces": {
				"north": {"uv": [8, 12, 8.75, 12.75], "texture": "#2"},
				"east": {"uv": [2.5, 10.5, 3.75, 11.25], "texture": "#2"},
				"south": {"uv": [10, 12, 10.75, 12.75], "texture": "#2"},
				"west": {"uv": [10.5, 3.5, 11.75, 4.25], "texture": "#2"},
				"up": {"uv": [11.25, 5.75, 10.5, 4.5], "texture": "#2"},
				"down": {"uv": [6.75, 10.5, 6, 11.75], "texture": "#2"}
			}
		},
		{
			"from": [8.75, 8.5, 8],
			"to": [10.25, 10, 10.5],
			"rotation": {"angle": 22.5, "axis": "y", "origin": [9.5, 9.25, 9.25]},
			"faces": {
				"north": {"uv": [11, 12, 11.75, 12.75], "texture": "#2"},
				"east": {"uv": [10.5, 6, 11.75, 6.75], "texture": "#2"},
				"south": {"uv": [12, 11, 12.75, 11.75], "texture": "#2"},
				"west": {"uv": [10.5, 7, 11.75, 7.75], "texture": "#2"},
				"up": {"uv": [8.75, 11.75, 8, 10.5], "texture": "#2"},
				"down": {"uv": [11.25, 8, 10.5, 9.25], "texture": "#2"}
			}
		},
		{
			"from": [7.25, 7.5, 7.25],
			"to": [8.75, 18, 8.75],
			"rotation": {"angle": 0, "axis": "y", "origin": [7.5, 7.5, 7.5]},
			"faces": {
				"north": {"uv": [2, 4, 2.75, 9.25], "texture": "#2"},
				"east": {"uv": [4, 2, 4.75, 7.25], "texture": "#2"},
				"south": {"uv": [3, 4, 3.75, 9.25], "texture": "#2"},
				"west": {"uv": [5, 2, 5.75, 7.25], "texture": "#2"},
				"up": {"uv": [12.75, 12.75, 12, 12], "texture": "#2"},
				"down": {"uv": [0.75, 12.5, 0, 13.25], "texture": "#2"}
			}
		},
		{
			"from": [7.75, 15, 4.25],
			"to": [8.25, 16.5, 7.25],
			"rotation": {"angle": 0, "axis": "y", "origin": [7.75, -1, 0]},
			"faces": {
				"north": {"uv": [6.5, 13, 6.75, 13.75], "texture": "#2"},
				"east": {"uv": [9, 1.5, 10.5, 2.25], "texture": "#2"},
				"west": {"uv": [9, 6, 10.5, 6.75], "texture": "#2"},
				"up": {"uv": [12.75, 1.5, 12.5, 0], "texture": "#2"},
				"down": {"uv": [2.75, 12.5, 2.5, 14], "texture": "#2"}
			}
		},
		{
			"from": [7.751, 14.40287, 1.69499],
			"to": [8.249, 15.79287, 4.69499],
			"rotation": {"angle": -22.5, "axis": "x", "origin": [8.001, 15.02787, 2.69499]},
			"faces": {
				"north": {"uv": [8, 13, 8.25, 13.75], "texture": "#2"},
				"east": {"uv": [2, 9.5, 3.5, 10.25], "texture": "#2"},
				"west": {"uv": [9.5, 2.5, 11, 3.25], "texture": "#2"},
				"up": {"uv": [3.25, 14, 3, 12.5], "texture": "#2"},
				"down": {"uv": [7.25, 12.5, 7, 14], "texture": "#2"}
			}
		},
		{
			"from": [4.25, 16.25, 7.25],
			"to": [7.25, 16.28, 8.75],
			"rotation": {"angle": -45, "axis": "x", "origin": [5.75, 16.265, 8]},
			"faces": {
				"up": {"uv": [10.5, 7.75, 9, 7], "texture": "#2"},
				"down": {"uv": [10.5, 8, 9, 8.75], "texture": "#2"}
			}
		},
		{
			"from": [8.5, 13.015, 7.985],
			"to": [11.5, 14.515, 8.015],
			"rotation": {"angle": 22.5, "axis": "z", "origin": [10, 13.765, 8]},
			"faces": {
				"north": {"uv": [9, 9, 10.5, 9.75], "texture": "#2"},
				"south": {"uv": [0.5, 9.5, 2, 10.25], "texture": "#2"}
			}
		},
		{
			"from": [7.25, 14.575, 0.325],
			"to": [8.75, 15.075, 3.825],
			"rotation": {"angle": -22.5, "axis": "x", "origin": [8, 14.575, 2.075]},
			"faces": {
				"north": {"uv": [13, 7, 13.75, 7.25], "texture": "#2"},
				"east": {"uv": [12, 4, 13.75, 4.25], "texture": "#2"},
				"south": {"uv": [13, 8, 13.75, 8.25], "texture": "#2"},
				"west": {"uv": [12, 7.5, 13.75, 7.75], "texture": "#2"},
				"up": {"uv": [4.75, 9.25, 4, 7.5], "texture": "#2"},
				"down": {"uv": [8.25, 4.5, 7.5, 6.25], "texture": "#2"}
			}
		},
		{
			"from": [6.25, 14.8, 0.325],
			"to": [9.75, 14.83, 4.325],
			"rotation": {"angle": -22.5, "axis": "x", "origin": [8, 14.575, 2.075]},
			"faces": {
				"up": {"uv": [1.75, 8, 0, 6], "texture": "#2"},
				"down": {"uv": [0, 6, 1.75, 8], "texture": "#2"}
			}
		},
		{
			"from": [6.25, 12.87492, -1.62327],
			"to": [9.75, 12.90492, 0.87673],
			"rotation": {"angle": -45, "axis": "x", "origin": [8, 12.89992, -0.87327]},
			"faces": {
				"up": {"uv": [9.25, 4.25, 7.5, 3], "texture": "#2"},
				"down": {"uv": [9.25, 3, 7.5, 4.25], "texture": "#2"}
			}
		},
		{
			"from": [7.5, 12.70303, -0.54379],
			"to": [8.5, 13.20303, 0.95621],
			"rotation": {"angle": -45, "axis": "x", "origin": [8, 12.95303, -0.79379]},
			"faces": {
				"north": {"uv": [10, 5.5, 10.5, 5.75], "texture": "#2"},
				"east": {"uv": [13, 8.5, 13.75, 8.75], "texture": "#2"},
				"south": {"uv": [4, 10.5, 4.5, 10.75], "texture": "#2"},
				"west": {"uv": [13, 9, 13.75, 9.25], "texture": "#2"},
				"up": {"uv": [13, 5.25, 12.5, 4.5], "texture": "#2"},
				"down": {"uv": [8, 12.5, 7.5, 13.25], "texture": "#2"}
			}
		},
		{
			"from": [7.5, 6, 9],
			"to": [8.5, 10, 10],
			"rotation": {"angle": -45, "axis": "x", "origin": [7.5, 7.5, 0]},
			"faces": {
				"north": {"uv": [15.25, 0, 14.75, 2], "texture": "#2"},
				"east": {"uv": [14.75, 0, 15.25, 2], "texture": "#2"},
				"south": {"uv": [15.25, 0, 14.75, 2], "texture": "#2"},
				"west": {"uv": [14.75, 0, 15.25, 2], "texture": "#2"},
				"up": {"uv": [14, 0, 14.5, 0.5], "texture": "#2"},
				"down": {"uv": [14, 0, 14.5, 0.5], "texture": "#2"}
			}
		}
	],
	"gui_light": "front",
	"display": {
		"thirdperson_righthand": {
			"translation": [0, 1.5, 1]
		},
		"thirdperson_lefthand": {
			"translation": [0, 1.5, 1]
		},
		"firstperson_righthand": {
			"rotation": [-10, 0, 0],
			"translation": [0, 2.25, 0]
		},
		"firstperson_lefthand": {
			"rotation": [-10, 0, 0],
			"translation": [0, 2.25, 0]
		},
		"ground": {
			"rotation": [-45, 0, 0],
			"translation": [0, 10.5, 0]
		},
		"gui": {
			"rotation": [-90, 45, 90],
			"translation": [1.5, -0.25, 0],
			"scale": [0.72852, 0.72852, 0.72852]
		},
		"head": {
			"rotation": [90, -90, 90]
		},
		"fixed": {
			"rotation": [90, -90, 90],
			"translation": [0, -1.5, -1],
			"scale": [2, 2, 2]
		}
	}
}