{"credit":"Made with Blockbench","texture_size":[64,64],"textures":{"1":"elitecreatures:broodmother_assortment_weapon/spid_animation_texture","2":"elitecreatures:broodmother_assortment_weapon/spid_bow_texture","particle":"elitecreatures:broodmother_assortment_weapon/spid_animation_texture"},"elements":[{"from":[12,13,7],"to":[15,20,10],"rotation":{"angle":22.5,"axis":"z","origin":[15,13,9]},"faces":{"north":{"uv":[12.25,3.5,10.5,2.75],"rotation":270,"texture":"#2"},"east":{"uv":[11.25,2.25,13,1.5],"rotation":90,"texture":"#2"},"south":{"uv":[13,0.75,11.25,0],"rotation":90,"texture":"#2"},"west":{"uv":[11.25,0.75,13,1.5],"rotation":90,"texture":"#2"},"up":{"uv":[1.25,13,0.5,12.25],"rotation":90,"texture":"#2"},"down":{"uv":[13,3.5,12.25,2.75],"rotation":90,"texture":"#2"}}},{"from":[9,17,9],"to":[15,27,9],"rotation":{"angle":22.5,"axis":"z","origin":[15,13,9]},"faces":{"north":{"uv":[6.5,8.75,4,7.25],"rotation":270,"texture":"#2"},"east":{"uv":[0,0,2.5,0],"rotation":90,"texture":"#2"},"south":{"uv":[4,8.75,6.5,7.25],"rotation":90,"texture":"#2"},"west":{"uv":[0,0,2.5,0],"rotation":90,"texture":"#2"},"up":{"uv":[0,1.5,0,0],"rotation":90,"texture":"#2"},"down":{"uv":[0,1.5,0,0],"rotation":90,"texture":"#2"}}},{"from":[12,-3,7],"to":[15,4,10],"rotation":{"angle":-22.5,"axis":"z","origin":[15,4,9]},"faces":{"north":{"uv":[10.5,3.5,12.25,2.75],"rotation":270,"texture":"#2"},"east":{"uv":[13,2.25,11.25,1.5],"rotation":90,"texture":"#2"},"south":{"uv":[11.25,0.75,13,0],"rotation":90,"texture":"#2"},"west":{"uv":[13,0.75,11.25,1.5],"rotation":90,"texture":"#2"},"up":{"uv":[12.25,3.5,13,2.75],"rotation":90,"texture":"#2"},"down":{"uv":[0.5,13,1.25,12.25],"rotation":90,"texture":"#2"}}},{"from":[9,-10,9],"to":[15,0,9],"rotation":{"angle":-22.5,"axis":"z","origin":[15,4,9]},"faces":{"north":{"uv":[4,8.75,6.5,7.25],"rotation":270,"texture":"#2"},"east":{"uv":[2.5,0,0,0],"rotation":90,"texture":"#2"},"south":{"uv":[6.5,8.75,4,7.25],"rotation":90,"texture":"#2"},"west":{"uv":[2.5,0,0,0],"rotation":90,"texture":"#2"},"up":{"uv":[0,1.5,0,0],"rotation":90,"texture":"#2"},"down":{"uv":[0,1.5,0,0],"rotation":90,"texture":"#2"}}},{"from":[7.25,17.4,7.5],"to":[12.25,19.4,8.5],"rotation":{"angle":-45,"axis":"z","origin":[12.25,19.4,8.5]},"faces":{"north":{"uv":[11.25,2.75,12.5,2.25],"rotation":180,"texture":"#2"},"east":{"uv":[3.75,10.25,4,9.75],"rotation":180,"texture":"#2"},"south":{"uv":[7.25,12.5,8.5,12],"rotation":180,"texture":"#2"},"west":{"uv":[3.75,9.75,4,9.25],"rotation":180,"texture":"#2"},"up":{"uv":[5.25,8.75,4,9],"rotation":180,"texture":"#2"},"down":{"uv":[6.5,9,5.25,8.75],"rotation":180,"texture":"#2"}}},{"from":[-1.3694,13.31342,8],"to":[12.6306,21.31342,8],"rotation":{"angle":-22.5,"axis":"z","origin":[12.25,19.4,8]},"faces":{"north":{"uv":[7,2,10.5,0],"rotation":180,"texture":"#2"},"east":{"uv":[0,2,0,0],"rotation":180,"texture":"#2"},"south":{"uv":[10.5,2,7,0],"rotation":180,"texture":"#2"},"west":{"uv":[0,2,0,0],"rotation":180,"texture":"#2"},"up":{"uv":[3.5,0,0,0],"rotation":180,"texture":"#2"},"down":{"uv":[3.5,0,0,0],"rotation":180,"texture":"#2"}}},{"from":[-1.3694,13.31342,8.1],"to":[12.6306,21.31342,8.1],"rotation":{"angle":-22.5,"axis":"z","origin":[12.25,19.4,8.1]},"faces":{"north":{"uv":[7,2,10.5,0],"rotation":180,"texture":"#2"},"east":{"uv":[0,2,0,0],"rotation":180,"texture":"#2"},"south":{"uv":[10.5,2,7,0],"rotation":180,"texture":"#2"},"west":{"uv":[0,2,0,0],"rotation":180,"texture":"#2"},"up":{"uv":[3.5,0,0,0],"rotation":180,"texture":"#2"},"down":{"uv":[3.5,0,0,0],"rotation":180,"texture":"#2"}}},{"from":[4.6306,19.31342,7.5],"to":[7.6306,21.31342,8.5],"rotation":{"angle":-22.5,"axis":"z","origin":[12.25,19.4,8.5]},"faces":{"north":{"uv":[12.5,6.25,13.25,5.75],"rotation":180,"texture":"#2"},"east":{"uv":[7.75,13.5,8,13],"rotation":180,"texture":"#2"},"south":{"uv":[12.5,6.75,13.25,6.25],"rotation":180,"texture":"#2"},"west":{"uv":[11.25,10.5,11.5,10],"rotation":180,"texture":"#2"},"up":{"uv":[14,3.5,13.25,3.75],"rotation":180,"texture":"#2"},"down":{"uv":[14,4,13.25,3.75],"rotation":180,"texture":"#2"}}},{"from":[7.25,-2.4,7.5],"to":[12.25,-0.4,8.5],"rotation":{"angle":45,"axis":"z","origin":[12.25,-2.4,8.5]},"faces":{"north":{"uv":[11.25,2.25,12.5,2.75],"rotation":180,"texture":"#2"},"east":{"uv":[3.75,9.75,4,10.25],"rotation":180,"texture":"#2"},"south":{"uv":[7.25,12,8.5,12.5],"rotation":180,"texture":"#2"},"west":{"uv":[3.75,9.25,4,9.75],"rotation":180,"texture":"#2"},"up":{"uv":[6.5,8.75,5.25,9],"rotation":180,"texture":"#2"},"down":{"uv":[5.25,9,4,8.75],"rotation":180,"texture":"#2"}}},{"from":[-1.3694,-4.31342,8],"to":[12.6306,3.68658,8],"rotation":{"angle":22.5,"axis":"z","origin":[12.25,-2.4,8]},"faces":{"north":{"uv":[7,0,10.5,2],"rotation":180,"texture":"#2"},"east":{"uv":[0,0,0,2],"rotation":180,"texture":"#2"},"south":{"uv":[10.5,0,7,2],"rotation":180,"texture":"#2"},"west":{"uv":[0,0,0,2],"rotation":180,"texture":"#2"},"up":{"uv":[3.5,0,0,0],"rotation":180,"texture":"#2"},"down":{"uv":[3.5,0,0,0],"rotation":180,"texture":"#2"}}},{"from":[-1.3694,-4.31342,8.1],"to":[12.6306,3.68658,8.1],"rotation":{"angle":22.5,"axis":"z","origin":[12.25,-2.4,8.1]},"faces":{"north":{"uv":[7,0,10.5,2],"rotation":180,"texture":"#2"},"east":{"uv":[0,0,0,2],"rotation":180,"texture":"#2"},"south":{"uv":[10.5,0,7,2],"rotation":180,"texture":"#2"},"west":{"uv":[0,0,0,2],"rotation":180,"texture":"#2"},"up":{"uv":[3.5,0,0,0],"rotation":180,"texture":"#2"},"down":{"uv":[3.5,0,0,0],"rotation":180,"texture":"#2"}}},{"from":[4.6306,-4.31342,7.5],"to":[7.6306,-2.31342,8.5],"rotation":{"angle":22.5,"axis":"z","origin":[12.25,-2.4,8.5]},"faces":{"north":{"uv":[12.5,5.75,13.25,6.25],"rotation":180,"texture":"#2"},"east":{"uv":[7.75,13,8,13.5],"rotation":180,"texture":"#2"},"south":{"uv":[12.5,6.25,13.25,6.75],"rotation":180,"texture":"#2"},"west":{"uv":[11.25,10,11.5,10.5],"rotation":180,"texture":"#2"},"up":{"uv":[14,3.75,13.25,4],"rotation":180,"texture":"#2"},"down":{"uv":[14,3.75,13.25,3.5],"rotation":180,"texture":"#2"}}},{"from":[14,0,7.5],"to":[16,5,8.5],"rotation":{"angle":0,"axis":"y","origin":[14,5,8.5]},"faces":{"north":{"uv":[12,11,13.25,11.5],"rotation":90,"texture":"#2"},"east":{"uv":[10.25,13,9,13.25],"rotation":270,"texture":"#2"},"south":{"uv":[11.5,12,12.75,12.5],"rotation":270,"texture":"#2"},"west":{"uv":[14.25,9,13,8.75],"rotation":270,"texture":"#2"},"up":{"uv":[5,13.25,5.25,13.75],"rotation":270,"texture":"#2"},"down":{"uv":[5.25,13.25,5.5,13.75],"rotation":270,"texture":"#2"}}},{"from":[15.76118,-1.85403,7.525],"to":[17.76118,1.14597,8.475],"rotation":{"angle":-22.5,"axis":"z","origin":[14,5,8.5]},"faces":{"north":{"uv":[11.5,12.5,12.25,13],"rotation":90,"texture":"#2"},"east":{"uv":[14,4.5,13.25,4.75],"rotation":270,"texture":"#2"},"south":{"uv":[12.25,12.5,13,13],"rotation":270,"texture":"#2"},"west":{"uv":[14,4.5,13.25,4.25],"rotation":270,"texture":"#2"},"up":{"uv":[13.25,5.25,13.5,5.75],"rotation":270,"texture":"#2"},"down":{"uv":[13.25,5.75,13.5,6.25],"rotation":270,"texture":"#2"}}},{"from":[12.76118,-5.85403,8],"to":[17.76118,0.14597,8],"rotation":{"angle":-22.5,"axis":"z","origin":[14,5,8]},"faces":{"north":{"uv":[5.25,9,6.75,10.25],"rotation":90,"texture":"#2"},"east":{"uv":[2.75,0,0,0],"rotation":270,"texture":"#2"},"south":{"uv":[6.75,9,5.25,10.25],"rotation":270,"texture":"#2"},"west":{"uv":[2.75,0,0,0],"rotation":270,"texture":"#2"},"up":{"uv":[0,0,0,1.25],"rotation":270,"texture":"#2"},"down":{"uv":[0,0,0,1.25],"rotation":270,"texture":"#2"}}},{"from":[14,12,7.5],"to":[16,17,8.5],"rotation":{"angle":0,"axis":"y","origin":[14,12,8.5]},"faces":{"north":{"uv":[13.25,11,12,11.5],"rotation":90,"texture":"#2"},"east":{"uv":[9,13,10.25,13.25],"rotation":270,"texture":"#2"},"south":{"uv":[12.75,12,11.5,12.5],"rotation":270,"texture":"#2"},"west":{"uv":[13,9,14.25,8.75],"rotation":270,"texture":"#2"},"up":{"uv":[5.5,13.25,5.25,13.75],"rotation":270,"texture":"#2"},"down":{"uv":[5.25,13.25,5,13.75],"rotation":270,"texture":"#2"}}},{"from":[15.76118,15.85403,7.525],"to":[17.76118,18.85403,8.475],"rotation":{"angle":22.5,"axis":"z","origin":[14,12,8.5]},"faces":{"north":{"uv":[12.25,12.5,11.5,13],"rotation":90,"texture":"#2"},"east":{"uv":[13.25,4.5,14,4.75],"rotation":270,"texture":"#2"},"south":{"uv":[13,12.5,12.25,13],"rotation":270,"texture":"#2"},"west":{"uv":[13.25,4.5,14,4.25],"rotation":270,"texture":"#2"},"up":{"uv":[13.5,5.75,13.25,6.25],"rotation":270,"texture":"#2"},"down":{"uv":[13.5,5.25,13.25,5.75],"rotation":270,"texture":"#2"}}},{"from":[12.76118,16.85403,8],"to":[17.76118,22.85403,8],"rotation":{"angle":22.5,"axis":"z","origin":[14,12,8]},"faces":{"north":{"uv":[6.75,9,5.25,10.25],"rotation":90,"texture":"#2"},"east":{"uv":[0,0,2.75,0],"rotation":270,"texture":"#2"},"south":{"uv":[5.25,9,6.75,10.25],"rotation":270,"texture":"#2"},"west":{"uv":[0,0,2.75,0],"rotation":270,"texture":"#2"},"up":{"uv":[0,0,0,1.25],"rotation":270,"texture":"#2"},"down":{"uv":[0,0,0,1.25],"rotation":270,"texture":"#2"}}},{"from":[12,5,6],"to":[16,12,11],"rotation":{"angle":0,"axis":"y","origin":[14,4,8]},"faces":{"north":{"uv":[9,10.5,10,12.25],"texture":"#2"},"east":{"uv":[7.75,10.25,9,12],"texture":"#2"},"south":{"uv":[10,10.5,11,12.25],"texture":"#2"},"west":{"uv":[0,10.5,1.25,12.25],"texture":"#2"},"up":{"uv":[12.5,6,11.5,4.75],"texture":"#2"},"down":{"uv":[12.5,6,11.5,7.25],"texture":"#2"}}},{"from":[16,7,7],"to":[17,10,10],"rotation":{"angle":-45,"axis":"x","origin":[16.5,8.5,8.5]},"faces":{"north":{"uv":[14.75,13.25,15,14],"texture":"#2"},"east":{"uv":[15.25,13.25,16,14],"texture":"#2"},"south":{"uv":[15,14,15.25,13.25],"texture":"#2"},"west":{"uv":[15.25,13.25,16,14],"texture":"#2"},"up":{"uv":[15,13.25,15.25,14],"texture":"#2"},"down":{"uv":[14.75,13.25,15,14],"texture":"#2"}}},{"from":[1,-6,8.05],"to":[3,23,8.05],"rotation":{"angle":0,"axis":"y","origin":[2,4,7.55]},"faces":{"north":{"uv":[15.5,0,16,7.25],"texture":"#2"},"east":{"uv":[7.75,10.25,9,12],"texture":"#2"},"south":{"uv":[16,0,15.5,7.25],"texture":"#2"},"west":{"uv":[0,10.5,1.25,12.25],"texture":"#2"},"up":{"uv":[12.5,6,11.5,4.75],"texture":"#2"},"down":{"uv":[12.5,6,11.5,7.25],"texture":"#2"}}},{"from":[13,10.4,5.975],"to":[15.85,13.25,11.025],"rotation":{"angle":45,"axis":"z","origin":[14,11.4,8.5]},"faces":{"north":{"uv":[15.25,15.25,16,16],"texture":"#2"},"east":{"uv":[12.75,15.25,14,16],"texture":"#2"},"south":{"uv":[15.25,16,16,15.25],"rotation":180,"texture":"#2"},"west":{"uv":[14,15.25,15.25,16],"texture":"#2"},"up":{"uv":[14.5,14,15.25,15.25],"texture":"#2"},"down":{"uv":[15.25,14,16,15.25],"texture":"#2"}}},{"from":[13,3.75,5.975],"to":[15.85,6.6,11.025],"rotation":{"angle":-45,"axis":"z","origin":[14,5.6,8.5]},"faces":{"north":{"uv":[13.75,15.25,14.5,14.5],"texture":"#2"},"east":{"uv":[12.75,16,14,15.25],"texture":"#2"},"south":{"uv":[13.75,14.5,14.5,15.25],"rotation":180,"texture":"#2"},"west":{"uv":[14,16,15.25,15.25],"texture":"#2"},"up":{"uv":[15.25,15.25,16,14],"texture":"#2"},"down":{"uv":[14.5,15.25,15.25,14],"texture":"#2"}}},{"from":[6,5,8],"to":[14,13,8],"rotation":{"angle":0,"axis":"y","origin":[13,9,8]},"faces":{"north":{"uv":[0,7.25,2,9.25],"rotation":270,"texture":"#2"},"east":{"uv":[2,0,0,0],"rotation":90,"texture":"#2"},"south":{"uv":[2,7.25,0,9.25],"rotation":90,"texture":"#2"},"west":{"uv":[2,0,0,0],"rotation":90,"texture":"#2"},"up":{"uv":[0,0,0,2],"rotation":90,"texture":"#2"},"down":{"uv":[0,0,0,2],"rotation":90,"texture":"#2"}}},{"from":[11.29289,7.29289,6.975],"to":[13.29289,9.29289,9.025],"rotation":{"angle":-45,"axis":"z","origin":[13,9,8]},"faces":{"north":{"uv":[12,13,12.5,13.5],"rotation":270,"texture":"#2"},"east":{"uv":[1.75,13.75,1.25,13.25],"rotation":90,"texture":"#2"},"south":{"uv":[13,12.5,13.5,13],"rotation":90,"texture":"#2"},"west":{"uv":[2.25,13.25,1.75,13.75],"rotation":90,"texture":"#2"},"up":{"uv":[13,13,13.5,13.5],"rotation":90,"texture":"#2"},"down":{"uv":[12.5,13,13,13.5],"rotation":90,"texture":"#2"}}},{"from":[-7,-2,8.9],"to":[21,27,8.9],"rotation":{"angle":0,"axis":"y","origin":[2,1,8.9]},"faces":{"north":{"uv":[0,0,7,7.25],"texture":"#1"},"east":{"uv":[0,0,0,7.25],"texture":"#1"},"south":{"uv":[7,0,0,7.25],"texture":"#1"},"west":{"uv":[0,0,0,7.25],"texture":"#1"},"up":{"uv":[7,0,0,0],"texture":"#1"},"down":{"uv":[7,0,0,0],"texture":"#1"}}},{"from":[-4,-16,7.9],"to":[16,13,7.9],"rotation":{"angle":0,"axis":"y","origin":[5,-13,7.9]},"faces":{"north":{"uv":[2.5,0,7.5,7.25],"texture":"#1"},"east":{"uv":[0,0,0,7.25],"texture":"#1"},"south":{"uv":[7.5,0,2.5,7.25],"texture":"#1"},"west":{"uv":[0,0,0,7.25],"texture":"#1"},"up":{"uv":[7,0,0,0],"texture":"#1"},"down":{"uv":[7,0,0,0],"texture":"#1"}}},{"from":[-1,9,4.5],"to":[21,9,12.5],"rotation":{"angle":-45,"axis":"x","origin":[6,9,8.5]},"faces":{"north":{"uv":[0,0,0,2],"rotation":270,"texture":"#2"},"east":{"uv":[2,0,0,0],"texture":"#2"},"south":{"uv":[0,0,0,2],"rotation":90,"texture":"#2"},"west":{"uv":[2,0,0,0],"rotation":180,"texture":"#2"},"up":{"uv":[0,14,5.5,16],"rotation":180,"texture":"#2"},"down":{"uv":[0,16,5.5,14],"rotation":180,"texture":"#2"}}},{"from":[-1,5,8.5],"to":[21,13,8.5],"rotation":{"angle":-45,"axis":"x","origin":[6,9,8.5]},"faces":{"north":{"uv":[0,14,5.5,16],"texture":"#2"},"east":{"uv":[2,0,0,0],"rotation":90,"texture":"#2"},"south":{"uv":[5.5,14,0,16],"texture":"#2"},"west":{"uv":[2,0,0,0],"rotation":90,"texture":"#2"},"up":{"uv":[0,0,0,2],"rotation":90,"texture":"#2"},"down":{"uv":[0,0,0,2],"rotation":90,"texture":"#2"}}}],"gui_light":"front","display":{"thirdperson_righthand":{"rotation":[0,90,0],"translation":[-0.75,-2.25,3.75],"scale":[0.5707,0.5707,0.5707]},"thirdperson_lefthand":{"rotation":[0,-90,0],"translation":[-0.75,-2.25,3.75],"scale":[0.5707,0.5707,0.5707]},"firstperson_righthand":{"rotation":[27,90,-9],"translation":[9,8,-7.5],"scale":[0.54883,0.54883,0.54883]},"firstperson_lefthand":{"rotation":[-135,90,-9],"translation":[9,8,-7.5],"scale":[0.54883,0.54883,0.54883]},"ground":{"rotation":[90,0,90],"translation":[0.25,6,0],"scale":[0.45,0.45,0.45]},"gui":{"rotation":[33,19,135],"translation":[0,0.75,-1.5],"scale":[0.47657,0.47657,0.47657]},"head":{"scale":[0,0,0]},"fixed":{"translation":[-0.25,0,-4],"scale":[1.4,1.4,1.4]}},"groups":[{"name":"bone","origin":[8,0,8],"color":0,"children":[{"name":"group","origin":[12,-3,9],"color":0,"children":[0,1]},{"name":"group","origin":[12,-3,9],"color":0,"children":[2,3]},{"name":"group","origin":[10,1,9],"color":0,"children":[4,{"name":"group","origin":[10,-1,9],"color":0,"children":[5,6,7]}]},{"name":"group","origin":[10,1,9],"color":0,"children":[8,{"name":"group","origin":[10,-1,9],"color":0,"children":[9,10,11]}]},{"name":"group","origin":[10,1,9],"color":0,"children":[12,{"name":"group","origin":[-1,6,9],"color":0,"children":[13,14]}]},{"name":"group","origin":[10,1,9],"color":0,"children":[15,{"name":"group","origin":[-1,6,9],"color":0,"children":[16,17]}]},{"name":"group","origin":[8,1.6,8.5],"color":0,"children":[18,19,20,21,22]},{"name":"group","origin":[8,-10,8],"color":0,"children":[23,24]},{"name":"animation","origin":[6,6,8.5],"color":0,"children":[25,26]},{"name":"arrow","origin":[-9,9,8],"color":0,"children":[27,28]}]}],"mcmodels":"2b417193923f3efe16004df9c36c7e88"}