{"credit":"Made with Blockbench","texture_size":[64,64],"textures":{"1":"elitecreatures:broodmother_assortment_weapon/spid_animation_texture","2":"elitecreatures:broodmother_assortment_weapon/spid_dagger_texture","particle":"elitecreatures:broodmother_assortment_weapon/spid_animation_texture"},"elements":[{"from":[6,1,6],"to":[10,8,11],"rotation":{"angle":0,"axis":"y","origin":[8,0,8]},"faces":{"north":{"uv":[9,10.5,10,12.25],"texture":"#2"},"east":{"uv":[7.75,10.25,9,12],"texture":"#2"},"south":{"uv":[10,10.5,11,12.25],"texture":"#2"},"west":{"uv":[0,10.5,1.25,12.25],"texture":"#2"},"up":{"uv":[12.5,6,11.5,4.75],"texture":"#2"},"down":{"uv":[12.5,6,11.5,7.25],"texture":"#2"}}},{"from":[7,6.4,5.975],"to":[9.85,9.25,11.025],"rotation":{"angle":45,"axis":"z","origin":[8,7.4,8.5]},"faces":{"north":{"uv":[15.25,15.25,16,16],"texture":"#2"},"east":{"uv":[12.75,15.25,14,16],"texture":"#2"},"south":{"uv":[15.25,16,16,15.25],"rotation":180,"texture":"#2"},"west":{"uv":[14,15.25,15.25,16],"texture":"#2"},"up":{"uv":[14.5,14,15.25,15.25],"texture":"#2"},"down":{"uv":[15.25,14,16,15.25],"texture":"#2"}}},{"from":[7,-0.25,5.975],"to":[9.85,2.6,11.025],"rotation":{"angle":-45,"axis":"z","origin":[8,1.6,8.5]},"faces":{"north":{"uv":[13.75,15.25,14.5,14.5],"texture":"#2"},"east":{"uv":[12.75,16,14,15.25],"texture":"#2"},"south":{"uv":[13.75,14.5,14.5,15.25],"rotation":180,"texture":"#2"},"west":{"uv":[14,16,15.25,15.25],"texture":"#2"},"up":{"uv":[15.25,15.25,16,14],"texture":"#2"},"down":{"uv":[14.5,15.25,15.25,14],"texture":"#2"}}},{"from":[0,3,8.5],"to":[16,32,8.5],"rotation":{"angle":0,"axis":"y","origin":[9,6,8.5]},"faces":{"north":{"uv":[4,0,0,7.25],"texture":"#2"},"east":{"uv":[0,0,0,7.25],"texture":"#2"},"south":{"uv":[0,0,4,7.25],"texture":"#2"},"west":{"uv":[0,0,0,7.25],"texture":"#2"},"up":{"uv":[3.5,0,0,0],"texture":"#2"},"down":{"uv":[3.5,0,0,0],"texture":"#2"}}},{"from":[0,2,7.5],"to":[16,16,7.5],"rotation":{"angle":0,"axis":"y","origin":[9,5,7.5]},"faces":{"north":{"uv":[4,3.75,8,7.25],"texture":"#2"},"east":{"uv":[0,0,0,7.25],"texture":"#2"},"south":{"uv":[8,3.75,4,7.25],"texture":"#2"},"west":{"uv":[0,0,0,7.25],"texture":"#2"},"up":{"uv":[3.5,0,0,0],"texture":"#2"},"down":{"uv":[3.5,0,0,0],"texture":"#2"}}},{"from":[0,3,9.5],"to":[16,17,9.5],"rotation":{"angle":0,"axis":"y","origin":[9,6,9.5]},"faces":{"north":{"uv":[4,3.75,8,7.25],"texture":"#2"},"east":{"uv":[0,0,0,7.25],"texture":"#2"},"south":{"uv":[8,3.75,4,7.25],"texture":"#2"},"west":{"uv":[0,0,0,7.25],"texture":"#2"},"up":{"uv":[3.5,0,0,0],"texture":"#2"},"down":{"uv":[3.5,0,0,0],"texture":"#2"}}},{"from":[4,-16,8],"to":[12,-8,8],"rotation":{"angle":0,"axis":"y","origin":[8,-13,8]},"faces":{"north":{"uv":[0,7.25,2,9.25],"texture":"#2"},"east":{"uv":[0,0,0,2],"texture":"#2"},"south":{"uv":[2,7.25,0,9.25],"texture":"#2"},"west":{"uv":[0,0,0,2],"texture":"#2"},"up":{"uv":[2,0,0,0],"texture":"#2"},"down":{"uv":[2,0,0,0],"texture":"#2"}}},{"from":[7,-10,7],"to":[9,-2,9],"rotation":{"angle":0,"axis":"y","origin":[8,-11,8]},"faces":{"north":{"uv":[11.5,10,12,12],"texture":"#2"},"east":{"uv":[2.5,12,3,14],"texture":"#2"},"south":{"uv":[3,12,3.5,14],"texture":"#2"},"west":{"uv":[3.5,12,4,14],"texture":"#2"},"up":{"uv":[12,13.5,11.5,13],"texture":"#2"},"down":{"uv":[13.5,11.5,13,12],"texture":"#2"}}},{"from":[6,-2,7],"to":[10,1,9],"rotation":{"angle":0,"axis":"y","origin":[8,-8,8]},"faces":{"north":{"uv":[5.25,12,6.25,12.75],"texture":"#2"},"east":{"uv":[13,2.75,13.5,3.5],"texture":"#2"},"south":{"uv":[6.25,12,7.25,12.75],"texture":"#2"},"west":{"uv":[7.25,13,7.75,13.75],"texture":"#2"},"up":{"uv":[13.25,10,12.25,9.5],"texture":"#2"},"down":{"uv":[13.5,2.25,12.5,2.75],"texture":"#2"}}},{"from":[7,-11,6.975],"to":[9,-9,9.025],"rotation":{"angle":-45,"axis":"z","origin":[8,-10,8]},"faces":{"north":{"uv":[12,13,12.5,13.5],"texture":"#2"},"east":{"uv":[12.5,13,13,13.5],"texture":"#2"},"south":{"uv":[13,12.5,13.5,13],"texture":"#2"},"west":{"uv":[13,13,13.5,13.5],"texture":"#2"},"up":{"uv":[1.75,13.75,1.25,13.25],"texture":"#2"},"down":{"uv":[2.25,13.25,1.75,13.75],"texture":"#2"}}},{"from":[-16,-4,9],"to":[12,25,9],"rotation":{"angle":0,"axis":"y","origin":[-7,-1,9]},"faces":{"north":{"uv":[0,0,7,7.25],"texture":"#1"},"east":{"uv":[0,0,0,7.25],"texture":"#missing"},"south":{"uv":[7,0,0,7.25],"texture":"#1"},"west":{"uv":[0,0,0,7.25],"texture":"#missing"},"up":{"uv":[7,0,0,0],"texture":"#missing"},"down":{"uv":[7,0,0,0],"texture":"#missing"}}},{"from":[-12,-16,8],"to":[8,13,8],"rotation":{"angle":0,"axis":"y","origin":[-3,-13,8]},"faces":{"north":{"uv":[2.5,0,7.5,7.25],"texture":"#1"},"east":{"uv":[0,0,0,7.25],"texture":"#missing"},"south":{"uv":[7.5,0,2.5,7.25],"texture":"#1"},"west":{"uv":[0,0,0,7.25],"texture":"#missing"},"up":{"uv":[7,0,0,0],"texture":"#missing"},"down":{"uv":[7,0,0,0],"texture":"#missing"}}}],"gui_light":"front","display":{"thirdperson_righthand":{"rotation":[0,90,0],"translation":[0,5.25,2.25],"scale":[0.55508,0.55508,0.55508]},"thirdperson_lefthand":{"rotation":[0,-90,0],"translation":[0,5.25,2.25],"scale":[0.55508,0.55508,0.55508]},"firstperson_righthand":{"rotation":[-10,90,2],"translation":[6,4,-4.25],"scale":[0.43789,0.43789,0.43789]},"firstperson_lefthand":{"rotation":[-10,-90,2],"translation":[6,4,-4.25],"scale":[0.43789,0.43789,0.43789]},"ground":{"rotation":[90,0,90],"translation":[-1.75,6,0],"scale":[0.45,0.45,0.45]},"gui":{"rotation":[180,0,135],"translation":[-1.5,0.25,-1.5],"scale":[0.40625,0.40625,0.40625]},"head":{"scale":[0,0,0]},"fixed":{"translation":[0,6,-3.5],"scale":[1.2,1.2,1.2]}},"groups":[{"name":"bone","origin":[8,0,8],"color":0,"children":[{"name":"group","origin":[12,-3,9],"color":0,"children":[]},{"name":"group","origin":[12,-3,9],"color":0,"children":[]},0,1,2,{"name":"group","origin":[8,11,8],"color":0,"children":[3,4,5]},6,7,8,9,{"name":"animation","origin":[6,6,8.5],"color":0,"children":[10,11]}]}],"mcmodels":"2b417193923f3efe16004df9c36c7e88"}