{"credit":"Made with Blockbench","texture_size":[64,64],"textures":{"1":"elitecreatures:broodmother_assortment_weapon/spid_animation_texture","2":"elitecreatures:broodmother_assortment_weapon/spid_shield_texture","particle":"elitecreatures:broodmother_assortment_weapon/spid_animation_texture"},"elements":[{"from":[10,13,7],"to":[17,16,10],"rotation":{"angle":0,"axis":"y","origin":[10,13,9]},"faces":{"north":{"uv":[10.5,2.75,12.25,3.5],"texture":"#2"},"east":{"uv":[0.5,12.25,1.25,13],"texture":"#2"},"south":{"uv":[11.25,0,13,0.75],"texture":"#2"},"west":{"uv":[12.25,2.75,13,3.5],"texture":"#2"},"up":{"uv":[13,1.5,11.25,0.75],"texture":"#2"},"down":{"uv":[13,1.5,11.25,2.25],"texture":"#2"}}},{"from":[14,13,9],"to":[24,19,9],"rotation":{"angle":0,"axis":"y","origin":[10,13,9]},"faces":{"north":{"uv":[4,7.25,6.5,8.75],"texture":"#2"},"east":{"uv":[0,0,0,1.5],"texture":"#2"},"south":{"uv":[6.5,7.25,4,8.75],"texture":"#2"},"west":{"uv":[0,0,0,1.5],"texture":"#2"},"up":{"uv":[2.5,0,0,0],"texture":"#2"},"down":{"uv":[2.5,0,0,0],"texture":"#2"}}},{"from":[6.5,12,10],"to":[9.5,15,17],"rotation":{"angle":45,"axis":"x","origin":[8.5,15,10]},"faces":{"north":{"uv":[13,2.75,12.25,3.5],"texture":"#2"},"east":{"uv":[13,0,11.25,0.75],"texture":"#2"},"south":{"uv":[1.25,12.25,0.5,13],"texture":"#2"},"west":{"uv":[12.25,2.75,10.5,3.5],"texture":"#2"},"up":{"uv":[11.25,1.5,13,0.75],"rotation":270,"texture":"#2"},"down":{"uv":[11.25,1.5,13,2.25],"rotation":90,"texture":"#2"}}},{"from":[6.5,-3,10],"to":[9.5,0,17],"rotation":{"angle":-45,"axis":"x","origin":[8.5,-3,10]},"faces":{"north":{"uv":[13,3.5,12.25,2.75],"texture":"#2"},"east":{"uv":[13,0.75,11.25,0],"texture":"#2"},"south":{"uv":[1.25,13,0.5,12.25],"texture":"#2"},"west":{"uv":[12.25,3.5,10.5,2.75],"texture":"#2"},"up":{"uv":[13,1.5,11.25,2.25],"rotation":90,"texture":"#2"},"down":{"uv":[13,1.5,11.25,0.75],"rotation":270,"texture":"#2"}}},{"from":[-1,13,7],"to":[6,16,10],"rotation":{"angle":0,"axis":"y","origin":[6,13,9]},"faces":{"north":{"uv":[12.25,2.75,10.5,3.5],"texture":"#2"},"east":{"uv":[13,2.75,12.25,3.5],"texture":"#2"},"south":{"uv":[13,0,11.25,0.75],"texture":"#2"},"west":{"uv":[1.25,12.25,0.5,13],"texture":"#2"},"up":{"uv":[11.25,1.5,13,0.75],"texture":"#2"},"down":{"uv":[11.25,1.5,13,2.25],"texture":"#2"}}},{"from":[-8,13,9],"to":[2,19,9],"rotation":{"angle":0,"axis":"y","origin":[6,13,9]},"faces":{"north":{"uv":[6.5,7.25,4,8.75],"texture":"#2"},"east":{"uv":[0,0,0,1.5],"texture":"#2"},"south":{"uv":[4,7.25,6.5,8.75],"texture":"#2"},"west":{"uv":[0,0,0,1.5],"texture":"#2"},"up":{"uv":[0,0,2.5,0],"texture":"#2"},"down":{"uv":[0,0,2.5,0],"texture":"#2"}}},{"from":[15,10,8],"to":[20,12,9],"rotation":{"angle":-22.5,"axis":"z","origin":[15,12,9]},"faces":{"north":{"uv":[11.25,2.25,12.5,2.75],"texture":"#2"},"east":{"uv":[3.75,9.25,4,9.75],"texture":"#2"},"south":{"uv":[7.25,12,8.5,12.5],"texture":"#2"},"west":{"uv":[3.75,9.75,4,10.25],"texture":"#2"},"up":{"uv":[5.25,9,4,8.75],"texture":"#2"},"down":{"uv":[6.5,8.75,5.25,9],"texture":"#2"}}},{"from":[14.6194,5.91342,8.45],"to":[28.6194,13.91342,8.45],"rotation":{"angle":-45,"axis":"z","origin":[15,12,8.45]},"faces":{"north":{"uv":[7,0,10.5,2],"texture":"#2"},"east":{"uv":[0,0,0,2],"texture":"#2"},"south":{"uv":[10.5,0,7,2],"texture":"#2"},"west":{"uv":[0,0,0,2],"texture":"#2"},"up":{"uv":[3.5,0,0,0],"texture":"#2"},"down":{"uv":[3.5,0,0,0],"texture":"#2"}}},{"from":[19.6194,11.91342,8],"to":[22.6194,13.91342,9],"rotation":{"angle":-45,"axis":"z","origin":[15,12,9]},"faces":{"north":{"uv":[12.5,5.75,13.25,6.25],"texture":"#2"},"east":{"uv":[11.25,10,11.5,10.5],"texture":"#2"},"south":{"uv":[12.5,6.25,13.25,6.75],"texture":"#2"},"west":{"uv":[7.75,13,8,13.5],"texture":"#2"},"up":{"uv":[14,3.75,13.25,3.5],"texture":"#2"},"down":{"uv":[14,3.75,13.25,4],"texture":"#2"}}},{"from":[-4,10,8],"to":[1,12,9],"rotation":{"angle":22.5,"axis":"z","origin":[1,12,9]},"faces":{"north":{"uv":[12.5,2.25,11.25,2.75],"texture":"#2"},"east":{"uv":[4,9.75,3.75,10.25],"texture":"#2"},"south":{"uv":[8.5,12,7.25,12.5],"texture":"#2"},"west":{"uv":[4,9.25,3.75,9.75],"texture":"#2"},"up":{"uv":[4,9,5.25,8.75],"texture":"#2"},"down":{"uv":[5.25,8.75,6.5,9],"texture":"#2"}}},{"from":[-12.6194,5.91342,8.45],"to":[1.3806,13.91342,8.45],"rotation":{"angle":45,"axis":"z","origin":[1,12,8.45]},"faces":{"north":{"uv":[10.5,0,7,2],"texture":"#2"},"east":{"uv":[0,0,0,2],"texture":"#2"},"south":{"uv":[7,0,10.5,2],"texture":"#2"},"west":{"uv":[0,0,0,2],"texture":"#2"},"up":{"uv":[0,0,3.5,0],"texture":"#2"},"down":{"uv":[0,0,3.5,0],"texture":"#2"}}},{"from":[-6.6194,11.91342,8],"to":[-3.6194,13.91342,9],"rotation":{"angle":45,"axis":"z","origin":[1,12,9]},"faces":{"north":{"uv":[13.25,5.75,12.5,6.25],"texture":"#2"},"east":{"uv":[8,13,7.75,13.5],"texture":"#2"},"south":{"uv":[13.25,6.25,12.5,6.75],"texture":"#2"},"west":{"uv":[11.5,10,11.25,10.5],"texture":"#2"},"up":{"uv":[13.25,3.75,14,3.5],"texture":"#2"},"down":{"uv":[13.25,3.75,14,4],"texture":"#2"}}},{"from":[14,3,8],"to":[19,5,9],"rotation":{"angle":-45,"axis":"z","origin":[14,5,9]},"faces":{"north":{"uv":[11.25,2.25,12.5,2.75],"texture":"#2"},"east":{"uv":[3.75,9.25,4,9.75],"texture":"#2"},"south":{"uv":[7.25,12,8.5,12.5],"texture":"#2"},"west":{"uv":[3.75,9.75,4,10.25],"texture":"#2"},"up":{"uv":[5.25,9,4,8.75],"texture":"#2"},"down":{"uv":[6.5,8.75,5.25,9],"texture":"#2"}}},{"from":[7.91342,-8.6194,8.45],"to":[15.91342,5.3806,8.45],"rotation":{"angle":22.5,"axis":"z","origin":[14,5,8.45]},"faces":{"north":{"uv":[7,0,10.5,2],"rotation":270,"texture":"#2"},"east":{"uv":[3.5,0,0,0],"rotation":90,"texture":"#2"},"south":{"uv":[10.5,0,7,2],"rotation":90,"texture":"#2"},"west":{"uv":[3.5,0,0,0],"rotation":90,"texture":"#2"},"up":{"uv":[0,0,0,2],"rotation":90,"texture":"#2"},"down":{"uv":[0,0,0,2],"rotation":90,"texture":"#2"}}},{"from":[13.91342,-2.6194,8],"to":[15.91342,0.3806,9],"rotation":{"angle":22.5,"axis":"z","origin":[14,5,9]},"faces":{"north":{"uv":[12.5,5.75,13.25,6.25],"rotation":270,"texture":"#2"},"east":{"uv":[14,3.75,13.25,3.5],"rotation":90,"texture":"#2"},"south":{"uv":[12.5,6.25,13.25,6.75],"rotation":90,"texture":"#2"},"west":{"uv":[14,3.75,13.25,4],"rotation":90,"texture":"#2"},"up":{"uv":[7.75,13,8,13.5],"rotation":90,"texture":"#2"},"down":{"uv":[11.25,10,11.5,10.5],"rotation":90,"texture":"#2"}}},{"from":[-3,3,8],"to":[2,5,9],"rotation":{"angle":45,"axis":"z","origin":[2,5,9]},"faces":{"north":{"uv":[12.5,2.25,11.25,2.75],"texture":"#2"},"east":{"uv":[4,9.75,3.75,10.25],"texture":"#2"},"south":{"uv":[8.5,12,7.25,12.5],"texture":"#2"},"west":{"uv":[4,9.25,3.75,9.75],"texture":"#2"},"up":{"uv":[4,9,5.25,8.75],"texture":"#2"},"down":{"uv":[5.25,8.75,6.5,9],"texture":"#2"}}},{"from":[0.08658,-8.6194,8.45],"to":[8.08658,5.3806,8.45],"rotation":{"angle":-22.5,"axis":"z","origin":[2,5,8.45]},"faces":{"north":{"uv":[7,2,10.5,0],"rotation":270,"texture":"#2"},"east":{"uv":[3.5,0,0,0],"rotation":90,"texture":"#2"},"south":{"uv":[10.5,2,7,0],"rotation":90,"texture":"#2"},"west":{"uv":[3.5,0,0,0],"rotation":90,"texture":"#2"},"up":{"uv":[0,2,0,0],"rotation":90,"texture":"#2"},"down":{"uv":[0,2,0,0],"rotation":90,"texture":"#2"}}},{"from":[0.08658,-2.6194,8],"to":[2.08658,0.3806,9],"rotation":{"angle":-22.5,"axis":"z","origin":[2,5,9]},"faces":{"north":{"uv":[12.5,6.25,13.25,5.75],"rotation":270,"texture":"#2"},"east":{"uv":[14,4,13.25,3.75],"rotation":90,"texture":"#2"},"south":{"uv":[12.5,6.75,13.25,6.25],"rotation":90,"texture":"#2"},"west":{"uv":[14,3.5,13.25,3.75],"rotation":90,"texture":"#2"},"up":{"uv":[7.75,13.5,8,13],"rotation":90,"texture":"#2"},"down":{"uv":[11.25,10.5,11.5,10],"rotation":90,"texture":"#2"}}},{"from":[6,13,6],"to":[10,20,11],"rotation":{"angle":0,"axis":"y","origin":[8,12,8]},"faces":{"north":{"uv":[9,10.5,10,12.25],"texture":"#2"},"east":{"uv":[7.75,10.25,9,12],"texture":"#2"},"south":{"uv":[10,10.5,11,12.25],"texture":"#2"},"west":{"uv":[0,10.5,1.25,12.25],"texture":"#2"},"up":{"uv":[12.5,6,11.5,4.75],"texture":"#2"},"down":{"uv":[12.5,6,11.5,7.25],"texture":"#2"}}},{"from":[1,2,7],"to":[15,13,10],"rotation":{"angle":0,"axis":"y","origin":[8,5,8]},"faces":{"north":{"uv":[0,0,3.5,2.75],"texture":"#2"},"east":{"uv":[4.25,0,3.5,2.75],"texture":"#2"},"south":{"uv":[3.5,0,0,2.75],"texture":"#2"},"west":{"uv":[3.5,0,4.25,2.75],"texture":"#2"},"up":{"uv":[12.5,6,11.5,4.75],"texture":"#2"},"down":{"uv":[12.5,6,11.5,7.25],"texture":"#2"}}},{"from":[3,-2.9,7.025],"to":[12.925,7,9.975],"rotation":{"angle":-45,"axis":"z","origin":[8,2,8.5]},"faces":{"north":{"uv":[0.025,2.775,2.50625,5.25],"texture":"#2"},"east":{"uv":[2.525,3.4875,5,2.75],"rotation":90,"texture":"#2"},"south":{"uv":[0.025,2.775,2.5,5.25625],"rotation":270,"texture":"#2"},"west":{"uv":[0,10.5,1.25,12.25],"texture":"#2"},"up":{"uv":[12.5,6,11.5,4.75],"texture":"#2"},"down":{"uv":[2.5,2.75,4.98125,3.4875],"texture":"#2"}}},{"from":[7,18.4,5.975],"to":[9.85,21.25,11.025],"rotation":{"angle":45,"axis":"z","origin":[8,19.4,8.5]},"faces":{"north":{"uv":[15.25,15.25,16,16],"texture":"#2"},"east":{"uv":[12.75,15.25,14,16],"texture":"#2"},"south":{"uv":[15.25,16,16,15.25],"rotation":180,"texture":"#2"},"west":{"uv":[14,15.25,15.25,16],"texture":"#2"},"up":{"uv":[14.5,14,15.25,15.25],"texture":"#2"},"down":{"uv":[15.25,14,16,15.25],"texture":"#2"}}},{"from":[7,11.75,5.975],"to":[9.85,14.6,11.025],"rotation":{"angle":-45,"axis":"z","origin":[8,13.6,8.5]},"faces":{"north":{"uv":[13.75,15.25,14.5,14.5],"texture":"#2"},"east":{"uv":[12.75,16,14,15.25],"texture":"#2"},"south":{"uv":[13.75,14.5,14.5,15.25],"rotation":180,"texture":"#2"},"west":{"uv":[14,16,15.25,15.25],"texture":"#2"},"up":{"uv":[15.25,15.25,16,14],"texture":"#2"},"down":{"uv":[14.5,15.25,15.25,14],"texture":"#2"}}},{"from":[0,14,7.5],"to":[16,28,7.5],"rotation":{"angle":0,"axis":"y","origin":[9,17,7.5]},"faces":{"north":{"uv":[4,3.75,8,7.25],"texture":"#2"},"east":{"uv":[0,0,0,7.25],"texture":"#2"},"south":{"uv":[8,3.75,4,7.25],"texture":"#2"},"west":{"uv":[0,0,0,7.25],"texture":"#2"},"up":{"uv":[3.5,0,0,0],"texture":"#2"},"down":{"uv":[3.5,0,0,0],"texture":"#2"}}},{"from":[0,15,9.5],"to":[16,29,9.5],"rotation":{"angle":0,"axis":"y","origin":[9,18,9.5]},"faces":{"north":{"uv":[4,3.75,8,7.25],"texture":"#2"},"east":{"uv":[0,0,0,7.25],"texture":"#2"},"south":{"uv":[8,3.75,4,7.25],"texture":"#2"},"west":{"uv":[0,0,0,7.25],"texture":"#2"},"up":{"uv":[3.5,0,0,0],"texture":"#2"},"down":{"uv":[3.5,0,0,0],"texture":"#2"}}},{"from":[7,2,13],"to":[9,10,15],"rotation":{"angle":0,"axis":"y","origin":[8,1,14]},"faces":{"north":{"uv":[11.5,10,12,12],"texture":"#2"},"east":{"uv":[2.5,12,3,14],"texture":"#2"},"south":{"uv":[3,12,3.5,14],"texture":"#2"},"west":{"uv":[3.5,12,4,14],"texture":"#2"},"up":{"uv":[12,13.5,11.5,13],"texture":"#2"},"down":{"uv":[13.5,11.5,13,12],"texture":"#2"}}},{"from":[7,1,12.975],"to":[9,3,15.025],"rotation":{"angle":-45,"axis":"z","origin":[8,2,14]},"faces":{"north":{"uv":[12,13,12.5,13.5],"texture":"#2"},"east":{"uv":[12.5,13,13,13.5],"texture":"#2"},"south":{"uv":[13,12.5,13.5,13],"texture":"#2"},"west":{"uv":[13,13,13.5,13.5],"texture":"#2"},"up":{"uv":[1.75,13.75,1.25,13.25],"texture":"#2"},"down":{"uv":[2.25,13.25,1.75,13.75],"texture":"#2"}}},{"from":[4,-7,9],"to":[12,1,9],"rotation":{"angle":0,"axis":"y","origin":[8,-4,9]},"faces":{"north":{"uv":[0,7.25,2,9.25],"texture":"#2"},"east":{"uv":[0,0,0,2],"texture":"#2"},"south":{"uv":[2,7.25,0,9.25],"texture":"#2"},"west":{"uv":[0,0,0,2],"texture":"#2"},"up":{"uv":[2,0,0,0],"texture":"#2"},"down":{"uv":[2,0,0,0],"texture":"#2"}}},{"from":[-14,-12,8.9],"to":[14,17,8.9],"rotation":{"angle":0,"axis":"y","origin":[-5,-9,8.9]},"faces":{"north":{"uv":[0,0,7,7.25],"texture":"#1"},"east":{"uv":[0,0,0,7.25],"texture":"#missing"},"south":{"uv":[7,0,0,7.25],"texture":"#1"},"west":{"uv":[0,0,0,7.25],"texture":"#missing"},"up":{"uv":[7,0,0,0],"texture":"#missing"},"down":{"uv":[7,0,0,0],"texture":"#missing"}}},{"from":[8,-11,7.9],"to":[28,18,7.9],"rotation":{"angle":0,"axis":"y","origin":[19,-8,7.9]},"faces":{"north":{"uv":[7.5,0,2.5,7.25],"texture":"#1"},"east":{"uv":[0,0,0,7.25],"texture":"#missing"},"south":{"uv":[2.5,0,7.5,7.25],"texture":"#1"},"west":{"uv":[0,0,0,7.25],"texture":"#missing"},"up":{"uv":[0,0,7,0],"texture":"#missing"},"down":{"uv":[0,0,7,0],"texture":"#missing"}}}],"gui_light":"front","display":{"thirdperson_righthand":{"rotation":[36.67,-43.62,-22.38],"translation":[2.75,1,-0.75],"scale":[0.6,0.6,0.6]},"thirdperson_lefthand":{"rotation":[36.67,-43.62,-22.38],"translation":[2.75,1,-0.75],"scale":[0.6,0.6,0.6]},"firstperson_righthand":{"rotation":[17,17,0],"translation":[-7.25,4.5,1.75],"scale":[0.49258,0.49258,0.49258]},"firstperson_lefthand":{"rotation":[17,17,0],"translation":[-7.25,4.5,1.75],"scale":[0.49258,0.49258,0.49258]},"ground":{"rotation":[45,0,0],"translation":[0,9,0],"scale":[0.55,0.55,0.55]},"gui":{"rotation":[157.23,35.95,-152.35],"translation":[-0.25,0,-1.5],"scale":[0.53125,0.53125,0.53125]},"head":{"scale":[0,0,0]},"fixed":{"translation":[0,0,-12.5],"scale":[1.8,1.8,1.8]}},"groups":[{"name":"bone","origin":[8,0,8],"color":0,"children":[{"name":"group","origin":[12,-3,9],"color":0,"children":[0,1]},2,3,{"name":"group","origin":[12,-3,9],"color":0,"children":[4,5]},{"name":"group","origin":[10,1,9],"color":0,"children":[6,{"name":"group","origin":[10,-1,9],"color":0,"children":[7,8]}]},{"name":"group","origin":[10,1,9],"color":0,"children":[9,{"name":"group","origin":[10,-1,9],"color":0,"children":[10,11]}]},{"name":"group","origin":[10,1,9],"color":0,"children":[12,{"name":"group","origin":[10,-1,9],"color":0,"children":[13,14]}]},{"name":"group","origin":[10,1,9],"color":0,"children":[15,{"name":"group","origin":[10,-1,9],"color":0,"children":[16,17]}]},18,19,20,21,22,{"name":"group","origin":[8,11,8],"color":0,"children":[23,24]},{"name":"group","origin":[8,-1,8],"color":0,"children":[25,26,27]},{"name":"animation","origin":[6,6,8.5],"color":0,"children":[28,29]}]}],"mcmodels":"2b417193923f3efe16004df9c36c7e88"}