{"credit":"Made with Blockbench","texture_size":[64,64],"textures":{"1":"elitecreatures:broodmother_assortment_weapon/spid_animation_texture","2":"elitecreatures:broodmother_assortment_weapon/spid_spear_texture","particle":"elitecreatures:broodmother_assortment_weapon/spid_animation_texture"},"elements":[{"from":[10,12,7],"to":[17,15,10],"rotation":{"angle":0,"axis":"y","origin":[10,12,9]},"faces":{"north":{"uv":[10.5,2.75,12.25,3.5],"texture":"#2"},"east":{"uv":[0.5,12.25,1.25,13],"texture":"#2"},"south":{"uv":[11.25,0,13,0.75],"texture":"#2"},"west":{"uv":[12.25,2.75,13,3.5],"texture":"#2"},"up":{"uv":[13,1.5,11.25,0.75],"texture":"#2"},"down":{"uv":[13,1.5,11.25,2.25],"texture":"#2"}}},{"from":[-1,12,7],"to":[6,15,10],"rotation":{"angle":0,"axis":"y","origin":[6,12,9]},"faces":{"north":{"uv":[12.25,2.75,10.5,3.5],"texture":"#2"},"east":{"uv":[13,2.75,12.25,3.5],"texture":"#2"},"south":{"uv":[13,0,11.25,0.75],"texture":"#2"},"west":{"uv":[1.25,12.25,0.5,13],"texture":"#2"},"up":{"uv":[11.25,1.5,13,0.75],"texture":"#2"},"down":{"uv":[11.25,1.5,13,2.25],"texture":"#2"}}},{"from":[9,10,8],"to":[11,15,9],"rotation":{"angle":45,"axis":"z","origin":[11,15,9]},"faces":{"north":{"uv":[11.25,2.25,12.5,2.75],"rotation":270,"texture":"#2"},"east":{"uv":[5.25,9,4,8.75],"rotation":90,"texture":"#2"},"south":{"uv":[7.25,12,8.5,12.5],"rotation":90,"texture":"#2"},"west":{"uv":[6.5,8.75,5.25,9],"rotation":90,"texture":"#2"},"up":{"uv":[3.75,9.75,4,10.25],"rotation":90,"texture":"#2"},"down":{"uv":[3.75,9.25,4,9.75],"rotation":90,"texture":"#2"}}},{"from":[4.91342,1.3806,8.45],"to":[12.91342,15.3806,8.45],"rotation":{"angle":22.5,"axis":"z","origin":[11,15,8.45]},"faces":{"north":{"uv":[7,0,10.5,2],"rotation":270,"texture":"#2"},"east":{"uv":[3.5,0,0,0],"rotation":90,"texture":"#2"},"south":{"uv":[10.5,0,7,2],"rotation":90,"texture":"#2"},"west":{"uv":[3.5,0,0,0],"rotation":90,"texture":"#2"},"up":{"uv":[0,0,0,2],"rotation":90,"texture":"#2"},"down":{"uv":[0,0,0,2],"rotation":90,"texture":"#2"}}},{"from":[10.91342,7.3806,8],"to":[12.91342,10.3806,9],"rotation":{"angle":22.5,"axis":"z","origin":[11,15,9]},"faces":{"north":{"uv":[12.5,5.75,13.25,6.25],"rotation":270,"texture":"#2"},"east":{"uv":[14,3.75,13.25,3.5],"rotation":90,"texture":"#2"},"south":{"uv":[12.5,6.25,13.25,6.75],"rotation":90,"texture":"#2"},"west":{"uv":[14,3.75,13.25,4],"rotation":90,"texture":"#2"},"up":{"uv":[7.75,13,8,13.5],"rotation":90,"texture":"#2"},"down":{"uv":[11.25,10,11.5,10.5],"rotation":90,"texture":"#2"}}},{"from":[5,10,8],"to":[7,15,9],"rotation":{"angle":-45,"axis":"z","origin":[5,15,9]},"faces":{"north":{"uv":[11.25,2.75,12.5,2.25],"rotation":270,"texture":"#2"},"east":{"uv":[6.5,9,5.25,8.75],"rotation":90,"texture":"#2"},"south":{"uv":[7.25,12.5,8.5,12],"rotation":90,"texture":"#2"},"west":{"uv":[5.25,8.75,4,9],"rotation":90,"texture":"#2"},"up":{"uv":[3.75,10.25,4,9.75],"rotation":90,"texture":"#2"},"down":{"uv":[3.75,9.75,4,9.25],"rotation":90,"texture":"#2"}}},{"from":[3.08658,1.3806,8.45],"to":[11.08658,15.3806,8.45],"rotation":{"angle":-22.5,"axis":"z","origin":[5,15,8.45]},"faces":{"north":{"uv":[7,2,10.5,0],"rotation":270,"texture":"#2"},"east":{"uv":[3.5,0,0,0],"rotation":90,"texture":"#2"},"south":{"uv":[10.5,2,7,0],"rotation":90,"texture":"#2"},"west":{"uv":[3.5,0,0,0],"rotation":90,"texture":"#2"},"up":{"uv":[0,2,0,0],"rotation":90,"texture":"#2"},"down":{"uv":[0,2,0,0],"rotation":90,"texture":"#2"}}},{"from":[3.08658,7.3806,8],"to":[5.08658,10.3806,9],"rotation":{"angle":-22.5,"axis":"z","origin":[5,15,9]},"faces":{"north":{"uv":[12.5,6.25,13.25,5.75],"rotation":270,"texture":"#2"},"east":{"uv":[14,4,13.25,3.75],"rotation":90,"texture":"#2"},"south":{"uv":[12.5,6.75,13.25,6.25],"rotation":90,"texture":"#2"},"west":{"uv":[14,3.5,13.25,3.75],"rotation":90,"texture":"#2"},"up":{"uv":[7.75,13.5,8,13],"rotation":90,"texture":"#2"},"down":{"uv":[11.25,10.5,11.5,10],"rotation":90,"texture":"#2"}}},{"from":[6,9,6],"to":[10,16,11],"rotation":{"angle":0,"axis":"y","origin":[8,8,8]},"faces":{"north":{"uv":[9,10.5,10,12.25],"texture":"#2"},"east":{"uv":[7.75,10.25,9,12],"texture":"#2"},"south":{"uv":[10,10.5,11,12.25],"texture":"#2"},"west":{"uv":[0,10.5,1.25,12.25],"texture":"#2"},"up":{"uv":[12.5,6,11.5,4.75],"texture":"#2"},"down":{"uv":[12.5,6,11.5,7.25],"texture":"#2"}}},{"from":[7,14.4,5.975],"to":[9.85,17.25,11.025],"rotation":{"angle":45,"axis":"z","origin":[8,15.4,8.5]},"faces":{"north":{"uv":[15.25,15.25,16,16],"texture":"#2"},"east":{"uv":[12.75,15.25,14,16],"texture":"#2"},"south":{"uv":[15.25,16,16,15.25],"rotation":180,"texture":"#2"},"west":{"uv":[14,15.25,15.25,16],"texture":"#2"},"up":{"uv":[14.5,14,15.25,15.25],"texture":"#2"},"down":{"uv":[15.25,14,16,15.25],"texture":"#2"}}},{"from":[0,15,8.5],"to":[16,32,8.5],"rotation":{"angle":0,"axis":"y","origin":[9,6,8.5]},"faces":{"north":{"uv":[4,0,0,4.25],"texture":"#2"},"east":{"uv":[0,0,0,7.25],"texture":"#2"},"south":{"uv":[0,0,4,4.25],"texture":"#2"},"west":{"uv":[0,0,0,7.25],"texture":"#2"},"up":{"uv":[3.5,0,0,0],"texture":"#2"},"down":{"uv":[3.5,0,0,0],"texture":"#2"}}},{"from":[7,7.75,5.975],"to":[9.85,10.6,11.025],"rotation":{"angle":-45,"axis":"z","origin":[8,9.6,8.5]},"faces":{"north":{"uv":[13.75,15.25,14.5,14.5],"texture":"#2"},"east":{"uv":[12.75,16,14,15.25],"texture":"#2"},"south":{"uv":[13.75,14.5,14.5,15.25],"rotation":180,"texture":"#2"},"west":{"uv":[14,16,15.25,15.25],"texture":"#2"},"up":{"uv":[15.25,15.25,16,14],"texture":"#2"},"down":{"uv":[14.5,15.25,15.25,14],"texture":"#2"}}},{"from":[7,1,7],"to":[9,12,10],"rotation":{"angle":0,"axis":"y","origin":[8,4,8]},"faces":{"north":{"uv":[2,10.5,2.5,13.25],"texture":"#2"},"east":{"uv":[10.5,0,11.25,2.75],"texture":"#2"},"south":{"uv":[11,10.5,11.5,13.25],"texture":"#2"},"west":{"uv":[1.25,10.5,2,13.25],"texture":"#2"},"up":{"uv":[13.25,8.5,12.75,7.75],"texture":"#2"},"down":{"uv":[13.5,0,13,0.75],"texture":"#2"}}},{"from":[7.35,11.3,6.975],"to":[8.75,12.7,10.025],"rotation":{"angle":-45,"axis":"z","origin":[8,12.05,8]},"faces":{"north":{"uv":[13,9,13.5,9.5],"texture":"#2"},"east":{"uv":[12.75,12,13.5,12.5],"texture":"#2"},"south":{"uv":[10.25,13,10.75,13.5],"texture":"#2"},"west":{"uv":[0.5,13,1.25,13.5],"texture":"#2"},"up":{"uv":[13.5,1.5,13,0.75],"texture":"#2"},"down":{"uv":[13.5,1.5,13,2.25],"texture":"#2"}}},{"from":[0,14,7.5],"to":[16,28,7.5],"rotation":{"angle":0,"axis":"y","origin":[9,17,7.5]},"faces":{"north":{"uv":[4,3.75,8,7.25],"texture":"#2"},"east":{"uv":[0,0,0,7.25],"texture":"#2"},"south":{"uv":[8,3.75,4,7.25],"texture":"#2"},"west":{"uv":[0,0,0,7.25],"texture":"#2"},"up":{"uv":[3.5,0,0,0],"texture":"#2"},"down":{"uv":[3.5,0,0,0],"texture":"#2"}}},{"from":[0,15,9.5],"to":[16,29,9.5],"rotation":{"angle":0,"axis":"y","origin":[9,18,9.5]},"faces":{"north":{"uv":[4,3.75,8,7.25],"texture":"#2"},"east":{"uv":[0,0,0,7.25],"texture":"#2"},"south":{"uv":[8,3.75,4,7.25],"texture":"#2"},"west":{"uv":[0,0,0,7.25],"texture":"#2"},"up":{"uv":[3.5,0,0,0],"texture":"#2"},"down":{"uv":[3.5,0,0,0],"texture":"#2"}}},{"from":[4,-16,8],"to":[12,-8,8],"rotation":{"angle":0,"axis":"y","origin":[8,-13,8]},"faces":{"north":{"uv":[0,7.25,2,9.25],"texture":"#2"},"east":{"uv":[0,0,0,2],"texture":"#2"},"south":{"uv":[2,7.25,0,9.25],"texture":"#2"},"west":{"uv":[0,0,0,2],"texture":"#2"},"up":{"uv":[2,0,0,0],"texture":"#2"},"down":{"uv":[2,0,0,0],"texture":"#2"}}},{"from":[7,-10,7],"to":[9,-2,9],"rotation":{"angle":0,"axis":"y","origin":[8,-11,8]},"faces":{"north":{"uv":[11.5,10,12,12],"texture":"#2"},"east":{"uv":[2.5,12,3,14],"texture":"#2"},"south":{"uv":[3,12,3.5,14],"texture":"#2"},"west":{"uv":[3.5,12,4,14],"texture":"#2"},"up":{"uv":[12,13.5,11.5,13],"texture":"#2"},"down":{"uv":[13.5,11.5,13,12],"texture":"#2"}}},{"from":[6,-2,7],"to":[10,1,9],"rotation":{"angle":0,"axis":"y","origin":[8,-8,8]},"faces":{"north":{"uv":[5.25,12,6.25,12.75],"texture":"#2"},"east":{"uv":[13,2.75,13.5,3.5],"texture":"#2"},"south":{"uv":[6.25,12,7.25,12.75],"texture":"#2"},"west":{"uv":[7.25,13,7.75,13.75],"texture":"#2"},"up":{"uv":[13.25,10,12.25,9.5],"texture":"#2"},"down":{"uv":[13.5,2.25,12.5,2.75],"texture":"#2"}}},{"from":[7,-11,6.975],"to":[9,-9,9.025],"rotation":{"angle":-45,"axis":"z","origin":[8,-10,8]},"faces":{"north":{"uv":[12,13,12.5,13.5],"texture":"#2"},"east":{"uv":[12.5,13,13,13.5],"texture":"#2"},"south":{"uv":[13,12.5,13.5,13],"texture":"#2"},"west":{"uv":[13,13,13.5,13.5],"texture":"#2"},"up":{"uv":[1.75,13.75,1.25,13.25],"texture":"#2"},"down":{"uv":[2.25,13.25,1.75,13.75],"texture":"#2"}}},{"from":[-16,0,8.75],"to":[12,29,8.75],"rotation":{"angle":0,"axis":"y","origin":[-7,3,8.75]},"faces":{"north":{"uv":[0,0,7,7.25],"texture":"#1"},"east":{"uv":[0,0,0,7.25],"texture":"#missing"},"south":{"uv":[7,0,0,7.25],"texture":"#1"},"west":{"uv":[0,0,0,7.25],"texture":"#missing"},"up":{"uv":[7,0,0,0],"texture":"#missing"},"down":{"uv":[7,0,0,0],"texture":"#missing"}}},{"from":[-12,-14,7.75],"to":[8,15,7.75],"rotation":{"angle":0,"axis":"y","origin":[-3,-11,7.75]},"faces":{"north":{"uv":[2.5,0,7.5,7.25],"texture":"#1"},"east":{"uv":[0,0,0,7.25],"texture":"#missing"},"south":{"uv":[7.5,0,2.5,7.25],"texture":"#1"},"west":{"uv":[0,0,0,7.25],"texture":"#missing"},"up":{"uv":[7,0,0,0],"texture":"#missing"},"down":{"uv":[7,0,0,0],"texture":"#missing"}}}],"gui_light":"front","display":{"thirdperson_righthand":{"rotation":[0,90,0],"translation":[0,6.25,2.25],"scale":[0.6,0.6,0.6]},"thirdperson_lefthand":{"rotation":[0,-90,0],"translation":[0,6.25,2.25],"scale":[0.6,0.6,0.6]},"firstperson_righthand":{"rotation":[-10,90,2],"translation":[6,4,-4.25],"scale":[0.43789,0.43789,0.43789]},"firstperson_lefthand":{"rotation":[-10,-90,2],"translation":[6,4,-4.25],"scale":[0.43789,0.43789,0.43789]},"ground":{"rotation":[90,0,90],"translation":[-0.5,6,0],"scale":[0.45,0.45,0.45]},"gui":{"rotation":[180,0,135],"translation":[-0.25,0.25,0],"scale":[0.44336,0.44336,0.44336]},"head":{"scale":[0,0,0]},"fixed":{"translation":[0,4.75,-3.25],"scale":[1.3,1.3,1.3]}},"groups":[{"name":"bone","origin":[8,0,8],"color":0,"children":[{"name":"group","origin":[12,-3,9],"color":0,"children":[0]},{"name":"group","origin":[12,-3,9],"color":0,"children":[1]},{"name":"group","origin":[10,1,9],"color":0,"children":[2,{"name":"group","origin":[10,-1,9],"color":0,"children":[3,4]}]},{"name":"group","origin":[10,1,9],"color":0,"children":[5,{"name":"group","origin":[10,-1,9],"color":0,"children":[6,7]}]},8,9,10,11,{"name":"group","origin":[8,11,8],"color":0,"children":[12,13,14,15]},16,17,18,19,{"name":"animation","origin":[6,6,8.5],"color":0,"children":[20,21]}]}],"mcmodels":"2b417193923f3efe16004df9c36c7e88"}