{
	"credit": "Made with Blockbench",
	"texture_size": [32, 32],
	"textures": {
		"0": "elitecreatures:azgad_weapon/azgadtex4",
		"2": "elitecreatures:azgad_weapon/azgadtex1",
		"3": "elitecreatures:azgad_weapon/azgadtex7",
		"4": "elitecreatures:azgad_weapon/azgadtex6",
		"7": "elitecreatures:azgad_weapon/eye",
		"8": "elitecreatures:azgad_weapon/flare",
		"10": "elitecreatures:azgad_weapon/azgadtex3",
		"particle": "elitecreatures:azgad_weapon/azgadtex4"
	},
	"elements": [
		{
			"from": [7, -8, 6.9],
			"to": [9, 1, 8.9],
			"rotation": {"angle": 0, "axis": "y", "origin": [8, 5.25, 8]},
			"faces": {
				"north": {"uv": [7.75, 0, 8.75, 4.5], "texture": "#0"},
				"east": {"uv": [9.75, 0, 8.75, 4.5], "texture": "#0"},
				"south": {"uv": [8.75, 0, 7.75, 4.5], "texture": "#0"},
				"west": {"uv": [9.75, 0, 8.75, 4.5], "texture": "#0"},
				"up": {"uv": [9.75, 4.5, 8.75, 5.5], "rotation": 180, "texture": "#0"},
				"down": {"uv": [9.75, 5.5, 8.75, 4.5], "rotation": 180, "texture": "#0"}
			}
		},
		{
			"from": [7, 1, 6.9],
			"to": [9, 10, 8.9],
			"rotation": {"angle": 0, "axis": "y", "origin": [8, 5.25, 8]},
			"faces": {
				"north": {"uv": [7.75, 0, 8.75, 4.5], "texture": "#0"},
				"east": {"uv": [9.75, 0, 8.75, 4.5], "texture": "#0"},
				"south": {"uv": [8.75, 0, 7.75, 4.5], "texture": "#0"},
				"west": {"uv": [9.75, 0, 8.75, 4.5], "texture": "#0"},
				"up": {"uv": [9.75, 4.5, 8.75, 5.5], "rotation": 180, "texture": "#0"},
				"down": {"uv": [9.75, 5.5, 8.75, 4.5], "rotation": 180, "texture": "#0"}
			}
		},
		{
			"from": [7, 10, 6.9],
			"to": [9, 19, 8.9],
			"rotation": {"angle": 0, "axis": "y", "origin": [8, 5.25, 8]},
			"faces": {
				"north": {"uv": [7.75, 0, 8.75, 4.5], "texture": "#0"},
				"east": {"uv": [9.75, 0, 8.75, 4.5], "texture": "#0"},
				"south": {"uv": [8.75, 0, 7.75, 4.5], "texture": "#0"},
				"west": {"uv": [9.75, 0, 8.75, 4.5], "texture": "#0"},
				"up": {"uv": [9.75, 4.5, 8.75, 5.5], "rotation": 180, "texture": "#0"},
				"down": {"uv": [9.75, 5.5, 8.75, 4.5], "rotation": 180, "texture": "#0"}
			}
		},
		{
			"from": [-2, 13.5, 8],
			"to": [9, 25.5, 8],
			"rotation": {"angle": 0, "axis": "y", "origin": [4, 11.5, -4]},
			"faces": {
				"north": {"uv": [0, 0, 6, 5.5], "rotation": 90, "texture": "#0"},
				"east": {"uv": [0, 0, 0, 6], "rotation": 180, "texture": "#0"},
				"south": {"uv": [6, 0, 0, 5.5], "rotation": 270, "texture": "#0"},
				"west": {"uv": [0, 6, 0, 0], "texture": "#0"},
				"up": {"uv": [0, 0, 0, 5.5], "rotation": 270, "texture": "#0"},
				"down": {"uv": [0, 0, 0, 5.5], "rotation": 270, "texture": "#0"}
			}
		},
		{
			"from": [7, 13.5, 8],
			"to": [18, 25.5, 8],
			"rotation": {"angle": 0, "axis": "y", "origin": [12, 11.5, -4]},
			"faces": {
				"north": {"uv": [0, 5.5, 6, 0], "rotation": 90, "texture": "#0"},
				"east": {"uv": [0, 6, 0, 0], "texture": "#0"},
				"south": {"uv": [6, 5.5, 0, 0], "rotation": 270, "texture": "#0"},
				"west": {"uv": [0, 0, 0, 6], "rotation": 180, "texture": "#0"},
				"up": {"uv": [0, 5.5, 0, 0], "rotation": 270, "texture": "#0"},
				"down": {"uv": [0, 5.5, 0, 0], "rotation": 270, "texture": "#0"}
			}
		},
		{
			"from": [6.33274, -4, 6.38787],
			"to": [9.13274, -1, 6.38787],
			"rotation": {"angle": -45, "axis": "y", "origin": [8, 5.25, 8]},
			"faces": {
				"north": {"uv": [14, 4, 16, 5.5], "texture": "#0"},
				"east": {"uv": [6, 0, 6, 7.25], "texture": "#0"},
				"south": {"uv": [16, 4, 14, 5.5], "texture": "#0"},
				"west": {"uv": [6.5, 0, 6.5, 7.25], "texture": "#0"},
				"up": {"uv": [7, 0, 10.5, 0], "rotation": 180, "texture": "#0"},
				"down": {"uv": [7, 0.5, 10.5, 0.5], "rotation": 180, "texture": "#0"}
			}
		},
		{
			"from": [6.40345, -1.5, 6.45858],
			"to": [9.20345, 1.5, 6.45858],
			"rotation": {"angle": -45, "axis": "y", "origin": [8, 5.25, 8]},
			"faces": {
				"north": {"uv": [14, 4, 16, 5.5], "texture": "#0"},
				"east": {"uv": [6, 0, 6, 7.25], "texture": "#0"},
				"south": {"uv": [16, 4, 14, 5.5], "texture": "#0"},
				"west": {"uv": [6.5, 0, 6.5, 7.25], "texture": "#0"},
				"up": {"uv": [7, 0, 10.5, 0], "rotation": 180, "texture": "#0"},
				"down": {"uv": [7, 0.5, 10.5, 0.5], "rotation": 180, "texture": "#0"}
			}
		},
		{
			"from": [6.62584, -4, 6.34645],
			"to": [9.62584, -1, 6.34645],
			"rotation": {"angle": 45, "axis": "y", "origin": [8, 5.25, 8]},
			"faces": {
				"north": {"uv": [16, 4, 14, 5.5], "texture": "#0"},
				"east": {"uv": [6.5, 0, 6.5, 7.25], "texture": "#0"},
				"south": {"uv": [14, 4, 16, 5.5], "texture": "#0"},
				"west": {"uv": [6, 0, 6, 7.25], "texture": "#0"},
				"up": {"uv": [10.5, 0, 7, 0], "rotation": 180, "texture": "#0"},
				"down": {"uv": [10.5, 0.5, 7, 0.5], "rotation": 180, "texture": "#0"}
			}
		},
		{
			"from": [6.62584, -4, 9.65355],
			"to": [9.62584, -1, 9.65355],
			"rotation": {"angle": -45, "axis": "y", "origin": [8, 5.25, 8]},
			"faces": {
				"north": {"uv": [16, 4, 14, 5.5], "texture": "#0"},
				"east": {"uv": [6.5, 0, 6.5, 7.25], "texture": "#0"},
				"south": {"uv": [14, 4, 16, 5.5], "texture": "#0"},
				"west": {"uv": [6, 0, 6, 7.25], "texture": "#0"},
				"up": {"uv": [10.5, 0, 7, 0], "rotation": 180, "texture": "#0"},
				"down": {"uv": [10.5, 0.5, 7, 0.5], "rotation": 180, "texture": "#0"}
			}
		},
		{
			"from": [6.33274, -4, 9.61213],
			"to": [9.13274, -1, 9.61213],
			"rotation": {"angle": 45, "axis": "y", "origin": [8, 5.25, 8]},
			"faces": {
				"north": {"uv": [14, 4, 16, 5.5], "texture": "#0"},
				"east": {"uv": [6, 0, 6, 7.25], "texture": "#0"},
				"south": {"uv": [16, 4, 14, 5.5], "texture": "#0"},
				"west": {"uv": [6.5, 0, 6.5, 7.25], "texture": "#0"},
				"up": {"uv": [7, 0, 10.5, 0], "rotation": 180, "texture": "#0"},
				"down": {"uv": [7, 0.5, 10.5, 0.5], "rotation": 180, "texture": "#0"}
			}
		},
		{
			"from": [6.55513, -1.5, 9.58284],
			"to": [9.55513, 1.5, 9.58284],
			"rotation": {"angle": -45, "axis": "y", "origin": [8, 5.25, 8]},
			"faces": {
				"north": {"uv": [16, 4, 14, 5.5], "texture": "#0"},
				"east": {"uv": [6.5, 0, 6.5, 7.25], "texture": "#0"},
				"south": {"uv": [14, 4, 16, 5.5], "texture": "#0"},
				"west": {"uv": [6, 0, 6, 7.25], "texture": "#0"},
				"up": {"uv": [10.5, 0, 7, 0], "rotation": 180, "texture": "#0"},
				"down": {"uv": [10.5, 0.5, 7, 0.5], "rotation": 180, "texture": "#0"}
			}
		},
		{
			"from": [6.40345, -1.5, 9.54142],
			"to": [9.20345, 1.5, 9.54142],
			"rotation": {"angle": 45, "axis": "y", "origin": [8, 5.25, 8]},
			"faces": {
				"north": {"uv": [14, 4, 16, 5.5], "texture": "#0"},
				"east": {"uv": [6, 0, 6, 7.25], "texture": "#0"},
				"south": {"uv": [16, 4, 14, 5.5], "texture": "#0"},
				"west": {"uv": [6.5, 0, 6.5, 7.25], "texture": "#0"},
				"up": {"uv": [7, 0, 10.5, 0], "rotation": 180, "texture": "#0"},
				"down": {"uv": [7, 0.5, 10.5, 0.5], "rotation": 180, "texture": "#0"}
			}
		},
		{
			"from": [6.55513, -1.5, 6.41716],
			"to": [9.55513, 1.5, 6.41716],
			"rotation": {"angle": 45, "axis": "y", "origin": [8, 5.25, 8]},
			"faces": {
				"north": {"uv": [16, 4, 14, 5.5], "texture": "#0"},
				"east": {"uv": [6.5, 0, 6.5, 7.25], "texture": "#0"},
				"south": {"uv": [14, 4, 16, 5.5], "texture": "#0"},
				"west": {"uv": [6, 0, 6, 7.25], "texture": "#0"},
				"up": {"uv": [10.5, 0, 7, 0], "rotation": 180, "texture": "#0"},
				"down": {"uv": [10.5, 0.5, 7, 0.5], "rotation": 180, "texture": "#0"}
			}
		},
		{
			"from": [9.58284, -4.5, 6.55513],
			"to": [9.58284, -1.5, 9.55513],
			"rotation": {"angle": 45, "axis": "y", "origin": [8, 5.25, 8]},
			"faces": {
				"north": {"uv": [6, 0, 6, 7.25], "texture": "#0"},
				"east": {"uv": [16, 4, 14, 5.5], "texture": "#0"},
				"south": {"uv": [6.5, 0, 6.5, 7.25], "texture": "#0"},
				"west": {"uv": [14, 4, 16, 5.5], "texture": "#0"},
				"up": {"uv": [7, 0, 10.5, 0], "rotation": 90, "texture": "#0"},
				"down": {"uv": [7, 0.5, 10.5, 0.5], "rotation": 270, "texture": "#0"}
			}
		},
		{
			"from": [9.51213, -2, 6.48442],
			"to": [9.51213, 1, 9.48442],
			"rotation": {"angle": 45, "axis": "y", "origin": [8, 5.25, 8]},
			"faces": {
				"north": {"uv": [6, 0, 6, 7.25], "texture": "#0"},
				"east": {"uv": [16, 4, 14, 5.5], "texture": "#0"},
				"south": {"uv": [6.5, 0, 6.5, 7.25], "texture": "#0"},
				"west": {"uv": [14, 4, 16, 5.5], "texture": "#0"},
				"up": {"uv": [7, 0, 10.5, 0], "rotation": 90, "texture": "#0"},
				"down": {"uv": [7, 0.5, 10.5, 0.5], "rotation": 270, "texture": "#0"}
			}
		},
		{
			"from": [9.54142, -4.5, 6.40345],
			"to": [9.54142, -1.5, 9.20345],
			"rotation": {"angle": -45, "axis": "y", "origin": [8, 5.25, 8]},
			"faces": {
				"north": {"uv": [6.5, 0, 6.5, 7.25], "texture": "#0"},
				"east": {"uv": [14, 4, 16, 5.5], "texture": "#0"},
				"south": {"uv": [6, 0, 6, 7.25], "texture": "#0"},
				"west": {"uv": [16, 4, 14, 5.5], "texture": "#0"},
				"up": {"uv": [10.5, 0, 7, 0], "rotation": 90, "texture": "#0"},
				"down": {"uv": [10.5, 0.5, 7, 0.5], "rotation": 270, "texture": "#0"}
			}
		},
		{
			"from": [9.47071, -2, 6.47416],
			"to": [9.47071, 1, 9.27416],
			"rotation": {"angle": -45, "axis": "y", "origin": [8, 5.25, 8]},
			"faces": {
				"north": {"uv": [6.5, 0, 6.5, 7.25], "texture": "#0"},
				"east": {"uv": [14, 4, 16, 5.5], "texture": "#0"},
				"south": {"uv": [6, 0, 6, 7.25], "texture": "#0"},
				"west": {"uv": [16, 4, 14, 5.5], "texture": "#0"},
				"up": {"uv": [10.5, 0, 7, 0], "rotation": 90, "texture": "#0"},
				"down": {"uv": [10.5, 0.5, 7, 0.5], "rotation": 270, "texture": "#0"}
			}
		},
		{
			"from": [6.41716, -4.5, 6.55513],
			"to": [6.41716, -1.5, 9.55513],
			"rotation": {"angle": -45, "axis": "y", "origin": [8, 5.25, 8]},
			"faces": {
				"north": {"uv": [6, 0, 6, 7.25], "texture": "#0"},
				"east": {"uv": [16, 4, 14, 5.5], "texture": "#0"},
				"south": {"uv": [6.5, 0, 6.5, 7.25], "texture": "#0"},
				"west": {"uv": [14, 4, 16, 5.5], "texture": "#0"},
				"up": {"uv": [7, 0, 10.5, 0], "rotation": 90, "texture": "#0"},
				"down": {"uv": [7, 0.5, 10.5, 0.5], "rotation": 270, "texture": "#0"}
			}
		},
		{
			"from": [6.48787, -2, 6.48442],
			"to": [6.48787, 1, 9.48442],
			"rotation": {"angle": -45, "axis": "y", "origin": [8, 5.25, 8]},
			"faces": {
				"north": {"uv": [6, 0, 6, 7.25], "texture": "#0"},
				"east": {"uv": [16, 4, 14, 5.5], "texture": "#0"},
				"south": {"uv": [6.5, 0, 6.5, 7.25], "texture": "#0"},
				"west": {"uv": [14, 4, 16, 5.5], "texture": "#0"},
				"up": {"uv": [7, 0, 10.5, 0], "rotation": 90, "texture": "#0"},
				"down": {"uv": [7, 0.5, 10.5, 0.5], "rotation": 270, "texture": "#0"}
			}
		},
		{
			"from": [6.45858, -4.5, 6.40345],
			"to": [6.45858, -1.5, 9.20345],
			"rotation": {"angle": 45, "axis": "y", "origin": [8, 5.25, 8]},
			"faces": {
				"north": {"uv": [6.5, 0, 6.5, 7.25], "texture": "#0"},
				"east": {"uv": [14, 4, 16, 5.5], "texture": "#0"},
				"south": {"uv": [6, 0, 6, 7.25], "texture": "#0"},
				"west": {"uv": [16, 4, 14, 5.5], "texture": "#0"},
				"up": {"uv": [10.5, 0, 7, 0], "rotation": 90, "texture": "#0"},
				"down": {"uv": [10.5, 0.5, 7, 0.5], "rotation": 270, "texture": "#0"}
			}
		},
		{
			"from": [6.52929, -2, 6.47416],
			"to": [6.52929, 1, 9.27416],
			"rotation": {"angle": 45, "axis": "y", "origin": [8, 5.25, 8]},
			"faces": {
				"north": {"uv": [6.5, 0, 6.5, 7.25], "texture": "#0"},
				"east": {"uv": [14, 4, 16, 5.5], "texture": "#0"},
				"south": {"uv": [6, 0, 6, 7.25], "texture": "#0"},
				"west": {"uv": [16, 4, 14, 5.5], "texture": "#0"},
				"up": {"uv": [10.5, 0, 7, 0], "rotation": 90, "texture": "#0"},
				"down": {"uv": [10.5, 0.5, 7, 0.5], "rotation": 270, "texture": "#0"}
			}
		},
		{
			"from": [6.9, -5.06856, 16.16343],
			"to": [9.1, -3.06856, 18.16343],
			"rotation": {"angle": 45, "axis": "x", "origin": [8, 5.25, 8]},
			"faces": {
				"north": {"uv": [8.75, 5.5, 7.75, 6.5], "texture": "#0"},
				"east": {"uv": [8.75, 4.5, 7.75, 5.5], "texture": "#0"},
				"south": {"uv": [8.75, 6.5, 7.75, 5.5], "texture": "#0"},
				"west": {"uv": [8.75, 4.5, 7.75, 5.5], "texture": "#0"},
				"up": {"uv": [7.75, 6.5, 8.75, 5.5], "rotation": 180, "texture": "#0"},
				"down": {"uv": [7.75, 6.5, 8.75, 5.5], "rotation": 180, "texture": "#0"}
			}
		},
		{
			"from": [7, -6.06856, 17.16343],
			"to": [9, -4.06856, 19.16343],
			"rotation": {"angle": 45, "axis": "x", "origin": [8, 5.25, 8]},
			"faces": {
				"north": {"uv": [8.75, 5.5, 7.75, 6.5], "texture": "#0"},
				"east": {"uv": [8.75, 4.5, 7.75, 5.5], "texture": "#0"},
				"south": {"uv": [8.75, 6.5, 7.75, 5.5], "texture": "#0"},
				"west": {"uv": [8.75, 4.5, 7.75, 5.5], "texture": "#0"},
				"up": {"uv": [7.75, 6.5, 8.75, 5.5], "rotation": 180, "texture": "#0"},
				"down": {"uv": [7.75, 6.5, 8.75, 5.5], "rotation": 180, "texture": "#0"}
			}
		},
		{
			"from": [8, -14, 6.4],
			"to": [8, -8, 9.4],
			"rotation": {"angle": 0, "axis": "y", "origin": [8, 5.25, 8]},
			"faces": {
				"north": {"uv": [12.25, 4, 12.25, 7], "texture": "#0"},
				"east": {"uv": [13.75, 4, 12.25, 7], "texture": "#0"},
				"south": {"uv": [12.25, 4, 12.25, 7], "texture": "#0"},
				"west": {"uv": [13.75, 4, 12.25, 7], "texture": "#0"},
				"up": {"uv": [12, 6, 12, 4], "rotation": 180, "texture": "#0"},
				"down": {"uv": [12, 6, 12, 4], "rotation": 180, "texture": "#0"}
			}
		},
		{
			"from": [7, -14, 7.9],
			"to": [9, -8, 7.9],
			"rotation": {"angle": 0, "axis": "y", "origin": [8, 5.25, 8]},
			"faces": {
				"north": {"uv": [13.5, 4, 12.5, 7], "texture": "#0"},
				"east": {"uv": [12.25, 4, 12.25, 7], "texture": "#0"},
				"south": {"uv": [13.5, 4, 12.5, 7], "texture": "#0"},
				"west": {"uv": [12.25, 4, 12.25, 7], "texture": "#0"},
				"up": {"uv": [12, 4, 12, 6], "rotation": 270, "texture": "#0"},
				"down": {"uv": [12, 4, 12, 6], "rotation": 90, "texture": "#0"}
			}
		},
		{
			"from": [6.33274, 12, 6.38787],
			"to": [9.13274, 15, 6.38787],
			"rotation": {"angle": -45, "axis": "y", "origin": [8, 5.25, 8]},
			"faces": {
				"north": {"uv": [14, 5.5, 16, 4], "texture": "#0"},
				"east": {"uv": [6, 7.25, 6, 0], "texture": "#0"},
				"south": {"uv": [16, 5.5, 14, 4], "texture": "#0"},
				"west": {"uv": [6.5, 7.25, 6.5, 0], "texture": "#0"},
				"up": {"uv": [10.5, 0.5, 7, 0.5], "texture": "#0"},
				"down": {"uv": [10.5, 0, 7, 0], "texture": "#0"}
			}
		},
		{
			"from": [6.40345, 9.5, 6.45858],
			"to": [9.20345, 12.5, 6.45858],
			"rotation": {"angle": -45, "axis": "y", "origin": [8, 5.25, 8]},
			"faces": {
				"north": {"uv": [14, 5.5, 16, 4], "texture": "#0"},
				"east": {"uv": [6, 7.25, 6, 0], "texture": "#0"},
				"south": {"uv": [16, 5.5, 14, 4], "texture": "#0"},
				"west": {"uv": [6.5, 7.25, 6.5, 0], "texture": "#0"},
				"up": {"uv": [10.5, 0.5, 7, 0.5], "texture": "#0"},
				"down": {"uv": [10.5, 0, 7, 0], "texture": "#0"}
			}
		},
		{
			"from": [6.62584, 12, 6.34645],
			"to": [9.62584, 15, 6.34645],
			"rotation": {"angle": 45, "axis": "y", "origin": [8, 5.25, 8]},
			"faces": {
				"north": {"uv": [16, 5.5, 14, 4], "texture": "#0"},
				"east": {"uv": [6.5, 7.25, 6.5, 0], "texture": "#0"},
				"south": {"uv": [14, 5.5, 16, 4], "texture": "#0"},
				"west": {"uv": [6, 7.25, 6, 0], "texture": "#0"},
				"up": {"uv": [7, 0.5, 10.5, 0.5], "texture": "#0"},
				"down": {"uv": [7, 0, 10.5, 0], "texture": "#0"}
			}
		},
		{
			"from": [6.62584, 12, 9.65355],
			"to": [9.62584, 15, 9.65355],
			"rotation": {"angle": -45, "axis": "y", "origin": [8, 5.25, 8]},
			"faces": {
				"north": {"uv": [16, 5.5, 14, 4], "texture": "#0"},
				"east": {"uv": [6.5, 7.25, 6.5, 0], "texture": "#0"},
				"south": {"uv": [14, 5.5, 16, 4], "texture": "#0"},
				"west": {"uv": [6, 7.25, 6, 0], "texture": "#0"},
				"up": {"uv": [7, 0.5, 10.5, 0.5], "texture": "#0"},
				"down": {"uv": [7, 0, 10.5, 0], "texture": "#0"}
			}
		},
		{
			"from": [6.33274, 12, 9.61213],
			"to": [9.13274, 15, 9.61213],
			"rotation": {"angle": 45, "axis": "y", "origin": [8, 5.25, 8]},
			"faces": {
				"north": {"uv": [14, 5.5, 16, 4], "texture": "#0"},
				"east": {"uv": [6, 7.25, 6, 0], "texture": "#0"},
				"south": {"uv": [16, 5.5, 14, 4], "texture": "#0"},
				"west": {"uv": [6.5, 7.25, 6.5, 0], "texture": "#0"},
				"up": {"uv": [10.5, 0.5, 7, 0.5], "texture": "#0"},
				"down": {"uv": [10.5, 0, 7, 0], "texture": "#0"}
			}
		},
		{
			"from": [6.55513, 9.5, 9.58284],
			"to": [9.55513, 12.5, 9.58284],
			"rotation": {"angle": -45, "axis": "y", "origin": [8, 5.25, 8]},
			"faces": {
				"north": {"uv": [16, 5.5, 14, 4], "texture": "#0"},
				"east": {"uv": [6.5, 7.25, 6.5, 0], "texture": "#0"},
				"south": {"uv": [14, 5.5, 16, 4], "texture": "#0"},
				"west": {"uv": [6, 7.25, 6, 0], "texture": "#0"},
				"up": {"uv": [7, 0.5, 10.5, 0.5], "texture": "#0"},
				"down": {"uv": [7, 0, 10.5, 0], "texture": "#0"}
			}
		},
		{
			"from": [6.40345, 9.5, 9.54142],
			"to": [9.20345, 12.5, 9.54142],
			"rotation": {"angle": 45, "axis": "y", "origin": [8, 5.25, 8]},
			"faces": {
				"north": {"uv": [14, 5.5, 16, 4], "texture": "#0"},
				"east": {"uv": [6, 7.25, 6, 0], "texture": "#0"},
				"south": {"uv": [16, 5.5, 14, 4], "texture": "#0"},
				"west": {"uv": [6.5, 7.25, 6.5, 0], "texture": "#0"},
				"up": {"uv": [10.5, 0.5, 7, 0.5], "texture": "#0"},
				"down": {"uv": [10.5, 0, 7, 0], "texture": "#0"}
			}
		},
		{
			"from": [6.55513, 9.5, 6.41716],
			"to": [9.55513, 12.5, 6.41716],
			"rotation": {"angle": 45, "axis": "y", "origin": [8, 5.25, 8]},
			"faces": {
				"north": {"uv": [16, 5.5, 14, 4], "texture": "#0"},
				"east": {"uv": [6.5, 7.25, 6.5, 0], "texture": "#0"},
				"south": {"uv": [14, 5.5, 16, 4], "texture": "#0"},
				"west": {"uv": [6, 7.25, 6, 0], "texture": "#0"},
				"up": {"uv": [7, 0.5, 10.5, 0.5], "texture": "#0"},
				"down": {"uv": [7, 0, 10.5, 0], "texture": "#0"}
			}
		},
		{
			"from": [9.58284, 12.5, 6.55513],
			"to": [9.58284, 15.5, 9.55513],
			"rotation": {"angle": 45, "axis": "y", "origin": [8, 5.25, 8]},
			"faces": {
				"north": {"uv": [6, 7.25, 6, 0], "texture": "#0"},
				"east": {"uv": [16, 5.5, 14, 4], "texture": "#0"},
				"south": {"uv": [6.5, 7.25, 6.5, 0], "texture": "#0"},
				"west": {"uv": [14, 5.5, 16, 4], "texture": "#0"},
				"up": {"uv": [7, 0.5, 10.5, 0.5], "rotation": 90, "texture": "#0"},
				"down": {"uv": [7, 0, 10.5, 0], "rotation": 270, "texture": "#0"}
			}
		},
		{
			"from": [9.51213, 10, 6.48442],
			"to": [9.51213, 13, 9.48442],
			"rotation": {"angle": 45, "axis": "y", "origin": [8, 5.25, 8]},
			"faces": {
				"north": {"uv": [6, 7.25, 6, 0], "texture": "#0"},
				"east": {"uv": [16, 5.5, 14, 4], "texture": "#0"},
				"south": {"uv": [6.5, 7.25, 6.5, 0], "texture": "#0"},
				"west": {"uv": [14, 5.5, 16, 4], "texture": "#0"},
				"up": {"uv": [7, 0.5, 10.5, 0.5], "rotation": 90, "texture": "#0"},
				"down": {"uv": [7, 0, 10.5, 0], "rotation": 270, "texture": "#0"}
			}
		},
		{
			"from": [9.54142, 12.5, 6.40345],
			"to": [9.54142, 15.5, 9.20345],
			"rotation": {"angle": -45, "axis": "y", "origin": [8, 5.25, 8]},
			"faces": {
				"north": {"uv": [6.5, 7.25, 6.5, 0], "texture": "#0"},
				"east": {"uv": [14, 5.5, 16, 4], "texture": "#0"},
				"south": {"uv": [6, 7.25, 6, 0], "texture": "#0"},
				"west": {"uv": [16, 5.5, 14, 4], "texture": "#0"},
				"up": {"uv": [10.5, 0.5, 7, 0.5], "rotation": 90, "texture": "#0"},
				"down": {"uv": [10.5, 0, 7, 0], "rotation": 270, "texture": "#0"}
			}
		},
		{
			"from": [9.47071, 10, 6.47416],
			"to": [9.47071, 13, 9.27416],
			"rotation": {"angle": -45, "axis": "y", "origin": [8, 5.25, 8]},
			"faces": {
				"north": {"uv": [6.5, 7.25, 6.5, 0], "texture": "#0"},
				"east": {"uv": [14, 5.5, 16, 4], "texture": "#0"},
				"south": {"uv": [6, 7.25, 6, 0], "texture": "#0"},
				"west": {"uv": [16, 5.5, 14, 4], "texture": "#0"},
				"up": {"uv": [10.5, 0.5, 7, 0.5], "rotation": 90, "texture": "#0"},
				"down": {"uv": [10.5, 0, 7, 0], "rotation": 270, "texture": "#0"}
			}
		},
		{
			"from": [6.41716, 12.5, 6.55513],
			"to": [6.41716, 15.5, 9.55513],
			"rotation": {"angle": -45, "axis": "y", "origin": [8, 5.25, 8]},
			"faces": {
				"north": {"uv": [6, 7.25, 6, 0], "texture": "#0"},
				"east": {"uv": [16, 5.5, 14, 4], "texture": "#0"},
				"south": {"uv": [6.5, 7.25, 6.5, 0], "texture": "#0"},
				"west": {"uv": [14, 5.5, 16, 4], "texture": "#0"},
				"up": {"uv": [7, 0.5, 10.5, 0.5], "rotation": 90, "texture": "#0"},
				"down": {"uv": [7, 0, 10.5, 0], "rotation": 270, "texture": "#0"}
			}
		},
		{
			"from": [6.48787, 10, 6.48442],
			"to": [6.48787, 13, 9.48442],
			"rotation": {"angle": -45, "axis": "y", "origin": [8, 5.25, 8]},
			"faces": {
				"north": {"uv": [6, 7.25, 6, 0], "texture": "#0"},
				"east": {"uv": [16, 5.5, 14, 4], "texture": "#0"},
				"south": {"uv": [6.5, 7.25, 6.5, 0], "texture": "#0"},
				"west": {"uv": [14, 5.5, 16, 4], "texture": "#0"},
				"up": {"uv": [7, 0.5, 10.5, 0.5], "rotation": 90, "texture": "#0"},
				"down": {"uv": [7, 0, 10.5, 0], "rotation": 270, "texture": "#0"}
			}
		},
		{
			"from": [6.45858, 12.5, 6.40345],
			"to": [6.45858, 15.5, 9.20345],
			"rotation": {"angle": 45, "axis": "y", "origin": [8, 5.25, 8]},
			"faces": {
				"north": {"uv": [6.5, 7.25, 6.5, 0], "texture": "#0"},
				"east": {"uv": [14, 5.5, 16, 4], "texture": "#0"},
				"south": {"uv": [6, 7.25, 6, 0], "texture": "#0"},
				"west": {"uv": [16, 5.5, 14, 4], "texture": "#0"},
				"up": {"uv": [10.5, 0.5, 7, 0.5], "rotation": 90, "texture": "#0"},
				"down": {"uv": [10.5, 0, 7, 0], "rotation": 270, "texture": "#0"}
			}
		},
		{
			"from": [6.52929, 10, 6.47416],
			"to": [6.52929, 13, 9.27416],
			"rotation": {"angle": 45, "axis": "y", "origin": [8, 5.25, 8]},
			"faces": {
				"north": {"uv": [6.5, 7.25, 6.5, 0], "texture": "#0"},
				"east": {"uv": [14, 5.5, 16, 4], "texture": "#0"},
				"south": {"uv": [6, 7.25, 6, 0], "texture": "#0"},
				"west": {"uv": [16, 5.5, 14, 4], "texture": "#0"},
				"up": {"uv": [10.5, 0.5, 7, 0.5], "rotation": 90, "texture": "#0"},
				"down": {"uv": [10.5, 0, 7, 0], "rotation": 270, "texture": "#0"}
			}
		},
		{
			"from": [-7.84565, 23, 7.25137],
			"to": [1.15435, 32, 7.25137],
			"rotation": {"angle": -22.5, "axis": "y", "origin": [-0.34565, 27.5, 6.25137]},
			"faces": {
				"north": {"uv": [0, 7, 9, 16], "texture": "#8"},
				"east": {"uv": [0, 0, 0, 9.5], "texture": "#8"},
				"south": {"uv": [9, 7, 0, 16], "texture": "#8"},
				"west": {"uv": [0, 0, 0, 9.5], "texture": "#8"},
				"up": {"uv": [0, 0, 5.5, 0], "texture": "#8"},
				"down": {"uv": [0, 0, 5.5, 0], "texture": "#8"}
			}
		},
		{
			"from": [-7.84565, 23, 8.74863],
			"to": [1.15435, 32, 8.74863],
			"rotation": {"angle": 22.5, "axis": "y", "origin": [-0.34565, 27.5, 9.74863]},
			"faces": {
				"north": {"uv": [0, 7, 9, 16], "texture": "#8"},
				"east": {"uv": [0, 0, 0, 9.5], "texture": "#8"},
				"south": {"uv": [9, 7, 0, 16], "texture": "#8"},
				"west": {"uv": [0, 0, 0, 9.5], "texture": "#8"},
				"up": {"uv": [0, 0, 5.5, 0], "texture": "#8"},
				"down": {"uv": [0, 0, 5.5, 0], "texture": "#8"}
			}
		},
		{
			"from": [14.84565, 23, 8.74863],
			"to": [23.84565, 32, 8.74863],
			"rotation": {"angle": -22.5, "axis": "y", "origin": [16.34565, 27.5, 9.74863]},
			"faces": {
				"north": {"uv": [9, 7, 0, 16], "texture": "#8"},
				"east": {"uv": [0, 0, 0, 9.5], "texture": "#8"},
				"south": {"uv": [0, 7, 9, 16], "texture": "#8"},
				"west": {"uv": [0, 0, 0, 9.5], "texture": "#8"},
				"up": {"uv": [5.5, 0, 0, 0], "texture": "#8"},
				"down": {"uv": [5.5, 0, 0, 0], "texture": "#8"}
			}
		},
		{
			"from": [14.84565, 23, 7.25137],
			"to": [23.84565, 32, 7.25137],
			"rotation": {"angle": 22.5, "axis": "y", "origin": [16.34565, 27.5, 6.25137]},
			"faces": {
				"north": {"uv": [9, 7, 0, 16], "texture": "#8"},
				"east": {"uv": [0, 0, 0, 9.5], "texture": "#8"},
				"south": {"uv": [0, 7, 9, 16], "texture": "#8"},
				"west": {"uv": [0, 0, 0, 9.5], "texture": "#8"},
				"up": {"uv": [5.5, 0, 0, 0], "texture": "#8"},
				"down": {"uv": [5.5, 0, 0, 0], "texture": "#8"}
			}
		},
		{
			"from": [-0.1, 14.9, 7],
			"to": [4.9, 24.9, 7],
			"rotation": {"angle": -45, "axis": "z", "origin": [8, 21.5, 4]},
			"faces": {
				"north": {"uv": [11, 4.25, 16, 6.75], "rotation": 90, "texture": "#2"},
				"east": {"uv": [11, 4.25, 16, 4.25], "rotation": 270, "texture": "#2"},
				"south": {"uv": [16, 4.25, 11, 6.75], "rotation": 270, "texture": "#2"},
				"west": {"uv": [11, 4.25, 16, 4.25], "rotation": 270, "texture": "#2"},
				"up": {"uv": [0, 0, 0, 2.5], "rotation": 270, "texture": "#2"},
				"down": {"uv": [0, 0, 0, 2.5], "rotation": 270, "texture": "#2"}
			}
		},
		{
			"from": [11.1, 14.9, 7],
			"to": [16.1, 24.9, 7],
			"rotation": {"angle": 45, "axis": "z", "origin": [8, 21.5, 4]},
			"faces": {
				"north": {"uv": [11, 6.75, 16, 4.25], "rotation": 90, "texture": "#2"},
				"east": {"uv": [11, 4.25, 16, 4.25], "rotation": 270, "texture": "#2"},
				"south": {"uv": [16, 6.75, 11, 4.25], "rotation": 270, "texture": "#2"},
				"west": {"uv": [11, 4.25, 16, 4.25], "rotation": 270, "texture": "#2"},
				"up": {"uv": [0, 2.5, 0, 0], "rotation": 270, "texture": "#2"},
				"down": {"uv": [0, 2.5, 0, 0], "rotation": 270, "texture": "#2"}
			}
		},
		{
			"from": [-0.1, 14.9, 9],
			"to": [4.9, 24.9, 9],
			"rotation": {"angle": -45, "axis": "z", "origin": [8, 21.5, 12]},
			"faces": {
				"north": {"uv": [16, 6.75, 11, 4.25], "rotation": 270, "texture": "#2"},
				"east": {"uv": [11, 4.25, 16, 4.25], "rotation": 270, "texture": "#2"},
				"south": {"uv": [11, 6.75, 16, 4.25], "rotation": 90, "texture": "#2"},
				"west": {"uv": [11, 4.25, 16, 4.25], "rotation": 270, "texture": "#2"},
				"up": {"uv": [0, 0, 0, 2.5], "rotation": 270, "texture": "#2"},
				"down": {"uv": [0, 0, 0, 2.5], "rotation": 270, "texture": "#2"}
			}
		},
		{
			"from": [11.1, 14.9, 9],
			"to": [16.1, 24.9, 9],
			"rotation": {"angle": 45, "axis": "z", "origin": [8, 21.5, 12]},
			"faces": {
				"north": {"uv": [16, 4.25, 11, 6.75], "rotation": 270, "texture": "#2"},
				"east": {"uv": [11, 4.25, 16, 4.25], "rotation": 270, "texture": "#2"},
				"south": {"uv": [11, 4.25, 16, 6.75], "rotation": 90, "texture": "#2"},
				"west": {"uv": [11, 4.25, 16, 4.25], "rotation": 270, "texture": "#2"},
				"up": {"uv": [0, 2.5, 0, 0], "rotation": 270, "texture": "#2"},
				"down": {"uv": [0, 2.5, 0, 0], "rotation": 270, "texture": "#2"}
			}
		},
		{
			"from": [10, 20, 8],
			"to": [24, 28, 8],
			"rotation": {"angle": -22.5, "axis": "z", "origin": [12.9, 24, 7.9]},
			"faces": {
				"north": {"uv": [9.75, 7.25, 13.75, 13.75], "rotation": 90, "texture": "#10"},
				"east": {"uv": [0, 16, 0, 0], "rotation": 180, "texture": "#10"},
				"south": {"uv": [13.75, 7.25, 9.75, 13.75], "rotation": 270, "texture": "#10"},
				"west": {"uv": [0, 16, 0, 0], "texture": "#10"},
				"up": {"uv": [0, 0, 0, 16], "rotation": 270, "texture": "#10"},
				"down": {"uv": [0, 0, 0, 16], "rotation": 270, "texture": "#10"}
			}
		},
		{
			"from": [-8, 20, 8],
			"to": [6, 28, 8],
			"rotation": {"angle": 22.5, "axis": "z", "origin": [3.1, 24, 7.9]},
			"faces": {
				"north": {"uv": [9.75, 13.75, 13.75, 7.25], "rotation": 90, "texture": "#10"},
				"east": {"uv": [0, 16, 0, 0], "texture": "#10"},
				"south": {"uv": [13.75, 13.75, 9.75, 7.25], "rotation": 270, "texture": "#10"},
				"west": {"uv": [0, 16, 0, 0], "rotation": 180, "texture": "#10"},
				"up": {"uv": [0, 16, 0, 0], "rotation": 270, "texture": "#10"},
				"down": {"uv": [0, 16, 0, 0], "rotation": 270, "texture": "#10"}
			}
		},
		{
			"from": [4.7, 26.5, 5.9],
			"to": [10, 27.5, 7.9],
			"rotation": {"angle": 45, "axis": "z", "origin": [16, 26.5, -1.1]},
			"faces": {
				"north": {"uv": [13, 16, 10.5, 15.5], "texture": "#3"},
				"east": {"uv": [11.5, 15.5, 10.5, 15], "texture": "#3"},
				"south": {"uv": [13, 16, 10.5, 15.5], "texture": "#3"},
				"west": {"uv": [11.5, 15.5, 10.5, 15], "texture": "#3"},
				"up": {"uv": [10.5, 16, 8, 15], "texture": "#3"},
				"down": {"uv": [10.5, 16, 8, 15], "texture": "#3"}
			}
		},
		{
			"from": [5, 19.2, 6.8],
			"to": [11, 25.2, 6.8],
			"rotation": {"angle": 0, "axis": "y", "origin": [16, 18, -1.1]},
			"faces": {
				"north": {"uv": [5, 1.5, 11, 7.5], "texture": "#7"},
				"east": {"uv": [3, 0.5, 3, 6.5], "texture": "#7"},
				"south": {"uv": [5, 1.5, 11, 7.5], "texture": "#7"},
				"west": {"uv": [3, 0.5, 3, 6.5], "texture": "#7"},
				"up": {"uv": [5, 0, 0, 0], "texture": "#7"},
				"down": {"uv": [5, 0, 0, 0], "texture": "#7"}
			}
		},
		{
			"from": [6, 26.5, 6],
			"to": [11.3, 27.5, 7.8],
			"rotation": {"angle": -45, "axis": "z", "origin": [0, 26.5, -1.1]},
			"faces": {
				"north": {"uv": [10.5, 16, 13, 15.5], "texture": "#3"},
				"east": {"uv": [10.5, 15.5, 11.5, 15], "texture": "#3"},
				"south": {"uv": [10.5, 16, 13, 15.5], "texture": "#3"},
				"west": {"uv": [10.5, 15.5, 11.5, 15], "texture": "#3"},
				"up": {"uv": [8, 16, 10.5, 15], "texture": "#3"},
				"down": {"uv": [8, 16, 10.5, 15], "texture": "#3"}
			}
		},
		{
			"from": [6, 30.7, 6],
			"to": [11.3, 31.7, 7.8],
			"rotation": {"angle": -45, "axis": "z", "origin": [0, 26.5, -1.1]},
			"faces": {
				"north": {"uv": [10.5, 16, 13, 15.5], "texture": "#3"},
				"east": {"uv": [10.5, 15.5, 11.5, 15], "texture": "#3"},
				"south": {"uv": [10.5, 16, 13, 15.5], "texture": "#3"},
				"west": {"uv": [10.5, 15.5, 11.5, 15], "texture": "#3"},
				"up": {"uv": [8, 16, 10.5, 15], "texture": "#3"},
				"down": {"uv": [8, 16, 10.5, 15], "texture": "#3"}
			}
		},
		{
			"from": [6, 17, 5.9],
			"to": [11.3, 18, 7.9],
			"rotation": {"angle": 45, "axis": "z", "origin": [0, 18, -1.1]},
			"faces": {
				"north": {"uv": [10.5, 15.5, 13, 16], "texture": "#3"},
				"east": {"uv": [10.5, 15, 11.5, 15.5], "texture": "#3"},
				"south": {"uv": [10.5, 15.5, 13, 16], "texture": "#3"},
				"west": {"uv": [10.5, 15, 11.5, 15.5], "texture": "#3"},
				"up": {"uv": [8, 15, 10.5, 16], "texture": "#3"},
				"down": {"uv": [8, 15, 10.5, 16], "texture": "#3"}
			}
		},
		{
			"from": [4.7, 26.5, 8.1],
			"to": [10, 27.5, 10.1],
			"rotation": {"angle": 45, "axis": "z", "origin": [16, 26.5, 17.1]},
			"faces": {
				"north": {"uv": [10.5, 16, 13, 15.5], "texture": "#3"},
				"east": {"uv": [10.5, 15.5, 11.5, 15], "texture": "#3"},
				"south": {"uv": [10.5, 16, 13, 15.5], "texture": "#3"},
				"west": {"uv": [10.5, 15.5, 11.5, 15], "texture": "#3"},
				"up": {"uv": [10.5, 15, 8, 16], "texture": "#3"},
				"down": {"uv": [10.5, 15, 8, 16], "texture": "#3"}
			}
		},
		{
			"from": [5, 19.2, 9.2],
			"to": [11, 25.2, 9.2],
			"rotation": {"angle": 0, "axis": "y", "origin": [16, 18, 17.1]},
			"faces": {
				"north": {"uv": [11, 1.5, 5, 7.5], "texture": "#7"},
				"east": {"uv": [3, 0.5, 3, 6.5], "texture": "#7"},
				"south": {"uv": [11, 1.5, 5, 7.5], "texture": "#7"},
				"west": {"uv": [3, 0.5, 3, 6.5], "texture": "#7"},
				"up": {"uv": [5, 0, 0, 0], "texture": "#7"},
				"down": {"uv": [5, 0, 0, 0], "texture": "#7"}
			}
		},
		{
			"from": [6, 26.5, 8.2],
			"to": [11.3, 27.5, 10],
			"rotation": {"angle": -45, "axis": "z", "origin": [0, 26.5, 17.1]},
			"faces": {
				"north": {"uv": [13, 16, 10.5, 15.5], "texture": "#3"},
				"east": {"uv": [11.5, 15.5, 10.5, 15], "texture": "#3"},
				"south": {"uv": [13, 16, 10.5, 15.5], "texture": "#3"},
				"west": {"uv": [11.5, 15.5, 10.5, 15], "texture": "#3"},
				"up": {"uv": [8, 15, 10.5, 16], "texture": "#3"},
				"down": {"uv": [8, 15, 10.5, 16], "texture": "#3"}
			}
		},
		{
			"from": [6, 30.7, 8.2],
			"to": [11.3, 31.7, 10],
			"rotation": {"angle": -45, "axis": "z", "origin": [0, 26.5, 17.1]},
			"faces": {
				"north": {"uv": [13, 16, 10.5, 15.5], "texture": "#3"},
				"east": {"uv": [11.5, 15.5, 10.5, 15], "texture": "#3"},
				"south": {"uv": [13, 16, 10.5, 15.5], "texture": "#3"},
				"west": {"uv": [11.5, 15.5, 10.5, 15], "texture": "#3"},
				"up": {"uv": [8, 15, 10.5, 16], "texture": "#3"},
				"down": {"uv": [8, 15, 10.5, 16], "texture": "#3"}
			}
		},
		{
			"from": [6, 17, 8.1],
			"to": [11.3, 18, 10.1],
			"rotation": {"angle": 45, "axis": "z", "origin": [0, 18, 17.1]},
			"faces": {
				"north": {"uv": [13, 15.5, 10.5, 16], "texture": "#3"},
				"east": {"uv": [11.5, 15, 10.5, 15.5], "texture": "#3"},
				"south": {"uv": [13, 15.5, 10.5, 16], "texture": "#3"},
				"west": {"uv": [11.5, 15, 10.5, 15.5], "texture": "#3"},
				"up": {"uv": [8, 16, 10.5, 15], "texture": "#3"},
				"down": {"uv": [8, 16, 10.5, 15], "texture": "#3"}
			}
		},
		{
			"from": [6.9, 22, 5],
			"to": [6.9, 31, 11],
			"rotation": {"angle": 0, "axis": "y", "origin": [7, 16, 0]},
			"faces": {
				"north": {"uv": [13, 9, 13, 4.5], "rotation": 180, "texture": "#4"},
				"east": {"uv": [13, 9, 16, 4.5], "rotation": 180, "texture": "#4"},
				"south": {"uv": [13, 9, 13, 4.5], "rotation": 180, "texture": "#4"},
				"west": {"uv": [13, 9, 16, 4.5], "rotation": 180, "texture": "#4"},
				"up": {"uv": [3, 0, 0, 0], "rotation": 270, "texture": "#4"},
				"down": {"uv": [3, 0, 0, 0], "rotation": 90, "texture": "#4"}
			}
		},
		{
			"from": [8.9, 22, 5],
			"to": [8.9, 31, 11],
			"rotation": {"angle": 0, "axis": "y", "origin": [7, 16, 0]},
			"faces": {
				"north": {"uv": [13, 9, 13, 4.5], "rotation": 180, "texture": "#4"},
				"east": {"uv": [13, 9, 16, 4.5], "rotation": 180, "texture": "#4"},
				"south": {"uv": [13, 9, 13, 4.5], "rotation": 180, "texture": "#4"},
				"west": {"uv": [13, 9, 16, 4.5], "rotation": 180, "texture": "#4"},
				"up": {"uv": [3, 0, 0, 0], "rotation": 270, "texture": "#4"},
				"down": {"uv": [3, 0, 0, 0], "rotation": 90, "texture": "#4"}
			}
		},
		{
			"from": [5, 22, 6.9],
			"to": [11, 31, 6.9],
			"rotation": {"angle": 0, "axis": "y", "origin": [7, 16, 0]},
			"faces": {
				"north": {"uv": [13, 9, 16, 4.5], "rotation": 180, "texture": "#4"},
				"east": {"uv": [13, 9, 13, 4.5], "rotation": 180, "texture": "#4"},
				"south": {"uv": [13, 9, 16, 4.5], "rotation": 180, "texture": "#4"},
				"west": {"uv": [13, 9, 13, 4.5], "rotation": 180, "texture": "#4"},
				"up": {"uv": [0, 0, 3, 0], "rotation": 180, "texture": "#4"},
				"down": {"uv": [0, 0, 3, 0], "rotation": 180, "texture": "#4"}
			}
		},
		{
			"from": [5, 22, 9.1],
			"to": [11, 31, 9.1],
			"rotation": {"angle": 0, "axis": "y", "origin": [7, 16, 0]},
			"faces": {
				"north": {"uv": [13, 9, 16, 4.5], "rotation": 180, "texture": "#4"},
				"east": {"uv": [13, 9, 13, 4.5], "rotation": 180, "texture": "#4"},
				"south": {"uv": [13, 9, 16, 4.5], "rotation": 180, "texture": "#4"},
				"west": {"uv": [13, 9, 13, 4.5], "rotation": 180, "texture": "#4"},
				"up": {"uv": [0, 0, 3, 0], "rotation": 180, "texture": "#4"},
				"down": {"uv": [0, 0, 3, 0], "rotation": 180, "texture": "#4"}
			}
		}
	],
	"gui_light": "front",
	"display": {
		"thirdperson_righthand": {
			"rotation": [0, 90, 0],
			"translation": [0, 8.25, 2],
			"scale": [0.7, 0.7, 0.7]
		},
		"thirdperson_lefthand": {
			"rotation": [0, 90, 0],
			"translation": [0, 8.25, 2],
			"scale": [0.7, 0.7, 0.7]
		},
		"firstperson_righthand": {
			"rotation": [-165, 80, 170],
			"translation": [2.25, 1.75, -1.25],
			"scale": [0.63672, 0.63672, 0.63672]
		},
		"firstperson_lefthand": {
			"rotation": [-165, 80, 170],
			"translation": [2.25, 1.75, -1.25],
			"scale": [0.63672, 0.63672, 0.63672]
		},
		"ground": {
			"rotation": [45, 0, 0],
			"translation": [0, 5.25, 0],
			"scale": [0.35, 0.35, 0.35]
		},
		"gui": {
			"rotation": [0, 0, -45],
			"translation": [-1, -1, -2],
			"scale": [0.41227, 0.41227, 0.41227]
		},
		"head": {
			"rotation": [-135.5, 0, 0],
			"translation": [0, 20.5, 4.75],
			"scale": [0, 0, 0]
		},
		"fixed": {
			"translation": [-0.5, 5, -3.25],
			"scale": [1.4, 1.4, 1.4]
		}
	},
	"groups": [
		0,
		1,
		2,
		3,
		4,
		{
			"name": "group",
			"origin": [16.2, 1, 0.1],
			"color": 0,
			"children": [
				5,
				6,
				7,
				8,
				9,
				10,
				11,
				12,
				{
					"name": "group",
					"origin": [16, 0, -0.2],
					"color": 0,
					"children": [13, 14, 15, 16]
				},
				{
					"name": "group",
					"origin": [16, 0, -0.2],
					"color": 0,
					"children": [17, 18, 19, 20]
				}
			]
		},
		21,
		22,
		23,
		24,
		{
			"name": "group",
			"origin": [16.2, 1, 0.1],
			"color": 0,
			"children": [
				25,
				26,
				27,
				28,
				29,
				30,
				31,
				32,
				{
					"name": "group",
					"origin": [16, 0, -0.2],
					"color": 0,
					"children": [33, 34, 35, 36]
				},
				{
					"name": "group",
					"origin": [16, 0, -0.2],
					"color": 0,
					"children": [37, 38, 39, 40]
				}
			]
		},
		41,
		42,
		43,
		44,
		45,
		46,
		47,
		48,
		49,
		50,
		{
			"name": "Eye",
			"origin": [16, 0, 0],
			"color": 0,
			"children": [51, 52, 53, 54, 55]
		},
		{
			"name": "Eye",
			"origin": [16, 0, 0],
			"color": 0,
			"children": [56, 57, 58, 59, 60]
		},
		61,
		62,
		63,
		64
	]
}