{
	"credit": "Made by PolygonMC",
	"texture_size": [8, 8],
	"textures": {
		"1": "littlecatset:animations/animations_1",
		"2": "littlecatset:axe",
		"particle": "littlecatset:axe"
	},
	"elements": [
		{
			"from": [7.5, 1.5, 7.5],
			"to": [8.5, 2.5, 8.5],
			"rotation": {"angle": 0, "axis": "y", "origin": [7.5, 1.5, 7.5]},
			"faces": {
				"north": {"uv": [4, 9.33333, 4.66667, 10], "texture": "#2"},
				"east": {"uv": [4.66667, 9.33333, 5.33333, 10], "texture": "#2"},
				"south": {"uv": [9.33333, 4.66667, 10, 5.33333], "texture": "#2"},
				"west": {"uv": [5.33333, 9.33333, 6, 10], "texture": "#2"},
				"up": {"uv": [10, 6, 9.33333, 5.33333], "texture": "#2"}
			}
		},
		{
			"from": [7.5, 4, 7.5],
			"to": [8.5, 5.5, 8.5],
			"rotation": {"angle": 0, "axis": "y", "origin": [7.5, 4, 7.5]},
			"faces": {
				"north": {"uv": [9.33333, 0, 10, 1], "texture": "#2"},
				"east": {"uv": [1.33333, 9.33333, 2, 10.33333], "texture": "#2"},
				"south": {"uv": [9.33333, 1.33333, 10, 2.33333], "texture": "#2"},
				"west": {"uv": [2, 9.33333, 2.66667, 10.33333], "texture": "#2"},
				"up": {"uv": [6.66667, 10, 6, 9.33333], "texture": "#2"},
				"down": {"uv": [10, 6, 9.33333, 6.66667], "texture": "#2"}
			}
		},
		{
			"from": [7.5, 6, 7.5],
			"to": [8.5, 6.5, 8.5],
			"rotation": {"angle": 0, "axis": "y", "origin": [7.5, 6, 7.5]},
			"faces": {
				"north": {"uv": [9.33333, 10.66667, 10, 11], "texture": "#2"},
				"east": {"uv": [10.66667, 9.33333, 11.33333, 9.66667], "texture": "#2"},
				"south": {"uv": [10, 10.66667, 10.66667, 11], "texture": "#2"},
				"west": {"uv": [10.66667, 10, 11.33333, 10.33333], "texture": "#2"}
			}
		},
		{
			"from": [7.5, 12.25, 7.5],
			"to": [8.5, 13.25, 8.5],
			"rotation": {"angle": 0, "axis": "y", "origin": [7.5, 11.25, 7.5]},
			"faces": {
				"north": {"uv": [10, 1.33333, 10.66667, 2], "texture": "#2"},
				"east": {"uv": [10, 2, 10.66667, 2.66667], "texture": "#2"},
				"south": {"uv": [10, 2.66667, 10.66667, 3.33333], "texture": "#2"},
				"west": {"uv": [10, 3.33333, 10.66667, 4], "texture": "#2"}
			}
		},
		{
			"from": [7.4, 6.5, 7.4],
			"to": [8.6, 12.25, 8.6],
			"rotation": {"angle": 0, "axis": "y", "origin": [7.5, 9.25, 7.5]},
			"faces": {
				"north": {"uv": [2.66667, 4.66667, 2, 8], "texture": "#2"},
				"east": {"uv": [1.33333, 4.66667, 0.66667, 8], "texture": "#2"},
				"south": {"uv": [2.66667, 4.66667, 2, 8], "texture": "#2"},
				"west": {"uv": [2, 4.66667, 2.66667, 8], "texture": "#2"},
				"up": {"uv": [4.66667, 10.66667, 4, 10], "texture": "#2"},
				"down": {"uv": [10.66667, 4, 10, 4.66667], "texture": "#2"}
			}
		},
		{
			"from": [7.5, 3, 7.5],
			"to": [8.5, 3.5, 8.5],
			"rotation": {"angle": 0, "axis": "y", "origin": [7.5, 3, 7.5]},
			"faces": {
				"north": {"uv": [9.33333, 10, 10, 10.33333], "texture": "#2"},
				"east": {"uv": [10, 10, 10.66667, 10.33333], "texture": "#2"},
				"south": {"uv": [0, 10.66667, 0.66667, 11], "texture": "#2"},
				"west": {"uv": [10.66667, 0, 11.33333, 0.33333], "texture": "#2"},
				"up": {"uv": [8, 10, 7.33333, 9.33333], "texture": "#2"},
				"down": {"uv": [10, 8, 9.33333, 8.66667], "texture": "#2"}
			}
		},
		{
			"from": [7.4, 5.5, 7.4],
			"to": [8.6, 6, 8.6],
			"rotation": {"angle": 0, "axis": "y", "origin": [7.5, 5.5, 7.5]},
			"faces": {
				"north": {"uv": [0.66667, 10.66667, 1.33333, 11], "texture": "#2"},
				"east": {"uv": [10.66667, 0.66667, 11.33333, 1], "texture": "#2"},
				"south": {"uv": [1.33333, 10.66667, 2, 11], "texture": "#2"},
				"west": {"uv": [10.66667, 1.33333, 11.33333, 1.66667], "texture": "#2"},
				"up": {"uv": [9.33333, 10, 8.66667, 9.33333], "texture": "#2"},
				"down": {"uv": [10, 8.66667, 9.33333, 9.33333], "texture": "#2"}
			}
		},
		{
			"from": [7.4, 1, 7.4],
			"to": [8.6, 1.5, 8.6],
			"rotation": {"angle": 0, "axis": "y", "origin": [7.5, 1, 7.5]},
			"faces": {
				"north": {"uv": [2, 10.66667, 2.66667, 11], "texture": "#2"},
				"east": {"uv": [10.66667, 2, 11.33333, 2.33333], "texture": "#2"},
				"south": {"uv": [10.66667, 2.66667, 11.33333, 3], "texture": "#2"},
				"west": {"uv": [10.66667, 3.33333, 11.33333, 3.66667], "texture": "#2"},
				"up": {"uv": [10, 10, 9.33333, 9.33333], "texture": "#2"},
				"down": {"uv": [0.66667, 10, 0, 10.66667], "texture": "#2"}
			}
		},
		{
			"from": [7.6, 2.5, 7.6],
			"to": [8.4, 3, 8.4],
			"rotation": {"angle": 0, "axis": "y", "origin": [7.5, 2.5, 7.5]},
			"faces": {
				"north": {"uv": [4, 10.66667, 4.66667, 11], "texture": "#2"},
				"east": {"uv": [10.66667, 4, 11.33333, 4.33333], "texture": "#2"},
				"south": {"uv": [10.66667, 4.66667, 11.33333, 5], "texture": "#2"},
				"west": {"uv": [10.66667, 5.33333, 11.33333, 5.66667], "texture": "#2"}
			}
		},
		{
			"from": [7.6, 3.5, 7.6],
			"to": [8.4, 4, 8.4],
			"rotation": {"angle": 0, "axis": "y", "origin": [7.5, 3.5, 7.5]},
			"faces": {
				"north": {"uv": [10.66667, 6, 11.33333, 6.33333], "texture": "#2"},
				"east": {"uv": [10.66667, 6.66667, 11.33333, 7], "texture": "#2"},
				"south": {"uv": [10.66667, 7.33333, 11.33333, 7.66667], "texture": "#2"},
				"west": {"uv": [10.66667, 8, 11.33333, 8.33333], "texture": "#2"}
			}
		},
		{
			"from": [7.37, 0.17, 7.37],
			"to": [8.63, 1.43, 8.63],
			"rotation": {"angle": -45, "axis": "x", "origin": [8, 0.8, 8]},
			"faces": {
				"north": {"uv": [1.33333, 8, 2.33333, 9], "texture": "#2"},
				"east": {"uv": [8, 1.33333, 9, 2.33333], "texture": "#2"},
				"south": {"uv": [2.66667, 8, 3.66667, 9], "texture": "#2"},
				"west": {"uv": [8, 2.66667, 9, 3.66667], "texture": "#2"},
				"up": {"uv": [5, 9, 4, 8], "texture": "#2"},
				"down": {"uv": [9, 4, 8, 5], "texture": "#2"}
			}
		},
		{
			"from": [7.3, 13, 7],
			"to": [8.7, 15, 9],
			"rotation": {"angle": -45, "axis": "x", "origin": [8, 14, 8]},
			"faces": {
				"north": {"uv": [5.33333, 5.33333, 6.33333, 6.66667], "texture": "#2"},
				"east": {"uv": [4.66667, 2.66667, 6, 4], "texture": "#2"},
				"south": {"uv": [6, 0, 7, 1.33333], "texture": "#2"},
				"west": {"uv": [4.66667, 4, 6, 5.33333], "texture": "#2"},
				"up": {"uv": [7, 2.66667, 6, 1.33333], "texture": "#2"},
				"down": {"uv": [7, 2.66667, 6, 4], "texture": "#2"}
			}
		},
		{
			"from": [7.1, 13.3, 7.3],
			"to": [8.9, 14.7, 8.7],
			"rotation": {"angle": -45, "axis": "x", "origin": [8, 14, 8]},
			"faces": {
				"north": {"uv": [6, 4, 7.33333, 5], "texture": "#2"},
				"east": {"uv": [5.33333, 8, 6.33333, 9], "texture": "#2"},
				"south": {"uv": [2.66667, 6.66667, 4, 7.66667], "texture": "#2"},
				"west": {"uv": [8, 5.33333, 9, 6.33333], "texture": "#2"},
				"up": {"uv": [5.33333, 7.66667, 4, 6.66667], "texture": "#2"},
				"down": {"uv": [6.66667, 6.66667, 5.33333, 7.66667], "texture": "#2"}
			}
		},
		{
			"from": [7.5, 13.5, 5.5],
			"to": [8.5, 14.5, 7.5],
			"rotation": {"angle": -22.5, "axis": "x", "origin": [8, 14, 6.5]},
			"faces": {
				"east": {"uv": [8.66667, 6.66667, 10, 7.33333], "texture": "#2"},
				"south": {"uv": [10, 0, 10.66667, 0.66667], "texture": "#2"},
				"west": {"uv": [8.66667, 7.33333, 10, 8], "texture": "#2"},
				"up": {"uv": [8, 9.33333, 7.33333, 8], "texture": "#2"},
				"down": {"uv": [9.33333, 8, 8.66667, 9.33333], "texture": "#2"}
			}
		},
		{
			"from": [7.7, 13.5, 4.375],
			"to": [8.3, 14.5, 6.925],
			"rotation": {"angle": 22.5, "axis": "x", "origin": [8, 14, 5.375]},
			"faces": {
				"east": {"uv": [7.33333, 0, 9, 0.66667], "texture": "#2"},
				"south": {"uv": [10.66667, 8.66667, 11, 9.33333], "texture": "#2"},
				"west": {"uv": [7.33333, 0.66667, 9, 1.33333], "texture": "#2"},
				"up": {"uv": [9.66667, 4.33333, 9.33333, 2.66667], "texture": "#2"},
				"down": {"uv": [3.66667, 9.33333, 3.33333, 11], "texture": "#2"}
			}
		},
		{
			"from": [7.4, 12.45, 4.6],
			"to": [8.6, 14.85, 5.6],
			"rotation": {"angle": -45, "axis": "x", "origin": [8, 13.65, 5]},
			"faces": {
				"north": {"uv": [7.33333, 1.33333, 8, 3], "texture": "#2"},
				"east": {"uv": [7.33333, 3.33333, 8, 5], "texture": "#2"},
				"south": {"uv": [0, 8, 0.66667, 9.66667], "texture": "#2"},
				"west": {"uv": [0.66667, 8, 1.33333, 9.66667], "texture": "#2"},
				"up": {"uv": [1.33333, 10.66667, 0.66667, 10], "texture": "#2"},
				"down": {"uv": [10.66667, 0.66667, 10, 1.33333], "texture": "#2"}
			}
		},
		{
			"from": [7.5, 13.5, 8.5],
			"to": [8.5, 14.5, 10.5],
			"rotation": {"angle": 22.5, "axis": "x", "origin": [8, 14, 9.5]},
			"faces": {
				"north": {"uv": [10.66667, 0, 10, 0.66667], "texture": "#2"},
				"east": {"uv": [10, 6.66667, 8.66667, 7.33333], "texture": "#2"},
				"west": {"uv": [10, 7.33333, 8.66667, 8], "texture": "#2"},
				"up": {"uv": [8, 8, 7.33333, 9.33333], "texture": "#2"},
				"down": {"uv": [9.33333, 9.33333, 8.66667, 8], "texture": "#2"}
			}
		},
		{
			"from": [7.7, 13.5, 9.075],
			"to": [8.3, 14.5, 11.625],
			"rotation": {"angle": -22.5, "axis": "x", "origin": [8, 14, 10.625]},
			"faces": {
				"north": {"uv": [11, 8.66667, 10.66667, 9.33333], "texture": "#2"},
				"east": {"uv": [9, 0, 7.33333, 0.66667], "texture": "#2"},
				"west": {"uv": [9, 0.66667, 7.33333, 1.33333], "texture": "#2"},
				"up": {"uv": [9.66667, 2.66667, 9.33333, 4.33333], "texture": "#2"},
				"down": {"uv": [3.66667, 11, 3.33333, 9.33333], "texture": "#2"}
			}
		},
		{
			"from": [7.4, 12.45, 10.4],
			"to": [8.6, 14.85, 11.4],
			"rotation": {"angle": 45, "axis": "x", "origin": [8, 13.65, 11]},
			"faces": {
				"north": {"uv": [0.66667, 8, 0, 9.66667], "texture": "#2"},
				"east": {"uv": [8, 3.33333, 7.33333, 5], "texture": "#2"},
				"south": {"uv": [8, 1.33333, 7.33333, 3], "texture": "#2"},
				"west": {"uv": [1.33333, 8, 0.66667, 9.66667], "texture": "#2"},
				"up": {"uv": [1.33333, 10, 0.66667, 10.66667], "texture": "#2"},
				"down": {"uv": [10.66667, 1.33333, 10, 0.66667], "texture": "#2"}
			}
		},
		{
			"from": [7.75, 12, 3],
			"to": [8.25, 14, 7.5],
			"rotation": {"angle": 0, "axis": "y", "origin": [7.75, 12, 5]},
			"faces": {
				"north": {"uv": [4.66667, 10, 5, 11.33333], "texture": "#2"},
				"east": {"uv": [2.66667, 0, 5.66667, 1.33333], "texture": "#2"},
				"west": {"uv": [2.66667, 1.33333, 5.66667, 2.66667], "texture": "#2"},
				"up": {"uv": [7, 11, 6.66667, 8], "texture": "#2"},
				"down": {"uv": [8.33333, 6.66667, 8, 9.66667], "texture": "#2"}
			}
		},
		{
			"from": [7.75, 11.6, 8.5],
			"to": [8.25, 13.6, 10],
			"rotation": {"angle": 22.5, "axis": "x", "origin": [8, 13, 9.25]},
			"faces": {
				"north": {"uv": [10, 7.33333, 10.33333, 8.66667], "texture": "#2"},
				"east": {"uv": [6.66667, 5.33333, 7.66667, 6.66667], "texture": "#2"},
				"south": {"uv": [8, 10, 8.33333, 11.33333], "texture": "#2"},
				"west": {"uv": [6.66667, 6.66667, 7.66667, 8], "texture": "#2"},
				"up": {"uv": [9, 11, 8.66667, 10], "texture": "#2"},
				"down": {"uv": [10.33333, 8.66667, 10, 9.66667], "texture": "#2"}
			}
		},
		{
			"from": [7.755, 10.84149, 3.23044],
			"to": [8.245, 12.84149, 6.00544],
			"rotation": {"angle": -22.5, "axis": "x", "origin": [8.005, 11.84149, 5.23044]},
			"faces": {
				"north": {"uv": [10, 4.66667, 10.33333, 6], "texture": "#2"},
				"east": {"uv": [2.66667, 2.66667, 4.66667, 4], "texture": "#2"},
				"south": {"uv": [5.33333, 10, 5.66667, 11.33333], "texture": "#2"},
				"west": {"uv": [2.66667, 4, 4.66667, 5.33333], "texture": "#2"},
				"down": {"uv": [3, 9.33333, 2.66667, 11.33333], "texture": "#2"}
			}
		},
		{
			"from": [7.76, 9.85935, 3.88669],
			"to": [8.24, 11.85935, 5.59669],
			"rotation": {"angle": -45, "axis": "x", "origin": [8.005, 10.85935, 5.88669]},
			"faces": {
				"north": {"uv": [6, 10, 6.33333, 11.33333], "texture": "#2"},
				"east": {"uv": [2.66667, 5.33333, 4, 6.66667], "texture": "#2"},
				"south": {"uv": [10, 6, 10.33333, 7.33333], "texture": "#2"},
				"west": {"uv": [4, 5.33333, 5.33333, 6.66667], "texture": "#2"},
				"down": {"uv": [7.66667, 10, 7.33333, 11.33333], "texture": "#2"}
			}
		},
		{
			"from": [7.975, 8, 2],
			"to": [8.025, 15, 6],
			"rotation": {"angle": 0, "axis": "y", "origin": [7.975, 0, 0]},
			"faces": {
				"east": {"uv": [2.66667, 0, 0, 4.66667], "texture": "#2"},
				"west": {"uv": [0, 0, 2.66667, 4.66667], "texture": "#2"}
			}
		},
		{
			"from": [7, 8, 1],
			"to": [7.05, 16, 9],
			"rotation": {"angle": 0, "axis": "y", "origin": [7, 8, 1]},
			"faces": {
				"east": {"uv": [16, 0, 0, 16], "texture": "#1"},
				"west": {"uv": [0, 0, 16, 16], "texture": "#1"}
			}
		},
		{
			"from": [8.95, 8, 1],
			"to": [9, 16, 9],
			"rotation": {"angle": 0, "axis": "y", "origin": [9, 8, 1]},
			"faces": {
				"east": {"uv": [16, 0, 0, 16], "texture": "#1"},
				"west": {"uv": [0, 0, 16, 16], "texture": "#1"}
			}
		}
	],
	"gui_light": "front",
	"display": {
		"thirdperson_righthand": {
			"translation": [0, 2.5, 0.75]
		},
		"thirdperson_lefthand": {
			"translation": [0, 2.5, 0.75]
		},
		"firstperson_righthand": {
			"rotation": [-10, 0, 0],
			"translation": [0, 2.5, 0]
		},
		"firstperson_lefthand": {
			"rotation": [-10, 0, 0],
			"translation": [0, 2.5, 0]
		},
		"ground": {
			"rotation": [-45, 0, 0],
			"translation": [0, 6.5, 0]
		},
		"gui": {
			"rotation": [-90, 45, 90],
			"translation": [2, -1, 0],
			"scale": [1.1, 1.1, 1.1]
		},
		"head": {
			"scale": [0, 0, 0]
		},
		"fixed": {
			"rotation": [0, -90, 0],
			"translation": [0, 0.75, -0.75],
			"scale": [2, 2, 2]
		}
	}
}