{
	"credit": "Made by PolygonMC",
	"texture_size": [24, 24],
	"textures": {
		"1": "littlecatset:sword",
		"2": "littlecatset:animations/animations_2",
		"particle": "littlecatset:animations/animations_2"
	},
	"elements": [
		{
			"from": [7.5, 1.5, 7.5],
			"to": [8.5, 2.5, 8.5],
			"rotation": {"angle": 0, "axis": "y", "origin": [7.5, 1.5, 7.5]},
			"faces": {
				"north": {"uv": [5.33333, 8.66667, 6, 9.33333], "texture": "#1"},
				"east": {"uv": [8, 9.33333, 8.66667, 10], "texture": "#1"},
				"south": {"uv": [10.66667, 6.66667, 11.33333, 7.33333], "texture": "#1"},
				"west": {"uv": [10.66667, 9.33333, 11.33333, 10], "texture": "#1"},
				"up": {"uv": [10.66667, 11.33333, 10, 10.66667], "texture": "#1"}
			}
		},
		{
			"from": [7.5, 4, 7.5],
			"to": [8.5, 5.5, 8.5],
			"rotation": {"angle": 0, "axis": "y", "origin": [7.5, 4, 7.5]},
			"faces": {
				"north": {"uv": [4.66667, 10.66667, 5.33333, 11.66667], "texture": "#1"},
				"east": {"uv": [5.33333, 10.66667, 6, 11.66667], "texture": "#1"},
				"south": {"uv": [10.66667, 5.33333, 11.33333, 6.33333], "texture": "#1"},
				"west": {"uv": [6, 10.66667, 6.66667, 11.66667], "texture": "#1"},
				"up": {"uv": [12, 0.66667, 11.33333, 0], "texture": "#1"},
				"down": {"uv": [12, 0.66667, 11.33333, 1.33333], "texture": "#1"}
			}
		},
		{
			"from": [7.5, 3, 7.5],
			"to": [8.5, 3.5, 8.5],
			"rotation": {"angle": 0, "axis": "y", "origin": [7.5, 3, 7.5]},
			"faces": {
				"north": {"uv": [12, 2.66667, 12.66667, 3], "texture": "#1"},
				"east": {"uv": [3.33333, 12, 4, 12.33333], "texture": "#1"},
				"south": {"uv": [12, 3.33333, 12.66667, 3.66667], "texture": "#1"},
				"west": {"uv": [4, 12, 4.66667, 12.33333], "texture": "#1"},
				"up": {"uv": [11.33333, 10.66667, 10.66667, 10], "texture": "#1"},
				"down": {"uv": [11.33333, 10.66667, 10.66667, 11.33333], "texture": "#1"}
			}
		},
		{
			"from": [7.4, 5.5, 7.4],
			"to": [8.6, 6, 8.6],
			"rotation": {"angle": 0, "axis": "y", "origin": [7.5, 5.5, 7.5]},
			"faces": {
				"north": {"uv": [12, 5.33333, 12.66667, 5.66667], "texture": "#1"},
				"east": {"uv": [6, 12, 6.66667, 12.33333], "texture": "#1"},
				"south": {"uv": [12, 6, 12.66667, 6.33333], "texture": "#1"},
				"west": {"uv": [12, 6.66667, 12.66667, 7], "texture": "#1"},
				"up": {"uv": [12, 2, 11.33333, 1.33333], "texture": "#1"},
				"down": {"uv": [12, 2, 11.33333, 2.66667], "texture": "#1"}
			}
		},
		{
			"from": [7.4, 1, 7.4],
			"to": [8.6, 1.5, 8.6],
			"rotation": {"angle": 0, "axis": "y", "origin": [7.5, 1, 7.5]},
			"faces": {
				"north": {"uv": [12, 7.33333, 12.66667, 7.66667], "texture": "#1"},
				"east": {"uv": [12, 8, 12.66667, 8.33333], "texture": "#1"},
				"south": {"uv": [12, 8.66667, 12.66667, 9], "texture": "#1"},
				"west": {"uv": [9.33333, 12, 10, 12.33333], "texture": "#1"},
				"up": {"uv": [12, 3.33333, 11.33333, 2.66667], "texture": "#1"},
				"down": {"uv": [12, 3.33333, 11.33333, 4], "texture": "#1"}
			}
		},
		{
			"from": [7.6, 2.5, 7.6],
			"to": [8.4, 3, 8.4],
			"rotation": {"angle": 0, "axis": "y", "origin": [7.5, 2.5, 7.5]},
			"faces": {
				"north": {"uv": [12, 0, 12.66667, 0.33333], "texture": "#1"},
				"east": {"uv": [12, 0.66667, 12.66667, 1], "texture": "#1"},
				"south": {"uv": [12, 1.33333, 12.66667, 1.66667], "texture": "#1"},
				"west": {"uv": [12, 2, 12.66667, 2.33333], "texture": "#1"}
			}
		},
		{
			"from": [7.6, 3.5, 7.6],
			"to": [8.4, 4, 8.4],
			"rotation": {"angle": 0, "axis": "y", "origin": [7.5, 3.5, 7.5]},
			"faces": {
				"north": {"uv": [12, 4, 12.66667, 4.33333], "texture": "#1"},
				"east": {"uv": [4.66667, 12, 5.33333, 12.33333], "texture": "#1"},
				"south": {"uv": [12, 4.66667, 12.66667, 5], "texture": "#1"},
				"west": {"uv": [5.33333, 12, 6, 12.33333], "texture": "#1"}
			}
		},
		{
			"from": [7.37, 0.17, 7.37],
			"to": [8.63, 1.43, 8.63],
			"rotation": {"angle": -45, "axis": "x", "origin": [8, 0.8, 8]},
			"faces": {
				"north": {"uv": [8.66667, 7.33333, 9.66667, 8.33333], "texture": "#1"},
				"east": {"uv": [8.66667, 8.66667, 9.66667, 9.66667], "texture": "#1"},
				"south": {"uv": [9.33333, 0, 10.33333, 1], "texture": "#1"},
				"west": {"uv": [9.33333, 1.33333, 10.33333, 2.33333], "texture": "#1"},
				"up": {"uv": [10.33333, 3.66667, 9.33333, 2.66667], "texture": "#1"},
				"down": {"uv": [10.33333, 4, 9.33333, 5], "texture": "#1"}
			}
		},
		{
			"from": [7.3, 6, 7],
			"to": [8.7, 8, 9],
			"rotation": {"angle": -45, "axis": "x", "origin": [8, 7, 8]},
			"faces": {
				"north": {"uv": [7.33333, 1.33333, 8.33333, 2.66667], "texture": "#1"},
				"east": {"uv": [4.66667, 6, 6, 7.33333], "texture": "#1"},
				"south": {"uv": [7.33333, 2.66667, 8.33333, 4], "texture": "#1"},
				"west": {"uv": [6, 5.33333, 7.33333, 6.66667], "texture": "#1"},
				"up": {"uv": [8.33333, 5.33333, 7.33333, 4], "texture": "#1"},
				"down": {"uv": [5.66667, 7.33333, 4.66667, 8.66667], "texture": "#1"}
			}
		},
		{
			"from": [7.1, 6.3, 7.3],
			"to": [8.9, 7.7, 8.7],
			"rotation": {"angle": -45, "axis": "x", "origin": [8, 7, 8]},
			"faces": {
				"north": {"uv": [7.33333, 5.33333, 8.66667, 6.33333], "texture": "#1"},
				"east": {"uv": [5.33333, 9.33333, 6.33333, 10.33333], "texture": "#1"},
				"south": {"uv": [7.33333, 6.66667, 8.66667, 7.66667], "texture": "#1"},
				"west": {"uv": [6.66667, 9.33333, 7.66667, 10.33333], "texture": "#1"},
				"up": {"uv": [7.33333, 9, 6, 8], "texture": "#1"},
				"down": {"uv": [8.66667, 8, 7.33333, 9], "texture": "#1"}
			}
		},
		{
			"from": [7.5, 6.5, 5.5],
			"to": [8.5, 7.5, 7.5],
			"rotation": {"angle": -22.5, "axis": "x", "origin": [8, 7, 6.5]},
			"faces": {
				"east": {"uv": [9.33333, 5.33333, 10.66667, 6], "texture": "#1"},
				"south": {"uv": [11.33333, 4, 12, 4.66667], "texture": "#1"},
				"west": {"uv": [10, 8.66667, 11.33333, 9.33333], "texture": "#1"},
				"up": {"uv": [10, 11.33333, 9.33333, 10], "texture": "#1"},
				"down": {"uv": [10.66667, 9.33333, 10, 10.66667], "texture": "#1"}
			}
		},
		{
			"from": [7.7, 6.5, 4.375],
			"to": [8.3, 7.5, 6.925],
			"rotation": {"angle": 22.5, "axis": "x", "origin": [8, 7, 5.375]},
			"faces": {
				"east": {"uv": [8.66667, 6, 10.33333, 6.66667], "texture": "#1"},
				"south": {"uv": [12, 9.33333, 12.33333, 10], "texture": "#1"},
				"west": {"uv": [8.66667, 6.66667, 10.33333, 7.33333], "texture": "#1"},
				"up": {"uv": [7, 12.33333, 6.66667, 10.66667], "texture": "#1"},
				"down": {"uv": [7.66667, 10.66667, 7.33333, 12.33333], "texture": "#1"}
			}
		},
		{
			"from": [7.4, 5.45, 4.6],
			"to": [8.6, 7.85, 5.6],
			"rotation": {"angle": -45, "axis": "x", "origin": [8, 6.65, 5]},
			"faces": {
				"north": {"uv": [8.66667, 0, 9.33333, 1.66667], "texture": "#1"},
				"east": {"uv": [8.66667, 2, 9.33333, 3.66667], "texture": "#1"},
				"south": {"uv": [8.66667, 4, 9.33333, 5.66667], "texture": "#1"},
				"west": {"uv": [4.66667, 8.66667, 5.33333, 10.33333], "texture": "#1"},
				"up": {"uv": [12, 5.33333, 11.33333, 4.66667], "texture": "#1"},
				"down": {"uv": [12, 5.33333, 11.33333, 6], "texture": "#1"}
			}
		},
		{
			"from": [7.5, 6.5, 8.5],
			"to": [8.5, 7.5, 10.5],
			"rotation": {"angle": 22.5, "axis": "x", "origin": [8, 7, 9.5]},
			"faces": {
				"north": {"uv": [12, 4, 11.33333, 4.66667], "texture": "#1"},
				"east": {"uv": [10.66667, 5.33333, 9.33333, 6], "texture": "#1"},
				"west": {"uv": [11.33333, 8.66667, 10, 9.33333], "texture": "#1"},
				"up": {"uv": [10, 10, 9.33333, 11.33333], "texture": "#1"},
				"down": {"uv": [10.66667, 10.66667, 10, 9.33333], "texture": "#1"}
			}
		},
		{
			"from": [7.7, 6.5, 9.075],
			"to": [8.3, 7.5, 11.625],
			"rotation": {"angle": -22.5, "axis": "x", "origin": [8, 7, 10.625]},
			"faces": {
				"north": {"uv": [12.33333, 9.33333, 12, 10], "texture": "#1"},
				"east": {"uv": [10.33333, 6, 8.66667, 6.66667], "texture": "#1"},
				"west": {"uv": [10.33333, 6.66667, 8.66667, 7.33333], "texture": "#1"},
				"up": {"uv": [7, 10.66667, 6.66667, 12.33333], "texture": "#1"},
				"down": {"uv": [7.66667, 12.33333, 7.33333, 10.66667], "texture": "#1"}
			}
		},
		{
			"from": [7.4, 5.45, 10.4],
			"to": [8.6, 7.85, 11.4],
			"rotation": {"angle": 45, "axis": "x", "origin": [8, 6.65, 11]},
			"faces": {
				"north": {"uv": [9.33333, 4, 8.66667, 5.66667], "texture": "#1"},
				"east": {"uv": [9.33333, 2, 8.66667, 3.66667], "texture": "#1"},
				"south": {"uv": [9.33333, 0, 8.66667, 1.66667], "texture": "#1"},
				"west": {"uv": [5.33333, 8.66667, 4.66667, 10.33333], "texture": "#1"},
				"up": {"uv": [12, 4.66667, 11.33333, 5.33333], "texture": "#1"},
				"down": {"uv": [12, 6, 11.33333, 5.33333], "texture": "#1"}
			}
		},
		{
			"from": [7.75, 7.25, 7],
			"to": [8.25, 9.25, 9],
			"rotation": {"angle": -45, "axis": "x", "origin": [8, 8.25, 8]},
			"faces": {
				"north": {"uv": [11.33333, 6, 11.66667, 7.33333], "texture": "#1"},
				"east": {"uv": [6, 6.66667, 7.33333, 8], "texture": "#1"},
				"south": {"uv": [11.33333, 7.33333, 11.66667, 8.66667], "texture": "#1"},
				"west": {"uv": [7.33333, 0, 8.66667, 1.33333], "texture": "#1"},
				"up": {"uv": [8.33333, 12.66667, 8, 11.33333], "texture": "#1"},
				"down": {"uv": [9, 11.33333, 8.66667, 12.66667], "texture": "#1"}
			}
		},
		{
			"from": [7.75, 12.06366, 7.585],
			"to": [8.25, 13.47866, 9],
			"rotation": {"angle": 45, "axis": "x", "origin": [8, 13.06366, 8]},
			"faces": {
				"north": {"uv": [11.33333, 9.33333, 11.66667, 10.33333], "texture": "#1"},
				"east": {"uv": [10, 7.33333, 11, 8.33333], "texture": "#1"},
				"south": {"uv": [10, 11.33333, 10.33333, 12.33333], "texture": "#1"},
				"west": {"uv": [8, 10, 9, 11], "texture": "#1"},
				"up": {"uv": [11, 12.33333, 10.66667, 11.33333], "texture": "#1"},
				"down": {"uv": [11.66667, 10.66667, 11.33333, 11.66667], "texture": "#1"}
			}
		},
		{
			"from": [7.75, 21.46094, 7],
			"to": [8.25, 22.59694, 8.136],
			"rotation": {"angle": -45, "axis": "x", "origin": [8, 22.46094, 8]},
			"faces": {
				"north": {"uv": [12, 10, 12.33333, 10.66667], "texture": "#1"},
				"east": {"uv": [11.33333, 8.66667, 12, 9.33333], "texture": "#1"},
				"south": {"uv": [12, 10.66667, 12.33333, 11.33333], "texture": "#1"},
				"west": {"uv": [9.33333, 11.33333, 10, 12], "texture": "#1"},
				"up": {"uv": [11.66667, 12.66667, 11.33333, 12], "texture": "#1"},
				"down": {"uv": [12.33333, 11.33333, 12, 12], "texture": "#1"}
			}
		},
		{
			"from": [7.755, 8.65, 7],
			"to": [8.245, 12.65, 9],
			"rotation": {"angle": 0, "axis": "x", "origin": [8.005, 9.65, 8]},
			"faces": {
				"north": {"uv": [10.66667, 0, 11, 2.66667], "texture": "#1"},
				"east": {"uv": [6, 0, 7.33333, 2.66667], "texture": "#1"},
				"south": {"uv": [10.66667, 2.66667, 11, 5.33333], "texture": "#1"},
				"west": {"uv": [6, 2.66667, 7.33333, 5.33333], "texture": "#1"}
			}
		},
		{
			"from": [7.755, 12.85, 7.2],
			"to": [8.245, 21.85, 8.8],
			"rotation": {"angle": 0, "axis": "x", "origin": [8.005, 13.85, 8]},
			"faces": {
				"north": {"uv": [3.33333, 6, 3.66667, 12], "texture": "#1"},
				"east": {"uv": [3.33333, 0, 4.33333, 6], "texture": "#1"},
				"south": {"uv": [4, 6, 4.33333, 12], "texture": "#1"},
				"west": {"uv": [4.66667, 0, 5.66667, 6], "texture": "#1"}
			}
		},
		{
			"from": [7.975, 7.25, 5.75],
			"to": [8.025, 26.25, 10.25],
			"rotation": {"angle": 0, "axis": "y", "origin": [7.975, 7.25, 5.75]},
			"faces": {
				"east": {"uv": [3, 0, 0, 12.66667], "texture": "#1"},
				"west": {"uv": [0, 0, 3, 12.66667], "texture": "#1"}
			}
		},
		{
			"from": [6.925, 3.25, 4.5],
			"to": [6.975, 10.25, 11.5],
			"rotation": {"angle": 0, "axis": "y", "origin": [7.975, 0, 4.5]},
			"faces": {
				"east": {"uv": [16, 0, 0, 16], "texture": "#2"},
				"west": {"uv": [0, 0, 16, 16], "texture": "#2"}
			}
		},
		{
			"from": [9.025, 3.25, 4.5],
			"to": [9.075, 10.25, 11.5],
			"rotation": {"angle": 0, "axis": "y", "origin": [8.025, 0, 4.5]},
			"faces": {
				"east": {"uv": [16, 0, 0, 16], "texture": "#2"},
				"west": {"uv": [0, 0, 16, 16], "texture": "#2"}
			}
		}
	],
	"gui_light": "front",
	"display": {
		"thirdperson_righthand": {
			"translation": [0, 2.5, 0.75]
		},
		"thirdperson_lefthand": {
			"translation": [0, 2.5, 0.75]
		},
		"firstperson_righthand": {
			"rotation": [-10, 0, 0],
			"translation": [0, 2.5, 0]
		},
		"firstperson_lefthand": {
			"rotation": [-10, 0, 0],
			"translation": [0, 2.5, 0]
		},
		"ground": {
			"rotation": [45, 0, 0],
			"translation": [0, 6.5, -3.25]
		},
		"gui": {
			"rotation": [-90, 45, 90],
			"translation": [3.25, -3.25, 0],
			"scale": [0.89453, 0.89453, 0.89453]
		},
		"head": {
			"scale": [0, 0, 0]
		},
		"fixed": {
			"rotation": [0, 90, 0],
			"translation": [0, -9, -0.75],
			"scale": [2, 2, 2]
		}
	}
}