{"credit":"Made with Blockbench","textures":{"0":"blueflame:texture","1":"blueflame:spark","2":"blueflame:aura","3":"blueflame:texture_2","particle":"blueflame:texture"},"elements":[{"from":[7.5,-0.25,-2],"to":[8.5,19.75,18],"rotation":{"angle":0,"axis":"y","origin":[8,9.75,8]},"faces":{"east":{"uv":[16,0,0,16],"texture":"#1"},"west":{"uv":[0,0,16,16],"texture":"#1"}}},{"from":[6.75,-13.25,-1],"to":[9.25,4.75,17],"rotation":{"angle":0,"axis":"y","origin":[8,3.61666,8]},"faces":{"east":{"uv":[16,0,0,16],"texture":"#2"},"west":{"uv":[0,0,16,16],"texture":"#2"}}},{"from":[7.25,-15.25,7.25],"to":[8.75,-8.25,8.75],"rotation":{"angle":0,"axis":"y","origin":[8,3.11666,8]},"faces":{"north":{"uv":[7.71429,9.71429,8.14286,11.71429],"texture":"#0"},"east":{"uv":[7.71429,9.71429,8.14286,11.71429],"texture":"#0"},"south":{"uv":[7.71429,9.71429,8.14286,11.71429],"texture":"#0"},"west":{"uv":[7.71429,9.71429,8.14286,11.71429],"texture":"#0"},"up":{"uv":[3.28571,13,2.85714,12.57143],"texture":"#0"},"down":{"uv":[4.14286,12.57143,3.71429,13],"texture":"#0"}}},{"from":[7.1,-16,7.1],"to":[8.9,-7.5,8.9],"rotation":{"angle":0,"axis":"y","origin":[8,3.11666,8]},"faces":{"north":{"uv":[6.85715,9.71429,7.28572,11.71429],"texture":"#0"},"east":{"uv":[6.85715,9.71429,7.28572,11.71429],"texture":"#0"},"south":{"uv":[6.85715,9.71429,7.28572,11.71429],"texture":"#0"},"west":{"uv":[6.85715,9.71429,7.28572,11.71429],"texture":"#0"},"up":{"uv":[3.28571,13,2.85714,12.57143],"texture":"#0"},"down":{"uv":[4.14286,12.57143,3.71429,13],"texture":"#0"}}},{"from":[7.58125,-11.97331,22.08997],"to":[8.41875,-10.97331,23.08997],"rotation":{"angle":45,"axis":"x","origin":[8,3.11666,8]},"faces":{"north":{"uv":[13.07143,0.28571,12.28571,0],"rotation":180,"texture":"#0"},"east":{"uv":[4.57143,12.57143,4.85714,12.85714],"rotation":90,"texture":"#0"},"south":{"uv":[13.07143,5.14286,12.28571,5.42857],"texture":"#0"},"west":{"uv":[4.28571,14.57143,4.57143,14.85714],"rotation":270,"texture":"#0"},"up":{"uv":[12,3.42857,12.78571,3.71429],"texture":"#0"},"down":{"uv":[8.85714,4.57143,9.64286,4.85714],"rotation":180,"texture":"#0"}}},{"from":[6.9,-7.53986,2.17997],"to":[9.1,-5.53986,3.17997],"rotation":{"angle":-22.5,"axis":"x","origin":[8,3.11666,8]},"faces":{"north":{"uv":[11.14286,0,11.78571,0.57143],"texture":"#0"},"east":{"uv":[0,13.71429,0.28571,14.28571],"texture":"#0"},"south":{"uv":[2,11.14286,2.64286,11.71429],"texture":"#0"},"west":{"uv":[0.57143,13.71429,0.85714,14.28571],"texture":"#0"},"up":{"uv":[13.21429,12.85714,12.57143,12.57143],"texture":"#0"},"down":{"uv":[2.35714,12.85714,1.71429,13.14286],"texture":"#0"}}},{"from":[6.905,-9.82691,11.12703],"to":[9.095,-7.82691,12.12703],"rotation":{"angle":22.5,"axis":"x","origin":[8,3.11666,8]},"faces":{"north":{"uv":[8.57143,11.14286,9.21429,11.71429],"texture":"#0"},"east":{"uv":[13.71429,4,14,4.57143],"texture":"#0"},"south":{"uv":[10.85714,11.14286,11.5,11.71429],"texture":"#0"},"west":{"uv":[4.28571,13.71429,4.57143,14.28571],"texture":"#0"},"up":{"uv":[13.5,2,12.85714,1.71429],"texture":"#0"},"down":{"uv":[13.5,2.28571,12.85714,2.57143],"texture":"#0"}}},{"from":[7.275,-4.79947,11.91612],"to":[8.725,-0.79947,15.91612],"rotation":{"angle":45,"axis":"x","origin":[8,3.11666,8]},"faces":{"north":{"uv":[10,4.85714,10.42857,6],"texture":"#0"},"east":{"uv":[6.28571,3.42857,7.42857,4.57143],"texture":"#0"},"south":{"uv":[5.14286,10,5.57143,11.14286],"texture":"#0"},"west":{"uv":[6.28571,4.85714,7.42857,6],"texture":"#0"},"up":{"uv":[6.42857,11.14286,6,10],"texture":"#0"},"down":{"uv":[10.42857,6.28571,10,7.42857],"texture":"#0"}}},{"from":[6.9,-0.79947,11.91612],"to":[9.1,0.20053,16.91612],"rotation":{"angle":45,"axis":"x","origin":[8,3.11666,8]},"faces":{"north":{"uv":[12.85714,2.85714,13.5,3.14286],"texture":"#0"},"east":{"uv":[12.28571,4.57143,10.85714,4.85714],"texture":"#0"},"south":{"uv":[12.85714,5.71429,13.5,6],"texture":"#0"},"west":{"uv":[10.85714,4.57143,12.28571,4.85714],"texture":"#0"},"up":{"uv":[8.35714,4.85714,7.71429,3.42857],"texture":"#0"},"down":{"uv":[8.64286,0,8,1.42857],"texture":"#0"}}},{"from":[6.9,-5.79946,10.91613],"to":[9.1,0.20054,11.91613],"rotation":{"angle":45,"axis":"x","origin":[8,3.11666,8]},"faces":{"north":{"uv":[6.92857,8,6.28571,6.28571],"rotation":180,"texture":"#0"},"east":{"uv":[1.71429,10.85714,0,11.14286],"rotation":90,"texture":"#0"},"south":{"uv":[8.07143,6.28571,7.42857,8],"texture":"#0"},"west":{"uv":[0,10.85714,1.71429,11.14286],"rotation":270,"texture":"#0"},"up":{"uv":[12.85714,6.28571,13.5,6.57143],"texture":"#0"},"down":{"uv":[6.28571,12.85714,6.92857,13.14286],"rotation":180,"texture":"#0"}}},{"from":[7.525,-3.5,5.625],"to":[8.475,1.75,10.375],"rotation":{"angle":0,"axis":"y","origin":[8,3.11666,8]},"faces":{"north":{"uv":[5.14286,0,5.42857,7.78571],"texture":"#0"},"east":{"uv":[4.78571,6.42857,3.42857,7.78571],"texture":"#0"},"south":{"uv":[5.71429,0,6,7.78571],"texture":"#0"},"west":{"uv":[3.42857,6.42857,4.78571,7.78571],"texture":"#0"},"up":{"uv":[11.14286,6.5,10.85714,5.14286],"texture":"#0"},"down":{"uv":[11.14286,6.85714,10.85714,8.21429],"texture":"#0"}}},{"from":[7,-5.41576,14.53242],"to":[9,-3.41576,16.53242],"rotation":{"angle":45,"axis":"x","origin":[8,3.11666,8]},"faces":{"north":{"uv":[4.28571,11.71429,4.78571,12.28571],"texture":"#0"},"east":{"uv":[12,5.14286,11.42857,5.71429],"texture":"#0"},"south":{"uv":[12,1.71429,12.5,2.28571],"texture":"#0"},"west":{"uv":[11.42857,5.14286,12,5.71429],"texture":"#0"},"up":{"uv":[12.5,3.14286,12,2.57143],"texture":"#0"},"down":{"uv":[7.07143,12,6.57143,12.57143],"texture":"#0"}}},{"from":[7.1,-8.63579,6.9],"to":[8.9,-6.43579,9.1],"rotation":{"angle":0,"axis":"y","origin":[8,3.11666,8]},"faces":{"east":{"uv":[11.42857,6.85715,12,7.42858],"rotation":90,"texture":"#0"},"west":{"uv":[11.42857,6.85715,12,7.42858],"rotation":90,"texture":"#0"}}},{"from":[7.1,-3.29444,12.4111],"to":[8.9,-1.29444,14.4111],"rotation":{"angle":45,"axis":"x","origin":[8,3.11666,8]},"faces":{"north":{"uv":[4.28571,11.71429,4.78571,12.28571],"texture":"#0"},"east":{"uv":[12,5.14286,11.42857,5.71429],"texture":"#0"},"south":{"uv":[12,1.71429,12.5,2.28571],"texture":"#0"},"west":{"uv":[11.42857,5.14286,12,5.71429],"texture":"#0"},"up":{"uv":[12.5,3.14286,12,2.57143],"texture":"#0"},"down":{"uv":[7.07143,12,6.57143,12.57143],"texture":"#0"}}},{"from":[7.2,-5.63579,6.9],"to":[8.8,-3.43579,9.1],"rotation":{"angle":0,"axis":"y","origin":[8,3.11666,8]},"faces":{"east":{"uv":[11.42857,6.85715,12,7.42858],"rotation":90,"texture":"#0"},"west":{"uv":[11.42857,6.85715,12,7.42858],"rotation":90,"texture":"#0"}}},{"from":[7.2,-7.39566,14.03744],"to":[8.8,-5.39566,16.03744],"rotation":{"angle":45,"axis":"x","origin":[8,3.11666,8]},"faces":{"north":{"uv":[7.42857,12,7.92857,12.57143],"texture":"#0"},"east":{"uv":[12,6,11.42857,6.57143],"texture":"#0"},"south":{"uv":[8.28571,12,8.78571,12.57143],"texture":"#0"},"west":{"uv":[11.42857,6,12,6.57143],"texture":"#0"},"up":{"uv":[12.5,9.14286,12,8.57143],"texture":"#0"},"down":{"uv":[12.5,9.42857,12,10],"texture":"#0"}}},{"from":[7.2,-11.90311,19.09625],"to":[8.8,-9.90311,21.09625],"rotation":{"angle":45,"axis":"x","origin":[8,3.11666,8]},"faces":{"north":{"uv":[7.42857,12,7.92857,12.57143],"texture":"#0"},"east":{"uv":[12,6,11.42857,6.57143],"texture":"#0"},"south":{"uv":[8.28571,12,8.78571,12.57143],"texture":"#0"},"west":{"uv":[11.42857,6,12,6.57143],"texture":"#0"},"up":{"uv":[12.5,9.14286,12,8.57143],"texture":"#0"},"down":{"uv":[12.5,9.42857,12,10],"texture":"#0"}}},{"from":[6.9,-13.93852,-0.04845],"to":[9.1,-11.93852,0.95155],"rotation":{"angle":-22.5,"axis":"x","origin":[8,3.11666,8]},"faces":{"north":{"uv":[11.14286,0,11.78571,0.57143],"texture":"#0"},"east":{"uv":[0,13.71429,0.28571,14.28571],"texture":"#0"},"south":{"uv":[2,11.14286,2.64286,11.71429],"texture":"#0"},"west":{"uv":[0.57143,13.71429,0.85714,14.28571],"texture":"#0"},"up":{"uv":[13.21429,12.85714,12.57143,12.57143],"texture":"#0"},"down":{"uv":[2.35714,12.85714,1.71429,13.14286],"texture":"#0"}}},{"from":[6.905,-15.92718,14.07583],"to":[9.095,-13.92718,15.07583],"rotation":{"angle":22.5,"axis":"x","origin":[8,3.11666,8]},"faces":{"north":{"uv":[8.57143,11.14286,9.21429,11.71429],"texture":"#0"},"east":{"uv":[13.71429,4,14,4.57143],"texture":"#0"},"south":{"uv":[10.85714,11.14286,11.5,11.71429],"texture":"#0"},"west":{"uv":[4.28571,13.71429,4.57143,14.28571],"texture":"#0"},"up":{"uv":[13.5,2,12.85714,1.71429],"texture":"#0"},"down":{"uv":[13.5,2.28571,12.85714,2.57143],"texture":"#0"}}},{"from":[6.9,-13.93852,15.04845],"to":[9.1,-11.93852,16.04845],"rotation":{"angle":22.5,"axis":"x","origin":[8,3.11666,8]},"faces":{"north":{"uv":[2.64286,11.14286,2,11.71429],"texture":"#0"},"east":{"uv":[0.28571,13.71429,0,14.28571],"texture":"#0"},"south":{"uv":[11.78571,0,11.14286,0.57143],"texture":"#0"},"west":{"uv":[0.85714,13.71429,0.57143,14.28571],"texture":"#0"},"up":{"uv":[13.21429,12.57143,12.57143,12.85714],"texture":"#0"},"down":{"uv":[2.35714,13.14286,1.71429,12.85714],"texture":"#0"}}},{"from":[7.2,-9.97959,21.01977],"to":[8.8,-7.97959,23.01977],"rotation":{"angle":45,"axis":"x","origin":[8,3.11666,8]},"faces":{"north":{"uv":[12.5,8.57143,12,9.14286],"rotation":180,"texture":"#0"},"east":{"uv":[11.42857,6,12,6.57143],"rotation":90,"texture":"#0"},"south":{"uv":[12.5,10,12,9.42857],"texture":"#0"},"west":{"uv":[12,6,11.42857,6.57143],"rotation":270,"texture":"#0"},"up":{"uv":[7.92857,12,7.42857,12.57143],"texture":"#0"},"down":{"uv":[8.78571,12,8.28571,12.57143],"rotation":180,"texture":"#0"}}},{"from":[6.905,-15.92718,0.92417],"to":[9.095,-13.92718,1.92417],"rotation":{"angle":-22.5,"axis":"x","origin":[8,3.11666,8]},"faces":{"north":{"uv":[11.5,11.14286,10.85714,11.71429],"texture":"#0"},"east":{"uv":[14,4,13.71429,4.57143],"texture":"#0"},"south":{"uv":[9.21429,11.14286,8.57143,11.71429],"texture":"#0"},"west":{"uv":[4.57143,13.71429,4.28571,14.28571],"texture":"#0"},"up":{"uv":[13.5,1.71429,12.85714,2],"texture":"#0"},"down":{"uv":[13.5,2.57143,12.85714,2.28571],"texture":"#0"}}},{"from":[7.225,-8.33579,5.25],"to":[8.775,-6.83579,6.25],"rotation":{"angle":0,"axis":"y","origin":[8,3.11666,8]},"faces":{"north":{"uv":[12.85714,6.85714,13.28571,7.28571],"texture":"#0"},"east":{"uv":[14,12.57143,13.71429,13],"texture":"#0"},"south":{"uv":[7.42857,12.85714,7.85714,13.28571],"texture":"#0"},"west":{"uv":[13.71429,12.57143,14,13],"texture":"#0"},"up":{"uv":[11.57143,1.14286,11.14286,0.85714],"texture":"#0"},"down":{"uv":[14.14286,13.42857,13.71429,13.71429],"texture":"#0"}}},{"from":[7.222,-6.05822,12.30001],"to":[8.778,-5.15822,13.80001],"rotation":{"angle":45,"axis":"x","origin":[8,3.11666,8]},"faces":{"north":{"uv":[14.42857,6,14,5.71429],"rotation":180,"texture":"#0"},"east":{"uv":[14.28571,2.57143,14,3],"rotation":90,"texture":"#0"},"south":{"uv":[14.42857,6.28571,14,6.57143],"texture":"#0"},"west":{"uv":[14,2.57143,14.28571,3],"rotation":270,"texture":"#0"},"up":{"uv":[8.28571,12.85714,8.71429,13.28571],"texture":"#0"},"down":{"uv":[8.28571,12.85714,8.71429,13.28571],"rotation":180,"texture":"#0"}}},{"from":[7.222,-2.68335,16.27488],"to":[8.778,-1.18335,17.17488],"rotation":{"angle":45,"axis":"x","origin":[8,3.11666,8]},"faces":{"north":{"uv":[8.71429,12.85714,8.28571,13.28571],"texture":"#0"},"east":{"uv":[14,2.57143,14.28571,3],"texture":"#0"},"south":{"uv":[8.71429,12.85714,8.28571,13.28571],"texture":"#0"},"west":{"uv":[14.28571,2.57143,14,3],"texture":"#0"},"up":{"uv":[14.42857,5.71429,14,6],"texture":"#0"},"down":{"uv":[14.42857,6.57143,14,6.28571],"texture":"#0"}}},{"from":[6.9,-5.79946,9.91613],"to":[9.1,-4.79946,10.91613],"rotation":{"angle":45,"axis":"x","origin":[8,3.11666,8]},"faces":{"north":{"uv":[10.35714,13.42857,9.71429,13.14286],"rotation":180,"texture":"#0"},"east":{"uv":[10.85714,14.57143,11.14286,14.85714],"rotation":90,"texture":"#0"},"south":{"uv":[12.35714,13.14286,11.71429,13.42857],"texture":"#0"},"west":{"uv":[14.57143,10.85714,14.85714,11.14286],"rotation":270,"texture":"#0"},"up":{"uv":[4.57143,13.14286,5.21429,13.42857],"texture":"#0"},"down":{"uv":[13.14286,3.42857,13.78571,3.71429],"rotation":180,"texture":"#0"}}},{"from":[6.9,0.20053,15.91612],"to":[9.1,1.20053,16.91612],"rotation":{"angle":45,"axis":"x","origin":[8,3.11666,8]},"faces":{"north":{"uv":[5.21429,13.14286,4.57143,13.42857],"texture":"#0"},"east":{"uv":[11.14286,14.57143,10.85714,14.85714],"texture":"#0"},"south":{"uv":[13.78571,3.42857,13.14286,3.71429],"texture":"#0"},"west":{"uv":[14.85714,10.85714,14.57143,11.14286],"texture":"#0"},"up":{"uv":[10.35714,13.14286,9.71429,13.42857],"texture":"#0"},"down":{"uv":[12.35714,13.42857,11.71429,13.14286],"texture":"#0"}}},{"from":[7.95,3.45,1.675],"to":[8.05,30.45,7.925],"rotation":{"angle":0,"axis":"y","origin":[7.95,4.81666,7.8]},"faces":{"east":{"uv":[1.24107,9.11607,2.8125,16],"texture":"#3"},"west":{"uv":[2.8125,9.11607,1.24107,16],"texture":"#3"}}},{"from":[8,-1.8,-0.575],"to":[8,25.2,5.675],"rotation":{"angle":0,"axis":"y","origin":[8,-0.43334,5.55]},"faces":{"east":{"uv":[3.11607,9.05357,4.6875,15.9375],"texture":"#3"},"west":{"uv":[4.6875,9.05357,3.11607,15.9375],"texture":"#3"}}},{"from":[7.225,-7.41649,-0.15305],"to":[8.775,-6.41649,1.34695],"rotation":{"angle":-22.5,"axis":"x","origin":[8,3.11666,8]},"faces":{"north":{"uv":[3.42857,14.28571,3.85714,14.57143],"texture":"#0"},"east":{"uv":[14,13,13.71429,12.57143],"rotation":270,"texture":"#0"},"south":{"uv":[14.28571,4,14.71429,4.28571],"texture":"#0"},"west":{"uv":[14,12.57143,13.71429,13],"rotation":270,"texture":"#0"},"up":{"uv":[13.28571,13.57143,12.85714,13.14286],"texture":"#0"},"down":{"uv":[1.57143,13.42857,1.14286,13.85714],"texture":"#0"}}},{"from":[7.215,-10.09937,8.97589],"to":[8.785,-9.38937,9.68589],"rotation":{"angle":22.5,"axis":"x","origin":[8,3.11666,8]},"faces":{"north":{"uv":[14.28571,12.57143,14.71429,12.78571],"texture":"#0"},"east":{"uv":[12,14.78571,12.21429,14.57143],"rotation":180,"texture":"#0"},"south":{"uv":[0,14.57143,0.42857,14.78571],"texture":"#0"},"west":{"uv":[12,14.57143,12.21429,14.78571],"texture":"#0"},"up":{"uv":[15,0.21429,14.57143,0],"texture":"#0"},"down":{"uv":[15,1.42857,14.57143,1.64286],"texture":"#0"}}},{"from":[7.225,-8.33579,9.75],"to":[8.775,-6.83579,10.75],"rotation":{"angle":0,"axis":"y","origin":[8,3.11666,8]},"faces":{"north":{"uv":[7.85714,12.85714,7.42857,13.28571],"texture":"#0"},"east":{"uv":[13.71429,12.57143,14,13],"texture":"#0"},"south":{"uv":[13.28571,6.85714,12.85714,7.28571],"texture":"#0"},"west":{"uv":[14,12.57143,13.71429,13],"texture":"#0"},"up":{"uv":[11.57143,0.85714,11.14286,1.14286],"texture":"#0"},"down":{"uv":[14.14286,13.71429,13.71429,13.42857],"texture":"#0"}}},{"from":[7.1,-4.92078,16.51232],"to":[8.9,-2.92078,18.51232],"rotation":{"angle":45,"axis":"x","origin":[8,3.11666,8]},"faces":{"north":{"uv":[12.5,8.57143,12,9.14286],"rotation":180,"texture":"#0"},"east":{"uv":[11.42857,6,12,6.57143],"rotation":90,"texture":"#0"},"south":{"uv":[12.5,10,12,9.42857],"texture":"#0"},"west":{"uv":[12,6,11.42857,6.57143],"rotation":270,"texture":"#0"},"up":{"uv":[7.92857,12,7.42857,12.57143],"texture":"#0"},"down":{"uv":[8.78571,12,8.28571,12.57143],"rotation":180,"texture":"#0"}}},{"from":[7.225,-7.41649,14.65305],"to":[8.775,-6.41649,16.15305],"rotation":{"angle":22.5,"axis":"x","origin":[8,3.11666,8]},"faces":{"north":{"uv":[14.71429,4,14.28571,4.28571],"texture":"#0"},"east":{"uv":[13.71429,12.57143,14,13],"rotation":270,"texture":"#0"},"south":{"uv":[3.85714,14.28571,3.42857,14.57143],"texture":"#0"},"west":{"uv":[13.71429,13,14,12.57143],"rotation":270,"texture":"#0"},"up":{"uv":[13.28571,13.14286,12.85714,13.57143],"texture":"#0"},"down":{"uv":[1.57143,13.85714,1.14286,13.42857],"texture":"#0"}}},{"from":[7.215,-10.09937,6.31411],"to":[8.785,-9.38937,7.02411],"rotation":{"angle":-22.5,"axis":"x","origin":[8,3.11666,8]},"faces":{"north":{"uv":[0.42857,14.57143,0,14.78571],"texture":"#0"},"east":{"uv":[12.21429,14.78571,12,14.57143],"rotation":180,"texture":"#0"},"south":{"uv":[14.71429,12.57143,14.28571,12.78571],"texture":"#0"},"west":{"uv":[12.21429,14.57143,12,14.78571],"texture":"#0"},"up":{"uv":[15,0,14.57143,0.21429],"texture":"#0"},"down":{"uv":[15,1.64286,14.57143,1.42857],"texture":"#0"}}},{"from":[6.9,-7.53986,12.82003],"to":[9.1,-5.53986,13.82003],"rotation":{"angle":22.5,"axis":"x","origin":[8,3.11666,8]},"faces":{"north":{"uv":[2.64286,11.14286,2,11.71429],"texture":"#0"},"east":{"uv":[0.28571,13.71429,0,14.28571],"texture":"#0"},"south":{"uv":[11.78571,0,11.14286,0.57143],"texture":"#0"},"west":{"uv":[0.85714,13.71429,0.57143,14.28571],"texture":"#0"},"up":{"uv":[13.21429,12.57143,12.57143,12.85714],"texture":"#0"},"down":{"uv":[2.35714,13.14286,1.71429,12.85714],"texture":"#0"}}},{"from":[6.905,-9.82691,3.87297],"to":[9.095,-7.82691,4.87297],"rotation":{"angle":-22.5,"axis":"x","origin":[8,3.11666,8]},"faces":{"north":{"uv":[11.5,11.14286,10.85714,11.71429],"texture":"#0"},"east":{"uv":[14,4,13.71429,4.57143],"texture":"#0"},"south":{"uv":[9.21429,11.14286,8.57143,11.71429],"texture":"#0"},"west":{"uv":[4.57143,13.71429,4.28571,14.28571],"texture":"#0"},"up":{"uv":[13.5,1.71429,12.85714,2],"texture":"#0"},"down":{"uv":[13.5,2.57143,12.85714,2.28571],"texture":"#0"}}},{"from":[7.275,-0.33862,6.55529],"to":[8.725,4.56138,11.45529],"rotation":{"angle":45,"axis":"x","origin":[8,3.11666,8]},"faces":{"north":{"uv":[5.07143,9.71429,4.57143,8.28571],"rotation":180,"texture":"#0"},"east":{"uv":[6.28571,3.14286,7.71429,1.71429],"rotation":270,"texture":"#0"},"south":{"uv":[6.21429,8.28571,5.71429,9.71429],"texture":"#0"},"west":{"uv":[6.28571,1.71429,7.71429,3.14286],"rotation":270,"texture":"#0"},"up":{"uv":[3.57143,8.28571,4.07143,9.71429],"texture":"#0"},"down":{"uv":[8,1.71429,8.5,3.14286],"rotation":180,"texture":"#0"}}},{"from":[7.53,-5.54742,6.78432],"to":[8.47,-1.14742,8.28432],"rotation":{"angle":-22.5,"axis":"x","origin":[8,3.11666,8]},"faces":{"north":{"uv":[0,11.42857,0.28571,12.71429],"texture":"#0"},"east":{"uv":[10,1.42857,10.42857,2.71429],"texture":"#0"},"south":{"uv":[0.57143,11.42857,0.85714,12.71429],"texture":"#0"},"west":{"uv":[10,3.14286,10.42857,4.42857],"texture":"#0"},"up":{"uv":[10.57143,14.14286,10.28571,13.71429],"texture":"#0"},"down":{"uv":[11.14286,13.71429,10.85714,14.14286],"texture":"#0"}}},{"from":[7.53,-5.54742,7.71568],"to":[8.47,-1.14742,9.21568],"rotation":{"angle":22.5,"axis":"x","origin":[8,3.11666,8]},"faces":{"north":{"uv":[0.85714,11.42857,0.57143,12.71429],"texture":"#0"},"east":{"uv":[10.42857,1.42857,10,2.71429],"texture":"#0"},"south":{"uv":[0.28571,11.42857,0,12.71429],"texture":"#0"},"west":{"uv":[10.42857,3.14286,10,4.42857],"texture":"#0"},"up":{"uv":[10.57143,13.71429,10.28571,14.14286],"texture":"#0"},"down":{"uv":[11.14286,14.14286,10.85714,13.71429],"texture":"#0"}}}],"gui_light":"front","display":{"thirdperson_righthand":{"translation":[0,12.25,1.75],"scale":[0.8,0.8,0.8]},"thirdperson_lefthand":{"translation":[0,12.25,1.75],"scale":[0.8,0.8,0.8]},"firstperson_righthand":{"rotation":[7.25,0,0],"translation":[15.25,5,-8.5]},"firstperson_lefthand":{"rotation":[7.25,0,0],"translation":[15.25,5,-8.5]},"ground":{"rotation":[0,0,149],"translation":[0,9.5,0],"scale":[0.63,0.63,0.63]},"gui":{"rotation":[-90,56,90],"translation":[0.5,2,0],"scale":[0.41,0.41,0.41]},"head":{"rotation":[-90,-51,90],"translation":[1.75,-18,6.75],"scale":[1.31,1.31,1.31]},"fixed":{"rotation":[0,-90,0],"translation":[0,5.75,-0.5],"scale":[1.67,1.67,1.67]}},"groups":[{"name":"fishingrod","origin":[8,5.94642,8],"color":0,"children":[{"name":"effect","origin":[8,5.86666,8],"color":0,"children":[0,1]},2,3,4,5,6,7,8,9,10,11,12,13,14,15,16,17,18,19,20,21,22,23,24,25,26,27,28,29,30,31,32,33,34,35,36,37,38,39]}],"USER":"{{USER}}","NONCE":"{{NONCE}}","TIMESTAMP":"{{TIMESTAMP}}","RESOURCE":"{{RESOURCE}}","mcmodels":"6d6a89f17823566d406a05035b07c188"}