{
	"credit": "MadewithBlockbench",
	"textures": {
		"1": "chronicles_animated_weapon_set:texture",
		"2": "chronicles_animated_weapon_set:eff_01",
		"3": "chronicles_animated_weapon_set:eff_02",
		"particle": "chronicles_animated_weapon_set:eff_01"
	},
	"elements": [
		{
			"from": [7.535, 15.59585, 2.75121],
			"to": [8.465, 16.89585, 3.50121],
			"rotation": {"angle": 22.5, "axis": "x", "origin": [8, 2.87346, 6.55154]},
			"faces": {
				"north": {"uv": [13.2, 13.6, 13.6, 14.1], "texture": "#1"},
				"east": {"uv": [14.8, 12.4, 15.1, 12.9], "texture": "#1"},
				"south": {"uv": [12.8, 13.6, 13.2, 14.1], "texture": "#1"},
				"west": {"uv": [15.1, 12.4, 14.8, 12.9], "texture": "#1"},
				"up": {"uv": [11.1, 14.8, 10.8, 14.4], "rotation": 90, "texture": "#1"},
				"down": {"uv": [14.7, 10.8, 14.4, 11.2], "rotation": 270, "texture": "#1"}
			}
		},
		{
			"from": [7.535, 14.48724, 12.27828],
			"to": [8.465, 15.78724, 13.02828],
			"rotation": {"angle": -22.5, "axis": "x", "origin": [8, 2.87346, 6.55154]},
			"faces": {
				"north": {"uv": [13.2, 13.6, 12.8, 14.1], "texture": "#1"},
				"east": {"uv": [15.1, 12.4, 14.8, 12.9], "texture": "#1"},
				"south": {"uv": [13.6, 13.6, 13.2, 14.1], "texture": "#1"},
				"west": {"uv": [14.8, 12.4, 15.1, 12.9], "texture": "#1"},
				"up": {"uv": [10.8, 14.8, 11.1, 14.4], "rotation": 90, "texture": "#1"},
				"down": {"uv": [14.4, 10.8, 14.7, 11.2], "rotation": 270, "texture": "#1"}
			}
		},
		{
			"from": [7.535, 9.28829, 5.16609],
			"to": [8.465, 10.03829, 6.41609],
			"rotation": {"angle": 22.5, "axis": "x", "origin": [8, 2.87346, 6.55154]},
			"faces": {
				"north": {"uv": [14.4, 12, 14.8, 12.3], "texture": "#1"},
				"east": {"uv": [14, 14, 14.5, 14.3], "texture": "#1"},
				"south": {"uv": [14.4, 11.6, 14.8, 11.9], "texture": "#1"},
				"west": {"uv": [0, 14.4, 0.5, 14.7], "texture": "#1"},
				"up": {"uv": [14.1, 6, 13.6, 5.6], "rotation": 90, "texture": "#1"},
				"down": {"uv": [14.1, 7.6, 13.6, 8], "rotation": 270, "texture": "#1"}
			}
		},
		{
			"from": [7.63, -8.15057, 12.6601],
			"to": [8.37, -7.40057, 14.1601],
			"rotation": {"angle": 22.5, "axis": "x", "origin": [8, 2.87346, 6.55154]},
			"faces": {
				"north": {"uv": [14.8, 4, 15.1, 4.3], "texture": "#1"},
				"east": {"uv": [10, 14, 10.6, 14.3], "texture": "#1"},
				"south": {"uv": [4, 14.8, 4.3, 15.1], "texture": "#1"},
				"west": {"uv": [14, 10, 14.6, 10.3], "texture": "#1"},
				"up": {"uv": [14.6, 10.7, 14, 10.4], "rotation": 90, "texture": "#1"},
				"down": {"uv": [11.4, 14, 10.8, 14.3], "rotation": 270, "texture": "#1"}
			}
		},
		{
			"from": [7.625, -10.15101, 3.27246],
			"to": [8.375, -9.40101, 4.27246],
			"rotation": {"angle": -22.5, "axis": "x", "origin": [8, 2.87346, 6.55154]},
			"faces": {
				"north": {"uv": [5.2, 14.8, 5.5, 15.1], "texture": "#1"},
				"east": {"uv": [13.6, 14.4, 14, 14.7], "texture": "#1"},
				"south": {"uv": [14.8, 4.4, 15.1, 4.7], "texture": "#1"},
				"west": {"uv": [14.4, 13.6, 14.8, 13.9], "texture": "#1"},
				"up": {"uv": [14.4, 14.7, 14, 14.4], "rotation": 90, "texture": "#1"},
				"down": {"uv": [14.8, 14.4, 14.4, 14.7], "rotation": 270, "texture": "#1"}
			}
		},
		{
			"from": [7.535, 8.17968, 9.3634],
			"to": [8.465, 8.92968, 10.6134],
			"rotation": {"angle": -22.5, "axis": "x", "origin": [8, 2.87346, 6.55154]},
			"faces": {
				"north": {"uv": [14.8, 11.6, 14.4, 11.9], "texture": "#1"},
				"east": {"uv": [14.5, 14, 14, 14.3], "texture": "#1"},
				"south": {"uv": [14.8, 12, 14.4, 12.3], "texture": "#1"},
				"west": {"uv": [0.5, 14.4, 0, 14.7], "texture": "#1"},
				"up": {"uv": [13.6, 6, 14.1, 5.6], "rotation": 90, "texture": "#1"},
				"down": {"uv": [13.6, 7.6, 14.1, 8], "rotation": 270, "texture": "#1"}
			}
		},
		{
			"from": [7.43, 6.22706, 7.22818],
			"to": [8.57, 6.97706, 9.97818],
			"rotation": {"angle": -22.5, "axis": "x", "origin": [8, 2.87346, 6.55154]},
			"faces": {
				"north": {"uv": [14.9, 0, 14.4, 0.3], "texture": "#1"},
				"east": {"uv": [13.1, 8.4, 12, 8.7], "texture": "#1"},
				"south": {"uv": [14.9, 0.4, 14.4, 0.7], "texture": "#1"},
				"west": {"uv": [13.5, 4.8, 12.4, 5.1], "texture": "#1"},
				"up": {"uv": [10.8, 10.1, 11.9, 9.6], "rotation": 90, "texture": "#1"},
				"down": {"uv": [10.8, 10.4, 11.9, 10.9], "rotation": 270, "texture": "#1"}
			}
		},
		{
			"from": [7.43, 0.11233, 6.67211],
			"to": [8.57, 0.86233, 9.42211],
			"rotation": {"angle": 22.5, "axis": "x", "origin": [8, 2.87346, 6.55154]},
			"faces": {
				"north": {"uv": [14.9, 0.3, 14.4, 0], "texture": "#1"},
				"east": {"uv": [13.1, 8.7, 12, 8.4], "texture": "#1"},
				"south": {"uv": [14.9, 0.7, 14.4, 0.4], "texture": "#1"},
				"west": {"uv": [13.5, 5.1, 12.4, 4.8], "texture": "#1"},
				"up": {"uv": [10.8, 10.9, 11.9, 10.4], "rotation": 90, "texture": "#1"},
				"down": {"uv": [10.8, 9.6, 11.9, 10.1], "rotation": 270, "texture": "#1"}
			}
		},
		{
			"from": [7.54, -1.38856, 7.81617],
			"to": [8.46, 0.61144, 8.56617],
			"rotation": {"angle": 45, "axis": "x", "origin": [8, 2.87346, 6.55154]},
			"faces": {
				"north": {"uv": [8.4, 12, 8, 12.8], "texture": "#1"},
				"east": {"uv": [8.7, 13.2, 8.4, 14], "texture": "#1"},
				"south": {"uv": [8.8, 12.4, 8.4, 13.2], "texture": "#1"},
				"west": {"uv": [3.5, 13.6, 3.2, 14.4], "texture": "#1"},
				"up": {"uv": [12.4, 14.8, 12.7, 14.4], "rotation": 90, "texture": "#1"},
				"down": {"uv": [14.4, 12.4, 14.7, 12.8], "rotation": 270, "texture": "#1"}
			}
		},
		{
			"from": [7.585, -2.4827, 4.76417],
			"to": [8.415, -0.9827, 5.51417],
			"rotation": {"angle": 0, "axis": "x", "origin": [8, 2.87346, 6.55154]},
			"faces": {
				"north": {"uv": [8.7, 14, 8.4, 14.6], "texture": "#1"},
				"east": {"uv": [14.3, 8, 14, 8.6], "texture": "#1"},
				"south": {"uv": [9.9, 14, 9.6, 14.6], "texture": "#1"},
				"west": {"uv": [14.3, 8.8, 14, 9.4], "texture": "#1"},
				"up": {"uv": [1.2, 15.1, 1.5, 14.8], "rotation": 90, "texture": "#1"},
				"down": {"uv": [1.6, 14.8, 1.9, 15.1], "rotation": 270, "texture": "#1"}
			}
		},
		{
			"from": [7.63, -3.16007, 6.84989],
			"to": [8.37, -2.41007, 8.09989],
			"rotation": {"angle": 22.5, "axis": "x", "origin": [8, 2.87346, 6.55154]},
			"faces": {
				"north": {"uv": [2.3, 14.8, 2, 15.1], "texture": "#1"},
				"east": {"uv": [2.5, 14.4, 2, 14.7], "texture": "#1"},
				"south": {"uv": [2.7, 14.8, 2.4, 15.1], "texture": "#1"},
				"west": {"uv": [14.9, 2, 14.4, 2.3], "texture": "#1"},
				"up": {"uv": [14.4, 3.5, 14.9, 3.2], "rotation": 90, "texture": "#1"},
				"down": {"uv": [14.4, 3.6, 14.9, 3.9], "rotation": 270, "texture": "#1"}
			}
		},
		{
			"from": [7.64, -3.66007, 8.09989],
			"to": [8.36, -2.41007, 8.84989],
			"rotation": {"angle": 22.5, "axis": "x", "origin": [8, 2.87346, 6.55154]},
			"faces": {
				"north": {"uv": [14.7, 4, 14.4, 4.5], "texture": "#1"},
				"east": {"uv": [3.5, 14.4, 3.2, 14.9], "texture": "#1"},
				"south": {"uv": [5.1, 14.4, 4.8, 14.9], "texture": "#1"},
				"west": {"uv": [4.7, 14.4, 4.4, 14.9], "texture": "#1"},
				"up": {"uv": [14.8, 2.7, 15.1, 2.4], "rotation": 90, "texture": "#1"},
				"down": {"uv": [2.8, 14.8, 3.1, 15.1], "rotation": 270, "texture": "#1"}
			}
		},
		{
			"from": [7.635, -3.59129, 3.02648],
			"to": [8.365, -2.84129, 4.27648],
			"rotation": {"angle": -22.5, "axis": "x", "origin": [8, 2.87346, 6.55154]},
			"faces": {
				"north": {"uv": [15.1, 2.8, 14.8, 3.1], "texture": "#1"},
				"east": {"uv": [14.9, 4.8, 14.4, 5.1], "texture": "#1"},
				"south": {"uv": [3.9, 14.8, 3.6, 15.1], "texture": "#1"},
				"west": {"uv": [5.7, 14.4, 5.2, 14.7], "texture": "#1"},
				"up": {"uv": [14.4, 5.5, 14.9, 5.2], "rotation": 90, "texture": "#1"},
				"down": {"uv": [14.4, 5.6, 14.9, 5.9], "rotation": 270, "texture": "#1"}
			}
		},
		{
			"from": [7.43, -4.00819, 10.03277],
			"to": [8.57, -3.25819, 11.53277],
			"rotation": {"angle": 45, "axis": "x", "origin": [8, 2.87346, 6.55154]},
			"faces": {
				"north": {"uv": [6.5, 14.4, 6, 14.7], "texture": "#1"},
				"east": {"uv": [14.6, 2.8, 14, 3.1], "texture": "#1"},
				"south": {"uv": [14.9, 6, 14.4, 6.3], "texture": "#1"},
				"west": {"uv": [14.6, 9.6, 14, 9.9], "texture": "#1"},
				"up": {"uv": [12.4, 11.7, 13, 11.2], "rotation": 90, "texture": "#1"},
				"down": {"uv": [11.6, 12.4, 12.2, 12.9], "rotation": 270, "texture": "#1"}
			}
		},
		{
			"from": [7.435, -4.67342, 3.42629],
			"to": [8.565, -3.92342, 4.67629],
			"rotation": {"angle": 0, "axis": "x", "origin": [8, 2.87346, 6.55154]},
			"faces": {
				"north": {"uv": [7.3, 14.4, 6.8, 14.7], "texture": "#1"},
				"east": {"uv": [14.9, 6.4, 14.4, 6.7], "texture": "#1"},
				"south": {"uv": [14.9, 7.2, 14.4, 7.5], "texture": "#1"},
				"west": {"uv": [14.9, 6.8, 14.4, 7.1], "texture": "#1"},
				"up": {"uv": [3.6, 13.7, 4.1, 13.2], "rotation": 90, "texture": "#1"},
				"down": {"uv": [13.2, 6, 13.7, 6.5], "rotation": 270, "texture": "#1"}
			}
		},
		{
			"from": [7.44, -4.14253, 9.14778],
			"to": [8.56, -2.89253, 9.89778],
			"rotation": {"angle": 45, "axis": "x", "origin": [8, 2.87346, 6.55154]},
			"faces": {
				"north": {"uv": [14, 13.6, 13.6, 14.1], "texture": "#1"},
				"east": {"uv": [7.9, 14.4, 7.6, 14.9], "texture": "#1"},
				"south": {"uv": [14.4, 0, 14, 0.5], "texture": "#1"},
				"west": {"uv": [14.7, 7.6, 14.4, 8.1], "texture": "#1"},
				"up": {"uv": [12.8, 14.8, 13.1, 14.4], "rotation": 90, "texture": "#1"},
				"down": {"uv": [14.4, 12.8, 14.7, 13.2], "rotation": 270, "texture": "#1"}
			}
		},
		{
			"from": [7.43, -3.64253, 7.89778],
			"to": [8.57, -2.89253, 9.14778],
			"rotation": {"angle": 45, "axis": "x", "origin": [8, 2.87346, 6.55154]},
			"faces": {
				"north": {"uv": [9.3, 14.4, 8.8, 14.7], "texture": "#1"},
				"east": {"uv": [14.9, 8.4, 14.4, 8.7], "texture": "#1"},
				"south": {"uv": [14.9, 9.2, 14.4, 9.5], "texture": "#1"},
				"west": {"uv": [14.9, 8.8, 14.4, 9.1], "texture": "#1"},
				"up": {"uv": [10, 13.7, 10.5, 13.2], "rotation": 90, "texture": "#1"},
				"down": {"uv": [10.8, 13.2, 11.3, 13.7], "rotation": 270, "texture": "#1"}
			}
		},
		{
			"from": [7.385, -3.32944, 5.54767],
			"to": [8.615, -2.32944, 6.29767],
			"rotation": {"angle": 22.5, "axis": "x", "origin": [8, 2.87346, 6.55154]},
			"faces": {
				"north": {"uv": [14.5, 0.8, 14, 1.2], "texture": "#1"},
				"east": {"uv": [13.5, 14.4, 13.2, 14.8], "texture": "#1"},
				"south": {"uv": [14.5, 1.2, 14, 1.6], "texture": "#1"},
				"west": {"uv": [14.7, 13.2, 14.4, 13.6], "texture": "#1"},
				"up": {"uv": [8, 14.9, 8.3, 14.4], "rotation": 90, "texture": "#1"},
				"down": {"uv": [10, 14.4, 10.3, 14.9], "rotation": 270, "texture": "#1"}
			}
		},
		{
			"from": [7.63, -9.25918, 1.61939],
			"to": [8.37, -8.50918, 3.11939],
			"rotation": {"angle": -22.5, "axis": "x", "origin": [8, 2.87346, 6.55154]},
			"faces": {
				"north": {"uv": [4.3, 14.8, 4, 15.1], "texture": "#1"},
				"east": {"uv": [10.6, 14, 10, 14.3], "texture": "#1"},
				"south": {"uv": [15.1, 4, 14.8, 4.3], "texture": "#1"},
				"west": {"uv": [14.6, 10, 14, 10.3], "texture": "#1"},
				"up": {"uv": [14, 10.7, 14.6, 10.4], "rotation": 90, "texture": "#1"},
				"down": {"uv": [10.8, 14, 11.4, 14.3], "rotation": 270, "texture": "#1"}
			}
		},
		{
			"from": [7.625, -9.0424, 11.50703],
			"to": [8.375, -8.2924, 12.50703],
			"rotation": {"angle": 22.5, "axis": "x", "origin": [8, 2.87346, 6.55154]},
			"faces": {
				"north": {"uv": [15.1, 4.4, 14.8, 4.7], "texture": "#1"},
				"east": {"uv": [14, 14.4, 13.6, 14.7], "texture": "#1"},
				"south": {"uv": [5.5, 14.8, 5.2, 15.1], "texture": "#1"},
				"west": {"uv": [14.8, 13.6, 14.4, 13.9], "texture": "#1"},
				"up": {"uv": [14, 14.7, 14.4, 14.4], "rotation": 90, "texture": "#1"},
				"down": {"uv": [14.4, 14.4, 14.8, 14.7], "rotation": 270, "texture": "#1"}
			}
		},
		{
			"name": "octagon",
			"from": [7.155, -2.25955, 2.5297],
			"to": [8.845, -0.93407, 5.7297],
			"rotation": {"angle": -45, "axis": "x", "origin": [8, 2.87346, 6.55154]},
			"faces": {
				"north": {"uv": [5.2, 12, 5.9, 12.5], "texture": "#1"},
				"east": {"uv": [0.4, 10, 1.7, 10.5], "texture": "#1"},
				"south": {"uv": [4.4, 12, 5.1, 12.5], "texture": "#1"},
				"west": {"uv": [1.7, 10, 0.4, 10.5], "texture": "#1"},
				"up": {"uv": [10.9, 2.7, 9.6, 2], "rotation": 90, "texture": "#1"},
				"down": {"uv": [10.9, 2.8, 9.6, 3.5], "rotation": 270, "texture": "#1"}
			}
		},
		{
			"name": "octagon",
			"from": [7.15, -2.66274, 6.4],
			"to": [8.85, -1.33726, 9.6],
			"rotation": {"angle": 0, "axis": "x", "origin": [8, 2.87346, 6.55154]},
			"faces": {
				"north": {"uv": [6, 12, 6.7, 12.5], "texture": "#1"},
				"east": {"uv": [10, 8, 11.3, 8.5], "texture": "#1"},
				"south": {"uv": [12, 5.2, 12.7, 5.7], "texture": "#1"},
				"west": {"uv": [10, 8, 11.3, 8.5], "texture": "#1"},
				"up": {"uv": [10.9, 4.3, 9.6, 3.6], "rotation": 90, "texture": "#1"},
				"down": {"uv": [10.9, 5.6, 9.6, 6.3], "rotation": 270, "texture": "#1"}
			}
		},
		{
			"name": "octagon",
			"from": [7.15, -3.6, 7.33726],
			"to": [8.85, -0.4, 8.66274],
			"rotation": {"angle": 0, "axis": "x", "origin": [8, 2.87346, 6.55154]},
			"faces": {
				"north": {"uv": [9.6, 6.4, 10.3, 7.7], "texture": "#1"},
				"east": {"uv": [2, 10, 2.5, 11.3], "texture": "#1"},
				"south": {"uv": [6.4, 9.6, 7.1, 10.9], "texture": "#1"},
				"west": {"uv": [2, 10, 2.5, 11.3], "texture": "#1"},
				"up": {"uv": [7.7, 12.7, 7.2, 12], "rotation": 90, "texture": "#1"},
				"down": {"uv": [12.5, 7.6, 12, 8.3], "rotation": 270, "texture": "#1"}
			}
		},
		{
			"name": "octagon",
			"from": [7.155, -3.19681, 3.46696],
			"to": [8.845, 0.00319, 4.79244],
			"rotation": {"angle": -45, "axis": "x", "origin": [8, 2.87346, 6.55154]},
			"faces": {
				"north": {"uv": [8, 9.6, 8.7, 10.9], "texture": "#1"},
				"east": {"uv": [10, 9.6, 10.5, 10.9], "texture": "#1"},
				"south": {"uv": [7.2, 9.6, 7.9, 10.9], "texture": "#1"},
				"west": {"uv": [10.5, 9.6, 10, 10.9], "texture": "#1"},
				"up": {"uv": [12.5, 10.3, 12, 9.6], "rotation": 90, "texture": "#1"},
				"down": {"uv": [12.5, 10.4, 12, 11.1], "rotation": 270, "texture": "#1"}
			}
		},
		{
			"from": [7.635, 0.16911, 5.9],
			"to": [8.365, 7.11911, 8.25],
			"rotation": {"angle": 0, "axis": "x", "origin": [8, 2.87346, 6.55154]},
			"faces": {
				"north": {"uv": [0, 10, 0.3, 12.8], "texture": "#1"},
				"east": {"uv": [7.3, 4, 6.4, 6.8], "texture": "#1"},
				"south": {"uv": [7.2, 4, 7.3, 6.8], "texture": "#1"},
				"west": {"uv": [6.4, 6.8, 7.3, 9.6], "texture": "#1"},
				"up": {"uv": [11.8, 5.5, 10, 5.2], "rotation": 90, "texture": "#1"},
				"down": {"uv": [12.2, 1.6, 10.4, 1.9], "rotation": 270, "texture": "#1"}
			}
		},
		{
			"from": [8.52421, -5, 7.07576],
			"to": [9.52421, -3.5, 8.07576],
			"rotation": {"angle": -45, "axis": "y", "origin": [8, 2.87346, 6.55154]},
			"faces": {
				"north": {"uv": [8, 13.6, 8.4, 14.2], "texture": "#1"},
				"east": {"uv": [8.4, 13.6, 8, 14.2], "texture": "#1"},
				"south": {"uv": [8, 13.6, 8.4, 14.2], "texture": "#1"},
				"west": {"uv": [13.6, 8.4, 14, 9], "texture": "#1"},
				"up": {"uv": [3.2, 11.6, 2.8, 11.2], "rotation": 90, "texture": "#1"},
				"down": {"uv": [12.4, 4, 12, 4.4], "rotation": 270, "texture": "#1"}
			}
		},
		{
			"from": [8.52421, -9.5, 7.07576],
			"to": [9.52421, -8, 8.07576],
			"rotation": {"angle": -45, "axis": "y", "origin": [8, 2.87346, 6.55154]},
			"faces": {
				"north": {"uv": [8, 14.2, 8.4, 13.6], "texture": "#1"},
				"east": {"uv": [8.4, 14.2, 8, 13.6], "texture": "#1"},
				"south": {"uv": [8, 14.2, 8.4, 13.6], "texture": "#1"},
				"west": {"uv": [13.6, 9, 14, 8.4], "texture": "#1"},
				"up": {"uv": [12.4, 4.4, 12, 4], "rotation": 90, "texture": "#1"},
				"down": {"uv": [3.2, 11.2, 2.8, 11.6], "rotation": 270, "texture": "#1"}
			}
		},
		{
			"from": [8.62421, -8, 7.17576],
			"to": [9.42421, -5, 7.97576],
			"rotation": {"angle": -45, "axis": "y", "origin": [8, 2.87346, 6.55154]},
			"faces": {
				"north": {"uv": [9.5, 11.6, 9.2, 12.8], "texture": "#1"},
				"east": {"uv": [9.2, 11.6, 9.5, 12.8], "texture": "#1"},
				"south": {"uv": [8.8, 11.6, 9.1, 12.8], "texture": "#1"},
				"west": {"uv": [9.2, 11.6, 9.5, 12.8], "texture": "#1"},
				"up": {"uv": [5.9, 15.1, 5.6, 14.8], "rotation": 90, "texture": "#1"},
				"down": {"uv": [6.3, 14.8, 6, 15.1], "rotation": 270, "texture": "#1"}
			}
		},
		{
			"from": [7.25, -5.8795, 15.85293],
			"to": [8.75, -4.3795, 17.35293],
			"rotation": {"angle": 45, "axis": "x", "origin": [8, 2.87346, 6.55154]},
			"faces": {
				"north": {"uv": [11.6, 11.6, 12.2, 12.2], "texture": "#1"},
				"east": {"uv": [11.6, 8.8, 12.2, 9.4], "texture": "#1"},
				"south": {"uv": [10, 11.6, 10.6, 12.2], "texture": "#1"},
				"west": {"uv": [10.8, 11.6, 11.4, 12.2], "texture": "#1"},
				"up": {"uv": [1, 12.6, 0.4, 12], "rotation": 90, "texture": "#1"},
				"down": {"uv": [1.8, 12, 1.2, 12.6], "rotation": 270, "texture": "#1"}
			}
		},
		{
			"from": [6.9, -0.29335, 10.26679],
			"to": [9.1, 1.20665, 11.76679],
			"rotation": {"angle": 45, "axis": "x", "origin": [8, 2.87346, 6.55154]},
			"faces": {
				"north": {"uv": [10.4, 7.2, 11.3, 7.9], "texture": "#1"},
				"east": {"uv": [1.2, 10.8, 1.9, 11.5], "texture": "#1"},
				"south": {"uv": [10.4, 6.4, 11.3, 7.1], "texture": "#1"},
				"west": {"uv": [11.2, 2, 11.9, 2.7], "texture": "#1"},
				"up": {"uv": [9.5, 11.3, 8.8, 10.4], "rotation": 90, "texture": "#1"},
				"down": {"uv": [1.1, 10.8, 0.4, 11.7], "rotation": 270, "texture": "#1"}
			}
		},
		{
			"from": [7.3, 7.10198, 2.67145],
			"to": [8.7, 8.80198, 4.37145],
			"rotation": {"angle": 45, "axis": "x", "origin": [8, 2.87346, 6.55154]},
			"faces": {
				"north": {"uv": [3.6, 11.6, 4.2, 12.3], "texture": "#1"},
				"east": {"uv": [11.2, 2.8, 11.9, 3.5], "texture": "#1"},
				"south": {"uv": [2.4, 11.6, 3, 12.3], "texture": "#1"},
				"west": {"uv": [11.2, 3.6, 11.9, 4.3], "texture": "#1"},
				"up": {"uv": [12.3, 5, 11.6, 4.4], "rotation": 90, "texture": "#1"},
				"down": {"uv": [12.3, 6.4, 11.6, 7], "rotation": 270, "texture": "#1"}
			}
		},
		{
			"from": [7.55, 8.32936, 0.34407],
			"to": [8.45, 11.12936, 3.14407],
			"rotation": {"angle": 45, "axis": "x", "origin": [8, 2.87346, 6.55154]},
			"faces": {
				"north": {"uv": [4.4, 10, 4.8, 11.1], "texture": "#1"},
				"east": {"uv": [3.6, 8.8, 4.7, 9.9], "texture": "#1"},
				"south": {"uv": [2.8, 10, 3.2, 11.1], "texture": "#1"},
				"west": {"uv": [8.8, 4.4, 9.9, 5.5], "texture": "#1"},
				"up": {"uv": [12.3, 11.6, 11.2, 11.2], "rotation": 90, "texture": "#1"},
				"down": {"uv": [2.3, 11.6, 1.2, 12], "rotation": 270, "texture": "#1"}
			}
		},
		{
			"from": [7.275, 9.34036, 0.93308],
			"to": [8.725, 10.54036, 2.13308],
			"rotation": {"angle": 45, "axis": "x", "origin": [8, 2.87346, 6.55154]},
			"faces": {
				"north": {"uv": [0, 12.8, 0.6, 13.3], "texture": "#1"},
				"east": {"uv": [13.2, 11.2, 13.7, 11.7], "texture": "#1"},
				"south": {"uv": [12.4, 12, 13, 12.5], "texture": "#1"},
				"west": {"uv": [11.6, 13.2, 12.1, 13.7], "texture": "#1"},
				"up": {"uv": [1.3, 13.4, 0.8, 12.8], "rotation": 90, "texture": "#1"},
				"down": {"uv": [4.9, 12.8, 4.4, 13.4], "rotation": 270, "texture": "#1"}
			}
		},
		{
			"from": [7.275, 13.33551, -3.06208],
			"to": [8.725, 14.53551, -1.86208],
			"rotation": {"angle": 45, "axis": "x", "origin": [8, 2.87346, 6.55154]},
			"faces": {
				"north": {"uv": [12.8, 5.2, 13.4, 5.7], "texture": "#1"},
				"east": {"uv": [13.2, 12, 13.7, 12.5], "texture": "#1"},
				"south": {"uv": [5.2, 12.8, 5.8, 13.3], "texture": "#1"},
				"west": {"uv": [13.2, 12.8, 13.7, 13.3], "texture": "#1"},
				"up": {"uv": [6.5, 13.4, 6, 12.8], "rotation": 90, "texture": "#1"},
				"down": {"uv": [7.3, 12.8, 6.8, 13.4], "rotation": 270, "texture": "#1"}
			}
		},
		{
			"from": [7.3, 3.84929, 6.42414],
			"to": [8.7, 5.04929, 7.62414],
			"rotation": {"angle": 45, "axis": "x", "origin": [8, 2.87346, 6.55154]},
			"faces": {
				"north": {"uv": [12.4, 12.8, 13, 13.3], "texture": "#1"},
				"east": {"uv": [13.6, 3.2, 14.1, 3.7], "texture": "#1"},
				"south": {"uv": [12.8, 10, 13.4, 10.5], "texture": "#1"},
				"west": {"uv": [13.6, 4, 14.1, 4.5], "texture": "#1"},
				"up": {"uv": [13.7, 0.6, 13.2, 0], "rotation": 90, "texture": "#1"},
				"down": {"uv": [13.7, 0.8, 13.2, 1.4], "rotation": 270, "texture": "#1"}
			}
		},
		{
			"from": [7.2, 6.39487, 3.87856],
			"to": [8.8, 7.59487, 5.07856],
			"rotation": {"angle": 45, "axis": "x", "origin": [8, 2.87346, 6.55154]},
			"faces": {
				"north": {"uv": [13.2, 1.6, 13.8, 2.1], "texture": "#1"},
				"east": {"uv": [4.4, 13.6, 4.9, 14.1], "texture": "#1"},
				"south": {"uv": [1.6, 13.2, 2.2, 13.7], "texture": "#1"},
				"west": {"uv": [13.6, 4.8, 14.1, 5.3], "texture": "#1"},
				"up": {"uv": [2.9, 13.8, 2.4, 13.2], "rotation": 90, "texture": "#1"},
				"down": {"uv": [13.7, 2.4, 13.2, 3], "rotation": 270, "texture": "#1"}
			}
		},
		{
			"from": [7.2, -0.96188, 4.76462],
			"to": [8.8, 0.23812, 5.96462],
			"rotation": {"angle": -45, "axis": "x", "origin": [8, 2.87346, 6.55154]},
			"faces": {
				"north": {"uv": [13.2, 2.1, 13.8, 1.6], "texture": "#1"},
				"east": {"uv": [4.4, 14.1, 4.9, 13.6], "texture": "#1"},
				"south": {"uv": [1.6, 13.7, 2.2, 13.2], "texture": "#1"},
				"west": {"uv": [13.6, 5.3, 14.1, 4.8], "texture": "#1"},
				"up": {"uv": [13.7, 3, 13.2, 2.4], "rotation": 90, "texture": "#1"},
				"down": {"uv": [2.9, 13.2, 2.4, 13.8], "rotation": 270, "texture": "#1"}
			}
		},
		{
			"from": [7.65, -0.99335, 9.56679],
			"to": [8.35, 1.90665, 12.46679],
			"rotation": {"angle": 45, "axis": "x", "origin": [8, 2.87346, 6.55154]},
			"faces": {
				"north": {"uv": [12, 2, 12.3, 3.2], "texture": "#1"},
				"east": {"uv": [8.4, 2, 9.6, 3.2], "texture": "#1"},
				"south": {"uv": [2, 12, 2.3, 13.2], "texture": "#1"},
				"west": {"uv": [9.6, 2, 8.4, 3.2], "texture": "#1"},
				"up": {"uv": [13.2, 3.5, 12, 3.2], "rotation": 90, "texture": "#1"},
				"down": {"uv": [13.2, 3.6, 12, 3.9], "rotation": 270, "texture": "#1"}
			}
		},
		{
			"from": [7.4, 2.93005, 6.84338],
			"to": [8.6, 4.63005, 8.54338],
			"rotation": {"angle": 45, "axis": "x", "origin": [8, 2.87346, 6.55154]},
			"faces": {
				"north": {"uv": [12.4, 0.8, 12.9, 1.5], "texture": "#1"},
				"east": {"uv": [4.4, 11.2, 5.1, 11.9], "texture": "#1"},
				"south": {"uv": [12.4, 0, 12.9, 0.7], "texture": "#1"},
				"west": {"uv": [5.2, 11.2, 5.9, 11.9], "texture": "#1"},
				"up": {"uv": [13.1, 2.1, 12.4, 1.6], "rotation": 90, "texture": "#1"},
				"down": {"uv": [3.1, 12.4, 2.4, 12.9], "rotation": 270, "texture": "#1"}
			}
		},
		{
			"from": [7.4, 2.21507, 7.94158],
			"to": [8.6, 3.91507, 9.64158],
			"rotation": {"angle": -45, "axis": "x", "origin": [8, 2.87346, 6.55154]},
			"faces": {
				"north": {"uv": [3.6, 12.4, 4.1, 13.1], "texture": "#1"},
				"east": {"uv": [11.2, 5.6, 11.9, 6.3], "texture": "#1"},
				"south": {"uv": [12.4, 2.4, 12.9, 3.1], "texture": "#1"},
				"west": {"uv": [6, 11.2, 6.7, 11.9], "texture": "#1"},
				"up": {"uv": [13.1, 4.5, 12.4, 4], "rotation": 90, "texture": "#1"},
				"down": {"uv": [13.1, 6, 12.4, 6.5], "rotation": 270, "texture": "#1"}
			}
		},
		{
			"from": [7.385, 11.41911, 7.375],
			"to": [8.615, 17.06911, 8.625],
			"rotation": {"angle": 0, "axis": "x", "origin": [8, 2.87346, 6.55154]},
			"faces": {
				"north": {"uv": [8.8, 8, 9.3, 10.3], "texture": "#1"},
				"east": {"uv": [4.8, 8.8, 5.3, 11.1], "texture": "#1"},
				"south": {"uv": [5.6, 8.8, 6.1, 11.1], "texture": "#1"},
				"west": {"uv": [8.8, 5.6, 9.3, 7.9], "texture": "#1"},
				"up": {"uv": [5.7, 14.1, 5.2, 13.6], "rotation": 90, "texture": "#1"},
				"down": {"uv": [6.5, 13.6, 6, 14.1], "rotation": 270, "texture": "#1"}
			}
		},
		{
			"from": [8, 2.91911, 4.275],
			"to": [8, 27.81911, 8.025],
			"rotation": {"angle": 0, "axis": "x", "origin": [8, 2.87346, 6.55154]},
			"faces": {
				"north": {"uv": [0, 0, 0, 10], "texture": "#1"},
				"east": {"uv": [1.3, 0, 0, 10], "texture": "#1"},
				"south": {"uv": [0, 0, 0, 10], "texture": "#1"},
				"west": {"uv": [0, 0, 1.3, 10], "texture": "#1"},
				"up": {"uv": [2.9, 0, 0, 0], "rotation": 90, "texture": "#1"},
				"down": {"uv": [2.9, 0, 0, 0], "rotation": 270, "texture": "#1"}
			}
		},
		{
			"from": [8, -2.58089, 3.5],
			"to": [8, 2.91911, 8.5],
			"rotation": {"angle": 0, "axis": "x", "origin": [8, 2.87346, 6.55154]},
			"faces": {
				"north": {"uv": [0, 0, 0, 3.7], "texture": "#1"},
				"east": {"uv": [5.9, 0, 4.1, 2.1], "texture": "#1"},
				"south": {"uv": [0, 0, 0, 3.7], "texture": "#1"},
				"west": {"uv": [4.1, 0, 5.9, 2.1], "texture": "#1"},
				"up": {"uv": [5.2, 0, 0, 0], "rotation": 90, "texture": "#1"},
				"down": {"uv": [5.2, 0, 0, 0], "rotation": 270, "texture": "#1"}
			}
		},
		{
			"from": [7.25, -5.63089, 4],
			"to": [8.75, 2.36911, 12],
			"rotation": {"angle": 0, "axis": "x", "origin": [8, 2.87346, 6.55154]},
			"faces": {
				"north": {"uv": [0.25, 0.25, 1.25, 1.2], "texture": "#2"},
				"east": {"uv": [16, 0, 0, 16], "texture": "#2"},
				"south": {"uv": [0.25, 0.25, 1.25, 1.2], "texture": "#2"},
				"west": {"uv": [0, 0, 16, 16], "texture": "#2"},
				"up": {"uv": [0.25, 0.25, 1.25, 1.2], "texture": "#2"},
				"down": {"uv": [0.25, 0.25, 1.25, 1.2], "texture": "#2"}
			}
		},
		{
			"from": [7.8, 0.45971, 5.08589],
			"to": [8.2, 8.45971, 13.08589],
			"rotation": {"angle": 22.5, "axis": "x", "origin": [8, 2.87346, 6.55154]},
			"faces": {
				"north": {"uv": [0.25, 0.25, 1.25, 1.2], "rotation": 180, "texture": "#3"},
				"east": {"uv": [0, 0, 16, 16], "rotation": 270, "texture": "#3"},
				"south": {"uv": [0.25, 0.25, 1.25, 1.2], "texture": "#3"},
				"west": {"uv": [16, 0, 0, 16], "rotation": 90, "texture": "#3"},
				"up": {"uv": [0.25, 0.25, 1.25, 1.2], "rotation": 180, "texture": "#3"},
				"down": {"uv": [0.25, 0.25, 1.25, 1.2], "texture": "#3"}
			}
		},
		{
			"from": [8, -8.71661, 6.71801],
			"to": [8, -4.96661, 8.76801],
			"rotation": {"angle": 22.5, "axis": "x", "origin": [8, 2.87346, 6.55154]},
			"faces": {
				"north": {"uv": [0, 0, 0, 3.7], "rotation": 180, "texture": "#1"},
				"east": {"uv": [3.2, 0.6, 4.1, 2.3], "rotation": 180, "texture": "#1"},
				"south": {"uv": [0, 0, 0, 3.7], "rotation": 180, "texture": "#1"},
				"west": {"uv": [4.1, 0.6, 3.2, 2.3], "rotation": 180, "texture": "#1"},
				"up": {"uv": [0, 0, 5.2, 0], "rotation": 270, "texture": "#1"},
				"down": {"uv": [0, 0, 5.2, 0], "rotation": 90, "texture": "#1"}
			}
		},
		{
			"from": [8, 2.87273, 7.56108],
			"to": [8, 4.92273, 11.31108],
			"rotation": {"angle": 45, "axis": "x", "origin": [8, 2.87346, 6.55154]},
			"faces": {
				"north": {"uv": [0, 0, 5.2, 0], "rotation": 90, "texture": "#1"},
				"east": {"uv": [3.2, 0.6, 4.1, 2.3], "rotation": 270, "texture": "#1"},
				"south": {"uv": [0, 0, 5.2, 0], "rotation": 90, "texture": "#1"},
				"west": {"uv": [4.1, 0.6, 3.2, 2.3], "rotation": 90, "texture": "#1"},
				"up": {"uv": [0, 3.7, 0, 0], "texture": "#1"},
				"down": {"uv": [0, 3.7, 0, 0], "rotation": 180, "texture": "#1"}
			}
		},
		{
			"from": [8, 4.81727, 5.61654],
			"to": [8, 6.86727, 9.36654],
			"rotation": {"angle": 45, "axis": "x", "origin": [8, 2.87346, 6.55154]},
			"faces": {
				"north": {"uv": [0, 0, 5.2, 0], "rotation": 90, "texture": "#1"},
				"east": {"uv": [3.2, 0.6, 4.1, 2.3], "rotation": 270, "texture": "#1"},
				"south": {"uv": [0, 0, 5.2, 0], "rotation": 90, "texture": "#1"},
				"west": {"uv": [4.1, 0.6, 3.2, 2.3], "rotation": 90, "texture": "#1"},
				"up": {"uv": [0, 3.7, 0, 0], "texture": "#1"},
				"down": {"uv": [0, 3.7, 0, 0], "rotation": 180, "texture": "#1"}
			}
		},
		{
			"from": [8, 6.76182, 3.67199],
			"to": [8, 8.81182, 7.42199],
			"rotation": {"angle": 45, "axis": "x", "origin": [8, 2.87346, 6.55154]},
			"faces": {
				"north": {"uv": [0, 0, 5.2, 0], "rotation": 90, "texture": "#1"},
				"east": {"uv": [3.2, 0.6, 4.1, 2.3], "rotation": 270, "texture": "#1"},
				"south": {"uv": [0, 0, 5.2, 0], "rotation": 90, "texture": "#1"},
				"west": {"uv": [4.1, 0.6, 3.2, 2.3], "rotation": 90, "texture": "#1"},
				"up": {"uv": [0, 3.7, 0, 0], "texture": "#1"},
				"down": {"uv": [0, 3.7, 0, 0], "rotation": 180, "texture": "#1"}
			}
		},
		{
			"from": [8, -13.33089, 5.8],
			"to": [8, -8.58089, 10.2],
			"rotation": {"angle": 0, "axis": "x", "origin": [8, 2.87346, 6.55154]},
			"faces": {
				"north": {"uv": [0, 0, 0, 1.9], "texture": "#1"},
				"east": {"uv": [8.4, 0, 10.2, 1.9], "texture": "#1"},
				"south": {"uv": [0, 0, 0, 1.9], "texture": "#1"},
				"west": {"uv": [8.4, 0, 10.2, 1.9], "texture": "#1"},
				"up": {"uv": [1.8, 0, 0, 0], "rotation": 90, "texture": "#1"},
				"down": {"uv": [1.8, 0, 0, 0], "rotation": 270, "texture": "#1"}
			}
		},
		{
			"from": [7.45, -6.71516, 17.03859],
			"to": [8.55, -5.56516, 18.18859],
			"rotation": {"angle": 45, "axis": "x", "origin": [8, 2.87346, 6.55154]},
			"faces": {
				"north": {"uv": [14, 1.6, 14.4, 2.1], "texture": "#1"},
				"east": {"uv": [6.8, 13.6, 7.3, 14.1], "texture": "#1"},
				"south": {"uv": [1.6, 14, 2, 14.5], "texture": "#1"},
				"west": {"uv": [13.6, 6.8, 14.1, 7.3], "texture": "#1"},
				"up": {"uv": [2.5, 14.4, 2, 14], "rotation": 90, "texture": "#1"},
				"down": {"uv": [14.5, 2.4, 14, 2.8], "rotation": 270, "texture": "#1"}
			}
		},
		{
			"from": [7.5, -11.09374, 2.74711],
			"to": [8.5, -9.94374, 3.14711],
			"rotation": {"angle": -22.5, "axis": "x", "origin": [8, 2.87346, 6.55154]},
			"faces": {
				"north": {"uv": [3.6, 14, 4, 14.5], "texture": "#1"},
				"east": {"uv": [0, 14.8, 0.2, 15.3], "texture": "#1"},
				"south": {"uv": [2.8, 14, 3.2, 14.5], "texture": "#1"},
				"west": {"uv": [0.4, 14.8, 0.6, 15.3], "texture": "#1"},
				"up": {"uv": [6.6, 15.2, 6.4, 14.8], "rotation": 90, "texture": "#1"},
				"down": {"uv": [7, 14.8, 6.8, 15.2], "rotation": 270, "texture": "#1"}
			}
		},
		{
			"from": [7.5, -9.98513, 12.63238],
			"to": [8.5, -8.83513, 13.03238],
			"rotation": {"angle": 22.5, "axis": "x", "origin": [8, 2.87346, 6.55154]},
			"faces": {
				"north": {"uv": [14, 6, 14.4, 6.5], "texture": "#1"},
				"east": {"uv": [0.8, 14.8, 1, 15.3], "texture": "#1"},
				"south": {"uv": [4, 14, 4.4, 14.5], "texture": "#1"},
				"west": {"uv": [14.8, 0.8, 15, 1.3], "texture": "#1"},
				"up": {"uv": [7.4, 15.2, 7.2, 14.8], "rotation": 90, "texture": "#1"},
				"down": {"uv": [15, 7.6, 14.8, 8], "rotation": 270, "texture": "#1"}
			}
		}
	],
	"gui_light": "front",
	"display": {
		"thirdperson_righthand": {
			"translation": [0, 14.75, 2],
			"scale": [1.1, 1.1, 1.1]
		},
		"thirdperson_lefthand": {
			"translation": [0, 14.75, 2],
			"scale": [1.1, 1.1, 1.1]
		},
		"firstperson_righthand": {
			"translation": [14.75, 8.25, -11.75],
			"scale": [1.16993, 1.16993, 1.16993]
		},
		"firstperson_lefthand": {
			"translation": [14.75, 8.25, -11.75],
			"scale": [1.16993, 1.16993, 1.16993]
		},
		"ground": {
			"rotation": [-45, 0, 0],
			"translation": [-0.75, 12, -6.5],
			"scale": [0.9, 0.9, 0.9]
		},
		"gui": {
			"rotation": [-90, 45, 90],
			"translation": [0, 0.25, 0],
			"scale": [0.51492, 0.51492, 0.51492]
		},
		"head": {
			"translation": [0, -4.5, 1],
			"scale": [0, 0, 0]
		},
		"fixed": {
			"rotation": [0, 90, 0],
			"translation": [0, 23.5, -1.25],
			"scale": [2.3, 2.3, 2.3]
		}
	}
}