{
	"credit": "MadewithBlockbench",
	"texture_size": [20, 20],
	"textures": {
		"1": "chronicles_animated_weapon_set:texture",
		"2": "chronicles_animated_weapon_set:eff_01",
		"3": "chronicles_animated_weapon_set:eff_02",
		"5": "chronicles_animated_weapon_set:shield",
		"particle": "chronicles_animated_weapon_set:eff_01"
	},
	"elements": [
		{
			"from": [7.53, 0.07277, 12.14855],
			"to": [8.47, 1.32277, 12.89855],
			"rotation": {"angle": 22.5, "axis": "x", "origin": [8, 7.1245, 8]},
			"faces": {
				"north": {"uv": [12.4, 14.1, 12.8, 13.6], "texture": "#1"},
				"east": {"uv": [14, 12.1, 14.3, 11.6], "texture": "#1"},
				"south": {"uv": [13.6, 10.5, 14, 10], "texture": "#1"},
				"west": {"uv": [12, 14.5, 12.3, 14], "texture": "#1"},
				"up": {"uv": [10.4, 14.4, 10.7, 14.8], "rotation": 270, "texture": "#1"},
				"down": {"uv": [13.2, 8.8, 13.5, 8.4], "rotation": 90, "texture": "#1"}
			}
		},
		{
			"from": [7.535, -0.42615, 6.61142],
			"to": [8.465, 0.87385, 7.36142],
			"rotation": {"angle": -22.5, "axis": "x", "origin": [8, 7.1245, 8]},
			"faces": {
				"north": {"uv": [13.2, 14.1, 13.6, 13.6], "texture": "#1"},
				"east": {"uv": [14, 12.9, 14.3, 12.4], "texture": "#1"},
				"south": {"uv": [12.8, 14.1, 13.2, 13.6], "texture": "#1"},
				"west": {"uv": [14, 13.7, 14.3, 13.2], "texture": "#1"},
				"up": {"uv": [14.4, 10.8, 14.7, 11.2], "rotation": 270, "texture": "#1"},
				"down": {"uv": [10.8, 14.8, 11.1, 14.4], "rotation": 90, "texture": "#1"}
			}
		},
		{
			"from": [7.53, 1.54582, 10.05751],
			"to": [8.47, 2.29582, 12.30751],
			"rotation": {"angle": 22.5, "axis": "x", "origin": [8, 7.1245, 8]},
			"faces": {
				"north": {"uv": [14.4, 11.5, 14.8, 11.2], "texture": "#1"},
				"east": {"uv": [12.8, 8.3, 13.7, 8], "texture": "#1"},
				"south": {"uv": [11.2, 14.7, 11.6, 14.4], "texture": "#1"},
				"west": {"uv": [12.8, 11.1, 13.7, 10.8], "texture": "#1"},
				"up": {"uv": [11.6, 7.2, 12.5, 7.6], "rotation": 270, "texture": "#1"},
				"down": {"uv": [7.2, 12, 8.1, 11.6], "rotation": 90, "texture": "#1"}
			}
		},
		{
			"from": [7.535, -1.65168, 5.85115],
			"to": [8.465, -0.90168, 7.10115],
			"rotation": {"angle": 22.5, "axis": "x", "origin": [8, -6.1245, 8]},
			"faces": {
				"north": {"uv": [14.4, 12, 14.8, 12.3], "texture": "#1"},
				"east": {"uv": [14, 14, 14.5, 14.3], "texture": "#1"},
				"south": {"uv": [14.4, 11.6, 14.8, 11.9], "texture": "#1"},
				"west": {"uv": [0, 14.4, 0.5, 14.7], "texture": "#1"},
				"up": {"uv": [14.1, 6, 13.6, 5.6], "rotation": 90, "texture": "#1"},
				"down": {"uv": [14.1, 7.6, 13.6, 8], "rotation": 270, "texture": "#1"}
			}
		},
		{
			"from": [7.43, 3.27777, 6.67114],
			"to": [8.57, 4.02777, 9.42114],
			"rotation": {"angle": -22.5, "axis": "x", "origin": [8, 6.6245, 8]},
			"faces": {
				"north": {"uv": [14.4, 0.7, 14.9, 0.4], "texture": "#1"},
				"east": {"uv": [12, 8.7, 13.1, 8.4], "texture": "#1"},
				"south": {"uv": [14.4, 0.3, 14.9, 0], "texture": "#1"},
				"west": {"uv": [12.4, 5.1, 13.5, 4.8], "texture": "#1"},
				"up": {"uv": [10.8, 10.4, 11.9, 10.9], "rotation": 270, "texture": "#1"},
				"down": {"uv": [10.8, 10.1, 11.9, 9.6], "rotation": 90, "texture": "#1"}
			}
		},
		{
			"from": [7.43, 10.65417, 6.0776],
			"to": [8.57, 11.40417, 8.8276],
			"rotation": {"angle": 22.5, "axis": "x", "origin": [8, 6.6245, 8]},
			"faces": {
				"north": {"uv": [14.4, 0.4, 14.9, 0.7], "texture": "#1"},
				"east": {"uv": [12, 8.4, 13.1, 8.7], "texture": "#1"},
				"south": {"uv": [14.4, 0, 14.9, 0.3], "texture": "#1"},
				"west": {"uv": [12.4, 4.8, 13.5, 5.1], "texture": "#1"},
				"up": {"uv": [10.8, 9.6, 11.9, 10.1], "rotation": 270, "texture": "#1"},
				"down": {"uv": [10.8, 10.9, 11.9, 10.4], "rotation": 90, "texture": "#1"}
			}
		},
		{
			"from": [7.54, 10.97284, 5.94748],
			"to": [8.46, 12.97284, 6.69748],
			"rotation": {"angle": 45, "axis": "x", "origin": [8, 6.6245, 8]},
			"faces": {
				"north": {"uv": [8.4, 13.2, 8.8, 12.4], "texture": "#1"},
				"east": {"uv": [8.4, 14, 8.7, 13.2], "texture": "#1"},
				"south": {"uv": [8, 12.8, 8.4, 12], "texture": "#1"},
				"west": {"uv": [3.2, 14.4, 3.5, 13.6], "texture": "#1"},
				"up": {"uv": [14.4, 12.4, 14.7, 12.8], "rotation": 270, "texture": "#1"},
				"down": {"uv": [12.4, 14.8, 12.7, 14.4], "rotation": 90, "texture": "#1"}
			}
		},
		{
			"from": [7.585, 11.9827, 10.48583],
			"to": [8.415, 13.4827, 11.23583],
			"rotation": {"angle": 0, "axis": "y", "origin": [8, 6.6245, 8]},
			"faces": {
				"north": {"uv": [9.6, 14.6, 9.9, 14], "texture": "#1"},
				"east": {"uv": [14, 8.6, 14.3, 8], "texture": "#1"},
				"south": {"uv": [8.4, 14.6, 8.7, 14], "texture": "#1"},
				"west": {"uv": [14, 9.4, 14.3, 8.8], "texture": "#1"},
				"up": {"uv": [1.6, 14.8, 1.9, 15.1], "rotation": 270, "texture": "#1"},
				"down": {"uv": [1.2, 15.1, 1.5, 14.8], "rotation": 90, "texture": "#1"}
			}
		},
		{
			"from": [7.63, 13.85004, 7.21505],
			"to": [8.37, 14.60004, 8.46505],
			"rotation": {"angle": 22.5, "axis": "x", "origin": [8, 6.6245, 8]},
			"faces": {
				"north": {"uv": [2.4, 15.1, 2.7, 14.8], "texture": "#1"},
				"east": {"uv": [2, 14.7, 2.5, 14.4], "texture": "#1"},
				"south": {"uv": [2, 15.1, 2.3, 14.8], "texture": "#1"},
				"west": {"uv": [14.4, 2.3, 14.9, 2], "texture": "#1"},
				"up": {"uv": [14.4, 3.6, 14.9, 3.9], "rotation": 270, "texture": "#1"},
				"down": {"uv": [14.4, 3.5, 14.9, 3.2], "rotation": 90, "texture": "#1"}
			}
		},
		{
			"from": [7.64, 13.85004, 6.46505],
			"to": [8.36, 15.10004, 7.21505],
			"rotation": {"angle": 22.5, "axis": "x", "origin": [8, 6.6245, 8]},
			"faces": {
				"north": {"uv": [4.8, 14.9, 5.1, 14.4], "texture": "#1"},
				"east": {"uv": [3.2, 14.9, 3.5, 14.4], "texture": "#1"},
				"south": {"uv": [14.4, 4.5, 14.7, 4], "texture": "#1"},
				"west": {"uv": [4.4, 14.9, 4.7, 14.4], "texture": "#1"},
				"up": {"uv": [2.8, 14.8, 3.1, 15.1], "rotation": 270, "texture": "#1"},
				"down": {"uv": [14.8, 2.7, 15.1, 2.4], "rotation": 90, "texture": "#1"}
			}
		},
		{
			"from": [7.635, 13.17265, 12.18808],
			"to": [8.365, 13.92265, 13.43808],
			"rotation": {"angle": -22.5, "axis": "x", "origin": [8, 6.6245, 8]},
			"faces": {
				"north": {"uv": [3.6, 15.1, 3.9, 14.8], "texture": "#1"},
				"east": {"uv": [14.4, 5.1, 14.9, 4.8], "texture": "#1"},
				"south": {"uv": [14.8, 3.1, 15.1, 2.8], "texture": "#1"},
				"west": {"uv": [5.2, 14.7, 5.7, 14.4], "texture": "#1"},
				"up": {"uv": [14.4, 5.6, 14.9, 5.9], "rotation": 270, "texture": "#1"},
				"down": {"uv": [14.4, 5.5, 14.9, 5.2], "rotation": 90, "texture": "#1"}
			}
		},
		{
			"from": [7.43, 14.84247, 2.98089],
			"to": [8.57, 15.59247, 4.48089],
			"rotation": {"angle": 45, "axis": "x", "origin": [8, 6.6245, 8]},
			"faces": {
				"north": {"uv": [14.4, 6.3, 14.9, 6], "texture": "#1"},
				"east": {"uv": [14, 3.1, 14.6, 2.8], "texture": "#1"},
				"south": {"uv": [6, 14.7, 6.5, 14.4], "texture": "#1"},
				"west": {"uv": [14, 9.9, 14.6, 9.6], "texture": "#1"},
				"up": {"uv": [11.6, 12.4, 12.2, 12.9], "rotation": 270, "texture": "#1"},
				"down": {"uv": [12.4, 11.7, 13, 11.2], "rotation": 90, "texture": "#1"}
			}
		},
		{
			"from": [7.435, 14.92342, 11.32371],
			"to": [8.565, 15.67342, 12.57371],
			"rotation": {"angle": 0, "axis": "y", "origin": [8, 6.6245, 8]},
			"faces": {
				"north": {"uv": [14.4, 7.5, 14.9, 7.2], "texture": "#1"},
				"east": {"uv": [14.4, 6.7, 14.9, 6.4], "texture": "#1"},
				"south": {"uv": [6.8, 14.7, 7.3, 14.4], "texture": "#1"},
				"west": {"uv": [14.4, 7.1, 14.9, 6.8], "texture": "#1"},
				"up": {"uv": [13.2, 6, 13.7, 6.5], "rotation": 270, "texture": "#1"},
				"down": {"uv": [3.6, 13.7, 4.1, 13.2], "rotation": 90, "texture": "#1"}
			}
		},
		{
			"from": [7.44, 14.47681, 4.61588],
			"to": [8.56, 15.72681, 5.36588],
			"rotation": {"angle": 45, "axis": "x", "origin": [8, 6.6245, 8]},
			"faces": {
				"north": {"uv": [14, 0.5, 14.4, 0], "texture": "#1"},
				"east": {"uv": [7.6, 14.9, 7.9, 14.4], "texture": "#1"},
				"south": {"uv": [13.6, 14.1, 14, 13.6], "texture": "#1"},
				"west": {"uv": [14.4, 8.1, 14.7, 7.6], "texture": "#1"},
				"up": {"uv": [14.4, 12.8, 14.7, 13.2], "rotation": 270, "texture": "#1"},
				"down": {"uv": [12.8, 14.8, 13.1, 14.4], "rotation": 90, "texture": "#1"}
			}
		},
		{
			"from": [7.43, 14.47681, 5.36588],
			"to": [8.57, 15.22681, 6.61588],
			"rotation": {"angle": 45, "axis": "x", "origin": [8, 6.6245, 8]},
			"faces": {
				"north": {"uv": [14.4, 9.5, 14.9, 9.2], "texture": "#1"},
				"east": {"uv": [14.4, 8.7, 14.9, 8.4], "texture": "#1"},
				"south": {"uv": [8.8, 14.7, 9.3, 14.4], "texture": "#1"},
				"west": {"uv": [14.4, 9.1, 14.9, 8.8], "texture": "#1"},
				"up": {"uv": [10.8, 13.2, 11.3, 13.7], "rotation": 270, "texture": "#1"},
				"down": {"uv": [10, 13.7, 10.5, 13.2], "rotation": 90, "texture": "#1"}
			}
		},
		{
			"from": [7.385, 13.76941, 9.01727],
			"to": [8.615, 14.76941, 9.76727],
			"rotation": {"angle": 22.5, "axis": "x", "origin": [8, 6.6245, 8]},
			"faces": {
				"north": {"uv": [14, 1.6, 14.5, 1.2], "texture": "#1"},
				"east": {"uv": [13.2, 14.8, 13.5, 14.4], "texture": "#1"},
				"south": {"uv": [14, 1.2, 14.5, 0.8], "texture": "#1"},
				"west": {"uv": [14.4, 13.6, 14.7, 13.2], "texture": "#1"},
				"up": {"uv": [10, 14.4, 10.3, 14.9], "rotation": 270, "texture": "#1"},
				"down": {"uv": [8, 14.9, 8.3, 14.4], "rotation": 90, "texture": "#1"}
			}
		},
		{
			"from": [7.63, 4.40946, 13.34516],
			"to": [8.37, 5.15946, 14.84516],
			"rotation": {"angle": 22.5, "axis": "x", "origin": [8, 17.3755, 8]},
			"faces": {
				"north": {"uv": [14.8, 4, 15.1, 4.3], "texture": "#1"},
				"east": {"uv": [10, 14, 10.6, 14.3], "texture": "#1"},
				"south": {"uv": [4, 14.8, 4.3, 15.1], "texture": "#1"},
				"west": {"uv": [14, 10, 14.6, 10.3], "texture": "#1"},
				"up": {"uv": [14.6, 10.7, 14, 10.4], "rotation": 90, "texture": "#1"},
				"down": {"uv": [11.4, 14, 10.8, 14.3], "rotation": 270, "texture": "#1"}
			}
		},
		{
			"from": [7.625, 3.51763, 2.80791],
			"to": [8.375, 4.26763, 3.80791],
			"rotation": {"angle": -22.5, "axis": "x", "origin": [8, 17.3755, 8]},
			"faces": {
				"north": {"uv": [5.2, 14.8, 5.5, 15.1], "texture": "#1"},
				"east": {"uv": [13.6, 14.4, 14, 14.7], "texture": "#1"},
				"south": {"uv": [14.8, 4.4, 15.1, 4.7], "texture": "#1"},
				"west": {"uv": [14.4, 13.6, 14.8, 13.9], "texture": "#1"},
				"up": {"uv": [14.4, 14.7, 14, 14.4], "rotation": 90, "texture": "#1"},
				"down": {"uv": [14.8, 14.4, 14.4, 14.7], "rotation": 270, "texture": "#1"}
			}
		},
		{
			"from": [7.53, 0.07277, 3.10145],
			"to": [8.47, 1.32277, 3.85145],
			"rotation": {"angle": -22.5, "axis": "x", "origin": [8, 7.1245, 8]},
			"faces": {
				"north": {"uv": [14, 10.5, 13.6, 10], "texture": "#1"},
				"east": {"uv": [14.3, 12.1, 14, 11.6], "texture": "#1"},
				"south": {"uv": [12.8, 14.1, 12.4, 13.6], "texture": "#1"},
				"west": {"uv": [12.3, 14.5, 12, 14], "texture": "#1"},
				"up": {"uv": [10.7, 14.4, 10.4, 14.8], "rotation": 270, "texture": "#1"},
				"down": {"uv": [13.5, 8.8, 13.2, 8.4], "rotation": 90, "texture": "#1"}
			}
		},
		{
			"from": [7.535, -0.42615, 8.63858],
			"to": [8.465, 0.87385, 9.38858],
			"rotation": {"angle": 22.5, "axis": "x", "origin": [8, 7.1245, 8]},
			"faces": {
				"north": {"uv": [13.2, 14.1, 12.8, 13.6], "texture": "#1"},
				"east": {"uv": [14.3, 12.9, 14, 12.4], "texture": "#1"},
				"south": {"uv": [13.6, 14.1, 13.2, 13.6], "texture": "#1"},
				"west": {"uv": [14.3, 13.7, 14, 13.2], "texture": "#1"},
				"up": {"uv": [14.7, 10.8, 14.4, 11.2], "rotation": 270, "texture": "#1"},
				"down": {"uv": [11.1, 14.8, 10.8, 14.4], "rotation": 90, "texture": "#1"}
			}
		},
		{
			"from": [7.53, 1.54582, 3.69249],
			"to": [8.47, 2.29582, 5.94249],
			"rotation": {"angle": -22.5, "axis": "x", "origin": [8, 7.1245, 8]},
			"faces": {
				"north": {"uv": [11.6, 14.7, 11.2, 14.4], "texture": "#1"},
				"east": {"uv": [13.7, 8.3, 12.8, 8], "texture": "#1"},
				"south": {"uv": [14.8, 11.5, 14.4, 11.2], "texture": "#1"},
				"west": {"uv": [13.7, 11.1, 12.8, 10.8], "texture": "#1"},
				"up": {"uv": [12.5, 7.2, 11.6, 7.6], "rotation": 270, "texture": "#1"},
				"down": {"uv": [8.1, 12, 7.2, 11.6], "rotation": 90, "texture": "#1"}
			}
		},
		{
			"from": [7.535, -1.65168, 8.89885],
			"to": [8.465, -0.90168, 10.14885],
			"rotation": {"angle": -22.5, "axis": "x", "origin": [8, -6.1245, 8]},
			"faces": {
				"north": {"uv": [14.8, 11.6, 14.4, 11.9], "texture": "#1"},
				"east": {"uv": [14.5, 14, 14, 14.3], "texture": "#1"},
				"south": {"uv": [14.8, 12, 14.4, 12.3], "texture": "#1"},
				"west": {"uv": [0.5, 14.4, 0, 14.7], "texture": "#1"},
				"up": {"uv": [13.6, 6, 14.1, 5.6], "rotation": 90, "texture": "#1"},
				"down": {"uv": [13.6, 7.6, 14.1, 8], "rotation": 270, "texture": "#1"}
			}
		},
		{
			"from": [7.43, 3.27777, 6.57886],
			"to": [8.57, 4.02777, 9.32886],
			"rotation": {"angle": 22.5, "axis": "x", "origin": [8, 6.6245, 8]},
			"faces": {
				"north": {"uv": [14.9, 0.3, 14.4, 0], "texture": "#1"},
				"east": {"uv": [13.1, 8.7, 12, 8.4], "texture": "#1"},
				"south": {"uv": [14.9, 0.7, 14.4, 0.4], "texture": "#1"},
				"west": {"uv": [13.5, 5.1, 12.4, 4.8], "texture": "#1"},
				"up": {"uv": [11.9, 10.4, 10.8, 10.9], "rotation": 270, "texture": "#1"},
				"down": {"uv": [11.9, 10.1, 10.8, 9.6], "rotation": 90, "texture": "#1"}
			}
		},
		{
			"from": [7.43, 10.65417, 7.1724],
			"to": [8.57, 11.40417, 9.9224],
			"rotation": {"angle": -22.5, "axis": "x", "origin": [8, 6.6245, 8]},
			"faces": {
				"north": {"uv": [14.9, 0, 14.4, 0.3], "texture": "#1"},
				"east": {"uv": [13.1, 8.4, 12, 8.7], "texture": "#1"},
				"south": {"uv": [14.9, 0.4, 14.4, 0.7], "texture": "#1"},
				"west": {"uv": [13.5, 4.8, 12.4, 5.1], "texture": "#1"},
				"up": {"uv": [11.9, 9.6, 10.8, 10.1], "rotation": 270, "texture": "#1"},
				"down": {"uv": [11.9, 10.9, 10.8, 10.4], "rotation": 90, "texture": "#1"}
			}
		},
		{
			"from": [7.54, 10.97284, 9.30252],
			"to": [8.46, 12.97284, 10.05252],
			"rotation": {"angle": -45, "axis": "x", "origin": [8, 6.6245, 8]},
			"faces": {
				"north": {"uv": [8.4, 12.8, 8, 12], "texture": "#1"},
				"east": {"uv": [8.7, 14, 8.4, 13.2], "texture": "#1"},
				"south": {"uv": [8.8, 13.2, 8.4, 12.4], "texture": "#1"},
				"west": {"uv": [3.5, 14.4, 3.2, 13.6], "texture": "#1"},
				"up": {"uv": [14.7, 12.4, 14.4, 12.8], "rotation": 270, "texture": "#1"},
				"down": {"uv": [12.7, 14.8, 12.4, 14.4], "rotation": 90, "texture": "#1"}
			}
		},
		{
			"from": [7.585, 11.9827, 4.76417],
			"to": [8.415, 13.4827, 5.51417],
			"rotation": {"angle": 0, "axis": "y", "origin": [8, 6.6245, 8]},
			"faces": {
				"north": {"uv": [8.7, 14.6, 8.4, 14], "texture": "#1"},
				"east": {"uv": [14.3, 8.6, 14, 8], "texture": "#1"},
				"south": {"uv": [9.9, 14.6, 9.6, 14], "texture": "#1"},
				"west": {"uv": [14.3, 9.4, 14, 8.8], "texture": "#1"},
				"up": {"uv": [1.9, 14.8, 1.6, 15.1], "rotation": 270, "texture": "#1"},
				"down": {"uv": [1.5, 15.1, 1.2, 14.8], "rotation": 90, "texture": "#1"}
			}
		},
		{
			"from": [7.63, 13.85004, 7.53495],
			"to": [8.37, 14.60004, 8.78495],
			"rotation": {"angle": -22.5, "axis": "x", "origin": [8, 6.6245, 8]},
			"faces": {
				"north": {"uv": [2.3, 15.1, 2, 14.8], "texture": "#1"},
				"east": {"uv": [2.5, 14.7, 2, 14.4], "texture": "#1"},
				"south": {"uv": [2.7, 15.1, 2.4, 14.8], "texture": "#1"},
				"west": {"uv": [14.9, 2.3, 14.4, 2], "texture": "#1"},
				"up": {"uv": [14.9, 3.6, 14.4, 3.9], "rotation": 270, "texture": "#1"},
				"down": {"uv": [14.9, 3.5, 14.4, 3.2], "rotation": 90, "texture": "#1"}
			}
		},
		{
			"from": [9.875, 6.3827, 7.585],
			"to": [10.625, 8.3827, 8.415],
			"rotation": {"angle": 0, "axis": "y", "origin": [10.2, 8.1202, 8]},
			"faces": {
				"north": {"uv": [14.3, 9.4, 14, 8.8], "texture": "#1"},
				"east": {"uv": [8.7, 14.6, 8.4, 14], "texture": "#1"},
				"south": {"uv": [14.3, 8.6, 14, 8], "texture": "#1"},
				"west": {"uv": [9.9, 14.6, 9.6, 14], "texture": "#1"},
				"up": {"uv": [1.9, 14.8, 1.6, 15.1], "texture": "#1"},
				"down": {"uv": [1.5, 15.1, 1.2, 14.8], "texture": "#1"}
			}
		},
		{
			"from": [9.29074, 8.5049, 7.63],
			"to": [10.54074, 9.2549, 8.37],
			"rotation": {"angle": -45, "axis": "z", "origin": [9.5, 8.70769, 8]},
			"faces": {
				"north": {"uv": [14.9, 2.3, 14.4, 2], "texture": "#1"},
				"east": {"uv": [2.3, 15.1, 2, 14.8], "texture": "#1"},
				"south": {"uv": [2.5, 14.7, 2, 14.4], "texture": "#1"},
				"west": {"uv": [2.7, 15.1, 2.4, 14.8], "texture": "#1"},
				"up": {"uv": [14.9, 3.6, 14.4, 3.9], "texture": "#1"},
				"down": {"uv": [14.9, 3.5, 14.4, 3.2], "texture": "#1"}
			}
		},
		{
			"from": [8.45926, 8.5049, 7.68],
			"to": [9.70926, 9.2549, 8.32],
			"rotation": {"angle": 0, "axis": "z", "origin": [9.5, 8.70769, 8]},
			"faces": {
				"north": {"uv": [14.4, 2.3, 14.9, 2], "texture": "#1"},
				"east": {"uv": [2.4, 15.1, 2.7, 14.8], "texture": "#1"},
				"south": {"uv": [2, 14.7, 2.5, 14.4], "texture": "#1"},
				"west": {"uv": [2, 15.1, 2.3, 14.8], "texture": "#1"},
				"up": {"uv": [14.4, 3.6, 14.9, 3.9], "texture": "#1"},
				"down": {"uv": [14.4, 3.5, 14.9, 3.2], "texture": "#1"}
			}
		},
		{
			"from": [8.45926, 5.4951, 7.68],
			"to": [9.70926, 6.2451, 8.32],
			"rotation": {"angle": 0, "axis": "z", "origin": [9.5, 6.04231, 8]},
			"faces": {
				"north": {"uv": [14.4, 2, 14.9, 2.3], "texture": "#1"},
				"east": {"uv": [2.4, 14.8, 2.7, 15.1], "texture": "#1"},
				"south": {"uv": [2, 14.4, 2.5, 14.7], "texture": "#1"},
				"west": {"uv": [2, 14.8, 2.3, 15.1], "texture": "#1"},
				"up": {"uv": [14.4, 3.2, 14.9, 3.5], "texture": "#1"},
				"down": {"uv": [14.4, 3.9, 14.9, 3.6], "texture": "#1"}
			}
		},
		{
			"from": [9.29074, 5.4951, 7.63],
			"to": [10.54074, 6.2451, 8.37],
			"rotation": {"angle": 45, "axis": "z", "origin": [9.5, 6.04231, 8]},
			"faces": {
				"north": {"uv": [14.9, 2, 14.4, 2.3], "texture": "#1"},
				"east": {"uv": [2.3, 14.8, 2, 15.1], "texture": "#1"},
				"south": {"uv": [2.5, 14.4, 2, 14.7], "texture": "#1"},
				"west": {"uv": [2.7, 14.8, 2.4, 15.1], "texture": "#1"},
				"up": {"uv": [14.9, 3.2, 14.4, 3.5], "texture": "#1"},
				"down": {"uv": [14.9, 3.9, 14.4, 3.6], "texture": "#1"}
			}
		},
		{
			"from": [7.64, 13.85004, 8.78495],
			"to": [8.36, 15.10004, 9.53495],
			"rotation": {"angle": -22.5, "axis": "x", "origin": [8, 6.6245, 8]},
			"faces": {
				"north": {"uv": [14.7, 4.5, 14.4, 4], "texture": "#1"},
				"east": {"uv": [3.5, 14.9, 3.2, 14.4], "texture": "#1"},
				"south": {"uv": [5.1, 14.9, 4.8, 14.4], "texture": "#1"},
				"west": {"uv": [4.7, 14.9, 4.4, 14.4], "texture": "#1"},
				"up": {"uv": [3.1, 14.8, 2.8, 15.1], "rotation": 270, "texture": "#1"},
				"down": {"uv": [15.1, 2.7, 14.8, 2.4], "rotation": 90, "texture": "#1"}
			}
		},
		{
			"from": [7.635, 13.17265, 2.56193],
			"to": [8.365, 13.92265, 3.81193],
			"rotation": {"angle": 22.5, "axis": "x", "origin": [8, 6.6245, 8]},
			"faces": {
				"north": {"uv": [15.1, 3.1, 14.8, 2.8], "texture": "#1"},
				"east": {"uv": [14.9, 5.1, 14.4, 4.8], "texture": "#1"},
				"south": {"uv": [3.9, 15.1, 3.6, 14.8], "texture": "#1"},
				"west": {"uv": [5.7, 14.7, 5.2, 14.4], "texture": "#1"},
				"up": {"uv": [14.9, 5.6, 14.4, 5.9], "rotation": 270, "texture": "#1"},
				"down": {"uv": [14.9, 5.5, 14.4, 5.2], "rotation": 90, "texture": "#1"}
			}
		},
		{
			"from": [7.43, 14.84247, 11.51912],
			"to": [8.57, 15.59247, 13.01912],
			"rotation": {"angle": -45, "axis": "x", "origin": [8, 6.6245, 8]},
			"faces": {
				"north": {"uv": [6.5, 14.7, 6, 14.4], "texture": "#1"},
				"east": {"uv": [14.6, 3.1, 14, 2.8], "texture": "#1"},
				"south": {"uv": [14.9, 6.3, 14.4, 6], "texture": "#1"},
				"west": {"uv": [14.6, 9.9, 14, 9.6], "texture": "#1"},
				"up": {"uv": [12.2, 12.4, 11.6, 12.9], "rotation": 270, "texture": "#1"},
				"down": {"uv": [13, 11.7, 12.4, 11.2], "rotation": 90, "texture": "#1"}
			}
		},
		{
			"from": [7.435, 14.92342, 3.42629],
			"to": [8.565, 15.67342, 4.67629],
			"rotation": {"angle": 0, "axis": "y", "origin": [8, 6.6245, 8]},
			"faces": {
				"north": {"uv": [7.3, 14.7, 6.8, 14.4], "texture": "#1"},
				"east": {"uv": [14.9, 6.7, 14.4, 6.4], "texture": "#1"},
				"south": {"uv": [14.9, 7.5, 14.4, 7.2], "texture": "#1"},
				"west": {"uv": [14.9, 7.1, 14.4, 6.8], "texture": "#1"},
				"up": {"uv": [13.7, 6, 13.2, 6.5], "rotation": 270, "texture": "#1"},
				"down": {"uv": [4.1, 13.7, 3.6, 13.2], "rotation": 90, "texture": "#1"}
			}
		},
		{
			"from": [7.44, 14.47681, 10.63413],
			"to": [8.56, 15.72681, 11.38413],
			"rotation": {"angle": -45, "axis": "x", "origin": [8, 6.6245, 8]},
			"faces": {
				"north": {"uv": [14, 14.1, 13.6, 13.6], "texture": "#1"},
				"east": {"uv": [7.9, 14.9, 7.6, 14.4], "texture": "#1"},
				"south": {"uv": [14.4, 0.5, 14, 0], "texture": "#1"},
				"west": {"uv": [14.7, 8.1, 14.4, 7.6], "texture": "#1"},
				"up": {"uv": [14.7, 12.8, 14.4, 13.2], "rotation": 270, "texture": "#1"},
				"down": {"uv": [13.1, 14.8, 12.8, 14.4], "rotation": 90, "texture": "#1"}
			}
		},
		{
			"from": [7.43, 14.47681, 9.38413],
			"to": [8.57, 15.22681, 10.63413],
			"rotation": {"angle": -45, "axis": "x", "origin": [8, 6.6245, 8]},
			"faces": {
				"north": {"uv": [9.3, 14.7, 8.8, 14.4], "texture": "#1"},
				"east": {"uv": [14.9, 8.7, 14.4, 8.4], "texture": "#1"},
				"south": {"uv": [14.9, 9.5, 14.4, 9.2], "texture": "#1"},
				"west": {"uv": [14.9, 9.1, 14.4, 8.8], "texture": "#1"},
				"up": {"uv": [11.3, 13.2, 10.8, 13.7], "rotation": 270, "texture": "#1"},
				"down": {"uv": [10.5, 13.7, 10, 13.2], "rotation": 90, "texture": "#1"}
			}
		},
		{
			"from": [7.385, 13.76941, 6.23273],
			"to": [8.615, 14.76941, 6.98273],
			"rotation": {"angle": -22.5, "axis": "x", "origin": [8, 6.6245, 8]},
			"faces": {
				"north": {"uv": [14.5, 1.2, 14, 0.8], "texture": "#1"},
				"east": {"uv": [13.5, 14.8, 13.2, 14.4], "texture": "#1"},
				"south": {"uv": [14.5, 1.6, 14, 1.2], "texture": "#1"},
				"west": {"uv": [14.7, 13.6, 14.4, 13.2], "texture": "#1"},
				"up": {"uv": [10.3, 14.4, 10, 14.9], "rotation": 270, "texture": "#1"},
				"down": {"uv": [8.3, 14.9, 8, 14.4], "rotation": 90, "texture": "#1"}
			}
		},
		{
			"from": [7.63, 4.40946, 1.15484],
			"to": [8.37, 5.15946, 2.65484],
			"rotation": {"angle": -22.5, "axis": "x", "origin": [8, 17.3755, 8]},
			"faces": {
				"north": {"uv": [4.3, 14.8, 4, 15.1], "texture": "#1"},
				"east": {"uv": [10.6, 14, 10, 14.3], "texture": "#1"},
				"south": {"uv": [15.1, 4, 14.8, 4.3], "texture": "#1"},
				"west": {"uv": [14.6, 10, 14, 10.3], "texture": "#1"},
				"up": {"uv": [14, 10.7, 14.6, 10.4], "rotation": 90, "texture": "#1"},
				"down": {"uv": [10.8, 14, 11.4, 14.3], "rotation": 270, "texture": "#1"}
			}
		},
		{
			"from": [7.625, 3.51763, 12.19209],
			"to": [8.375, 4.26763, 13.19209],
			"rotation": {"angle": 22.5, "axis": "x", "origin": [8, 17.3755, 8]},
			"faces": {
				"north": {"uv": [15.1, 4.4, 14.8, 4.7], "texture": "#1"},
				"east": {"uv": [14, 14.4, 13.6, 14.7], "texture": "#1"},
				"south": {"uv": [5.5, 14.8, 5.2, 15.1], "texture": "#1"},
				"west": {"uv": [14.8, 13.6, 14.4, 13.9], "texture": "#1"},
				"up": {"uv": [14, 14.7, 14.4, 14.4], "rotation": 90, "texture": "#1"},
				"down": {"uv": [14.4, 14.4, 14.8, 14.7], "rotation": 270, "texture": "#1"}
			}
		},
		{
			"name": "octagon",
			"from": [7.155, 10.46992, 1.89184],
			"to": [8.845, 11.7954, 5.09184],
			"rotation": {"angle": 45, "axis": "x", "origin": [8, 6.6245, 8]},
			"faces": {
				"north": {"uv": [5.2, 12.5, 5.9, 12], "texture": "#1"},
				"east": {"uv": [0.4, 10.5, 1.7, 10], "texture": "#1"},
				"south": {"uv": [4.4, 12.5, 5.1, 12], "texture": "#1"},
				"west": {"uv": [1.7, 10.5, 0.4, 10], "texture": "#1"},
				"up": {"uv": [9.6, 2.8, 10.9, 3.5], "rotation": 270, "texture": "#1"},
				"down": {"uv": [9.6, 2.7, 10.9, 2], "rotation": 90, "texture": "#1"}
			}
		},
		{
			"name": "octagon",
			"from": [7.15, 12.33726, 6.4],
			"to": [8.85, 13.66274, 9.6],
			"rotation": {"angle": 0, "axis": "y", "origin": [8, 6.6245, 8]},
			"faces": {
				"north": {"uv": [6, 12.5, 6.7, 12], "texture": "#1"},
				"east": {"uv": [10, 8.5, 11.3, 8], "texture": "#1"},
				"south": {"uv": [12, 5.7, 12.7, 5.2], "texture": "#1"},
				"west": {"uv": [10, 8.5, 11.3, 8], "texture": "#1"},
				"up": {"uv": [9.6, 5.6, 10.9, 6.3], "rotation": 270, "texture": "#1"},
				"down": {"uv": [9.6, 4.3, 10.9, 3.6], "rotation": 90, "texture": "#1"}
			}
		},
		{
			"name": "octagon",
			"from": [7.15, 11.4, 7.33726],
			"to": [8.85, 14.6, 8.66274],
			"rotation": {"angle": 0, "axis": "y", "origin": [8, 6.6245, 8]},
			"faces": {
				"north": {"uv": [9.6, 7.7, 10.3, 6.4], "texture": "#1"},
				"east": {"uv": [2, 11.3, 2.5, 10], "texture": "#1"},
				"south": {"uv": [6.4, 10.9, 7.1, 9.6], "texture": "#1"},
				"west": {"uv": [2, 11.3, 2.5, 10], "texture": "#1"},
				"up": {"uv": [12, 7.6, 12.5, 8.3], "rotation": 270, "texture": "#1"},
				"down": {"uv": [7.2, 12.7, 7.7, 12], "rotation": 90, "texture": "#1"}
			}
		},
		{
			"name": "octagon",
			"from": [7.155, 9.53266, 2.8291],
			"to": [8.845, 12.73266, 4.15458],
			"rotation": {"angle": 45, "axis": "x", "origin": [8, 6.6245, 8]},
			"faces": {
				"north": {"uv": [8, 10.9, 8.7, 9.6], "texture": "#1"},
				"east": {"uv": [10, 10.9, 10.5, 9.6], "texture": "#1"},
				"south": {"uv": [7.2, 10.9, 7.9, 9.6], "texture": "#1"},
				"west": {"uv": [10.5, 10.9, 10, 9.6], "texture": "#1"},
				"up": {"uv": [12, 10.4, 12.5, 11.1], "rotation": 270, "texture": "#1"},
				"down": {"uv": [12, 10.3, 12.5, 9.6], "rotation": 90, "texture": "#1"}
			}
		},
		{
			"from": [7.635, 3.88089, 5.7],
			"to": [8.365, 10.83089, 10.3],
			"rotation": {"angle": 0, "axis": "y", "origin": [8, 6.6245, 8]},
			"faces": {
				"north": {"uv": [0, 12.8, 0.3, 10], "texture": "#1"},
				"east": {"uv": [6.4, 6.8, 8.2, 4], "texture": "#1"},
				"south": {"uv": [9.6, 10.8, 9.9, 8], "texture": "#1"},
				"west": {"uv": [6.4, 9.6, 8.2, 6.8], "texture": "#1"},
				"up": {"uv": [10.4, 1.6, 12.2, 1.9], "rotation": 270, "texture": "#1"},
				"down": {"uv": [10, 5.5, 11.8, 5.2], "rotation": 90, "texture": "#1"}
			}
		},
		{
			"from": [7.25, 6.53622, 17.33928],
			"to": [8.75, 8.03622, 18.83928],
			"rotation": {"angle": 45, "axis": "x", "origin": [8, 17.3755, 8]},
			"faces": {
				"north": {"uv": [11.6, 11.6, 12.2, 12.2], "texture": "#1"},
				"east": {"uv": [11.6, 8.8, 12.2, 9.4], "texture": "#1"},
				"south": {"uv": [10, 11.6, 10.6, 12.2], "texture": "#1"},
				"west": {"uv": [10.8, 11.6, 11.4, 12.2], "texture": "#1"},
				"up": {"uv": [1, 12.6, 0.4, 12], "rotation": 90, "texture": "#1"},
				"down": {"uv": [1.8, 12, 1.2, 12.6], "rotation": 270, "texture": "#1"}
			}
		},
		{
			"from": [6.9, 10.37763, 11.75314],
			"to": [9.1, 11.87763, 13.25314],
			"rotation": {"angle": -45, "axis": "x", "origin": [8, 6.6245, 8]},
			"faces": {
				"north": {"uv": [10.4, 7.9, 11.3, 7.2], "texture": "#1"},
				"east": {"uv": [1.2, 11.5, 1.9, 10.8], "texture": "#1"},
				"south": {"uv": [10.4, 7.1, 11.3, 6.4], "texture": "#1"},
				"west": {"uv": [11.2, 2.7, 11.9, 2], "texture": "#1"},
				"up": {"uv": [0.4, 10.8, 1.1, 11.7], "rotation": 270, "texture": "#1"},
				"down": {"uv": [8.8, 11.3, 9.5, 10.4], "rotation": 90, "texture": "#1"}
			}
		},
		{
			"from": [7.3, -3.9823, 4.1578],
			"to": [8.7, -2.2823, 5.8578],
			"rotation": {"angle": 45, "axis": "x", "origin": [8, -6.1245, 8]},
			"faces": {
				"north": {"uv": [3.6, 11.6, 4.2, 12.3], "texture": "#1"},
				"east": {"uv": [11.2, 2.8, 11.9, 3.5], "texture": "#1"},
				"south": {"uv": [2.4, 11.6, 3, 12.3], "texture": "#1"},
				"west": {"uv": [11.2, 3.6, 11.9, 4.3], "texture": "#1"},
				"up": {"uv": [12.3, 5, 11.6, 4.4], "rotation": 90, "texture": "#1"},
				"down": {"uv": [12.3, 6.4, 11.6, 7], "rotation": 270, "texture": "#1"}
			}
		},
		{
			"from": [7.55, 0.60136, 1.47686],
			"to": [8.45, 3.40136, 4.27686],
			"rotation": {"angle": -45, "axis": "x", "origin": [8, 7.1245, 8]},
			"faces": {
				"north": {"uv": [4.4, 11.1, 4.8, 10], "texture": "#1"},
				"east": {"uv": [3.6, 9.9, 4.7, 8.8], "texture": "#1"},
				"south": {"uv": [2.8, 11.1, 3.2, 10], "texture": "#1"},
				"west": {"uv": [8.8, 5.5, 9.9, 4.4], "texture": "#1"},
				"up": {"uv": [1.2, 11.6, 2.3, 12], "rotation": 270, "texture": "#1"},
				"down": {"uv": [11.2, 11.6, 12.3, 11.2], "rotation": 90, "texture": "#1"}
			}
		},
		{
			"from": [7.275, 1.19036, 2.06587],
			"to": [8.725, 2.39036, 3.26587],
			"rotation": {"angle": -45, "axis": "x", "origin": [8, 7.1245, 8]},
			"faces": {
				"north": {"uv": [0, 13.3, 0.6, 12.8], "texture": "#1"},
				"east": {"uv": [13.2, 11.7, 13.7, 11.2], "texture": "#1"},
				"south": {"uv": [12.4, 12.5, 13, 12], "texture": "#1"},
				"west": {"uv": [11.6, 13.7, 12.1, 13.2], "texture": "#1"},
				"up": {"uv": [4.4, 12.8, 4.9, 13.4], "rotation": 270, "texture": "#1"},
				"down": {"uv": [0.8, 13.4, 1.3, 12.8], "rotation": 90, "texture": "#1"}
			}
		},
		{
			"from": [7.3, 6.53499, 7.91049],
			"to": [8.7, 7.73499, 9.11049],
			"rotation": {"angle": -45, "axis": "x", "origin": [8, 6.6245, 8]},
			"faces": {
				"north": {"uv": [12.4, 13.3, 13, 12.8], "texture": "#1"},
				"east": {"uv": [13.6, 3.7, 14.1, 3.2], "texture": "#1"},
				"south": {"uv": [12.8, 10.5, 13.4, 10], "texture": "#1"},
				"west": {"uv": [13.6, 4.5, 14.1, 4], "texture": "#1"},
				"up": {"uv": [13.2, 0.8, 13.7, 1.4], "rotation": 270, "texture": "#1"},
				"down": {"uv": [13.2, 0.6, 13.7, 0], "rotation": 90, "texture": "#1"}
			}
		},
		{
			"from": [7.2, 3.98941, 5.36491],
			"to": [8.8, 5.18941, 6.56491],
			"rotation": {"angle": -45, "axis": "x", "origin": [8, 6.6245, 8]},
			"faces": {
				"north": {"uv": [13.2, 2.1, 13.8, 1.6], "texture": "#1"},
				"east": {"uv": [4.4, 14.1, 4.9, 13.6], "texture": "#1"},
				"south": {"uv": [1.6, 13.7, 2.2, 13.2], "texture": "#1"},
				"west": {"uv": [13.6, 5.3, 14.1, 4.8], "texture": "#1"},
				"up": {"uv": [13.2, 2.4, 13.7, 3], "rotation": 270, "texture": "#1"},
				"down": {"uv": [2.4, 13.8, 2.9, 13.2], "rotation": 90, "texture": "#1"}
			}
		},
		{
			"from": [7.2, 9.29773, 4.12676],
			"to": [8.8, 10.49773, 5.32676],
			"rotation": {"angle": 45, "axis": "x", "origin": [8, 6.6245, 8]},
			"faces": {
				"north": {"uv": [13.2, 1.6, 13.8, 2.1], "texture": "#1"},
				"east": {"uv": [4.4, 13.6, 4.9, 14.1], "texture": "#1"},
				"south": {"uv": [1.6, 13.2, 2.2, 13.7], "texture": "#1"},
				"west": {"uv": [13.6, 4.8, 14.1, 5.3], "texture": "#1"},
				"up": {"uv": [2.4, 13.2, 2.9, 13.8], "rotation": 270, "texture": "#1"},
				"down": {"uv": [13.2, 3, 13.7, 2.4], "rotation": 90, "texture": "#1"}
			}
		},
		{
			"from": [7.65, 9.67763, 11.05314],
			"to": [8.35, 12.57763, 13.95314],
			"rotation": {"angle": -45, "axis": "x", "origin": [8, 6.6245, 8]},
			"faces": {
				"north": {"uv": [12, 3.2, 12.3, 2], "texture": "#1"},
				"east": {"uv": [8.4, 3.2, 9.6, 2], "texture": "#1"},
				"south": {"uv": [2, 13.2, 2.3, 12], "texture": "#1"},
				"west": {"uv": [9.6, 3.2, 8.4, 2], "texture": "#1"},
				"up": {"uv": [12, 3.6, 13.2, 3.9], "rotation": 270, "texture": "#1"},
				"down": {"uv": [12, 3.5, 13.2, 3.2], "rotation": 90, "texture": "#1"}
			}
		},
		{
			"from": [7.4, 6.95423, 8.32973],
			"to": [8.6, 8.65423, 10.02973],
			"rotation": {"angle": -45, "axis": "x", "origin": [8, 6.6245, 8]},
			"faces": {
				"north": {"uv": [12.4, 1.5, 12.9, 0.8], "texture": "#1"},
				"east": {"uv": [4.4, 11.9, 5.1, 11.2], "texture": "#1"},
				"south": {"uv": [12.4, 0.7, 12.9, 0], "texture": "#1"},
				"west": {"uv": [5.2, 11.9, 5.9, 11.2], "texture": "#1"},
				"up": {"uv": [2.4, 12.4, 3.1, 12.9], "rotation": 270, "texture": "#1"},
				"down": {"uv": [12.4, 2.1, 13.1, 1.6], "rotation": 90, "texture": "#1"}
			}
		},
		{
			"from": [7.4, 5.62078, 7.30372],
			"to": [8.6, 7.32078, 9.00372],
			"rotation": {"angle": 45, "axis": "x", "origin": [8, 6.6245, 8]},
			"faces": {
				"north": {"uv": [3.6, 13.1, 4.1, 12.4], "texture": "#1"},
				"east": {"uv": [11.2, 6.3, 11.9, 5.6], "texture": "#1"},
				"south": {"uv": [12.4, 3.1, 12.9, 2.4], "texture": "#1"},
				"west": {"uv": [6, 11.9, 6.7, 11.2], "texture": "#1"},
				"up": {"uv": [12.4, 6, 13.1, 6.5], "rotation": 270, "texture": "#1"},
				"down": {"uv": [12.4, 4.5, 13.1, 4], "rotation": 90, "texture": "#1"}
			}
		},
		{
			"from": [8, -3.81911, 0.375],
			"to": [8, 14.08089, 15.625],
			"rotation": {"angle": 0, "axis": "y", "origin": [8, 11.6245, 12.75]},
			"faces": {
				"north": {"uv": [0, 0, 0, 14.4], "texture": "#5"},
				"east": {"uv": [0, 0, 12.2, 14.4], "texture": "#5"},
				"south": {"uv": [0, 0, 0, 14.4], "texture": "#5"},
				"west": {"uv": [0, 0, 12.2, 14.4], "texture": "#5"},
				"up": {"uv": [0, 12.2, 0, 0], "texture": "#5"},
				"down": {"uv": [0, 0, 0, 12.2], "texture": "#5"}
			}
		},
		{
			"from": [7.25, 9.23089, 4],
			"to": [8.75, 17.23089, 12],
			"rotation": {"angle": 0, "axis": "x", "origin": [8, 13.23089, 8]},
			"faces": {
				"north": {"uv": [0.25, 1.2, 1.25, 0.25], "rotation": 180, "texture": "#2"},
				"east": {"uv": [0, 16, 16, 0], "rotation": 180, "texture": "#2"},
				"south": {"uv": [0.25, 1.2, 1.25, 0.25], "rotation": 180, "texture": "#2"},
				"west": {"uv": [16, 16, 0, 0], "rotation": 180, "texture": "#2"},
				"up": {"uv": [0.25, 1.2, 1.25, 0.25], "texture": "#2"},
				"down": {"uv": [0.25, 1.2, 1.25, 0.25], "texture": "#2"}
			}
		},
		{
			"from": [7.5, -0.11911, 2.5],
			"to": [8.5, 6.88089, 9.5],
			"rotation": {"angle": -22.5, "axis": "x", "origin": [8, 3.38089, 6]},
			"faces": {
				"north": {"uv": [0.25, 1.2, 1.25, 0.25], "rotation": 180, "texture": "#3"},
				"east": {"uv": [0, 16, 16, 0], "rotation": 180, "texture": "#3"},
				"south": {"uv": [0.25, 1.2, 1.25, 0.25], "rotation": 180, "texture": "#3"},
				"west": {"uv": [16, 16, 0, 0], "rotation": 180, "texture": "#3"},
				"up": {"uv": [0.25, 1.2, 1.25, 0.25], "texture": "#3"},
				"down": {"uv": [0.25, 1.2, 1.25, 0.25], "texture": "#3"}
			}
		},
		{
			"from": [7.5, -0.11911, 6.5],
			"to": [8.5, 6.88089, 13.5],
			"rotation": {"angle": 22.5, "axis": "x", "origin": [8, 3.38089, 10]},
			"faces": {
				"north": {"uv": [1.25, 1.2, 0.25, 0.25], "rotation": 180, "texture": "#3"},
				"east": {"uv": [16, 16, 0, 0], "rotation": 180, "texture": "#3"},
				"south": {"uv": [1.25, 1.2, 0.25, 0.25], "rotation": 180, "texture": "#3"},
				"west": {"uv": [0, 16, 16, 0], "rotation": 180, "texture": "#3"},
				"up": {"uv": [0.25, 0.25, 1.25, 1.2], "texture": "#3"},
				"down": {"uv": [0.25, 0.25, 1.25, 1.2], "texture": "#3"}
			}
		},
		{
			"from": [8, 16.50225, 6.5279],
			"to": [8, 20.25225, 8.5779],
			"rotation": {"angle": 22.5, "axis": "x", "origin": [8, 6.6245, 7.75]},
			"faces": {
				"north": {"uv": [0, 3.7, 0, 0], "rotation": 180, "texture": "#1"},
				"east": {"uv": [4.1, 2.3, 3.2, 0.6], "rotation": 180, "texture": "#1"},
				"south": {"uv": [0, 3.7, 0, 0], "rotation": 180, "texture": "#1"},
				"west": {"uv": [3.2, 2.3, 4.1, 0.6], "rotation": 180, "texture": "#1"},
				"up": {"uv": [0, 0, 5.2, 0], "rotation": 90, "texture": "#1"},
				"down": {"uv": [0, 0, 5.2, 0], "rotation": 270, "texture": "#1"}
			}
		},
		{
			"from": [8, 11.07623, 14.90614],
			"to": [8, 13.12623, 18.65614],
			"rotation": {"angle": -22.5, "axis": "x", "origin": [8, 6.6245, 7.75]},
			"faces": {
				"north": {"uv": [0, 0, 5.2, 0], "rotation": 90, "texture": "#1"},
				"east": {"uv": [3.2, 0.6, 4.1, 2.3], "rotation": 270, "texture": "#1"},
				"south": {"uv": [0, 0, 5.2, 0], "rotation": 90, "texture": "#1"},
				"west": {"uv": [4.1, 0.6, 3.2, 2.3], "rotation": 90, "texture": "#1"},
				"up": {"uv": [0, 3.7, 0, 0], "texture": "#1"},
				"down": {"uv": [0, 3.7, 0, 0], "rotation": 180, "texture": "#1"}
			}
		},
		{
			"from": [8, 11.07623, -2.65614],
			"to": [8, 13.12623, 1.09386],
			"rotation": {"angle": 22.5, "axis": "x", "origin": [8, 6.6245, 8.25]},
			"faces": {
				"north": {"uv": [0, 0, 5.2, 0], "rotation": 90, "texture": "#1"},
				"east": {"uv": [3.2, 2.3, 4.1, 0.6], "rotation": 270, "texture": "#1"},
				"south": {"uv": [0, 0, 5.2, 0], "rotation": 90, "texture": "#1"},
				"west": {"uv": [4.1, 2.3, 3.2, 0.6], "rotation": 90, "texture": "#1"},
				"up": {"uv": [0, 0, 0, 3.7], "texture": "#1"},
				"down": {"uv": [0, 0, 0, 3.7], "rotation": 180, "texture": "#1"}
			}
		},
		{
			"from": [8, 16.50225, 7.4221],
			"to": [8, 20.25225, 9.4721],
			"rotation": {"angle": -22.5, "axis": "x", "origin": [8, 6.6245, 8.25]},
			"faces": {
				"north": {"uv": [0, 3.7, 0, 0], "rotation": 180, "texture": "#1"},
				"east": {"uv": [3.2, 2.3, 4.1, 0.6], "rotation": 180, "texture": "#1"},
				"south": {"uv": [0, 3.7, 0, 0], "rotation": 180, "texture": "#1"},
				"west": {"uv": [4.1, 2.3, 3.2, 0.6], "rotation": 180, "texture": "#1"},
				"up": {"uv": [5.2, 0, 0, 0], "rotation": 90, "texture": "#1"},
				"down": {"uv": [5.2, 0, 0, 0], "rotation": 270, "texture": "#1"}
			}
		},
		{
			"from": [7.9, -0.33089, 5.8],
			"to": [7.9, 4.41911, 10.2],
			"rotation": {"angle": 0, "axis": "y", "origin": [8, 17.3755, 8]},
			"faces": {
				"north": {"uv": [0, 0, 0, 1.9], "texture": "#1"},
				"east": {"uv": [8.4, 0, 10.2, 1.9], "texture": "#1"},
				"south": {"uv": [0, 0, 0, 1.9], "texture": "#1"},
				"west": {"uv": [8.4, 0, 10.2, 1.9], "texture": "#1"},
				"up": {"uv": [1.8, 0, 0, 0], "rotation": 90, "texture": "#1"},
				"down": {"uv": [1.8, 0, 0, 0], "rotation": 270, "texture": "#1"}
			}
		},
		{
			"from": [7.45, 5.70056, 18.52494],
			"to": [8.55, 6.85056, 19.67494],
			"rotation": {"angle": 45, "axis": "x", "origin": [8, 17.3755, 8]},
			"faces": {
				"north": {"uv": [14, 1.6, 14.4, 2.1], "texture": "#1"},
				"east": {"uv": [6.8, 13.6, 7.3, 14.1], "texture": "#1"},
				"south": {"uv": [1.6, 14, 2, 14.5], "texture": "#1"},
				"west": {"uv": [13.6, 6.8, 14.1, 7.3], "texture": "#1"},
				"up": {"uv": [2.5, 14.4, 2, 14], "rotation": 90, "texture": "#1"},
				"down": {"uv": [14.5, 2.4, 14, 2.8], "rotation": 270, "texture": "#1"}
			}
		},
		{
			"from": [7.5, 2.5749, 2.28256],
			"to": [8.5, 3.7249, 2.68256],
			"rotation": {"angle": -22.5, "axis": "x", "origin": [8, 17.3755, 8]},
			"faces": {
				"north": {"uv": [3.6, 14, 4, 14.5], "texture": "#1"},
				"east": {"uv": [0, 14.8, 0.2, 15.3], "texture": "#1"},
				"south": {"uv": [2.8, 14, 3.2, 14.5], "texture": "#1"},
				"west": {"uv": [0.4, 14.8, 0.6, 15.3], "texture": "#1"},
				"up": {"uv": [6.6, 15.2, 6.4, 14.8], "rotation": 90, "texture": "#1"},
				"down": {"uv": [7, 14.8, 6.8, 15.2], "rotation": 270, "texture": "#1"}
			}
		},
		{
			"from": [7.5, 2.5749, 13.31744],
			"to": [8.5, 3.7249, 13.71744],
			"rotation": {"angle": 22.5, "axis": "x", "origin": [8, 17.3755, 8]},
			"faces": {
				"north": {"uv": [14, 6, 14.4, 6.5], "texture": "#1"},
				"east": {"uv": [0.8, 14.8, 1, 15.3], "texture": "#1"},
				"south": {"uv": [4, 14, 4.4, 14.5], "texture": "#1"},
				"west": {"uv": [14.8, 0.8, 15, 1.3], "texture": "#1"},
				"up": {"uv": [7.4, 15.2, 7.2, 14.8], "rotation": 90, "texture": "#1"},
				"down": {"uv": [15, 7.6, 14.8, 8], "rotation": 270, "texture": "#1"}
			}
		}
	],
	"gui_light": "front",
	"display": {
		"thirdperson_righthand": {
			"rotation": [0, 180, 0],
			"translation": [2.75, -1, 2],
			"scale": [1.24, 1.24, 1.24]
		},
		"thirdperson_lefthand": {
			"rotation": [0, 180, 0],
			"translation": [2.75, -1, 2],
			"scale": [1.24, 1.24, 1.24]
		},
		"firstperson_righthand": {
			"rotation": [0, -90, 0],
			"translation": [3.25, -0.5, -2],
			"scale": [1.06445, 1.06445, 1.06445]
		},
		"firstperson_lefthand": {
			"rotation": [0, 90, 0],
			"translation": [3.25, -0.5, -2],
			"scale": [1.06445, 1.06445, 1.06445]
		},
		"ground": {
			"translation": [-0.75, 14.75, 1.5],
			"scale": [1.31016, 1.31016, 1.31016]
		},
		"gui": {
			"rotation": [-90, 90, 90],
			"translation": [0, 0.25, 0],
			"scale": [0.67, 0.67, 0.67]
		},
		"head": {
			"translation": [0, -4.5, 1],
			"scale": [0, 0, 0]
		},
		"fixed": {
			"rotation": [0, 90, 0],
			"translation": [0, 3.5, -2],
			"scale": [2.45891, 2.45891, 2.45891]
		}
	}
}