{
	"credit": "Made with Blockbench",
	"texture_size": [128, 128],
	"textures": {
		"0": "elitecreatures:bloody_emperor_animated_weapon_set/vampire_texture",
		"1": "elitecreatures:bloody_emperor_animated_weapon_set/vampire_animation_01",
		"2": "elitecreatures:bloody_emperor_animated_weapon_set/vampire_animation_02",
		"3": "elitecreatures:bloody_emperor_animated_weapon_set/vampire_animation_03",
		"particle": "elitecreatures:bloody_emperor_animated_weapon_set/vampire_texture"
	},
	"elements": [
		{
			"from": [-3, 9, 0.5],
			"to": [19, 16, 15.5],
			"rotation": {"angle": 0, "axis": "y", "origin": [0, 2, 0]},
			"faces": {
				"north": {"uv": [0, 13.1875, 2.75, 14.0625], "texture": "#0"},
				"east": {"uv": [1.875, 11.3125, 0, 12.1875], "texture": "#0"},
				"south": {"uv": [5.375, 15.125, 8.125, 16], "texture": "#0"},
				"west": {"uv": [0, 11.3125, 1.875, 12.1875], "texture": "#0"},
				"up": {"uv": [0, 14.125, 2.75, 16], "texture": "#0"},
				"down": {"uv": [0, 14.125, 2.75, 16], "texture": "#0"}
			}
		},
		{
			"from": [6, 27, 9.35],
			"to": [10, 29, 10.65],
			"rotation": {"angle": 0, "axis": "y", "origin": [8, 13.5, 9]},
			"faces": {
				"north": {"uv": [2.25, 0.25, 2.75, 0], "texture": "#0"},
				"east": {"uv": [2.25, 0.25, 2.4375, 0], "texture": "#0"},
				"south": {"uv": [2.25, 0.25, 2.75, 0], "texture": "#0"},
				"west": {"uv": [2.25, 0.25, 2.4375, 0], "texture": "#0"},
				"up": {"uv": [2.1875, 0.8125, 2.375, 0.3125], "rotation": 90, "texture": "#0"},
				"down": {"uv": [2.1875, 0.8125, 2.375, 0.3125], "rotation": 270, "texture": "#0"}
			}
		},
		{
			"from": [-5.20421, 20.58922, 8.75],
			"to": [-3.20421, 22.58922, 11.25],
			"rotation": {"angle": -45, "axis": "z", "origin": [8.6, 12.78501, 10]},
			"faces": {
				"north": {"uv": [2.375, 0.5, 2.625, 0.25], "texture": "#0"},
				"east": {"uv": [2.125, 1.0625, 2.4375, 0.8125], "texture": "#0"},
				"south": {"uv": [2.625, 0.5, 2.375, 0.25], "texture": "#0"},
				"west": {"uv": [2.375, 0.75, 2.6875, 0.5], "texture": "#0"},
				"up": {"uv": [2.4375, 0.8125, 2.125, 1.0625], "rotation": 90, "texture": "#0"},
				"down": {"uv": [2.6875, 0.5, 2.375, 0.75], "rotation": 270, "texture": "#0"}
			}
		},
		{
			"from": [19.80421, 23.78922, 8.75],
			"to": [22.30421, 26.28922, 11.25],
			"rotation": {"angle": 45, "axis": "z", "origin": [8, 11.98501, 10]},
			"faces": {
				"north": {"uv": [2.4375, 1.375, 2.125, 1.0625], "texture": "#0"},
				"east": {"uv": [2.75, 1.0625, 2.4375, 0.75], "texture": "#0"},
				"south": {"uv": [2.4375, 1.0625, 2.125, 1.375], "texture": "#0"},
				"west": {"uv": [2.75, 1.375, 2.4375, 1.0625], "texture": "#0"},
				"up": {"uv": [2.75, 1.0625, 2.4375, 0.75], "rotation": 90, "texture": "#0"},
				"down": {"uv": [2.75, 1.0625, 2.4375, 1.375], "rotation": 270, "texture": "#0"}
			}
		},
		{
			"from": [7, 26, 9.25],
			"to": [9, 29.7, 10.75],
			"rotation": {"angle": 0, "axis": "y", "origin": [8, 13.5, 9]},
			"faces": {
				"north": {"uv": [1.9375, 0.775, 2.1875, 0.3125], "texture": "#0"},
				"east": {"uv": [1.9375, 1.275, 2.125, 0.8125], "texture": "#0"},
				"south": {"uv": [1.9375, 0.775, 2.1875, 0.3125], "texture": "#0"},
				"west": {"uv": [1.9375, 1.275, 2.125, 0.8125], "texture": "#0"},
				"up": {"uv": [1.9375, 0.5625, 2.125, 0.3125], "rotation": 90, "texture": "#0"},
				"down": {"uv": [1.9375, 0.5625, 2.125, 0.3125], "rotation": 270, "texture": "#0"}
			}
		},
		{
			"from": [19.20421, 20.58922, 8.75],
			"to": [21.20421, 22.58922, 11.25],
			"rotation": {"angle": 45, "axis": "z", "origin": [7.4, 12.78501, 10]},
			"faces": {
				"north": {"uv": [2.625, 0.5, 2.375, 0.25], "texture": "#0"},
				"east": {"uv": [2.6875, 0.75, 2.375, 0.5], "texture": "#0"},
				"south": {"uv": [2.375, 0.5, 2.625, 0.25], "texture": "#0"},
				"west": {"uv": [2.4375, 1.0625, 2.125, 0.8125], "texture": "#0"},
				"up": {"uv": [2.4375, 1.0625, 2.125, 0.8125], "rotation": 90, "texture": "#0"},
				"down": {"uv": [2.6875, 0.75, 2.375, 0.5], "rotation": 270, "texture": "#0"}
			}
		},
		{
			"from": [2, 16, 6.5],
			"to": [14, 17.5, 13.5],
			"rotation": {"angle": 0, "axis": "y", "origin": [0, 16, 2]},
			"faces": {
				"north": {"uv": [0.875, 8.875, 2.375, 9.0625], "texture": "#0"},
				"east": {"uv": [6.25, 6.8125, 7.125, 7], "texture": "#0"},
				"south": {"uv": [0.875, 8.875, 2.375, 9.0625], "texture": "#0"},
				"west": {"uv": [6.25, 6.8125, 7.125, 7], "texture": "#0"},
				"up": {"uv": [2.375, 8.25, 3.875, 9.125], "texture": "#0"},
				"down": {"uv": [2.375, 8.25, 3.875, 9.125], "texture": "#0"}
			}
		},
		{
			"from": [6.5, 25, 8.5],
			"to": [9.5, 26, 11.5],
			"rotation": {"angle": 0, "axis": "y", "origin": [7, 22.5, 10]},
			"faces": {
				"north": {"uv": [3.625, 7.0625, 4, 7.1875], "texture": "#0"},
				"east": {"uv": [3.625, 7.0625, 4, 7.1875], "texture": "#0"},
				"south": {"uv": [3.625, 7.0625, 4, 7.1875], "texture": "#0"},
				"west": {"uv": [3.625, 7.0625, 4, 7.1875], "texture": "#0"},
				"up": {"uv": [3.625, 6.6875, 4, 7.0625], "rotation": 90, "texture": "#0"},
				"down": {"uv": [3.625, 6.6875, 4, 7.0625], "rotation": 90, "texture": "#0"}
			}
		},
		{
			"from": [3, 16, 7.5],
			"to": [13, 22, 12.5],
			"rotation": {"angle": 0, "axis": "y", "origin": [0, 10, 2]},
			"faces": {
				"north": {"uv": [2.75, 12.25, 4, 13], "texture": "#0"},
				"east": {"uv": [4, 12.25, 4.625, 13], "texture": "#0"},
				"south": {"uv": [2.75, 12.25, 4, 13], "texture": "#0"},
				"west": {"uv": [4, 12.25, 4.625, 13], "texture": "#0"},
				"up": {"uv": [2.375, 11.5625, 3.625, 12.1875], "texture": "#0"},
				"down": {"uv": [3.75, 11.9375, 5, 12.5625], "texture": "#0"}
			}
		},
		{
			"from": [6, 22, 7.5],
			"to": [10, 25, 12.5],
			"rotation": {"angle": 0, "axis": "y", "origin": [0, 10, 2]},
			"faces": {
				"north": {"uv": [3.25, 7.875, 3.75, 8.25], "texture": "#0"},
				"east": {"uv": [3.25, 7.5, 3.875, 7.875], "texture": "#0"},
				"south": {"uv": [3.25, 7.875, 3.75, 8.25], "texture": "#0"},
				"west": {"uv": [3.25, 7.5, 3.875, 7.875], "texture": "#0"},
				"up": {"uv": [1.875, 11.3125, 2.375, 11.9375], "texture": "#0"},
				"down": {"uv": [1.875, 11.3125, 2.375, 11.9375], "texture": "#0"}
			}
		},
		{
			"from": [3, 19, 7.6],
			"to": [7.2, 22, 12.4],
			"rotation": {"angle": 45, "axis": "z", "origin": [3, 22, 10]},
			"faces": {
				"north": {"uv": [6.8375, 7, 6.3125, 7.375], "texture": "#0"},
				"east": {"uv": [7.475, 7, 6.875, 7.375], "texture": "#0"},
				"south": {"uv": [6.8375, 7, 6.3125, 7.375], "texture": "#0"},
				"west": {"uv": [7.475, 7, 6.875, 7.375], "texture": "#0"},
				"up": {"uv": [6.275, 7.125, 5.75, 7.725], "texture": "#0"},
				"down": {"uv": [6.275, 7.125, 5.75, 7.725], "texture": "#0"}
			}
		},
		{
			"from": [8.8, 19, 7.6],
			"to": [13, 22, 12.4],
			"rotation": {"angle": -45, "axis": "z", "origin": [13, 22, 10]},
			"faces": {
				"north": {"uv": [6.3125, 7, 6.8375, 7.375], "texture": "#0"},
				"east": {"uv": [6.875, 7, 7.475, 7.375], "texture": "#0"},
				"south": {"uv": [6.3125, 7, 6.8375, 7.375], "texture": "#0"},
				"west": {"uv": [6.875, 7, 7.475, 7.375], "texture": "#0"},
				"up": {"uv": [5.75, 7.125, 6.275, 7.725], "texture": "#0"},
				"down": {"uv": [5.75, 7.125, 6.275, 7.725], "texture": "#0"}
			}
		},
		{
			"from": [3, 19, 7.6],
			"to": [7.2, 22, 12.4],
			"rotation": {"angle": 45, "axis": "z", "origin": [3, 22, 10]},
			"faces": {
				"north": {"uv": [6.8375, 7, 6.3125, 7.375], "texture": "#0"},
				"east": {"uv": [7.475, 7, 6.875, 7.375], "texture": "#0"},
				"south": {"uv": [6.8375, 7, 6.3125, 7.375], "texture": "#0"},
				"west": {"uv": [7.475, 7, 6.875, 7.375], "texture": "#0"},
				"up": {"uv": [6.275, 7.125, 5.75, 7.725], "texture": "#0"},
				"down": {"uv": [6.275, 7.125, 5.75, 7.725], "texture": "#0"}
			}
		},
		{
			"from": [6.9, 9, -2.35],
			"to": [9.5, 11.6, -2.35],
			"rotation": {"angle": -45, "axis": "z", "origin": [8, 10.5, 7.5]},
			"faces": {
				"north": {"uv": [0, 0, 5, 5], "texture": "#1"},
				"east": {"uv": [0, 0, 0, 5], "texture": "#1"},
				"south": {"uv": [5, 0, 0, 5], "texture": "#1"},
				"west": {"uv": [0, 0, 0, 5], "texture": "#1"},
				"up": {"uv": [0, 5, 0, 0], "rotation": 90, "texture": "#1"},
				"down": {"uv": [0, 0, 0, 5], "rotation": 270, "texture": "#1"}
			}
		},
		{
			"from": [7, 9, -2.25],
			"to": [9.5, 11.5, 3.25],
			"rotation": {"angle": -45, "axis": "z", "origin": [8, 10.5, 7.5]},
			"faces": {
				"north": {"uv": [3.9375, 0, 4.25, 0.3125], "rotation": 90, "texture": "#0"},
				"east": {"uv": [3.9375, 1, 4.25, 1.6875], "rotation": 90, "texture": "#0"},
				"south": {"uv": [3.9375, 0.3125, 4.25, 0], "rotation": 90, "texture": "#0"},
				"west": {"uv": [3.9375, 0.3125, 4.25, 1], "rotation": 90, "texture": "#0"},
				"up": {"uv": [4.25, 0.3125, 3.9375, 1], "rotation": 180, "texture": "#0"},
				"down": {"uv": [3.9375, 1, 4.25, 1.6875], "texture": "#0"}
			}
		},
		{
			"from": [7, 10.5, -2],
			"to": [8.5, 12, 3],
			"rotation": {"angle": -45, "axis": "z", "origin": [8, 11, 7.5]},
			"faces": {
				"north": {"uv": [2.9375, 1.875, 3.125, 2.0625], "rotation": 90, "texture": "#0"},
				"east": {"uv": [4.25, 0.625, 4.4375, 1.25], "rotation": 90, "texture": "#0"},
				"south": {"uv": [2.9375, 1.875, 3.125, 2.0625], "rotation": 90, "texture": "#0"},
				"west": {"uv": [4.25, 0, 4.4375, 0.625], "rotation": 90, "texture": "#0"},
				"up": {"uv": [4.4375, 0, 4.25, 0.625], "rotation": 180, "texture": "#0"},
				"down": {"uv": [4.25, 0.625, 4.4375, 1.25], "texture": "#0"}
			}
		},
		{
			"from": [6, 8, -1.5],
			"to": [11, 13, 2.5],
			"rotation": {"angle": -45, "axis": "z", "origin": [8, 11, 7.5]},
			"faces": {
				"north": {"uv": [0, 0, 0.625, 0.625], "rotation": 90, "texture": "#0"},
				"east": {"uv": [0, 1.125, 0.625, 1.625], "rotation": 90, "texture": "#0"},
				"south": {"uv": [0, 0.625, 0.625, 0], "rotation": 90, "texture": "#0"},
				"west": {"uv": [0.625, 0.625, 0, 1.125], "rotation": 90, "texture": "#0"},
				"up": {"uv": [0, 0.625, 0.625, 1.125], "rotation": 180, "texture": "#0"},
				"down": {"uv": [0, 1.125, 0.625, 1.625], "texture": "#0"}
			}
		},
		{
			"from": [1, 4, 2],
			"to": [15, 9, 2],
			"rotation": {"angle": 0, "axis": "y", "origin": [0, 1, 0]},
			"faces": {
				"north": {"uv": [0.125, 6.75, 1.875, 7.375], "texture": "#0"},
				"east": {"uv": [0, 8.6875, 0, 9.325], "texture": "#missing"},
				"south": {"uv": [0.125, 6.75, 1.875, 7.375], "texture": "#0"},
				"west": {"uv": [0, 8.6875, 0, 9.325], "texture": "#missing"},
				"up": {"uv": [6.25, 10.625, 4.5, 10.625], "texture": "#missing"},
				"down": {"uv": [6.25, 10.625, 4.5, 10.625], "texture": "#missing"}
			}
		},
		{
			"from": [-1.81802, 12, 11.18198],
			"to": [18.18198, 29, 11.18198],
			"rotation": {"angle": 0, "axis": "y", "origin": [8, 5.59619, 4.18198]},
			"faces": {
				"north": {"uv": [10.75, 2, 12.625, 0], "rotation": 270, "texture": "#0"},
				"east": {"uv": [0, 0, 0, 1.375], "rotation": 180, "texture": "#missing"},
				"south": {"uv": [10.75, 2, 12.625, 0], "rotation": 270, "texture": "#0"},
				"west": {"uv": [0, 0, 0, 1.375], "texture": "#missing"},
				"up": {"uv": [0, 0, 0, 1.6875], "rotation": 90, "texture": "#missing"},
				"down": {"uv": [0, 0, 0, 1.6875], "rotation": 90, "texture": "#missing"}
			}
		},
		{
			"from": [1, 4, 14],
			"to": [15, 9, 14],
			"rotation": {"angle": 0, "axis": "y", "origin": [0, 1, 16]},
			"faces": {
				"north": {"uv": [5.75, 7.125, 4, 7.75], "texture": "#0"},
				"east": {"uv": [0, 8.6875, 0, 9.325], "texture": "#missing"},
				"south": {"uv": [5.75, 7.125, 4, 7.75], "texture": "#0"},
				"west": {"uv": [0, 8.6875, 0, 9.325], "texture": "#missing"},
				"up": {"uv": [6.25, 10.625, 4.5, 10.625], "texture": "#missing"},
				"down": {"uv": [6.25, 10.625, 4.5, 10.625], "texture": "#missing"}
			}
		},
		{
			"from": [13.5, 4, 1],
			"to": [17, 10, 4],
			"rotation": {"angle": -22.5, "axis": "z", "origin": [15, 7, 2]},
			"faces": {
				"north": {"uv": [2.8125, 7.5, 2.375, 8.25], "texture": "#0"},
				"east": {"uv": [2.875, 7.5, 3.25, 8.25], "texture": "#0"},
				"south": {"uv": [2.375, 7.5, 2.8125, 8.25], "texture": "#0"},
				"west": {"uv": [2.875, 8.25, 3.25, 7.5], "texture": "#0"},
				"up": {"uv": [2.75, 7.5, 3.1875, 7.875], "texture": "#0"},
				"down": {"uv": [2.75, 7.5, 3.1875, 7.875], "texture": "#0"}
			}
		},
		{
			"from": [-1, 4, 1],
			"to": [2.5, 10, 4],
			"rotation": {"angle": 22.5, "axis": "z", "origin": [1, 7, 2]},
			"faces": {
				"north": {"uv": [2.375, 7.5, 2.8125, 8.25], "texture": "#0"},
				"east": {"uv": [3.25, 8.25, 2.875, 7.5], "texture": "#0"},
				"south": {"uv": [2.8125, 7.5, 2.375, 8.25], "texture": "#0"},
				"west": {"uv": [3.25, 7.5, 2.875, 8.25], "texture": "#0"},
				"up": {"uv": [3.1875, 7.5, 2.75, 7.875], "texture": "#0"},
				"down": {"uv": [3.1875, 7.5, 2.75, 7.875], "texture": "#0"}
			}
		},
		{
			"from": [-1, 4, 12],
			"to": [2.5, 10, 15],
			"rotation": {"angle": 22.5, "axis": "z", "origin": [1, 7, 14]},
			"faces": {
				"north": {"uv": [2.375, 7.5, 2.8125, 8.25], "texture": "#0"},
				"east": {"uv": [2.875, 8.25, 3.25, 7.5], "texture": "#0"},
				"south": {"uv": [2.8125, 7.5, 2.375, 8.25], "texture": "#0"},
				"west": {"uv": [2.875, 7.5, 3.25, 8.25], "texture": "#0"},
				"up": {"uv": [3.1875, 7.875, 2.75, 7.5], "texture": "#0"},
				"down": {"uv": [3.1875, 7.875, 2.75, 7.5], "texture": "#0"}
			}
		},
		{
			"from": [13.5, 4, 12],
			"to": [17, 10, 15],
			"rotation": {"angle": -22.5, "axis": "z", "origin": [15, 7, 14]},
			"faces": {
				"north": {"uv": [2.8125, 7.5, 2.375, 8.25], "texture": "#0"},
				"east": {"uv": [3.25, 7.5, 2.875, 8.25], "texture": "#0"},
				"south": {"uv": [2.375, 7.5, 2.8125, 8.25], "texture": "#0"},
				"west": {"uv": [3.25, 8.25, 2.875, 7.5], "texture": "#0"},
				"up": {"uv": [2.75, 7.875, 3.1875, 7.5], "texture": "#0"},
				"down": {"uv": [2.75, 7.875, 3.1875, 7.5], "texture": "#0"}
			}
		},
		{
			"from": [-1.5, 2, 0.5],
			"to": [17.5, 4.9, 15.5],
			"rotation": {"angle": 0, "axis": "y", "origin": [0, 1, 0]},
			"faces": {
				"north": {"uv": [0, 10.9375, 2.375, 11.3], "texture": "#0"},
				"east": {"uv": [2.75, 15.6375, 4.625, 16], "texture": "#0"},
				"south": {"uv": [0, 10.9375, 2.375, 11.3], "texture": "#0"},
				"west": {"uv": [2.75, 15.6375, 4.625, 16], "texture": "#0"},
				"up": {"uv": [2.4375, 10.9375, 0.0625, 9.0625], "texture": "#0"},
				"down": {"uv": [2.4375, 10.9375, 0.0625, 9.0625], "texture": "#0"}
			}
		},
		{
			"from": [-1.5, 22, 7],
			"to": [5.5, 28, 7],
			"rotation": {"angle": 22.5, "axis": "z", "origin": [-3, 21, 6.5]},
			"faces": {
				"north": {"uv": [0, 0, 14, 12], "texture": "#2"},
				"east": {"uv": [0, 0, 0, 8], "texture": "#2"},
				"south": {"uv": [0, 0, 14, 12], "texture": "#2"},
				"west": {"uv": [0, 0, 14, 10], "texture": "#2"},
				"up": {"uv": [0, 0, 0, 14], "rotation": 90, "texture": "#2"},
				"down": {"uv": [0, 14, 0, 0], "rotation": 270, "texture": "#2"}
			}
		},
		{
			"from": [13.5, 17, 6],
			"to": [20.5, 23, 6],
			"rotation": {"angle": -22.5, "axis": "z", "origin": [18, 21, 6.5]},
			"faces": {
				"north": {"uv": [0, 0, 14, 12], "texture": "#2"},
				"east": {"uv": [0, 0, 14, 10], "texture": "#2"},
				"south": {"uv": [0, 0, 14, 12], "texture": "#2"},
				"west": {"uv": [0, 0, 0, 8], "texture": "#2"},
				"up": {"uv": [0, 14, 0, 0], "rotation": 90, "texture": "#2"},
				"down": {"uv": [0, 0, 0, 14], "rotation": 270, "texture": "#2"}
			}
		},
		{
			"from": [-2.5, 0, -0.5],
			"to": [18.5, 1.9, 16.5],
			"rotation": {"angle": 0, "axis": "y", "origin": [0, 1, 0]},
			"faces": {
				"north": {"uv": [2.75, 13.25, 5.375, 13.4875], "texture": "#0"},
				"east": {"uv": [2.8125, 13, 4.9375, 13.2375], "texture": "#0"},
				"south": {"uv": [2.75, 13.25, 5.375, 13.4875], "texture": "#0"},
				"west": {"uv": [2.8125, 13, 4.9375, 13.2375], "texture": "#0"},
				"up": {"uv": [5.375, 15.625, 2.75, 13.5], "texture": "#0"},
				"down": {"uv": [5.375, 15.625, 2.75, 13.5], "texture": "#0"}
			}
		},
		{
			"from": [16, 5, 1],
			"to": [16, 10.1, 15],
			"rotation": {"angle": -22.5, "axis": "z", "origin": [15, 6.55, 8]},
			"faces": {
				"north": {"uv": [4.5, 5.625, 4.5, 6.2625], "texture": "#missing"},
				"east": {"uv": [6.25, 6.175, 8, 6.8125], "texture": "#0"},
				"south": {"uv": [4.5, 5.625, 4.5, 6.2625], "texture": "#missing"},
				"west": {"uv": [6.25, 6.175, 8, 6.8125], "texture": "#0"},
				"up": {"uv": [4.5, 8, 4.5, 6.25], "texture": "#missing"},
				"down": {"uv": [4.5, 8, 4.5, 6.25], "texture": "#missing"}
			}
		},
		{
			"from": [0, 5, 1],
			"to": [0, 10.1, 15],
			"rotation": {"angle": 22.5, "axis": "z", "origin": [1, 6.55, 8]},
			"faces": {
				"north": {"uv": [4.5, 5.625, 4.5, 6.2625], "texture": "#missing"},
				"east": {"uv": [8, 6.175, 6.25, 6.8125], "texture": "#0"},
				"south": {"uv": [4.5, 5.625, 4.5, 6.2625], "texture": "#missing"},
				"west": {"uv": [8, 6.175, 6.25, 6.8125], "texture": "#0"},
				"up": {"uv": [4.5, 8, 4.5, 6.25], "texture": "#missing"},
				"down": {"uv": [4.5, 8, 4.5, 6.25], "texture": "#missing"}
			}
		},
		{
			"from": [0.5, 8.05, 0.35],
			"to": [15.5, 11.05, 1.65],
			"rotation": {"angle": 0, "axis": "y", "origin": [8, 9.80876, 1]},
			"faces": {
				"north": {"uv": [0, 1.625, 1.875, 2], "texture": "#0"},
				"south": {"uv": [0, 1.625, 1.875, 2], "texture": "#0"},
				"up": {"uv": [0, 2, 0.1875, 3.875], "rotation": 90, "texture": "#0"},
				"down": {"uv": [0, 2, 0.1875, 3.875], "rotation": 270, "texture": "#0"}
			}
		},
		{
			"from": [1.59934, 2.04216, 0],
			"to": [5.09934, 5.54216, 2],
			"rotation": {"angle": -45, "axis": "z", "origin": [9, 9.80876, 1]},
			"faces": {
				"north": {"uv": [1, 1.1875, 1.4375, 1.625], "texture": "#0"},
				"east": {"uv": [1.6875, 1.1875, 1.9375, 1.625], "texture": "#0"},
				"south": {"uv": [1.4375, 1.1875, 1, 1.625], "texture": "#0"},
				"west": {"uv": [1.4375, 1.1875, 1.6875, 1.625], "texture": "#0"},
				"up": {"uv": [4.4375, 0, 4.6875, 0.4375], "rotation": 90, "texture": "#0"},
				"down": {"uv": [4.25, 1.25, 4.5, 1.6875], "rotation": 270, "texture": "#0"}
			}
		},
		{
			"from": [10.90066, 2.04216, 0],
			"to": [14.40066, 5.54216, 2],
			"rotation": {"angle": 45, "axis": "z", "origin": [7, 9.80876, 1]},
			"faces": {
				"north": {"uv": [1.4375, 1.1875, 1, 1.625], "texture": "#0"},
				"east": {"uv": [1.6875, 1.1875, 1.4375, 1.625], "texture": "#0"},
				"south": {"uv": [1, 1.1875, 1.4375, 1.625], "texture": "#0"},
				"west": {"uv": [1.9375, 1.1875, 1.6875, 1.625], "texture": "#0"},
				"up": {"uv": [4.4375, 0.4375, 4.6875, 0], "rotation": 90, "texture": "#0"},
				"down": {"uv": [4.25, 1.6875, 4.5, 1.25], "rotation": 270, "texture": "#0"}
			}
		},
		{
			"from": [9.77457, 8.75081, -0.5],
			"to": [12.77457, 10.75081, 2.5],
			"rotation": {"angle": -22.5, "axis": "z", "origin": [8, 9.80876, 1]},
			"faces": {
				"north": {"uv": [0.625, 0, 1, 0.25], "texture": "#0"},
				"east": {"uv": [0.625, 0.25, 1, 0.5], "texture": "#0"},
				"south": {"uv": [1, 0, 0.625, 0.25], "texture": "#0"},
				"west": {"uv": [0.625, 0.25, 1, 0.5], "texture": "#0"},
				"up": {"uv": [1, 0.875, 0.625, 0.5], "rotation": 90, "texture": "#0"},
				"down": {"uv": [1, 0.875, 0.625, 0.5], "rotation": 270, "texture": "#0"}
			}
		},
		{
			"from": [12.2357, 10.41967, 0.25],
			"to": [14.2357, 11.91967, 1.75],
			"rotation": {"angle": -45, "axis": "z", "origin": [8, 9.80876, 1]},
			"faces": {
				"north": {"uv": [0.625, 0.875, 0.875, 1.0625], "texture": "#0"},
				"east": {"uv": [0.8125, 1.0625, 1, 1.25], "texture": "#0"},
				"south": {"uv": [0.875, 0.875, 0.625, 1.0625], "texture": "#0"},
				"west": {"uv": [0.8125, 1.0625, 1, 1.25], "texture": "#0"},
				"up": {"uv": [0.8125, 1.0625, 0.625, 1.3125], "rotation": 90, "texture": "#0"},
				"down": {"uv": [0.8125, 1.3125, 0.625, 1.0625], "rotation": 270, "texture": "#0"}
			}
		},
		{
			"from": [3.22543, 8.75081, -0.5],
			"to": [6.22543, 10.75081, 2.5],
			"rotation": {"angle": 22.5, "axis": "z", "origin": [8, 9.80876, 1]},
			"faces": {
				"north": {"uv": [1, 0, 0.625, 0.25], "texture": "#0"},
				"east": {"uv": [1, 0.25, 0.625, 0.5], "texture": "#0"},
				"south": {"uv": [0.625, 0, 1, 0.25], "texture": "#0"},
				"west": {"uv": [1, 0.25, 0.625, 0.5], "texture": "#0"},
				"up": {"uv": [1, 0.5, 0.625, 0.875], "rotation": 90, "texture": "#0"},
				"down": {"uv": [1, 0.5, 0.625, 0.875], "rotation": 270, "texture": "#0"}
			}
		},
		{
			"from": [1.7643, 10.41967, 0.25],
			"to": [3.7643, 11.91967, 1.75],
			"rotation": {"angle": 45, "axis": "z", "origin": [8, 9.80876, 1]},
			"faces": {
				"north": {"uv": [0.875, 0.875, 0.625, 1.0625], "texture": "#0"},
				"east": {"uv": [1, 1.0625, 0.8125, 1.25], "texture": "#0"},
				"south": {"uv": [0.625, 0.875, 0.875, 1.0625], "texture": "#0"},
				"west": {"uv": [1, 1.0625, 0.8125, 1.25], "texture": "#0"},
				"up": {"uv": [0.8125, 1.3125, 0.625, 1.0625], "rotation": 90, "texture": "#0"},
				"down": {"uv": [0.8125, 1.0625, 0.625, 1.3125], "rotation": 270, "texture": "#0"}
			}
		},
		{
			"from": [0.28443, 9.19982, 0.25],
			"to": [3.28443, 11.19982, 1.75],
			"rotation": {"angle": -22.5, "axis": "z", "origin": [8, 9.80876, 1]},
			"faces": {
				"north": {"uv": [1.625, 0.4375, 1.375, 0.8125], "rotation": 90, "texture": "#0"},
				"east": {"uv": [1.25, 0.125, 1, 0.3125], "rotation": 90, "texture": "#0"},
				"south": {"uv": [1.625, 0.8125, 1.375, 0.4375], "rotation": 90, "texture": "#0"},
				"west": {"uv": [1.25, 0.125, 1, 0.3125], "rotation": 90, "texture": "#0"},
				"up": {"uv": [1, 1.4375, 0.625, 1.625], "rotation": 180, "texture": "#0"},
				"down": {"uv": [0.625, 1.625, 1, 1.4375], "texture": "#0"}
			}
		},
		{
			"from": [5.31731, 11.43094, -0.25],
			"to": [8.31731, 14.93094, 2.25],
			"rotation": {"angle": 45, "axis": "z", "origin": [8, 9.80876, 1]},
			"faces": {
				"north": {"uv": [1.375, 0.75, 1, 1.1875], "texture": "#0"},
				"east": {"uv": [1.3125, 0.3125, 1, 0.75], "texture": "#0"},
				"south": {"uv": [1, 0.75, 1.375, 1.1875], "texture": "#0"},
				"west": {"uv": [4.75, 0.875, 4.4375, 0.4375], "texture": "#0"},
				"up": {"uv": [1.6875, 0.8125, 1.375, 1.1875], "rotation": 90, "texture": "#0"},
				"down": {"uv": [1.6875, 0.8125, 1.375, 1.1875], "rotation": 270, "texture": "#0"}
			}
		},
		{
			"from": [7.68269, 11.43094, -0.25],
			"to": [10.68269, 14.93094, 2.25],
			"rotation": {"angle": -45, "axis": "z", "origin": [8, 9.80876, 1]},
			"faces": {
				"north": {"uv": [1, 0.75, 1.375, 1.1875], "texture": "#0"},
				"east": {"uv": [4.4375, 0.875, 4.75, 0.4375], "texture": "#0"},
				"south": {"uv": [1.375, 0.75, 1, 1.1875], "texture": "#0"},
				"west": {"uv": [1, 0.3125, 1.3125, 0.75], "texture": "#0"},
				"up": {"uv": [1.6875, 1.1875, 1.375, 0.8125], "rotation": 90, "texture": "#0"},
				"down": {"uv": [1.6875, 1.1875, 1.375, 0.8125], "rotation": 270, "texture": "#0"}
			}
		},
		{
			"from": [12.71557, 9.19982, 0.25],
			"to": [15.71557, 11.19982, 1.75],
			"rotation": {"angle": 22.5, "axis": "z", "origin": [8, 9.80876, 1]},
			"faces": {
				"north": {"uv": [1.625, 0.8125, 1.375, 0.4375], "rotation": 90, "texture": "#0"},
				"east": {"uv": [1.25, 0.3125, 1, 0.125], "rotation": 90, "texture": "#0"},
				"south": {"uv": [1.625, 0.4375, 1.375, 0.8125], "rotation": 90, "texture": "#0"},
				"west": {"uv": [1.25, 0.3125, 1, 0.125], "rotation": 90, "texture": "#0"},
				"up": {"uv": [0.625, 1.4375, 1, 1.625], "rotation": 180, "texture": "#0"},
				"down": {"uv": [1, 1.625, 0.625, 1.4375], "texture": "#0"}
			}
		},
		{
			"from": [9.5, 9, -3],
			"to": [18.5, 22, -3],
			"rotation": {"angle": 22.5, "axis": "y", "origin": [13, 15.5, -2]},
			"faces": {
				"north": {"uv": [9, 0, 0, 13], "texture": "#3"},
				"east": {"uv": [0, 0, 0, 13], "texture": "#3"},
				"south": {"uv": [0, 0, 9, 13], "texture": "#3"},
				"west": {"uv": [0, 0, 0, 13], "texture": "#3"},
				"up": {"uv": [0, 0, 0, 8], "rotation": 90, "texture": "#3"},
				"down": {"uv": [0, 8, 0, 0], "rotation": 270, "texture": "#3"}
			}
		},
		{
			"from": [-2.5, 9, -3],
			"to": [6.5, 22, -3],
			"rotation": {"angle": -22.5, "axis": "y", "origin": [3, 15.5, -2]},
			"faces": {
				"north": {"uv": [0, 0, 9, 13], "texture": "#3"},
				"east": {"uv": [0, 0, 0, 13], "texture": "#3"},
				"south": {"uv": [9, 0, 0, 13], "texture": "#3"},
				"west": {"uv": [0, 0, 0, 13], "texture": "#3"},
				"up": {"uv": [0, 8, 0, 0], "rotation": 90, "texture": "#3"},
				"down": {"uv": [0, 0, 0, 8], "rotation": 270, "texture": "#3"}
			}
		},
		{
			"from": [19.1, 6, 0],
			"to": [19.1, 21, 16],
			"rotation": {"angle": 0, "axis": "y", "origin": [8, 5.59619, 4.18198]},
			"faces": {
				"north": {"uv": [0, 0, 0, 1.375], "rotation": 180, "texture": "#missing"},
				"east": {"uv": [10.75, 2, 12.625, 0], "rotation": 270, "texture": "#0"},
				"south": {"uv": [0, 0, 0, 1.375], "texture": "#missing"},
				"west": {"uv": [10.75, 2, 12.625, 0], "rotation": 270, "texture": "#0"},
				"up": {"uv": [0, 0, 0, 1.6875], "texture": "#missing"},
				"down": {"uv": [0, 0, 0, 1.6875], "rotation": 180, "texture": "#missing"}
			}
		},
		{
			"from": [-3.1, 6, 0],
			"to": [-3.1, 21, 16],
			"rotation": {"angle": 0, "axis": "y", "origin": [8, 5.59619, 4.18198]},
			"faces": {
				"north": {"uv": [0, 0, 0, 1.375], "rotation": 180, "texture": "#missing"},
				"east": {"uv": [10.75, 0, 12.625, 2], "rotation": 270, "texture": "#0"},
				"south": {"uv": [0, 0, 0, 1.375], "texture": "#missing"},
				"west": {"uv": [10.75, 0, 12.625, 2], "rotation": 270, "texture": "#0"},
				"up": {"uv": [0, 0, 0, 1.6875], "texture": "#missing"},
				"down": {"uv": [0, 0, 0, 1.6875], "rotation": 180, "texture": "#missing"}
			}
		}
	],
	"gui_light": "front",
	"display": {
		"thirdperson_righthand": {
			"rotation": [67.5, 0, 0],
			"translation": [0, 1.75, -0.25],
			"scale": [0.2418, 0.2418, 0.2418]
		},
		"thirdperson_lefthand": {
			"rotation": [67.5, 0, 0],
			"translation": [0, 1.75, -0.25],
			"scale": [0.2418, 0.2418, 0.2418]
		},
		"firstperson_righthand": {
			"translation": [0.75, 3.5, 0.5],
			"scale": [0.27109, 0.27109, 0.27109]
		},
		"firstperson_lefthand": {
			"translation": [0.75, 3.5, 0.5],
			"scale": [0.27109, 0.27109, 0.27109]
		},
		"ground": {
			"translation": [0, 6, 0],
			"scale": [0.45, 0.45, 0.45]
		},
		"gui": {
			"rotation": [30, 135, 0],
			"translation": [0, -1.75, -1.5],
			"scale": [0.42383, 0.42383, 0.42383]
		},
		"head": {
			"rotation": [0, 180, 0],
			"translation": [0, -30.4, 0],
			"scale": [1.6, 1.6, 1.6]
		},
		"fixed": {
			"rotation": [-90, 0, 0],
			"translation": [0, 0, -16],
			"scale": [2, 2, 2]
		}
	}
}