{
	"credit": "Made with Blockbench",
	"textures": {
		"0": "elitecreatures/azgad_weapon/azgadtex7",
		"1": "elitecreatures/azgad_weapon/azgadtex8",
		"2": "elitecreatures/azgad_weapon/azgadtex6",
		"3": "elitecreatures/azgad_weapon/azgadtex1",
		"4": "elitecreatures/azgad_weapon/azgadtex2",
		"5": "elitecreatures/azgad_weapon/azgadtex3",
		"7": "elitecreatures/azgad_weapon/azgadtex4",
		"8": "elitecreatures/azgad_weapon/flare",
		"particle": "elitecreatures/azgad_weapon/azgadtex7"
	},
	"elements": [
		{
			"from": [10, -2, 0],
			"to": [10, 0, 8],
			"rotation": {"angle": 0, "axis": "y", "origin": [8, -3.27733, 4.53785]},
			"faces": {
				"north": {"uv": [0, 0, 0, 1], "texture": "#1"},
				"east": {"uv": [13.5, 13, 14.5, 9], "rotation": 90, "texture": "#1"},
				"south": {"uv": [0, 0, 0, 1], "texture": "#1"},
				"west": {"uv": [13.5, 9, 14.5, 13], "rotation": 90, "texture": "#1"},
				"up": {"uv": [0, 0, 0, 4], "texture": "#1"},
				"down": {"uv": [0, 0, 0, 4], "texture": "#1"}
			}
		},
		{
			"from": [6, -2, 0],
			"to": [6, 0, 8],
			"rotation": {"angle": 0, "axis": "y", "origin": [8, -3.27733, 4.53785]},
			"faces": {
				"north": {"uv": [0, 0, 0, 1], "texture": "#1"},
				"east": {"uv": [13.5, 13, 14.5, 9], "rotation": 90, "texture": "#1"},
				"south": {"uv": [0, 0, 0, 1], "texture": "#1"},
				"west": {"uv": [13.5, 9, 14.5, 13], "rotation": 90, "texture": "#1"},
				"up": {"uv": [0, 0, 0, 4], "texture": "#1"},
				"down": {"uv": [0, 0, 0, 4], "texture": "#1"}
			}
		},
		{
			"from": [5.8724, -12, 6.40689],
			"to": [5.8724, -1, 18.40689],
			"rotation": {"angle": -22.5, "axis": "y", "origin": [8, -3.27733, 4.53785]},
			"faces": {
				"north": {"uv": [10, 15.5, 10, 10], "texture": "#3"},
				"east": {"uv": [16, 16, 10, 10.5], "texture": "#3"},
				"south": {"uv": [10, 15.5, 10, 10], "texture": "#3"},
				"west": {"uv": [10, 16, 16, 10.5], "texture": "#3"},
				"up": {"uv": [10, 16, 10, 10], "texture": "#3"},
				"down": {"uv": [10, 16, 10, 10], "texture": "#3"}
			}
		},
		{
			"from": [10.1276, -12, 6.40689],
			"to": [10.1276, -1, 18.40689],
			"rotation": {"angle": 22.5, "axis": "y", "origin": [8, -3.27733, 4.53785]},
			"faces": {
				"north": {"uv": [10, 15.5, 10, 10], "texture": "#3"},
				"east": {"uv": [16, 16, 10, 10.5], "texture": "#3"},
				"south": {"uv": [10, 15.5, 10, 10], "texture": "#3"},
				"west": {"uv": [10, 16, 16, 10.5], "texture": "#3"},
				"up": {"uv": [10, 16, 10, 10], "texture": "#3"},
				"down": {"uv": [10, 16, 10, 10], "texture": "#3"}
			}
		},
		{
			"from": [4.63985, -6.1, 1.26511],
			"to": [9.63985, -3, 7.26511],
			"rotation": {"angle": -22.5, "axis": "y", "origin": [8, -3.27733, 4.53785]},
			"faces": {
				"north": {"uv": [13.5, 9, 16, 7.5], "texture": "#1"},
				"east": {"uv": [13, 7.5, 16, 6], "texture": "#1"},
				"south": {"uv": [13.5, 9, 16, 7.5], "texture": "#1"},
				"west": {"uv": [13, 7.5, 16, 6], "texture": "#1"},
				"up": {"uv": [13.5, 5.5, 16, 3], "texture": "#1"},
				"down": {"uv": [13.5, 5.5, 16, 3], "texture": "#1"}
			}
		},
		{
			"from": [5.8, -6.2, -1],
			"to": [10.4, -3, 1],
			"rotation": {"angle": 0, "axis": "y", "origin": [8, -3.27733, 4.53785]},
			"faces": {
				"north": {"uv": [11.25, 4.5, 13.5, 3], "texture": "#1"},
				"east": {"uv": [12.5, 6, 13.5, 4.5], "texture": "#1"},
				"south": {"uv": [11.25, 4.5, 13.5, 3], "texture": "#1"},
				"west": {"uv": [12.5, 6, 13.5, 4.5], "texture": "#1"},
				"up": {"uv": [10.25, 6.5, 12.5, 5.5], "texture": "#1"},
				"down": {"uv": [10.25, 6.5, 12.5, 5.5], "texture": "#1"}
			}
		},
		{
			"from": [2.5, -7, 5],
			"to": [13.7, -3, 8],
			"rotation": {"angle": 0, "axis": "y", "origin": [8, -3.27733, 4.53785]},
			"faces": {
				"north": {"uv": [0, 12.5, 5, 10.5], "texture": "#0"},
				"east": {"uv": [5, 12.5, 6.5, 10.5], "texture": "#0"},
				"south": {"uv": [0, 11.5, 5, 9.5], "texture": "#1"},
				"west": {"uv": [5, 12.5, 6.5, 10.5], "texture": "#0"},
				"up": {"uv": [10.5, 6.5, 15.5, 5], "texture": "#0"},
				"down": {"uv": [10.5, 6.5, 15.5, 5], "texture": "#0"}
			}
		},
		{
			"from": [6, -7.20962, 2.01093],
			"to": [10, -4.20962, 7.01093],
			"rotation": {"angle": 22.5, "axis": "x", "origin": [8, -3.27733, 4.53785]},
			"faces": {
				"north": {"uv": [8, 3, 10, 1.5], "texture": "#1"},
				"east": {"uv": [7.5, 1.5, 10, 0], "texture": "#1"},
				"south": {"uv": [8, 3, 10, 1.5], "texture": "#1"},
				"west": {"uv": [7.5, 1.5, 10, 0], "texture": "#1"},
				"up": {"uv": [10, 2.5, 12, 0], "texture": "#1"},
				"down": {"uv": [10, 2.5, 12, 0], "texture": "#1"}
			}
		},
		{
			"from": [6.47478, -9.95991, 6],
			"to": [9.47478, -6.95991, 9],
			"rotation": {"angle": 45, "axis": "z", "origin": [8, -3.27733, 4.53785]},
			"faces": {
				"north": {"uv": [12, 3, 13.5, 1.5], "texture": "#0"},
				"east": {"uv": [12, 1.5, 13.5, 0], "texture": "#0"},
				"south": {"uv": [12, 4.5, 13.5, 3], "texture": "#0"},
				"west": {"uv": [12, 1.5, 13.5, 0], "texture": "#0"},
				"up": {"uv": [12, 1.5, 13.5, 0], "texture": "#0"},
				"down": {"uv": [12, 1.5, 13.5, 0], "texture": "#0"}
			}
		},
		{
			"from": [6.59894, -6, 1.19195],
			"to": [11.59894, -3, 7.19195],
			"rotation": {"angle": 22.5, "axis": "y", "origin": [8, -3.27733, 4.53785]},
			"faces": {
				"north": {"uv": [16, 7.5, 13.5, 9], "texture": "#1"},
				"east": {"uv": [16, 7.5, 13, 6], "texture": "#1"},
				"south": {"uv": [13.5, 9, 16, 7.5], "texture": "#1"},
				"west": {"uv": [16, 7.5, 13, 6], "texture": "#1"},
				"up": {"uv": [16, 6, 13.5, 3], "texture": "#1"},
				"down": {"uv": [16, 6, 13.5, 3], "texture": "#1"}
			}
		},
		{
			"from": [1.64907, -12.13769, 6.7],
			"to": [3.64907, -10.13769, 8.2],
			"rotation": {"angle": -22.5, "axis": "z", "origin": [8, -3.27733, 4.53785]},
			"faces": {
				"north": {"uv": [7.5, 9.5, 6.5, 8.5], "rotation": 270, "texture": "#2"},
				"east": {"uv": [5.5, 9.25, 6.5, 8.5], "rotation": 270, "texture": "#2"},
				"south": {"uv": [6.5, 9.5, 7.5, 8.5], "rotation": 90, "texture": "#2"},
				"west": {"uv": [5.5, 9.25, 6.5, 8.5], "rotation": 270, "texture": "#2"},
				"up": {"uv": [7.25, 7.5, 8, 6.5], "rotation": 90, "texture": "#2"},
				"down": {"uv": [7.25, 7.5, 8, 6.5], "rotation": 90, "texture": "#2"}
			}
		},
		{
			"from": [0.57077, -9.77077, 6.5],
			"to": [5.57077, -7.77077, 8.4],
			"rotation": {"angle": 0, "axis": "y", "origin": [8, -3.27733, 4.53785]},
			"faces": {
				"north": {"uv": [2, 11, 1, 8.5], "rotation": 270, "texture": "#2"},
				"east": {"uv": [6, 7.45, 7, 6.5], "rotation": 270, "texture": "#2"},
				"south": {"uv": [1, 11, 2, 8.5], "rotation": 90, "texture": "#2"},
				"west": {"uv": [6, 7.45, 7, 6.5], "rotation": 270, "texture": "#2"},
				"up": {"uv": [0, 11, 0.95, 8.5], "rotation": 90, "texture": "#2"},
				"down": {"uv": [0, 11, 0.95, 8.5], "rotation": 90, "texture": "#2"}
			}
		},
		{
			"from": [8.89185, -9.60585, 6.4],
			"to": [10.89185, -7.60585, 8.5],
			"rotation": {"angle": -45, "axis": "z", "origin": [8, -3.27733, 4.53785]},
			"faces": {
				"north": {"uv": [5.25, 9.5, 4.25, 8.5], "rotation": 180, "texture": "#2"},
				"east": {"uv": [3.25, 8.5, 2.2, 9.5], "rotation": 180, "texture": "#2"},
				"south": {"uv": [5.25, 8.5, 4.25, 9.5], "texture": "#2"},
				"west": {"uv": [3.25, 8.5, 2.2, 9.5], "rotation": 180, "texture": "#2"},
				"up": {"uv": [4.25, 8.5, 3.25, 9.5], "texture": "#2"},
				"down": {"uv": [4.25, 8.5, 3.25, 9.5], "texture": "#2"}
			}
		},
		{
			"from": [7.04907, -8.43769, 6.3],
			"to": [9.04907, -6.43769, 8.6],
			"rotation": {"angle": -22.5, "axis": "z", "origin": [8, -3.27733, 4.53785]},
			"faces": {
				"north": {"uv": [4.75, 9.5, 5.75, 10.5], "rotation": 180, "texture": "#2"},
				"east": {"uv": [3.5, 9.5, 2.25, 10.5], "rotation": 180, "texture": "#2"},
				"south": {"uv": [4.75, 9.5, 5.75, 10.5], "rotation": 180, "texture": "#2"},
				"west": {"uv": [3.5, 9.5, 2.25, 10.5], "rotation": 180, "texture": "#2"},
				"up": {"uv": [3.5, 10.5, 4.75, 9.5], "rotation": 270, "texture": "#2"},
				"down": {"uv": [3.5, 10.5, 4.75, 9.5], "rotation": 270, "texture": "#2"}
			}
		},
		{
			"from": [-3.3156, -5.44545, 7.1],
			"to": [-1.3156, -3.64545, 7.9],
			"rotation": {"angle": 22.5, "axis": "z", "origin": [8, -3.27733, 4.53785]},
			"faces": {
				"north": {"uv": [8.9, 7.5, 8, 6.5], "rotation": 270, "texture": "#2"},
				"east": {"uv": [7, 6.5, 8, 6], "rotation": 270, "texture": "#2"},
				"south": {"uv": [8, 7.5, 8.9, 6.5], "rotation": 90, "texture": "#2"},
				"west": {"uv": [7, 6.5, 8, 6], "rotation": 270, "texture": "#2"},
				"up": {"uv": [7, 6, 6, 6.5], "rotation": 180, "texture": "#2"},
				"down": {"uv": [7, 6, 6, 6.5], "rotation": 180, "texture": "#2"}
			}
		},
		{
			"from": [4.05632, -15.34138, 7.2],
			"to": [5.65632, -13.84138, 7.8],
			"rotation": {"angle": -45, "axis": "z", "origin": [8, -3.27733, 4.53785]},
			"faces": {
				"north": {"uv": [8.75, 6.5, 8, 5.75], "texture": "#2"},
				"east": {"uv": [9, 5.75, 8.75, 6.5], "rotation": 180, "texture": "#2"},
				"south": {"uv": [8.75, 5.75, 8, 6.5], "rotation": 180, "texture": "#2"},
				"west": {"uv": [9, 5.75, 8.75, 6.5], "rotation": 180, "texture": "#2"},
				"up": {"uv": [8.75, 5.5, 8, 5.75], "texture": "#2"},
				"down": {"uv": [8.75, 5.5, 8, 5.75], "texture": "#2"}
			}
		},
		{
			"from": [12.35093, -12.13769, 6.7],
			"to": [14.35093, -10.13769, 8.2],
			"rotation": {"angle": 22.5, "axis": "z", "origin": [8, -3.27733, 4.53785]},
			"faces": {
				"north": {"uv": [7.5, 8.5, 6.5, 9.5], "rotation": 270, "texture": "#2"},
				"east": {"uv": [5.5, 8.5, 6.5, 9.25], "rotation": 270, "texture": "#2"},
				"south": {"uv": [6.5, 8.5, 7.5, 9.5], "rotation": 90, "texture": "#2"},
				"west": {"uv": [5.5, 8.5, 6.5, 9.25], "rotation": 270, "texture": "#2"},
				"up": {"uv": [7.25, 6.5, 8, 7.5], "rotation": 90, "texture": "#2"},
				"down": {"uv": [7.25, 6.5, 8, 7.5], "rotation": 90, "texture": "#2"}
			}
		},
		{
			"from": [10.42923, -9.77077, 6.5],
			"to": [15.42923, -7.77077, 8.4],
			"rotation": {"angle": 0, "axis": "y", "origin": [8, -3.27733, 4.53785]},
			"faces": {
				"north": {"uv": [2, 8.5, 1, 11], "rotation": 270, "texture": "#2"},
				"east": {"uv": [6, 6.5, 7, 7.45], "rotation": 270, "texture": "#2"},
				"south": {"uv": [1, 8.5, 2, 11], "rotation": 90, "texture": "#2"},
				"west": {"uv": [6, 6.5, 7, 7.45], "rotation": 270, "texture": "#2"},
				"up": {"uv": [0, 8.5, 0.95, 11], "rotation": 90, "texture": "#2"},
				"down": {"uv": [0, 8.5, 0.95, 11], "rotation": 90, "texture": "#2"}
			}
		},
		{
			"from": [5.10815, -9.60585, 6.4],
			"to": [7.10815, -7.60585, 8.5],
			"rotation": {"angle": 45, "axis": "z", "origin": [8, -3.27733, 4.53785]},
			"faces": {
				"north": {"uv": [4.25, 9.5, 5.25, 8.5], "rotation": 180, "texture": "#2"},
				"east": {"uv": [2.2, 8.5, 3.25, 9.5], "rotation": 180, "texture": "#2"},
				"south": {"uv": [4.25, 8.5, 5.25, 9.5], "texture": "#2"},
				"west": {"uv": [2.2, 8.5, 3.25, 9.5], "rotation": 180, "texture": "#2"},
				"up": {"uv": [3.25, 8.5, 4.25, 9.5], "texture": "#2"},
				"down": {"uv": [3.25, 8.5, 4.25, 9.5], "texture": "#2"}
			}
		},
		{
			"from": [6.95093, -8.43769, 6.3],
			"to": [8.95093, -6.43769, 8.6],
			"rotation": {"angle": 22.5, "axis": "z", "origin": [8, -3.27733, 4.53785]},
			"faces": {
				"north": {"uv": [5.75, 9.5, 4.75, 10.5], "rotation": 180, "texture": "#2"},
				"east": {"uv": [2.25, 9.5, 3.5, 10.5], "rotation": 180, "texture": "#2"},
				"south": {"uv": [5.75, 9.5, 4.75, 10.5], "rotation": 180, "texture": "#2"},
				"west": {"uv": [2.25, 9.5, 3.5, 10.5], "rotation": 180, "texture": "#2"},
				"up": {"uv": [3.5, 9.5, 4.75, 10.5], "rotation": 270, "texture": "#2"},
				"down": {"uv": [3.5, 9.5, 4.75, 10.5], "rotation": 270, "texture": "#2"}
			}
		},
		{
			"from": [17.3156, -5.44545, 7.1],
			"to": [19.3156, -3.64545, 7.9],
			"rotation": {"angle": -22.5, "axis": "z", "origin": [8, -3.27733, 4.53785]},
			"faces": {
				"north": {"uv": [8.9, 6.5, 8, 7.5], "rotation": 270, "texture": "#2"},
				"east": {"uv": [7, 6, 8, 6.5], "rotation": 270, "texture": "#2"},
				"south": {"uv": [8, 6.5, 8.9, 7.5], "rotation": 90, "texture": "#2"},
				"west": {"uv": [7, 6, 8, 6.5], "rotation": 270, "texture": "#2"},
				"up": {"uv": [6, 6, 7, 6.5], "rotation": 180, "texture": "#2"},
				"down": {"uv": [6, 6, 7, 6.5], "rotation": 180, "texture": "#2"}
			}
		},
		{
			"from": [10.34368, -15.34138, 7.2],
			"to": [11.94368, -13.84138, 7.8],
			"rotation": {"angle": 45, "axis": "z", "origin": [8, -3.27733, 4.53785]},
			"faces": {
				"north": {"uv": [8, 6.5, 8.75, 5.75], "texture": "#2"},
				"east": {"uv": [8.75, 5.75, 9, 6.5], "rotation": 180, "texture": "#2"},
				"south": {"uv": [8, 5.75, 8.75, 6.5], "rotation": 180, "texture": "#2"},
				"west": {"uv": [8.75, 5.75, 9, 6.5], "rotation": 180, "texture": "#2"},
				"up": {"uv": [8, 5.5, 8.75, 5.75], "texture": "#2"},
				"down": {"uv": [8, 5.5, 8.75, 5.75], "texture": "#2"}
			}
		},
		{
			"from": [6.59629, -9.88884, 6],
			"to": [9.59629, -6.88884, 9],
			"rotation": {"angle": -45, "axis": "z", "origin": [8, -3.27733, 4.53785]},
			"faces": {
				"north": {"uv": [13.5, 3, 12, 1.5], "texture": "#0"},
				"east": {"uv": [13.5, 1.5, 12, 0], "texture": "#0"},
				"south": {"uv": [13.5, 4.5, 12, 3], "texture": "#0"},
				"west": {"uv": [13.5, 1.5, 12, 0], "texture": "#0"},
				"up": {"uv": [13.5, 1.5, 12, 0], "texture": "#0"},
				"down": {"uv": [13.5, 1.5, 12, 0], "texture": "#0"}
			}
		},
		{
			"from": [0.18994, -2.9498, -1.78401],
			"to": [2.90994, -1.5898, 3.65599],
			"rotation": {"angle": 0, "axis": "y", "origin": [8, -3.27733, 4.53785]},
			"faces": {
				"north": {"uv": [7.75, 10.75, 6, 10], "rotation": 180, "texture": "#3"},
				"east": {"uv": [8.5, 0.75, 5, 0], "rotation": 180, "texture": "#3"},
				"south": {"uv": [7.75, 10.75, 6, 10], "rotation": 180, "texture": "#3"},
				"west": {"uv": [8.5, 1.5, 5, 0.75], "rotation": 180, "texture": "#3"},
				"up": {"uv": [7.75, 10.75, 6, 14.25], "texture": "#3"},
				"down": {"uv": [7.75, 10.75, 6, 14.25], "texture": "#3"}
			}
		},
		{
			"from": [0.20746, -3.2218, 5.51145],
			"to": [2.92746, -1.1818, 8.23145],
			"rotation": {"angle": -22.5, "axis": "y", "origin": [8, -3.27733, 4.53785]},
			"faces": {
				"north": {"uv": [9.5, 10.75, 7.75, 9.5], "rotation": 180, "texture": "#3"},
				"east": {"uv": [11.25, 10.5, 9.5, 9.25], "rotation": 180, "texture": "#3"},
				"south": {"uv": [9.5, 10.75, 7.75, 9.5], "rotation": 180, "texture": "#3"},
				"west": {"uv": [7.75, 9.75, 6, 8.5], "rotation": 180, "texture": "#3"},
				"up": {"uv": [7.75, 12.5, 9.5, 10.75], "rotation": 180, "texture": "#3"},
				"down": {"uv": [7.75, 10.75, 9.5, 12.5], "rotation": 180, "texture": "#3"}
			}
		},
		{
			"from": [-0.62606, -3.4938, 4.87999],
			"to": [2.09394, -0.9098, 7.59999],
			"rotation": {"angle": 0, "axis": "y", "origin": [8, -3.27733, 4.53785]},
			"faces": {
				"north": {"uv": [12.75, 8.75, 11, 7.25], "rotation": 180, "texture": "#3"},
				"east": {"uv": [11, 9, 9.5, 7.25], "rotation": 270, "texture": "#3"},
				"south": {"uv": [12.75, 8.75, 11, 7.25], "rotation": 180, "texture": "#3"},
				"west": {"uv": [11.75, 3.5, 10.25, 1.75], "rotation": 270, "texture": "#3"},
				"up": {"uv": [10.3, 1.7, 12.05, 0], "rotation": 180, "texture": "#3"},
				"down": {"uv": [10.3, 0, 12.05, 1.7], "rotation": 180, "texture": "#3"}
			}
		},
		{
			"from": [4.03956, -3.6298, 10.10716],
			"to": [6.75956, -0.7738, 12.82716],
			"rotation": {"angle": -45, "axis": "y", "origin": [8, -3.27733, 4.53785]},
			"faces": {
				"north": {"uv": [7, 0, 3.5, 3.5], "rotation": 270, "texture": "#4"},
				"east": {"uv": [0, 0, 3.5, 3.5], "rotation": 90, "texture": "#4"},
				"south": {"uv": [7, 3.5, 3.5, 7], "rotation": 90, "texture": "#4"},
				"west": {"uv": [0, 0, 3.5, 3.5], "rotation": 90, "texture": "#4"},
				"up": {"uv": [3.5, 7, 0, 3.5], "rotation": 270, "texture": "#4"},
				"down": {"uv": [0, 7, 3.5, 3.5], "rotation": 270, "texture": "#4"}
			}
		},
		{
			"from": [3.60746, -3.7658, 9.04745],
			"to": [6.32746, -0.6378, 11.76745],
			"rotation": {"angle": -22.5, "axis": "y", "origin": [8, -3.27733, 4.53785]},
			"faces": {
				"north": {"uv": [7.5, 14, 3.5, 10.5], "rotation": 270, "texture": "#4"},
				"east": {"uv": [4, 10.5, 0, 7], "rotation": 90, "texture": "#4"},
				"south": {"uv": [8, 10.5, 4, 7], "rotation": 90, "texture": "#4"},
				"west": {"uv": [4, 10.5, 0, 7], "rotation": 270, "texture": "#4"},
				"up": {"uv": [3.5, 10.5, 0, 14], "rotation": 270, "texture": "#4"},
				"down": {"uv": [0, 10.5, 3.5, 14], "rotation": 270, "texture": "#4"}
			}
		},
		{
			"from": [3.21264, -2.8138, -4.61959],
			"to": [5.66064, -1.7258, -3.25959],
			"rotation": {"angle": 22.5, "axis": "y", "origin": [8, -3.27733, 4.53785]},
			"faces": {
				"north": {"uv": [8.25, 14, 9.75, 13.25], "rotation": 180, "texture": "#3"},
				"east": {"uv": [8.5, 12.5, 7.75, 13.25], "rotation": 90, "texture": "#3"},
				"south": {"uv": [8.25, 14, 9.75, 13.25], "rotation": 180, "texture": "#3"},
				"west": {"uv": [9.25, 12.5, 8.5, 13.25], "rotation": 90, "texture": "#3"},
				"up": {"uv": [8.25, 14, 9.75, 14.75], "rotation": 180, "texture": "#3"},
				"down": {"uv": [8.25, 14, 9.75, 14.75], "rotation": 180, "texture": "#3"}
			}
		},
		{
			"from": [-3.35277, -2.6778, 3.12284],
			"to": [-1.31277, -1.8618, 5.29884],
			"rotation": {"angle": -45, "axis": "y", "origin": [8, -3.27733, 4.53785]},
			"faces": {
				"north": {"uv": [8.5, 16, 8, 14.75], "rotation": 90, "texture": "#3"},
				"east": {"uv": [8, 14.75, 6.75, 14.25], "texture": "#3"},
				"south": {"uv": [6.75, 16, 6.25, 14.75], "rotation": 90, "texture": "#3"},
				"west": {"uv": [8, 14.75, 6.75, 14.25], "texture": "#3"},
				"up": {"uv": [8, 14.75, 6.75, 16], "rotation": 270, "texture": "#3"},
				"down": {"uv": [6.75, 14.75, 8, 16], "rotation": 270, "texture": "#3"}
			}
		},
		{
			"from": [-3.89079, -2.5418, -1.17893],
			"to": [-1.85079, -1.9978, 0.72507],
			"rotation": {"angle": -22.5, "axis": "y", "origin": [8, -3.27733, 4.53785]},
			"faces": {
				"north": {"uv": [10, 14.75, 9.75, 13.5], "rotation": 270, "texture": "#3"},
				"east": {"uv": [10, 16, 9.75, 14.75], "rotation": 270, "texture": "#3"},
				"south": {"uv": [10, 13.5, 9.75, 12.25], "rotation": 90, "texture": "#3"},
				"west": {"uv": [10, 16, 9.75, 14.75], "rotation": 270, "texture": "#3"},
				"up": {"uv": [8.5, 14.75, 9.75, 16], "rotation": 90, "texture": "#3"},
				"down": {"uv": [8.5, 14.75, 9.75, 16], "rotation": 270, "texture": "#3"}
			}
		},
		{
			"from": [13.09006, -2.9498, -1.78401],
			"to": [15.81006, -1.5898, 3.65599],
			"rotation": {"angle": 0, "axis": "y", "origin": [8, -3.27733, 4.53785]},
			"faces": {
				"north": {"uv": [6, 10.75, 7.75, 10], "rotation": 180, "texture": "#3"},
				"east": {"uv": [5, 1.5, 8.5, 0.75], "rotation": 180, "texture": "#3"},
				"south": {"uv": [6, 10.75, 7.75, 10], "rotation": 180, "texture": "#3"},
				"west": {"uv": [5, 0.75, 8.5, 0], "rotation": 180, "texture": "#3"},
				"up": {"uv": [6, 10.75, 7.75, 14.25], "texture": "#3"},
				"down": {"uv": [6, 10.75, 7.75, 14.25], "texture": "#3"}
			}
		},
		{
			"from": [13.07254, -3.2218, 5.51145],
			"to": [15.79254, -1.1818, 8.23145],
			"rotation": {"angle": 22.5, "axis": "y", "origin": [8, -3.27733, 4.53785]},
			"faces": {
				"north": {"uv": [7.75, 10.75, 9.5, 9.5], "rotation": 180, "texture": "#3"},
				"east": {"uv": [6, 9.75, 7.75, 8.5], "rotation": 180, "texture": "#3"},
				"south": {"uv": [7.75, 10.75, 9.5, 9.5], "rotation": 180, "texture": "#3"},
				"west": {"uv": [9.5, 10.5, 11.25, 9.25], "rotation": 180, "texture": "#3"},
				"up": {"uv": [9.5, 12.5, 7.75, 10.75], "rotation": 180, "texture": "#3"},
				"down": {"uv": [9.5, 10.75, 7.75, 12.5], "rotation": 180, "texture": "#3"}
			}
		},
		{
			"from": [13.90606, -3.4938, 4.87999],
			"to": [16.62606, -0.9098, 7.59999],
			"rotation": {"angle": 0, "axis": "y", "origin": [8, -3.27733, 4.53785]},
			"faces": {
				"north": {"uv": [11, 8.75, 12.75, 7.25], "rotation": 180, "texture": "#3"},
				"east": {"uv": [11.75, 1.75, 10.25, 3.5], "rotation": 270, "texture": "#3"},
				"south": {"uv": [11, 8.75, 12.75, 7.25], "rotation": 180, "texture": "#3"},
				"west": {"uv": [11, 7.25, 9.5, 9], "rotation": 270, "texture": "#3"},
				"up": {"uv": [12.05, 1.7, 10.3, 0], "rotation": 180, "texture": "#3"},
				"down": {"uv": [12.05, 0, 10.3, 1.7], "rotation": 180, "texture": "#3"}
			}
		},
		{
			"from": [9.24044, -3.6298, 10.10716],
			"to": [11.96044, -0.7738, 12.82716],
			"rotation": {"angle": 45, "axis": "y", "origin": [8, -3.27733, 4.53785]},
			"faces": {
				"north": {"uv": [7, 3.5, 3.5, 0], "rotation": 270, "texture": "#4"},
				"east": {"uv": [0, 3.5, 3.5, 0], "rotation": 90, "texture": "#4"},
				"south": {"uv": [7, 7, 3.5, 3.5], "rotation": 90, "texture": "#4"},
				"west": {"uv": [0, 3.5, 3.5, 0], "rotation": 90, "texture": "#4"},
				"up": {"uv": [3.5, 3.5, 0, 7], "rotation": 270, "texture": "#4"},
				"down": {"uv": [0, 3.5, 3.5, 7], "rotation": 270, "texture": "#4"}
			}
		},
		{
			"from": [9.67254, -3.7658, 9.04745],
			"to": [12.39254, -0.6378, 11.76745],
			"rotation": {"angle": 22.5, "axis": "y", "origin": [8, -3.27733, 4.53785]},
			"faces": {
				"north": {"uv": [7.5, 10.5, 3.5, 14], "rotation": 270, "texture": "#4"},
				"east": {"uv": [4, 7, 0, 10.5], "rotation": 270, "texture": "#4"},
				"south": {"uv": [8, 7, 4, 10.5], "rotation": 90, "texture": "#4"},
				"west": {"uv": [4, 7, 0, 10.5], "rotation": 90, "texture": "#4"},
				"up": {"uv": [3.5, 14, 0, 10.5], "rotation": 270, "texture": "#4"},
				"down": {"uv": [0, 14, 3.5, 10.5], "rotation": 270, "texture": "#4"}
			}
		},
		{
			"from": [10.33936, -2.8138, -4.61959],
			"to": [12.78736, -1.7258, -3.25959],
			"rotation": {"angle": -22.5, "axis": "y", "origin": [8, -3.27733, 4.53785]},
			"faces": {
				"north": {"uv": [9.75, 14, 8.25, 13.25], "rotation": 180, "texture": "#3"},
				"east": {"uv": [9.25, 13.25, 8.5, 12.5], "rotation": 90, "texture": "#3"},
				"south": {"uv": [9.75, 14, 8.25, 13.25], "rotation": 180, "texture": "#3"},
				"west": {"uv": [8.5, 13.25, 7.75, 12.5], "rotation": 90, "texture": "#3"},
				"up": {"uv": [9.75, 14, 8.25, 14.75], "rotation": 180, "texture": "#3"},
				"down": {"uv": [9.75, 14, 8.25, 14.75], "rotation": 180, "texture": "#3"}
			}
		},
		{
			"from": [17.31277, -2.6778, 3.12284],
			"to": [19.35277, -1.8618, 5.29884],
			"rotation": {"angle": 45, "axis": "y", "origin": [8, -3.27733, 4.53785]},
			"faces": {
				"north": {"uv": [8.5, 14.75, 8, 16], "rotation": 90, "texture": "#3"},
				"east": {"uv": [6.75, 14.75, 8, 14.25], "texture": "#3"},
				"south": {"uv": [6.75, 14.75, 6.25, 16], "rotation": 90, "texture": "#3"},
				"west": {"uv": [6.75, 14.75, 8, 14.25], "texture": "#3"},
				"up": {"uv": [8, 16, 6.75, 14.75], "rotation": 270, "texture": "#3"},
				"down": {"uv": [6.75, 16, 8, 14.75], "rotation": 270, "texture": "#3"}
			}
		},
		{
			"from": [17.85079, -2.5418, -1.17893],
			"to": [19.89079, -1.9978, 0.72507],
			"rotation": {"angle": 22.5, "axis": "y", "origin": [8, -3.27733, 4.53785]},
			"faces": {
				"north": {"uv": [10, 13.5, 9.75, 14.75], "rotation": 270, "texture": "#3"},
				"east": {"uv": [10, 14.75, 9.75, 16], "rotation": 270, "texture": "#3"},
				"south": {"uv": [10, 12.25, 9.75, 13.5], "rotation": 90, "texture": "#3"},
				"west": {"uv": [10, 14.75, 9.75, 16], "rotation": 270, "texture": "#3"},
				"up": {"uv": [8.5, 16, 9.75, 14.75], "rotation": 90, "texture": "#3"},
				"down": {"uv": [8.5, 16, 9.75, 14.75], "rotation": 270, "texture": "#3"}
			}
		},
		{
			"from": [5, 2, 0],
			"to": [11, 3, 11],
			"rotation": {"angle": 0, "axis": "y", "origin": [8, -3.27733, 4.53785]},
			"faces": {
				"north": {"uv": [9.75, 6, 12.75, 5.5], "texture": "#5"},
				"east": {"uv": [9.75, 0.75, 9.25, 6.25], "rotation": 90, "texture": "#5"},
				"south": {"uv": [9.75, 6, 12.75, 5.5], "texture": "#5"},
				"west": {"uv": [9.75, 6.25, 9.25, 0.75], "rotation": 90, "texture": "#5"},
				"up": {"uv": [9.75, 5.5, 12.75, 0], "texture": "#5", "cullface": "down"},
				"down": {"uv": [4.5, 5.5, 7.5, 0], "texture": "#1"}
			}
		},
		{
			"from": [5, -3, 0],
			"to": [11, -2, 11],
			"rotation": {"angle": 0, "axis": "y", "origin": [8, -3.27733, 4.53785]},
			"faces": {
				"north": {"uv": [9.75, 5.5, 12.75, 6], "texture": "#5"},
				"east": {"uv": [9.25, 0.75, 9.75, 6.25], "rotation": 90, "texture": "#5"},
				"south": {"uv": [9.75, 5.5, 12.75, 6], "texture": "#5"},
				"west": {"uv": [9.25, 6.25, 9.75, 0.75], "rotation": 90, "texture": "#5"},
				"up": {"uv": [4.5, 0, 7.5, 5.5], "texture": "#1"},
				"down": {"uv": [9.75, 0, 12.75, 5.5], "texture": "#5", "cullface": "down"}
			}
		},
		{
			"from": [11, -3, 0],
			"to": [12, 3, 11],
			"rotation": {"angle": 0, "axis": "y", "origin": [8, -3.27733, 4.53785]},
			"faces": {
				"north": {"uv": [9.75, 5.5, 12.75, 6], "rotation": 90, "texture": "#5"},
				"east": {"uv": [9.75, 0, 12.75, 5.5], "rotation": 270, "texture": "#5", "cullface": "down"},
				"south": {"uv": [9.75, 5.5, 12.75, 6], "rotation": 270, "texture": "#5"},
				"west": {"uv": [4.5, 0, 7.5, 5.5], "rotation": 270, "texture": "#1"},
				"up": {"uv": [9.25, 0.75, 9.75, 6.25], "texture": "#5"},
				"down": {"uv": [9.25, 6.25, 9.75, 0.75], "texture": "#5"}
			}
		},
		{
			"from": [4, -3, 0],
			"to": [5, 3, 11],
			"rotation": {"angle": 0, "axis": "y", "origin": [8, -3.27733, 4.53785]},
			"faces": {
				"north": {"uv": [9.75, 6, 12.75, 5.5], "rotation": 90, "texture": "#5"},
				"east": {"uv": [4.5, 5.5, 7.5, 0], "rotation": 270, "texture": "#1"},
				"south": {"uv": [9.75, 6, 12.75, 5.5], "rotation": 270, "texture": "#5"},
				"west": {"uv": [9.75, 5.5, 12.75, 0], "rotation": 270, "texture": "#5", "cullface": "down"},
				"up": {"uv": [9.75, 0.75, 9.25, 6.25], "texture": "#5"},
				"down": {"uv": [9.75, 6.25, 9.25, 0.75], "texture": "#5"}
			}
		},
		{
			"from": [2.32611, 3.13948, 0],
			"to": [6.32611, 3.13948, 7],
			"rotation": {"angle": 22.5, "axis": "z", "origin": [8, -3.27733, 4.53785]},
			"faces": {
				"north": {"uv": [0, 2, 0, 0], "rotation": 270, "texture": "#3"},
				"east": {"uv": [0, 3.5, 0, 0], "rotation": 90, "texture": "#3"},
				"south": {"uv": [0, 2, 0, 0], "rotation": 90, "texture": "#3"},
				"west": {"uv": [0, 3.5, 0, 0], "rotation": 90, "texture": "#3"},
				"up": {"uv": [0, 16, 3.5, 14], "rotation": 90, "texture": "#3"},
				"down": {"uv": [3.5, 16, 0, 14], "rotation": 90, "texture": "#3"}
			}
		},
		{
			"from": [2.19691, -3.85322, 6.5],
			"to": [2.19691, 0.14678, 11.5],
			"rotation": {"angle": -22.5, "axis": "z", "origin": [8, -3.27733, 4.53785]},
			"faces": {
				"north": {"uv": [13.5, 9.25, 13.5, 7.25], "texture": "#3"},
				"east": {"uv": [16, 9.25, 13.5, 7.25], "texture": "#3"},
				"south": {"uv": [13.5, 9.25, 13.5, 7.25], "texture": "#3"},
				"west": {"uv": [13.5, 9.25, 16, 7.25], "texture": "#3"},
				"up": {"uv": [13.5, 9.75, 13.5, 7.25], "texture": "#3"},
				"down": {"uv": [13.5, 9.75, 13.5, 7.25], "texture": "#3"}
			}
		},
		{
			"from": [13.80309, -3.85322, 6.5],
			"to": [13.80309, 0.14678, 11.5],
			"rotation": {"angle": 22.5, "axis": "z", "origin": [8, -3.27733, 4.53785]},
			"faces": {
				"north": {"uv": [13.5, 9.25, 13.5, 7.25], "texture": "#3"},
				"east": {"uv": [16, 9.25, 13.5, 7.25], "texture": "#3"},
				"south": {"uv": [13.5, 9.25, 13.5, 7.25], "texture": "#3"},
				"west": {"uv": [13.5, 9.25, 16, 7.25], "texture": "#3"},
				"up": {"uv": [13.5, 9.75, 13.5, 7.25], "texture": "#3"},
				"down": {"uv": [13.5, 9.75, 13.5, 7.25], "texture": "#3"}
			}
		},
		{
			"from": [9.67389, 3.13948, 0],
			"to": [13.67389, 3.13948, 7],
			"rotation": {"angle": -22.5, "axis": "z", "origin": [8, -3.27733, 4.53785]},
			"faces": {
				"north": {"uv": [0, 0, 0, 2], "rotation": 270, "texture": "#3"},
				"east": {"uv": [0, 0, 0, 3.5], "rotation": 90, "texture": "#3"},
				"south": {"uv": [0, 0, 0, 2], "rotation": 90, "texture": "#3"},
				"west": {"uv": [0, 0, 0, 3.5], "rotation": 90, "texture": "#3"},
				"up": {"uv": [0, 14, 3.5, 16], "rotation": 90, "texture": "#3"},
				"down": {"uv": [3.5, 14, 0, 16], "rotation": 90, "texture": "#3"}
			}
		},
		{
			"from": [6, -8.85, 9.1],
			"to": [6, 1.15, 17.1],
			"rotation": {"angle": 0, "axis": "y", "origin": [8, -3.27733, 4.53785]},
			"faces": {
				"north": {"uv": [5, 0, 0, 0], "rotation": 90, "texture": "#7"},
				"east": {"uv": [16, 12, 11, 16], "rotation": 270, "texture": "#7"},
				"south": {"uv": [5, 0, 0, 0], "rotation": 90, "texture": "#7"},
				"west": {"uv": [11, 12, 16, 16], "rotation": 90, "texture": "#7"},
				"up": {"uv": [11, 12, 11, 16], "rotation": 180, "texture": "#7"},
				"down": {"uv": [11, 12, 11, 16], "texture": "#7"}
			}
		},
		{
			"from": [10, -8.85, 9.1],
			"to": [10, 1.15, 17.1],
			"rotation": {"angle": 0, "axis": "y", "origin": [8, -3.27733, 4.53785]},
			"faces": {
				"north": {"uv": [5, 0, 0, 0], "rotation": 90, "texture": "#7"},
				"east": {"uv": [16, 12, 11, 16], "rotation": 270, "texture": "#7"},
				"south": {"uv": [5, 0, 0, 0], "rotation": 90, "texture": "#7"},
				"west": {"uv": [11, 12, 16, 16], "rotation": 90, "texture": "#7"},
				"up": {"uv": [11, 12, 11, 16], "rotation": 180, "texture": "#7"},
				"down": {"uv": [11, 12, 11, 16], "texture": "#7"}
			}
		},
		{
			"from": [10, 16, 0],
			"to": [10, 18, 8],
			"rotation": {"angle": 0, "axis": "y", "origin": [8, 19.27733, 4.53785]},
			"faces": {
				"north": {"uv": [0, 1, 0, 0], "texture": "#1"},
				"east": {"uv": [14.5, 13, 13.5, 9], "rotation": 90, "texture": "#1"},
				"south": {"uv": [0, 1, 0, 0], "texture": "#1"},
				"west": {"uv": [14.5, 9, 13.5, 13], "rotation": 90, "texture": "#1"},
				"up": {"uv": [0, 4, 0, 0], "texture": "#1"},
				"down": {"uv": [0, 4, 0, 0], "texture": "#1"}
			}
		},
		{
			"from": [6, 16, 0],
			"to": [6, 18, 8],
			"rotation": {"angle": 0, "axis": "y", "origin": [8, 19.27733, 4.53785]},
			"faces": {
				"north": {"uv": [0, 1, 0, 0], "texture": "#1"},
				"east": {"uv": [14.5, 13, 13.5, 9], "rotation": 90, "texture": "#1"},
				"south": {"uv": [0, 1, 0, 0], "texture": "#1"},
				"west": {"uv": [14.5, 9, 13.5, 13], "rotation": 90, "texture": "#1"},
				"up": {"uv": [0, 4, 0, 0], "texture": "#1"},
				"down": {"uv": [0, 4, 0, 0], "texture": "#1"}
			}
		},
		{
			"from": [5.8724, 17, 6.40689],
			"to": [5.8724, 28, 18.40689],
			"rotation": {"angle": -22.5, "axis": "y", "origin": [8, 19.27733, 4.53785]},
			"faces": {
				"north": {"uv": [10, 10, 10, 15.5], "texture": "#3"},
				"east": {"uv": [16, 10.5, 10, 16], "texture": "#3"},
				"south": {"uv": [10, 10, 10, 15.5], "texture": "#3"},
				"west": {"uv": [10, 10.5, 16, 16], "texture": "#3"},
				"up": {"uv": [10, 10, 10, 16], "texture": "#3"},
				"down": {"uv": [10, 10, 10, 16], "texture": "#3"}
			}
		},
		{
			"from": [10.1276, 17, 6.40689],
			"to": [10.1276, 28, 18.40689],
			"rotation": {"angle": 22.5, "axis": "y", "origin": [8, 19.27733, 4.53785]},
			"faces": {
				"north": {"uv": [10, 10, 10, 15.5], "texture": "#3"},
				"east": {"uv": [16, 10.5, 10, 16], "texture": "#3"},
				"south": {"uv": [10, 10, 10, 15.5], "texture": "#3"},
				"west": {"uv": [10, 10.5, 16, 16], "texture": "#3"},
				"up": {"uv": [10, 10, 10, 16], "texture": "#3"},
				"down": {"uv": [10, 10, 10, 16], "texture": "#3"}
			}
		},
		{
			"from": [4.63985, 19, 1.26511],
			"to": [9.63985, 22, 7.26511],
			"rotation": {"angle": -22.5, "axis": "y", "origin": [8, 19.27733, 4.53785]},
			"faces": {
				"north": {"uv": [13.5, 7.5, 16, 9], "texture": "#1"},
				"east": {"uv": [13, 6, 16, 7.5], "texture": "#1"},
				"south": {"uv": [13.5, 7.5, 16, 9], "texture": "#1"},
				"west": {"uv": [13, 6, 16, 7.5], "texture": "#1"},
				"up": {"uv": [13.5, 3, 16, 5.5], "texture": "#1"},
				"down": {"uv": [13.5, 3, 16, 5.5], "texture": "#1"}
			}
		},
		{
			"from": [5.8, 19, -1],
			"to": [10.4, 22.2, 1],
			"rotation": {"angle": 0, "axis": "y", "origin": [8, 19.27733, 4.53785]},
			"faces": {
				"north": {"uv": [11.25, 3, 13.5, 4.5], "texture": "#1"},
				"east": {"uv": [12.5, 4.5, 13.5, 6], "texture": "#1"},
				"south": {"uv": [11.25, 3, 13.5, 4.5], "texture": "#1"},
				"west": {"uv": [12.5, 4.5, 13.5, 6], "texture": "#1"},
				"up": {"uv": [10.25, 5.5, 12.5, 6.5], "texture": "#1"},
				"down": {"uv": [10.25, 5.5, 12.5, 6.5], "texture": "#1"}
			}
		},
		{
			"from": [2.5, 19, 5],
			"to": [13.7, 23, 8],
			"rotation": {"angle": 0, "axis": "y", "origin": [8, 19.27733, 4.53785]},
			"faces": {
				"north": {"uv": [0, 10.5, 5, 12.5], "texture": "#0"},
				"east": {"uv": [5, 10.5, 6.5, 12.5], "texture": "#0"},
				"south": {"uv": [0, 9.5, 5, 11.5], "texture": "#1"},
				"west": {"uv": [5, 10.5, 6.5, 12.5], "texture": "#0"},
				"up": {"uv": [10.5, 5, 15.5, 6.5], "texture": "#0"},
				"down": {"uv": [10.5, 5, 15.5, 6.5], "texture": "#0"}
			}
		},
		{
			"from": [6, 20.20962, 2.01093],
			"to": [10, 23.20962, 7.01093],
			"rotation": {"angle": -22.5, "axis": "x", "origin": [8, 19.27733, 4.53785]},
			"faces": {
				"north": {"uv": [8, 1.5, 10, 3], "texture": "#1"},
				"east": {"uv": [7.5, 0, 10, 1.5], "texture": "#1"},
				"south": {"uv": [8, 1.5, 10, 3], "texture": "#1"},
				"west": {"uv": [7.5, 0, 10, 1.5], "texture": "#1"},
				"up": {"uv": [10, 0, 12, 2.5], "texture": "#1"},
				"down": {"uv": [10, 0, 12, 2.5], "texture": "#1"}
			}
		},
		{
			"from": [6.47478, 22.95991, 6],
			"to": [9.47478, 25.95991, 9],
			"rotation": {"angle": -45, "axis": "z", "origin": [8, 19.27733, 4.53785]},
			"faces": {
				"north": {"uv": [12, 1.5, 13.5, 3], "texture": "#0"},
				"east": {"uv": [12, 0, 13.5, 1.5], "texture": "#0"},
				"south": {"uv": [12, 3, 13.5, 4.5], "texture": "#0"},
				"west": {"uv": [12, 0, 13.5, 1.5], "texture": "#0"},
				"up": {"uv": [12, 0, 13.5, 1.5], "texture": "#0"},
				"down": {"uv": [12, 0, 13.5, 1.5], "texture": "#0"}
			}
		},
		{
			"from": [6.59894, 19, 1.19195],
			"to": [11.59894, 22.1, 7.19195],
			"rotation": {"angle": 22.5, "axis": "y", "origin": [8, 19.27733, 4.53785]},
			"faces": {
				"north": {"uv": [16, 9, 13.5, 7.5], "texture": "#1"},
				"east": {"uv": [16, 6, 13, 7.5], "texture": "#1"},
				"south": {"uv": [13.5, 7.5, 16, 9], "texture": "#1"},
				"west": {"uv": [16, 6, 13, 7.5], "texture": "#1"},
				"up": {"uv": [16, 3, 13.5, 6], "texture": "#1"},
				"down": {"uv": [16, 3, 13.5, 6], "texture": "#1"}
			}
		},
		{
			"from": [1.64907, 26.13769, 6.7],
			"to": [3.64907, 28.13769, 8.2],
			"rotation": {"angle": 22.5, "axis": "z", "origin": [8, 19.27733, 4.53785]},
			"faces": {
				"north": {"uv": [6.5, 9.5, 7.5, 8.5], "rotation": 270, "texture": "#2"},
				"east": {"uv": [6.5, 9.25, 5.5, 8.5], "rotation": 270, "texture": "#2"},
				"south": {"uv": [7.5, 9.5, 6.5, 8.5], "rotation": 90, "texture": "#2"},
				"west": {"uv": [6.5, 9.25, 5.5, 8.5], "rotation": 270, "texture": "#2"},
				"up": {"uv": [8, 7.5, 7.25, 6.5], "rotation": 90, "texture": "#2"},
				"down": {"uv": [8, 7.5, 7.25, 6.5], "rotation": 90, "texture": "#2"}
			}
		},
		{
			"from": [0.57077, 23.77077, 6.5],
			"to": [5.57077, 25.77077, 8.4],
			"rotation": {"angle": 0, "axis": "y", "origin": [8, 19.27733, 4.53785]},
			"faces": {
				"north": {"uv": [1, 11, 2, 8.5], "rotation": 270, "texture": "#2"},
				"east": {"uv": [7, 7.45, 6, 6.5], "rotation": 270, "texture": "#2"},
				"south": {"uv": [2, 11, 1, 8.5], "rotation": 90, "texture": "#2"},
				"west": {"uv": [7, 7.45, 6, 6.5], "rotation": 270, "texture": "#2"},
				"up": {"uv": [0.95, 11, 0, 8.5], "rotation": 90, "texture": "#2"},
				"down": {"uv": [0.95, 11, 0, 8.5], "rotation": 90, "texture": "#2"}
			}
		},
		{
			"from": [8.89185, 23.60585, 6.4],
			"to": [10.89185, 25.60585, 8.5],
			"rotation": {"angle": 45, "axis": "z", "origin": [8, 19.27733, 4.53785]},
			"faces": {
				"north": {"uv": [5.25, 8.5, 4.25, 9.5], "rotation": 180, "texture": "#2"},
				"east": {"uv": [3.25, 9.5, 2.2, 8.5], "rotation": 180, "texture": "#2"},
				"south": {"uv": [5.25, 9.5, 4.25, 8.5], "texture": "#2"},
				"west": {"uv": [3.25, 9.5, 2.2, 8.5], "rotation": 180, "texture": "#2"},
				"up": {"uv": [4.25, 9.5, 3.25, 8.5], "texture": "#2"},
				"down": {"uv": [4.25, 9.5, 3.25, 8.5], "texture": "#2"}
			}
		},
		{
			"from": [7.04907, 22.43769, 6.3],
			"to": [9.04907, 24.43769, 8.6],
			"rotation": {"angle": 22.5, "axis": "z", "origin": [8, 19.27733, 4.53785]},
			"faces": {
				"north": {"uv": [4.75, 10.5, 5.75, 9.5], "rotation": 180, "texture": "#2"},
				"east": {"uv": [3.5, 10.5, 2.25, 9.5], "rotation": 180, "texture": "#2"},
				"south": {"uv": [4.75, 10.5, 5.75, 9.5], "rotation": 180, "texture": "#2"},
				"west": {"uv": [3.5, 10.5, 2.25, 9.5], "rotation": 180, "texture": "#2"},
				"up": {"uv": [4.75, 10.5, 3.5, 9.5], "rotation": 270, "texture": "#2"},
				"down": {"uv": [4.75, 10.5, 3.5, 9.5], "rotation": 270, "texture": "#2"}
			}
		},
		{
			"from": [-3.3156, 19.64545, 7.1],
			"to": [-1.3156, 21.44545, 7.9],
			"rotation": {"angle": -22.5, "axis": "z", "origin": [8, 19.27733, 4.53785]},
			"faces": {
				"north": {"uv": [8, 7.5, 8.9, 6.5], "rotation": 270, "texture": "#2"},
				"east": {"uv": [8, 6.5, 7, 6], "rotation": 270, "texture": "#2"},
				"south": {"uv": [8.9, 7.5, 8, 6.5], "rotation": 90, "texture": "#2"},
				"west": {"uv": [8, 6.5, 7, 6], "rotation": 270, "texture": "#2"},
				"up": {"uv": [7, 6.5, 6, 6], "rotation": 180, "texture": "#2"},
				"down": {"uv": [7, 6.5, 6, 6], "rotation": 180, "texture": "#2"}
			}
		},
		{
			"from": [4.05632, 29.84138, 7.2],
			"to": [5.65632, 31.34138, 7.8],
			"rotation": {"angle": 45, "axis": "z", "origin": [8, 19.27733, 4.53785]},
			"faces": {
				"north": {"uv": [8.75, 5.75, 8, 6.5], "texture": "#2"},
				"east": {"uv": [9, 6.5, 8.75, 5.75], "rotation": 180, "texture": "#2"},
				"south": {"uv": [8.75, 6.5, 8, 5.75], "rotation": 180, "texture": "#2"},
				"west": {"uv": [9, 6.5, 8.75, 5.75], "rotation": 180, "texture": "#2"},
				"up": {"uv": [8.75, 5.75, 8, 5.5], "texture": "#2"},
				"down": {"uv": [8.75, 5.75, 8, 5.5], "texture": "#2"}
			}
		},
		{
			"from": [12.35093, 26.13769, 6.7],
			"to": [14.35093, 28.13769, 8.2],
			"rotation": {"angle": -22.5, "axis": "z", "origin": [8, 19.27733, 4.53785]},
			"faces": {
				"north": {"uv": [6.5, 8.5, 7.5, 9.5], "rotation": 270, "texture": "#2"},
				"east": {"uv": [6.5, 8.5, 5.5, 9.25], "rotation": 270, "texture": "#2"},
				"south": {"uv": [7.5, 8.5, 6.5, 9.5], "rotation": 90, "texture": "#2"},
				"west": {"uv": [6.5, 8.5, 5.5, 9.25], "rotation": 270, "texture": "#2"},
				"up": {"uv": [8, 6.5, 7.25, 7.5], "rotation": 90, "texture": "#2"},
				"down": {"uv": [8, 6.5, 7.25, 7.5], "rotation": 90, "texture": "#2"}
			}
		},
		{
			"from": [10.42923, 23.77077, 6.5],
			"to": [15.42923, 25.77077, 8.4],
			"rotation": {"angle": 0, "axis": "y", "origin": [8, 19.27733, 4.53785]},
			"faces": {
				"north": {"uv": [1, 8.5, 2, 11], "rotation": 270, "texture": "#2"},
				"east": {"uv": [7, 6.5, 6, 7.45], "rotation": 270, "texture": "#2"},
				"south": {"uv": [2, 8.5, 1, 11], "rotation": 90, "texture": "#2"},
				"west": {"uv": [7, 6.5, 6, 7.45], "rotation": 270, "texture": "#2"},
				"up": {"uv": [0.95, 8.5, 0, 11], "rotation": 90, "texture": "#2"},
				"down": {"uv": [0.95, 8.5, 0, 11], "rotation": 90, "texture": "#2"}
			}
		},
		{
			"from": [5.10815, 23.60585, 6.4],
			"to": [7.10815, 25.60585, 8.5],
			"rotation": {"angle": -45, "axis": "z", "origin": [8, 19.27733, 4.53785]},
			"faces": {
				"north": {"uv": [4.25, 8.5, 5.25, 9.5], "rotation": 180, "texture": "#2"},
				"east": {"uv": [2.2, 9.5, 3.25, 8.5], "rotation": 180, "texture": "#2"},
				"south": {"uv": [4.25, 9.5, 5.25, 8.5], "texture": "#2"},
				"west": {"uv": [2.2, 9.5, 3.25, 8.5], "rotation": 180, "texture": "#2"},
				"up": {"uv": [3.25, 9.5, 4.25, 8.5], "texture": "#2"},
				"down": {"uv": [3.25, 9.5, 4.25, 8.5], "texture": "#2"}
			}
		},
		{
			"from": [6.95093, 22.43769, 6.3],
			"to": [8.95093, 24.43769, 8.6],
			"rotation": {"angle": -22.5, "axis": "z", "origin": [8, 19.27733, 4.53785]},
			"faces": {
				"north": {"uv": [5.75, 10.5, 4.75, 9.5], "rotation": 180, "texture": "#2"},
				"east": {"uv": [2.25, 10.5, 3.5, 9.5], "rotation": 180, "texture": "#2"},
				"south": {"uv": [5.75, 10.5, 4.75, 9.5], "rotation": 180, "texture": "#2"},
				"west": {"uv": [2.25, 10.5, 3.5, 9.5], "rotation": 180, "texture": "#2"},
				"up": {"uv": [4.75, 9.5, 3.5, 10.5], "rotation": 270, "texture": "#2"},
				"down": {"uv": [4.75, 9.5, 3.5, 10.5], "rotation": 270, "texture": "#2"}
			}
		},
		{
			"from": [17.3156, 19.64545, 7.1],
			"to": [19.3156, 21.44545, 7.9],
			"rotation": {"angle": 22.5, "axis": "z", "origin": [8, 19.27733, 4.53785]},
			"faces": {
				"north": {"uv": [8, 6.5, 8.9, 7.5], "rotation": 270, "texture": "#2"},
				"east": {"uv": [8, 6, 7, 6.5], "rotation": 270, "texture": "#2"},
				"south": {"uv": [8.9, 6.5, 8, 7.5], "rotation": 90, "texture": "#2"},
				"west": {"uv": [8, 6, 7, 6.5], "rotation": 270, "texture": "#2"},
				"up": {"uv": [6, 6.5, 7, 6], "rotation": 180, "texture": "#2"},
				"down": {"uv": [6, 6.5, 7, 6], "rotation": 180, "texture": "#2"}
			}
		},
		{
			"from": [10.34368, 29.84138, 7.2],
			"to": [11.94368, 31.34138, 7.8],
			"rotation": {"angle": -45, "axis": "z", "origin": [8, 19.27733, 4.53785]},
			"faces": {
				"north": {"uv": [8, 5.75, 8.75, 6.5], "texture": "#2"},
				"east": {"uv": [8.75, 6.5, 9, 5.75], "rotation": 180, "texture": "#2"},
				"south": {"uv": [8, 6.5, 8.75, 5.75], "rotation": 180, "texture": "#2"},
				"west": {"uv": [8.75, 6.5, 9, 5.75], "rotation": 180, "texture": "#2"},
				"up": {"uv": [8, 5.75, 8.75, 5.5], "texture": "#2"},
				"down": {"uv": [8, 5.75, 8.75, 5.5], "texture": "#2"}
			}
		},
		{
			"from": [6.59629, 22.88884, 6],
			"to": [9.59629, 25.88884, 9],
			"rotation": {"angle": 45, "axis": "z", "origin": [8, 19.27733, 4.53785]},
			"faces": {
				"north": {"uv": [13.5, 1.5, 12, 3], "texture": "#0"},
				"east": {"uv": [13.5, 0, 12, 1.5], "texture": "#0"},
				"south": {"uv": [13.5, 3, 12, 4.5], "texture": "#0"},
				"west": {"uv": [13.5, 0, 12, 1.5], "texture": "#0"},
				"up": {"uv": [13.5, 0, 12, 1.5], "texture": "#0"},
				"down": {"uv": [13.5, 0, 12, 1.5], "texture": "#0"}
			}
		},
		{
			"from": [0.18994, 17.5898, -1.78401],
			"to": [2.90994, 18.9498, 3.65599],
			"rotation": {"angle": 0, "axis": "y", "origin": [8, 19.27733, 4.53785]},
			"faces": {
				"north": {"uv": [7.75, 10, 6, 10.75], "rotation": 180, "texture": "#3"},
				"east": {"uv": [8.5, 0, 5, 0.75], "rotation": 180, "texture": "#3"},
				"south": {"uv": [7.75, 10, 6, 10.75], "rotation": 180, "texture": "#3"},
				"west": {"uv": [8.5, 0.75, 5, 1.5], "rotation": 180, "texture": "#3"},
				"up": {"uv": [7.75, 14.25, 6, 10.75], "texture": "#3"},
				"down": {"uv": [7.75, 14.25, 6, 10.75], "texture": "#3"}
			}
		},
		{
			"from": [0.20746, 17.1818, 5.51145],
			"to": [2.92746, 19.2218, 8.23145],
			"rotation": {"angle": -22.5, "axis": "y", "origin": [8, 19.27733, 4.53785]},
			"faces": {
				"north": {"uv": [9.5, 9.5, 7.75, 10.75], "rotation": 180, "texture": "#3"},
				"east": {"uv": [11.25, 9.25, 9.5, 10.5], "rotation": 180, "texture": "#3"},
				"south": {"uv": [9.5, 9.5, 7.75, 10.75], "rotation": 180, "texture": "#3"},
				"west": {"uv": [7.75, 8.5, 6, 9.75], "rotation": 180, "texture": "#3"},
				"up": {"uv": [7.75, 12.5, 9.5, 10.75], "rotation": 180, "texture": "#3"},
				"down": {"uv": [7.75, 10.75, 9.5, 12.5], "rotation": 180, "texture": "#3"}
			}
		},
		{
			"from": [-0.62606, 16.9098, 4.87999],
			"to": [2.09394, 19.4938, 7.59999],
			"rotation": {"angle": 0, "axis": "y", "origin": [8, 19.27733, 4.53785]},
			"faces": {
				"north": {"uv": [12.75, 7.25, 11, 8.75], "rotation": 180, "texture": "#3"},
				"east": {"uv": [9.5, 9, 11, 7.25], "rotation": 270, "texture": "#3"},
				"south": {"uv": [12.75, 7.25, 11, 8.75], "rotation": 180, "texture": "#3"},
				"west": {"uv": [10.25, 3.5, 11.75, 1.75], "rotation": 270, "texture": "#3"},
				"up": {"uv": [10.3, 1.7, 12.05, 0], "rotation": 180, "texture": "#3"},
				"down": {"uv": [10.3, 0, 12.05, 1.7], "rotation": 180, "texture": "#3"}
			}
		},
		{
			"from": [4.03956, 16.7738, 10.10716],
			"to": [6.75956, 19.6298, 12.82716],
			"rotation": {"angle": -45, "axis": "y", "origin": [8, 19.27733, 4.53785]},
			"faces": {
				"north": {"uv": [3.5, 0, 7, 3.5], "rotation": 270, "texture": "#4"},
				"east": {"uv": [3.5, 0, 0, 3.5], "rotation": 90, "texture": "#4"},
				"south": {"uv": [3.5, 3.5, 7, 7], "rotation": 90, "texture": "#4"},
				"west": {"uv": [3.5, 0, 0, 3.5], "rotation": 90, "texture": "#4"},
				"up": {"uv": [3.5, 7, 0, 3.5], "rotation": 270, "texture": "#4"},
				"down": {"uv": [0, 7, 3.5, 3.5], "rotation": 270, "texture": "#4"}
			}
		},
		{
			"from": [3.60746, 16.6378, 9.04745],
			"to": [6.32746, 19.7658, 11.76745],
			"rotation": {"angle": -22.5, "axis": "y", "origin": [8, 19.27733, 4.53785]},
			"faces": {
				"north": {"uv": [3.5, 14, 7.5, 10.5], "rotation": 270, "texture": "#4"},
				"east": {"uv": [0, 10.5, 4, 7], "rotation": 90, "texture": "#4"},
				"south": {"uv": [4, 10.5, 8, 7], "rotation": 90, "texture": "#4"},
				"west": {"uv": [0, 10.5, 4, 7], "rotation": 270, "texture": "#4"},
				"up": {"uv": [3.5, 10.5, 0, 14], "rotation": 270, "texture": "#4"},
				"down": {"uv": [0, 10.5, 3.5, 14], "rotation": 270, "texture": "#4"}
			}
		},
		{
			"from": [3.21264, 17.7258, -4.61959],
			"to": [5.66064, 18.8138, -3.25959],
			"rotation": {"angle": 22.5, "axis": "y", "origin": [8, 19.27733, 4.53785]},
			"faces": {
				"north": {"uv": [8.25, 13.25, 9.75, 14], "rotation": 180, "texture": "#3"},
				"east": {"uv": [7.75, 12.5, 8.5, 13.25], "rotation": 90, "texture": "#3"},
				"south": {"uv": [8.25, 13.25, 9.75, 14], "rotation": 180, "texture": "#3"},
				"west": {"uv": [8.5, 12.5, 9.25, 13.25], "rotation": 90, "texture": "#3"},
				"up": {"uv": [8.25, 14.75, 9.75, 14], "rotation": 180, "texture": "#3"},
				"down": {"uv": [8.25, 14.75, 9.75, 14], "rotation": 180, "texture": "#3"}
			}
		},
		{
			"from": [-3.35277, 17.8618, 3.12284],
			"to": [-1.31277, 18.6778, 5.29884],
			"rotation": {"angle": -45, "axis": "y", "origin": [8, 19.27733, 4.53785]},
			"faces": {
				"north": {"uv": [8, 16, 8.5, 14.75], "rotation": 90, "texture": "#3"},
				"east": {"uv": [8, 14.25, 6.75, 14.75], "texture": "#3"},
				"south": {"uv": [6.25, 16, 6.75, 14.75], "rotation": 90, "texture": "#3"},
				"west": {"uv": [8, 14.25, 6.75, 14.75], "texture": "#3"},
				"up": {"uv": [8, 14.75, 6.75, 16], "rotation": 270, "texture": "#3"},
				"down": {"uv": [6.75, 14.75, 8, 16], "rotation": 270, "texture": "#3"}
			}
		},
		{
			"from": [-3.89079, 17.9978, -1.17893],
			"to": [-1.85079, 18.5418, 0.72507],
			"rotation": {"angle": -22.5, "axis": "y", "origin": [8, 19.27733, 4.53785]},
			"faces": {
				"north": {"uv": [9.75, 14.75, 10, 13.5], "rotation": 270, "texture": "#3"},
				"east": {"uv": [9.75, 16, 10, 14.75], "rotation": 270, "texture": "#3"},
				"south": {"uv": [9.75, 13.5, 10, 12.25], "rotation": 90, "texture": "#3"},
				"west": {"uv": [9.75, 16, 10, 14.75], "rotation": 270, "texture": "#3"},
				"up": {"uv": [9.75, 14.75, 8.5, 16], "rotation": 270, "texture": "#3"},
				"down": {"uv": [9.75, 14.75, 8.5, 16], "rotation": 90, "texture": "#3"}
			}
		},
		{
			"from": [13.09006, 17.5898, -1.78401],
			"to": [15.81006, 18.9498, 3.65599],
			"rotation": {"angle": 0, "axis": "y", "origin": [8, 19.27733, 4.53785]},
			"faces": {
				"north": {"uv": [6, 10, 7.75, 10.75], "rotation": 180, "texture": "#3"},
				"east": {"uv": [5, 0.75, 8.5, 1.5], "rotation": 180, "texture": "#3"},
				"south": {"uv": [6, 10, 7.75, 10.75], "rotation": 180, "texture": "#3"},
				"west": {"uv": [5, 0, 8.5, 0.75], "rotation": 180, "texture": "#3"},
				"up": {"uv": [6, 14.25, 7.75, 10.75], "texture": "#3"},
				"down": {"uv": [6, 14.25, 7.75, 10.75], "texture": "#3"}
			}
		},
		{
			"from": [13.07254, 17.1818, 5.51145],
			"to": [15.79254, 19.2218, 8.23145],
			"rotation": {"angle": 22.5, "axis": "y", "origin": [8, 19.27733, 4.53785]},
			"faces": {
				"north": {"uv": [7.75, 9.5, 9.5, 10.75], "rotation": 180, "texture": "#3"},
				"east": {"uv": [6, 8.5, 7.75, 9.75], "rotation": 180, "texture": "#3"},
				"south": {"uv": [7.75, 9.5, 9.5, 10.75], "rotation": 180, "texture": "#3"},
				"west": {"uv": [9.5, 9.25, 11.25, 10.5], "rotation": 180, "texture": "#3"},
				"up": {"uv": [9.5, 12.5, 7.75, 10.75], "rotation": 180, "texture": "#3"},
				"down": {"uv": [9.5, 10.75, 7.75, 12.5], "rotation": 180, "texture": "#3"}
			}
		},
		{
			"from": [13.90606, 16.9098, 4.87999],
			"to": [16.62606, 19.4938, 7.59999],
			"rotation": {"angle": 0, "axis": "y", "origin": [8, 19.27733, 4.53785]},
			"faces": {
				"north": {"uv": [11, 7.25, 12.75, 8.75], "rotation": 180, "texture": "#3"},
				"east": {"uv": [10.25, 1.75, 11.75, 3.5], "rotation": 270, "texture": "#3"},
				"south": {"uv": [11, 7.25, 12.75, 8.75], "rotation": 180, "texture": "#3"},
				"west": {"uv": [9.5, 7.25, 11, 9], "rotation": 270, "texture": "#3"},
				"up": {"uv": [12.05, 1.7, 10.3, 0], "rotation": 180, "texture": "#3"},
				"down": {"uv": [12.05, 0, 10.3, 1.7], "rotation": 180, "texture": "#3"}
			}
		},
		{
			"from": [9.24044, 16.7738, 10.10716],
			"to": [11.96044, 19.6298, 12.82716],
			"rotation": {"angle": 45, "axis": "y", "origin": [8, 19.27733, 4.53785]},
			"faces": {
				"north": {"uv": [3.5, 3.5, 7, 0], "rotation": 270, "texture": "#4"},
				"east": {"uv": [3.5, 3.5, 0, 0], "rotation": 90, "texture": "#4"},
				"south": {"uv": [3.5, 7, 7, 3.5], "rotation": 90, "texture": "#4"},
				"west": {"uv": [3.5, 3.5, 0, 0], "rotation": 90, "texture": "#4"},
				"up": {"uv": [3.5, 3.5, 0, 7], "rotation": 270, "texture": "#4"},
				"down": {"uv": [0, 3.5, 3.5, 7], "rotation": 270, "texture": "#4"}
			}
		},
		{
			"from": [9.67254, 16.6378, 9.04745],
			"to": [12.39254, 19.7658, 11.76745],
			"rotation": {"angle": 22.5, "axis": "y", "origin": [8, 19.27733, 4.53785]},
			"faces": {
				"north": {"uv": [3.5, 10.5, 7.5, 14], "rotation": 270, "texture": "#4"},
				"east": {"uv": [0, 7, 4, 10.5], "rotation": 270, "texture": "#4"},
				"south": {"uv": [4, 7, 8, 10.5], "rotation": 90, "texture": "#4"},
				"west": {"uv": [0, 7, 4, 10.5], "rotation": 90, "texture": "#4"},
				"up": {"uv": [3.5, 14, 0, 10.5], "rotation": 270, "texture": "#4"},
				"down": {"uv": [0, 14, 3.5, 10.5], "rotation": 270, "texture": "#4"}
			}
		},
		{
			"from": [10.33936, 17.7258, -4.61959],
			"to": [12.78736, 18.8138, -3.25959],
			"rotation": {"angle": -22.5, "axis": "y", "origin": [8, 19.27733, 4.53785]},
			"faces": {
				"north": {"uv": [9.75, 13.25, 8.25, 14], "rotation": 180, "texture": "#3"},
				"east": {"uv": [8.5, 13.25, 9.25, 12.5], "rotation": 90, "texture": "#3"},
				"south": {"uv": [9.75, 13.25, 8.25, 14], "rotation": 180, "texture": "#3"},
				"west": {"uv": [7.75, 13.25, 8.5, 12.5], "rotation": 90, "texture": "#3"},
				"up": {"uv": [9.75, 14.75, 8.25, 14], "rotation": 180, "texture": "#3"},
				"down": {"uv": [9.75, 14.75, 8.25, 14], "rotation": 180, "texture": "#3"}
			}
		},
		{
			"from": [17.31277, 17.8618, 3.12284],
			"to": [19.35277, 18.6778, 5.29884],
			"rotation": {"angle": 45, "axis": "y", "origin": [8, 19.27733, 4.53785]},
			"faces": {
				"north": {"uv": [8, 14.75, 8.5, 16], "rotation": 90, "texture": "#3"},
				"east": {"uv": [6.75, 14.25, 8, 14.75], "texture": "#3"},
				"south": {"uv": [6.25, 14.75, 6.75, 16], "rotation": 90, "texture": "#3"},
				"west": {"uv": [6.75, 14.25, 8, 14.75], "texture": "#3"},
				"up": {"uv": [8, 16, 6.75, 14.75], "rotation": 270, "texture": "#3"},
				"down": {"uv": [6.75, 16, 8, 14.75], "rotation": 270, "texture": "#3"}
			}
		},
		{
			"from": [17.85079, 17.9978, -1.17893],
			"to": [19.89079, 18.5418, 0.72507],
			"rotation": {"angle": 22.5, "axis": "y", "origin": [8, 19.27733, 4.53785]},
			"faces": {
				"north": {"uv": [9.75, 13.5, 10, 14.75], "rotation": 270, "texture": "#3"},
				"east": {"uv": [9.75, 14.75, 10, 16], "rotation": 270, "texture": "#3"},
				"south": {"uv": [9.75, 12.25, 10, 13.5], "rotation": 90, "texture": "#3"},
				"west": {"uv": [9.75, 14.75, 10, 16], "rotation": 270, "texture": "#3"},
				"up": {"uv": [9.75, 16, 8.5, 14.75], "rotation": 270, "texture": "#3"},
				"down": {"uv": [9.75, 16, 8.5, 14.75], "rotation": 90, "texture": "#3"}
			}
		},
		{
			"from": [5, 13, 0],
			"to": [11, 14, 11],
			"rotation": {"angle": 0, "axis": "y", "origin": [8, 19.27733, 4.53785]},
			"faces": {
				"north": {"uv": [9.75, 5.5, 12.75, 6], "texture": "#5"},
				"east": {"uv": [9.25, 0.75, 9.75, 6.25], "rotation": 90, "texture": "#5"},
				"south": {"uv": [9.75, 5.5, 12.75, 6], "texture": "#5"},
				"west": {"uv": [9.25, 6.25, 9.75, 0.75], "rotation": 90, "texture": "#5"},
				"up": {"uv": [4.5, 0, 7.5, 5.5], "texture": "#1"},
				"down": {"uv": [9.75, 0, 12.75, 5.5], "texture": "#5", "cullface": "down"}
			}
		},
		{
			"from": [5, 18, 0],
			"to": [11, 19, 11],
			"rotation": {"angle": 0, "axis": "y", "origin": [8, 19.27733, 4.53785]},
			"faces": {
				"north": {"uv": [9.75, 6, 12.75, 5.5], "texture": "#5"},
				"east": {"uv": [9.75, 0.75, 9.25, 6.25], "rotation": 90, "texture": "#5"},
				"south": {"uv": [9.75, 6, 12.75, 5.5], "texture": "#5"},
				"west": {"uv": [9.75, 6.25, 9.25, 0.75], "rotation": 90, "texture": "#5"},
				"up": {"uv": [9.75, 5.5, 12.75, 0], "texture": "#5", "cullface": "down"},
				"down": {"uv": [4.5, 5.5, 7.5, 0], "texture": "#1"}
			}
		},
		{
			"from": [11, 13, 0],
			"to": [12, 19, 11],
			"rotation": {"angle": 0, "axis": "y", "origin": [8, 19.27733, 4.53785]},
			"faces": {
				"north": {"uv": [12.75, 5.5, 9.75, 6], "rotation": 90, "texture": "#5"},
				"east": {"uv": [12.75, 0, 9.75, 5.5], "rotation": 270, "texture": "#5", "cullface": "down"},
				"south": {"uv": [12.75, 5.5, 9.75, 6], "rotation": 270, "texture": "#5"},
				"west": {"uv": [7.5, 0, 4.5, 5.5], "rotation": 270, "texture": "#1"},
				"up": {"uv": [9.25, 0.75, 9.75, 6.25], "texture": "#5"},
				"down": {"uv": [9.25, 6.25, 9.75, 0.75], "texture": "#5"}
			}
		},
		{
			"from": [4, 13, 0],
			"to": [5, 19, 11],
			"rotation": {"angle": 0, "axis": "y", "origin": [8, 19.27733, 4.53785]},
			"faces": {
				"north": {"uv": [12.75, 6, 9.75, 5.5], "rotation": 90, "texture": "#5"},
				"east": {"uv": [7.5, 5.5, 4.5, 0], "rotation": 270, "texture": "#1"},
				"south": {"uv": [12.75, 6, 9.75, 5.5], "rotation": 270, "texture": "#5"},
				"west": {"uv": [12.75, 5.5, 9.75, 0], "rotation": 270, "texture": "#5", "cullface": "down"},
				"up": {"uv": [9.75, 0.75, 9.25, 6.25], "texture": "#5"},
				"down": {"uv": [9.75, 6.25, 9.25, 0.75], "texture": "#5"}
			}
		},
		{
			"from": [7.65435, -7, -7.75137],
			"to": [7.65435, 2, 1.24863],
			"rotation": {"angle": 0, "axis": "y", "origin": [0.65435, -11.5, 2.74863]},
			"faces": {
				"north": {"uv": [0, 9.5, 0, 0], "texture": "#8"},
				"east": {"uv": [0, 16, 9, 7], "texture": "#8"},
				"south": {"uv": [0, 9.5, 0, 0], "texture": "#8"},
				"west": {"uv": [9, 16, 0, 7], "texture": "#8"},
				"up": {"uv": [0, 0, 5.5, 0], "rotation": 90, "texture": "#8"},
				"down": {"uv": [0, 0, 5.5, 0], "rotation": 270, "texture": "#8"}
			}
		},
		{
			"from": [7.65435, 14, -7.75137],
			"to": [7.65435, 23, 1.24863],
			"rotation": {"angle": 0, "axis": "y", "origin": [0.65435, 27.5, 2.74863]},
			"faces": {
				"north": {"uv": [0, 0, 0, 9.5], "texture": "#8"},
				"east": {"uv": [0, 7, 9, 16], "texture": "#8"},
				"south": {"uv": [0, 0, 0, 9.5], "texture": "#8"},
				"west": {"uv": [9, 7, 0, 16], "texture": "#8"},
				"up": {"uv": [5.5, 0, 0, 0], "rotation": 270, "texture": "#8"},
				"down": {"uv": [5.5, 0, 0, 0], "rotation": 90, "texture": "#8"}
			}
		},
		{
			"from": [6.15435, 14.5, -8.75137],
			"to": [15.15435, 14.5, 0.24863],
			"rotation": {"angle": 0, "axis": "y", "origin": [0.65435, 27.5, 2.74863]},
			"faces": {
				"north": {"uv": [0, 0, 0, 9.5], "rotation": 270, "texture": "#8"},
				"east": {"uv": [5.5, 0, 0, 0], "texture": "#8"},
				"south": {"uv": [0, 0, 0, 9.5], "rotation": 90, "texture": "#8"},
				"west": {"uv": [5.5, 0, 0, 0], "rotation": 180, "texture": "#8"},
				"up": {"uv": [9, 7, 0, 16], "rotation": 90, "texture": "#8"},
				"down": {"uv": [0, 7, 9, 16], "rotation": 90, "texture": "#8"}
			}
		},
		{
			"from": [6.15435, 1.5, -8.75137],
			"to": [15.15435, 1.5, 0.24863],
			"rotation": {"angle": 0, "axis": "y", "origin": [0.65435, 27.5, 2.74863]},
			"faces": {
				"north": {"uv": [0, 0, 0, 9.5], "rotation": 270, "texture": "#8"},
				"east": {"uv": [5.5, 0, 0, 0], "texture": "#8"},
				"south": {"uv": [0, 0, 0, 9.5], "rotation": 90, "texture": "#8"},
				"west": {"uv": [5.5, 0, 0, 0], "rotation": 180, "texture": "#8"},
				"up": {"uv": [9, 7, 0, 16], "rotation": 90, "texture": "#8"},
				"down": {"uv": [0, 7, 9, 16], "rotation": 90, "texture": "#8"}
			}
		},
		{
			"from": [2.32611, 12.86052, 0],
			"to": [6.32611, 12.86052, 7],
			"rotation": {"angle": -22.5, "axis": "z", "origin": [8, 19.27733, 4.53785]},
			"faces": {
				"north": {"uv": [0, 2, 0, 0], "rotation": 270, "texture": "#3"},
				"east": {"uv": [0, 3.5, 0, 0], "rotation": 90, "texture": "#3"},
				"south": {"uv": [0, 2, 0, 0], "rotation": 90, "texture": "#3"},
				"west": {"uv": [0, 3.5, 0, 0], "rotation": 90, "texture": "#3"},
				"up": {"uv": [0, 16, 3.5, 14], "rotation": 90, "texture": "#3"},
				"down": {"uv": [3.5, 16, 0, 14], "rotation": 90, "texture": "#3"}
			}
		},
		{
			"from": [2.19691, 15.85322, 6.5],
			"to": [2.19691, 19.85322, 11.5],
			"rotation": {"angle": 22.5, "axis": "z", "origin": [8, 19.27733, 4.53785]},
			"faces": {
				"north": {"uv": [13.5, 7.25, 13.5, 9.25], "texture": "#3"},
				"east": {"uv": [16, 7.25, 13.5, 9.25], "texture": "#3"},
				"south": {"uv": [13.5, 7.25, 13.5, 9.25], "texture": "#3"},
				"west": {"uv": [13.5, 7.25, 16, 9.25], "texture": "#3"},
				"up": {"uv": [13.5, 7.25, 13.5, 9.75], "texture": "#3"},
				"down": {"uv": [13.5, 7.25, 13.5, 9.75], "texture": "#3"}
			}
		},
		{
			"from": [13.80309, 15.85322, 6.5],
			"to": [13.80309, 19.85322, 11.5],
			"rotation": {"angle": -22.5, "axis": "z", "origin": [8, 19.27733, 4.53785]},
			"faces": {
				"north": {"uv": [13.5, 7.25, 13.5, 9.25], "texture": "#3"},
				"east": {"uv": [16, 7.25, 13.5, 9.25], "texture": "#3"},
				"south": {"uv": [13.5, 7.25, 13.5, 9.25], "texture": "#3"},
				"west": {"uv": [13.5, 7.25, 16, 9.25], "texture": "#3"},
				"up": {"uv": [13.5, 7.25, 13.5, 9.75], "texture": "#3"},
				"down": {"uv": [13.5, 7.25, 13.5, 9.75], "texture": "#3"}
			}
		},
		{
			"from": [9.67389, 12.86052, 0],
			"to": [13.67389, 12.86052, 7],
			"rotation": {"angle": 22.5, "axis": "z", "origin": [8, 19.27733, 4.53785]},
			"faces": {
				"north": {"uv": [0, 0, 0, 2], "rotation": 270, "texture": "#3"},
				"east": {"uv": [0, 0, 0, 3.5], "rotation": 90, "texture": "#3"},
				"south": {"uv": [0, 0, 0, 2], "rotation": 90, "texture": "#3"},
				"west": {"uv": [0, 0, 0, 3.5], "rotation": 90, "texture": "#3"},
				"up": {"uv": [0, 14, 3.5, 16], "rotation": 90, "texture": "#3"},
				"down": {"uv": [3.5, 14, 0, 16], "rotation": 90, "texture": "#3"}
			}
		},
		{
			"from": [6, 14.85, 9.1],
			"to": [6, 24.85, 17.1],
			"rotation": {"angle": 0, "axis": "y", "origin": [8, 19.27733, 4.53785]},
			"faces": {
				"north": {"uv": [0, 0, 5, 0], "rotation": 90, "texture": "#7"},
				"east": {"uv": [11, 12, 16, 16], "rotation": 270, "texture": "#7"},
				"south": {"uv": [0, 0, 5, 0], "rotation": 90, "texture": "#7"},
				"west": {"uv": [16, 12, 11, 16], "rotation": 90, "texture": "#7"},
				"up": {"uv": [11, 16, 11, 12], "texture": "#7"},
				"down": {"uv": [11, 16, 11, 12], "rotation": 180, "texture": "#7"}
			}
		},
		{
			"from": [10, 14.85, 9.1],
			"to": [10, 24.85, 17.1],
			"rotation": {"angle": 0, "axis": "y", "origin": [8, 19.27733, 4.53785]},
			"faces": {
				"north": {"uv": [0, 0, 5, 0], "rotation": 90, "texture": "#7"},
				"east": {"uv": [11, 12, 16, 16], "rotation": 270, "texture": "#7"},
				"south": {"uv": [0, 0, 5, 0], "rotation": 90, "texture": "#7"},
				"west": {"uv": [16, 12, 11, 16], "rotation": 90, "texture": "#7"},
				"up": {"uv": [11, 16, 11, 12], "texture": "#7"},
				"down": {"uv": [11, 16, 11, 12], "rotation": 180, "texture": "#7"}
			}
		}
	],
	"gui_light": "front",
	"display": {
		"thirdperson_righthand": {
			"rotation": [1.58, 0.49, -89.82],
			"translation": [-6, -2.25, 3],
			"scale": [0.75078, 0.75078, 0.75078]
		},
		"thirdperson_lefthand": {
			"rotation": [1.58, 0.49, -89.82],
			"translation": [-6, -2.25, 3],
			"scale": [0.75078, 0.75078, 0.75078]
		},
		"firstperson_righthand": {
			"rotation": [-0.31, 3.76, 89.28],
			"translation": [-8.75, 1.75, 3.5],
			"scale": [0.5, 0.5, 0.5]
		},
		"firstperson_lefthand": {
			"rotation": [-0.31, 3.76, 89.28],
			"translation": [-8.75, 1.75, 3.5],
			"scale": [0.5, 0.5, 0.5]
		},
		"ground": {
			"rotation": [45, 0, 0],
			"translation": [0, 5.25, 0],
			"scale": [0.35, 0.35, 0.35]
		},
		"gui": {
			"rotation": [88, 45, -88],
			"translation": [-0.5, 0.5, -2],
			"scale": [0.39258, 0.39258, 0.39258]
		},
		"head": {
			"rotation": [-135.5, 0, 0],
			"translation": [0, 20.5, 4.75],
			"scale": [0, 0, 0]
		},
		"fixed": {
			"rotation": [0, 0, 90],
			"translation": [-0.5, 2, -5.75],
			"scale": [1.4, 1.4, 1.4]
		}
	},
	"groups": [
		{
			"name": "group",
			"origin": [9.1, 5.25, 8],
			"color": 0,
			"children": [
				0,
				1,
				2,
				3,
				4,
				5,
				6,
				7,
				8,
				9,
				10,
				11,
				12,
				13,
				14,
				15,
				16,
				17,
				18,
				19,
				20,
				21,
				22,
				23,
				24,
				25,
				26,
				27,
				28,
				29,
				30,
				31,
				32,
				33,
				34,
				35,
				36,
				37,
				38,
				39,
				40,
				41,
				42,
				43,
				44,
				45,
				46,
				47,
				48
			]
		},
		{
			"name": "group",
			"origin": [9.1, 5.25, 8],
			"color": 0,
			"children": [
				49,
				50,
				51,
				52,
				53,
				54,
				55,
				56,
				57,
				58,
				59,
				60,
				61,
				62,
				63,
				64,
				65,
				66,
				67,
				68,
				69,
				70,
				71,
				72,
				73,
				74,
				75,
				76,
				77,
				78,
				79,
				80,
				81,
				82,
				83,
				84,
				85,
				86,
				87,
				88,
				89,
				90,
				91,
				92,
				93,
				94,
				95,
				96,
				97,
				98,
				99,
				100,
				101
			]
		}
	]
}