{
	"credit": "Made by PolygonMC",
	"textures": {
		"0": "fairyset:key",
		"particle": "fairyset:key"
	},
	"elements": [
		{
			"from": [7.25, 6.75, 8.8875],
			"to": [8.75, 9.25, 11.3875],
			"rotation": {"angle": -45, "axis": "x", "origin": [8, 8, 10.1375]},
			"faces": {
				"north": {"uv": [6, 4, 7.5, 6.5], "texture": "#0"},
				"east": {"uv": [3, 0, 5.5, 2.5], "texture": "#0"},
				"south": {"uv": [6, 7, 7.5, 9.5], "texture": "#0"},
				"west": {"uv": [3, 3, 5.5, 5.5], "texture": "#0"},
				"up": {"uv": [1.5, 10.5, 0, 8], "texture": "#0"},
				"down": {"uv": [9.5, 0, 8, 2.5], "texture": "#0"}
			}
		},
		{
			"from": [7, 7, 9.1375],
			"to": [9, 9, 11.1375],
			"rotation": {"angle": -45, "axis": "x", "origin": [8, 8, 10.1375]},
			"faces": {
				"north": {"uv": [0, 4, 2, 6], "texture": "#0"},
				"east": {"uv": [0, 6, 2, 8], "texture": "#0"},
				"south": {"uv": [6, 0, 8, 2], "texture": "#0"},
				"west": {"uv": [2, 6, 4, 8], "texture": "#0"},
				"up": {"uv": [8, 4, 6, 2], "texture": "#0"},
				"down": {"uv": [6, 6, 4, 8], "texture": "#0"}
			}
		},
		{
			"from": [7.5, 7.5, 5.1375],
			"to": [8.5, 8.5, 7.1375],
			"rotation": {"angle": 0, "axis": "y", "origin": [7.5, 7.5, 0.1375]},
			"faces": {
				"east": {"uv": [10, 2, 12, 3], "texture": "#0"},
				"west": {"uv": [6, 10, 8, 11], "texture": "#0"},
				"up": {"uv": [3, 6, 2, 4], "texture": "#0"},
				"down": {"uv": [6, 8, 5, 10], "texture": "#0"}
			}
		},
		{
			"from": [7.75, 6.4, 4.0125],
			"to": [8.25, 7.4, 4.7625],
			"rotation": {"angle": 0, "axis": "y", "origin": [7.5, 6.4, -2.2375]},
			"faces": {
				"north": {"uv": [8, 11, 8.5, 12], "texture": "#0"},
				"east": {"uv": [11, 3, 11.75, 4], "texture": "#0"},
				"south": {"uv": [9, 11, 9.5, 12], "texture": "#0"},
				"west": {"uv": [11, 4, 11.75, 5], "texture": "#0"},
				"down": {"uv": [12.5, 0, 12, 0.75], "texture": "#0"}
			}
		},
		{
			"from": [7.75, 6.4, 3.0125],
			"to": [8.25, 7.4, 3.7625],
			"rotation": {"angle": 0, "axis": "y", "origin": [7.5, 6.4, -3.2375]},
			"faces": {
				"north": {"uv": [10, 11, 10.5, 12], "texture": "#0"},
				"east": {"uv": [6, 11, 6.75, 12], "texture": "#0"},
				"south": {"uv": [11, 11, 11.5, 12], "texture": "#0"},
				"west": {"uv": [7, 11, 7.75, 12], "texture": "#0"},
				"down": {"uv": [12.5, 1, 12, 1.75], "texture": "#0"}
			}
		},
		{
			"from": [7.4, 7.4, 7.1375],
			"to": [8.6, 8.6, 9.1375],
			"rotation": {"angle": 0, "axis": "y", "origin": [7.5, 7.5, 2.1375]},
			"faces": {
				"north": {"uv": [10, 7, 11.25, 8.25], "texture": "#0"},
				"east": {"uv": [10, 0, 12, 1.25], "texture": "#0"},
				"west": {"uv": [2, 10, 4, 11.25], "texture": "#0"},
				"up": {"uv": [5.25, 12, 4, 10], "texture": "#0"},
				"down": {"uv": [11.25, 5, 10, 7], "texture": "#0"}
			}
		},
		{
			"from": [7.4, 7.4, 2.6375],
			"to": [8.6, 8.6, 5.1375],
			"rotation": {"angle": 0, "axis": "y", "origin": [7.5, 7.5, -1.8625]},
			"faces": {
				"north": {"uv": [10, 9, 11.25, 10.25], "texture": "#0"},
				"east": {"uv": [2, 8, 4.5, 9.25], "texture": "#0"},
				"south": {"uv": [0, 11, 1.25, 12.25], "texture": "#0"},
				"west": {"uv": [8, 3, 10.5, 4.25], "texture": "#0"},
				"up": {"uv": [9.25, 7.5, 8, 5], "texture": "#0"},
				"down": {"uv": [9.25, 8, 8, 10.5], "texture": "#0"}
			}
		},
		{
			"from": [6.66224, 7.03074, 11.45685],
			"to": [6.69224, 10.03074, 14.65685],
			"rotation": {"angle": -22.5, "axis": "y", "origin": [7.75, 8.53074, 12.6125]},
			"faces": {
				"east": {"uv": [12.75, 3.25, 15.75, 0], "rotation": 90, "texture": "#0"},
				"west": {"uv": [12.75, 0, 15.75, 3.25], "rotation": 90, "texture": "#0"}
			}
		},
		{
			"from": [9.30776, 7.03074, 11.45685],
			"to": [9.33776, 10.03074, 14.65685],
			"rotation": {"angle": 22.5, "axis": "y", "origin": [8.25, 8.53074, 12.6125]},
			"faces": {
				"east": {"uv": [15.75, 0, 12.75, 3.25], "rotation": 270, "texture": "#0"},
				"west": {"uv": [15.75, 3.25, 12.75, 0], "rotation": 270, "texture": "#0"}
			}
		}
	],
	"gui_light": "front",
	"display": {
		"thirdperson_righthand": {
			"rotation": [84, 0, 0],
			"translation": [0, 2.25, 0]
		},
		"thirdperson_lefthand": {
			"rotation": [84, 0, 0],
			"translation": [0, 2.25, 0]
		},
		"firstperson_righthand": {
			"rotation": [62.75, 0, -19],
			"translation": [-1.25, 5.25, 3]
		},
		"firstperson_lefthand": {
			"rotation": [62.75, 0, -19],
			"translation": [-1.25, 5.25, 3]
		},
		"ground": {
			"rotation": [45, 0, 0],
			"translation": [0, 5.75, 0],
			"scale": [1.40625, 1.40625, 1.40625]
		},
		"gui": {
			"rotation": [-90, 135, 90],
			"translation": [0, -0.5, 0],
			"scale": [1.89063, 1.89063, 1.89063]
		},
		"head": {
			"rotation": [90, -45, 90],
			"translation": [-1.25, -1.75, 0],
			"scale": [1.75391, 1.75391, 1.75391]
		},
		"fixed": {
			"rotation": [90, -45, 90],
			"translation": [-1.25, -1.25, -1.5],
			"scale": [1.97266, 1.97266, 1.97266]
		}
	}
}