{"credit": "MadebyPolygonMC", "textures": {"0": "camillaset:key", "particle": "camillaset:key"}, "elements": [{"from": [7.5, 7.4875, 9.9875], "to": [8.5, 9.9875, 12.4875], "rotation": {"angle": -45, "axis": "x", "origin": [8, 8.7375, 11.2375]}, "faces": {"north": {"uv": [3, 6, 4, 8.5], "texture": "#0"}, "east": {"uv": [0, 2, 2.5, 4.5], "texture": "#0"}, "south": {"uv": [0, 8, 1, 10.5], "texture": "#0"}, "west": {"uv": [3, 2, 5.5, 4.5], "texture": "#0"}, "up": {"uv": [2, 10.5, 1, 8], "texture": "#0"}, "down": {"uv": [3, 8, 2, 10.5], "texture": "#0"}}}, {"from": [7.25, 7.9875, 10.4875], "to": [8.75, 9.4875, 11.9875], "rotation": {"angle": -45, "axis": "x", "origin": [8, 8.7375, 11.2375]}, "faces": {"north": {"uv": [8, 3, 9.5, 4.5], "texture": "#0"}, "east": {"uv": [8, 5, 9.5, 6.5], "texture": "#0"}, "south": {"uv": [8, 7, 9.5, 8.5], "texture": "#0"}, "west": {"uv": [9, 0, 10.5, 1.5], "texture": "#0"}, "up": {"uv": [4.5, 10.5, 3, 9], "texture": "#0"}, "down": {"uv": [6.5, 9, 5, 10.5], "texture": "#0"}}}, {"from": [7.525, 8.2625, 6.4875], "to": [8.475, 9.2125, 10.4875], "rotation": {"angle": 0, "axis": "y", "origin": [7.5, 8.2375, 6.4875]}, "faces": {"east": {"uv": [0, 5, 4, 6], "texture": "#0"}, "west": {"uv": [5, 0, 9, 1], "texture": "#0"}, "up": {"uv": [5, 9, 4, 5], "texture": "#0"}, "down": {"uv": [6, 5, 5, 9], "texture": "#0"}}}, {"from": [7.725, 6.5375, 4.1625], "to": [8.275, 7.9875, 5.1625], "rotation": {"angle": 0, "axis": "y", "origin": [7.5, 7.0125, 4.1625]}, "faces": {"north": {"uv": [10, 6, 10.5, 7.5], "texture": "#0"}, "east": {"uv": [10, 2, 11, 3.5], "texture": "#0"}, "south": {"uv": [0, 11, 0.5, 12.5], "texture": "#0"}, "west": {"uv": [10, 4, 11, 5.5], "texture": "#0"}, "up": {"uv": [5.5, 2, 5, 1], "texture": "#0"}, "down": {"uv": [9.5, 2, 9, 3], "texture": "#0"}}}, {"from": [7.725, 6.5375, 5.4125], "to": [8.275, 7.9875, 6.4125], "rotation": {"angle": 0, "axis": "y", "origin": [7.5, 7.0125, 5.4125]}, "faces": {"north": {"uv": [10, 6, 10.5, 7.5], "texture": "#0"}, "east": {"uv": [10, 2, 11, 3.5], "texture": "#0"}, "south": {"uv": [0, 11, 0.5, 12.5], "texture": "#0"}, "west": {"uv": [10, 4, 11, 5.5], "texture": "#0"}, "up": {"uv": [5.5, 2, 5, 1], "texture": "#0"}, "down": {"uv": [9.5, 2, 9, 3], "texture": "#0"}}}, {"from": [7.25, 7.9875, 4.0125], "to": [8.75, 9.4875, 6.5125], "rotation": {"angle": 0, "axis": "y", "origin": [7.5, 8.2375, 4.5125]}, "faces": {"north": {"uv": [7, 9, 8.5, 10.5], "texture": "#0"}, "east": {"uv": [0, 6, 2.5, 7.5], "texture": "#0"}, "south": {"uv": [9, 9, 10.5, 10.5], "texture": "#0"}, "west": {"uv": [6, 1, 8.5, 2.5], "texture": "#0"}, "up": {"uv": [7.5, 5.5, 6, 3], "texture": "#0"}, "down": {"uv": [7.5, 6, 6, 8.5], "texture": "#0"}}}, {"from": [7.375, 8.35747, 10.6], "to": [7.375, 10.35747, 15.6], "rotation": {"angle": -22.5, "axis": "x", "origin": [7.375, 8.35747, 10.6]}, "faces": {"north": {"uv": [0, 0, 0, 2], "texture": "#0"}, "east": {"uv": [5, 0, 0, 2], "texture": "#0"}, "south": {"uv": [0, 0, 0, 2], "texture": "#0"}, "west": {"uv": [0, 0, 5, 2], "texture": "#0"}, "up": {"uv": [0, 5, 0, 0], "texture": "#0"}, "down": {"uv": [0, 0, 0, 5], "texture": "#0"}}}, {"from": [8.625, 8.35747, 10.6], "to": [8.625, 10.35747, 15.6], "rotation": {"angle": -22.5, "axis": "x", "origin": [8.625, 8.35747, 10.6]}, "faces": {"north": {"uv": [0, 0, 0, 2], "texture": "#0"}, "east": {"uv": [5, 0, 0, 2], "texture": "#0"}, "south": {"uv": [0, 0, 0, 2], "texture": "#0"}, "west": {"uv": [0, 0, 5, 2], "texture": "#0"}, "up": {"uv": [0, 5, 0, 0], "texture": "#0"}, "down": {"uv": [0, 0, 0, 5], "texture": "#0"}}}], "gui_light": "front", "display": {"thirdperson_righthand": {"rotation": [68, 0, 0], "translation": [0, 2.75, -1.25]}, "thirdperson_lefthand": {"rotation": [68, 0, 0], "translation": [0, 2.75, -1.25]}, "firstperson_righthand": {"rotation": [55.25, 0, -25], "translation": [-3.5, 6.25, 3.25]}, "firstperson_lefthand": {"rotation": [55.25, 0, -25], "translation": [-3.5, 6.25, 3.25]}, "ground": {"rotation": [45, 0, 0], "translation": [0, 5, 0], "scale": [1.43164, 1.43164, 1.43164]}, "gui": {"rotation": [-90, 135, 90], "translation": [-0.25, 0, 0], "scale": [1.80664, 1.80664, 1.80664]}, "head": {"scale": [1.5, 1.5, 1.5]}, "fixed": {"rotation": [90, -45, 90], "translation": [0.75, -1.25, 0], "scale": [2.24805, 2.24805, 2.24805]}}}