{"credit":"MadewithBlockbench","texture_size":[128,128],"textures":{"0":"elitecreatures:bahamut_animated_weapon_set/bahamut_texture_01","2":"elitecreatures:bahamut_animated_weapon_set/bahamut_animation_02","4":"elitecreatures:bahamut_animated_weapon_set/bahamut_animation_03","particle":"elitecreatures:bahamut_animated_weapon_set/bahamut_texture_01"},"elements":[{"from":[7.25,-5,7.25],"to":[8.75,4,8.75],"rotation":{"angle":0,"axis":"y","origin":[0,-6,-9]},"faces":{"north":{"uv":[4.1875,0,4.375,1.125],"texture":"#0"},"east":{"uv":[4.1875,0,4.375,1.125],"texture":"#0"},"south":{"uv":[4.1875,0,4.375,1.125],"texture":"#0"},"west":{"uv":[4.1875,0,4.375,1.125],"texture":"#0"},"up":{"uv":[2.5625,1.125,2.75,1.3125],"texture":"#0"},"down":{"uv":[2.5625,1.125,2.75,1.3125],"texture":"#0"}}},{"from":[7.75,16.8,12.6],"to":[9.25,17.8,14.1],"rotation":{"angle":22.5,"axis":"x","origin":[8.5,19.30825,14.05421]},"faces":{"north":{"uv":[2.9375,1.125,2.75,1.25],"rotation":180,"texture":"#0"},"east":{"uv":[2.9375,1.4375,2.75,1.5625],"texture":"#0"},"south":{"uv":[2.9375,1.125,2.75,1.25],"rotation":180,"texture":"#0"},"west":{"uv":[2.9375,1.4375,2.75,1.5625],"texture":"#0"},"up":{"uv":[2.75,1.4375,2.9375,1.25],"rotation":90,"texture":"#0"},"down":{"uv":[2.75,1.4375,2.9375,1.25],"rotation":90,"texture":"#0"}}},{"from":[8,18.3,11.6],"to":[9,19.8,12.6],"rotation":{"angle":-22.5,"axis":"x","origin":[8.5,19.30825,14.05421]},"faces":{"north":{"uv":[3.125,1.25,2.9375,1.375],"rotation":90,"texture":"#0"},"east":{"uv":[3.125,1.125,2.9375,1.25],"rotation":270,"texture":"#0"},"south":{"uv":[3.125,1.25,2.9375,1.375],"rotation":90,"texture":"#0"},"west":{"uv":[3.125,1.25,2.9375,1.125],"rotation":270,"texture":"#0"},"up":{"uv":[2.75,1.6875,2.875,1.5625],"rotation":180,"texture":"#0"},"down":{"uv":[2.75,1.6875,2.875,1.5625],"rotation":180,"texture":"#0"}}},{"from":[8.5,17.5,10.7],"to":[8.5,20.6,12.7],"rotation":{"angle":-22.5,"axis":"x","origin":[8.5,19.05,11.7]},"faces":{"north":{"uv":[4.7625,0,4.375,0],"rotation":90,"texture":"#0"},"east":{"uv":[4.825,0,4.4375,0.25],"rotation":270,"texture":"#0"},"south":{"uv":[4.1875,1,3.9375,0.875],"rotation":90,"texture":"#0"},"west":{"uv":[4.825,0.25,4.4375,0],"rotation":270,"texture":"#0"},"up":{"uv":[3.25,1.3125,3.125,1.1875],"rotation":180,"texture":"#0"},"down":{"uv":[3.25,1.3125,3.125,1.1875],"rotation":180,"texture":"#0"}}},{"from":[9.1,19.5,14.88567],"to":[9.9,21.5,15.88567],"rotation":{"angle":22.5,"axis":"x","origin":[8.5,19.40825,14.05421]},"faces":{"north":{"uv":[4.1875,1,3.9375,0.875],"rotation":90,"texture":"#0"},"east":{"uv":[4.1875,1.125,3.9375,1],"rotation":270,"texture":"#0"},"south":{"uv":[4.1875,1,3.9375,0.875],"rotation":90,"texture":"#0"},"west":{"uv":[4.1875,1.125,3.9375,1],"rotation":270,"texture":"#0"},"up":{"uv":[3.125,1.1875,3.25,1.3125],"rotation":180,"texture":"#0"},"down":{"uv":[3.125,1.1875,3.25,1.3125],"rotation":180,"texture":"#0"}}},{"from":[7.3,16.55201,12.02476],"to":[9.7,17.55201,14.52476],"rotation":{"angle":-45,"axis":"x","origin":[8.5,19.40825,14.05421]},"faces":{"north":{"uv":[4.1875,0.875,3.9375,0.75],"texture":"#0"},"east":{"uv":[3.9375,1.25,3.625,1.125],"texture":"#0"},"south":{"uv":[4.1875,0.875,3.9375,0.75],"texture":"#0"},"west":{"uv":[3.9375,1.25,3.625,1.125],"texture":"#0"},"up":{"uv":[3.625,0.875,3.9375,1.125],"rotation":270,"texture":"#0"},"down":{"uv":[3.625,0.875,3.9375,1.125],"rotation":270,"texture":"#0"}}},{"from":[7.15,17.55201,11.52476],"to":[9.85,19.05201,15.52476],"rotation":{"angle":-45,"axis":"x","origin":[8.5,19.40825,14.05421]},"faces":{"north":{"uv":[3.9375,0.875,3.625,0.6875],"texture":"#0"},"east":{"uv":[3.625,0.875,3.125,0.6875],"texture":"#0"},"south":{"uv":[3.9375,0.875,3.625,0.6875],"texture":"#0"},"west":{"uv":[3.625,0.875,3.125,0.6875],"texture":"#0"},"up":{"uv":[3.125,0.875,3.625,1.1875],"rotation":270,"texture":"#0"},"down":{"uv":[3.125,0.875,3.625,1.1875],"rotation":270,"texture":"#0"}}},{"from":[7.1,19.5,14.88567],"to":[7.9,21.5,15.88567],"rotation":{"angle":22.5,"axis":"x","origin":[8.5,19.40825,14.05421]},"faces":{"north":{"uv":[4.1875,1,3.9375,0.875],"rotation":90,"texture":"#0"},"east":{"uv":[4.1875,1.125,3.9375,1],"rotation":270,"texture":"#0"},"south":{"uv":[4.1875,1,3.9375,0.875],"rotation":90,"texture":"#0"},"west":{"uv":[4.1875,1.125,3.9375,1],"rotation":270,"texture":"#0"},"up":{"uv":[3.125,1.1875,3.25,1.3125],"rotation":180,"texture":"#0"},"down":{"uv":[3.125,1.1875,3.25,1.3125],"rotation":180,"texture":"#0"}}},{"from":[8.1,19.9,15.08567],"to":[8.9,21.9,16.08567],"rotation":{"angle":22.5,"axis":"x","origin":[8.5,19.40825,14.05421]},"faces":{"north":{"uv":[4.1875,1,3.9375,0.875],"rotation":90,"texture":"#0"},"east":{"uv":[4.1875,1.125,3.9375,1],"rotation":270,"texture":"#0"},"south":{"uv":[4.1875,1,3.9375,0.875],"rotation":90,"texture":"#0"},"west":{"uv":[4.1875,1.125,3.9375,1],"rotation":270,"texture":"#0"},"up":{"uv":[3.125,1.1875,3.25,1.3125],"rotation":180,"texture":"#0"},"down":{"uv":[3.125,1.1875,3.25,1.3125],"rotation":180,"texture":"#0"}}},{"from":[9.8,19.2,15.1],"to":[9.8,22.3,17.1],"rotation":{"angle":-22.5,"axis":"z","origin":[9.8,20.75,16.1]},"faces":{"north":{"uv":[4.1875,1,3.9375,0.875],"rotation":90,"texture":"#0"},"east":{"uv":[4.825,0.25,4.4375,0],"rotation":270,"texture":"#0"},"south":{"uv":[4.7625,0,4.375,0],"rotation":90,"texture":"#0"},"west":{"uv":[4.825,0,4.4375,0.25],"rotation":270,"texture":"#0"},"up":{"uv":[3.125,1.1875,3.25,1.3125],"rotation":180,"texture":"#0"},"down":{"uv":[3.125,1.1875,3.25,1.3125],"rotation":180,"texture":"#0"}}},{"from":[8.5,19.5,15.5],"to":[8.5,22.6,17.5],"rotation":{"angle":0,"axis":"y","origin":[8.5,19.40825,14.05421]},"faces":{"north":{"uv":[4.1875,0.875,3.9375,1],"rotation":90,"texture":"#0"},"east":{"uv":[4.825,0.25,4.4375,0],"rotation":270,"texture":"#0"},"south":{"uv":[4.7625,0,4.375,0],"rotation":90,"texture":"#0"},"west":{"uv":[4.825,0,4.4375,0.25],"rotation":270,"texture":"#0"},"up":{"uv":[3.25,1.1875,3.125,1.3125],"rotation":180,"texture":"#0"},"down":{"uv":[3.25,1.1875,3.125,1.3125],"rotation":180,"texture":"#0"}}},{"from":[7.2,19.2,15.1],"to":[7.2,22.3,17.1],"rotation":{"angle":22.5,"axis":"z","origin":[7.2,20.75,16.1]},"faces":{"north":{"uv":[4.1875,0.875,3.9375,1],"rotation":90,"texture":"#0"},"east":{"uv":[4.825,0.25,4.4375,0],"rotation":270,"texture":"#0"},"south":{"uv":[4.7625,0,4.375,0],"rotation":90,"texture":"#0"},"west":{"uv":[4.825,0,4.4375,0.25],"rotation":270,"texture":"#0"},"up":{"uv":[3.25,1.1875,3.125,1.3125],"rotation":180,"texture":"#0"},"down":{"uv":[3.25,1.1875,3.125,1.3125],"rotation":180,"texture":"#0"}}},{"from":[8.5,17.5,3.3],"to":[8.5,20.6,5.3],"rotation":{"angle":22.5,"axis":"x","origin":[8.5,19.05,4.3]},"faces":{"north":{"uv":[4.1875,0.875,3.9375,1],"rotation":90,"texture":"#0"},"east":{"uv":[4.825,0.25,4.4375,0],"rotation":270,"texture":"#0"},"south":{"uv":[4.7625,0,4.375,0],"rotation":90,"texture":"#0"},"west":{"uv":[4.825,0,4.4375,0.25],"rotation":270,"texture":"#0"},"up":{"uv":[3.25,1.1875,3.125,1.3125],"rotation":180,"texture":"#0"},"down":{"uv":[3.25,1.1875,3.125,1.3125],"rotation":180,"texture":"#0"}}},{"from":[8,18.3,3.4],"to":[9,19.8,4.4],"rotation":{"angle":22.5,"axis":"x","origin":[8.5,19.30825,1.94579]},"faces":{"north":{"uv":[3.125,1.375,2.9375,1.25],"rotation":90,"texture":"#0"},"east":{"uv":[3.125,1.25,2.9375,1.125],"rotation":270,"texture":"#0"},"south":{"uv":[3.125,1.375,2.9375,1.25],"rotation":90,"texture":"#0"},"west":{"uv":[3.125,1.125,2.9375,1.25],"rotation":270,"texture":"#0"},"up":{"uv":[2.75,1.5625,2.875,1.6875],"rotation":180,"texture":"#0"},"down":{"uv":[2.75,1.5625,2.875,1.6875],"rotation":180,"texture":"#0"}}},{"from":[7.15,17.55201,0.47524],"to":[9.85,19.05201,4.47524],"rotation":{"angle":45,"axis":"x","origin":[8.5,19.40825,1.94579]},"faces":{"north":{"uv":[3.625,0.875,3.9375,0.6875],"texture":"#0"},"east":{"uv":[3.125,0.875,3.625,0.6875],"texture":"#0"},"south":{"uv":[3.625,0.875,3.9375,0.6875],"texture":"#0"},"west":{"uv":[3.125,0.875,3.625,0.6875],"texture":"#0"},"up":{"uv":[3.625,0.875,3.125,1.1875],"rotation":270,"texture":"#0"},"down":{"uv":[3.625,0.875,3.125,1.1875],"rotation":270,"texture":"#0"}}},{"from":[7.75,16.8,1.9],"to":[9.25,17.8,3.4],"rotation":{"angle":-22.5,"axis":"x","origin":[8.5,19.30825,1.94579]},"faces":{"north":{"uv":[2.75,1.125,2.9375,1.25],"rotation":180,"texture":"#0"},"east":{"uv":[2.75,1.4375,2.9375,1.5625],"texture":"#0"},"south":{"uv":[2.75,1.125,2.9375,1.25],"rotation":180,"texture":"#0"},"west":{"uv":[2.75,1.4375,2.9375,1.5625],"texture":"#0"},"up":{"uv":[2.9375,1.4375,2.75,1.25],"rotation":90,"texture":"#0"},"down":{"uv":[2.9375,1.4375,2.75,1.25],"rotation":90,"texture":"#0"}}},{"from":[9.1,19.5,0.11433],"to":[9.9,21.5,1.11433],"rotation":{"angle":-22.5,"axis":"x","origin":[8.5,19.40825,1.94579]},"faces":{"north":{"uv":[4.1875,0.875,3.9375,1],"rotation":90,"texture":"#0"},"east":{"uv":[4.1875,1,3.9375,1.125],"rotation":270,"texture":"#0"},"south":{"uv":[4.1875,0.875,3.9375,1],"rotation":90,"texture":"#0"},"west":{"uv":[4.1875,1,3.9375,1.125],"rotation":270,"texture":"#0"},"up":{"uv":[3.125,1.3125,3.25,1.1875],"rotation":180,"texture":"#0"},"down":{"uv":[3.125,1.3125,3.25,1.1875],"rotation":180,"texture":"#0"}}},{"from":[9.8,19.2,-1.1],"to":[9.8,22.3,0.9],"rotation":{"angle":-22.5,"axis":"z","origin":[9.8,20.75,-0.1]},"faces":{"north":{"uv":[4.7625,0,4.375,0],"rotation":90,"texture":"#0"},"east":{"uv":[4.825,0,4.4375,0.25],"rotation":270,"texture":"#0"},"south":{"uv":[4.1875,0.875,3.9375,1],"rotation":90,"texture":"#0"},"west":{"uv":[4.825,0.25,4.4375,0],"rotation":270,"texture":"#0"},"up":{"uv":[3.125,1.3125,3.25,1.1875],"rotation":180,"texture":"#0"},"down":{"uv":[3.125,1.3125,3.25,1.1875],"rotation":180,"texture":"#0"}}},{"from":[8.5,19.5,-1.5],"to":[8.5,22.6,0.5],"rotation":{"angle":0,"axis":"y","origin":[8.5,19.40825,1.94579]},"faces":{"north":{"uv":[4.7625,0,4.375,0],"rotation":90,"texture":"#0"},"east":{"uv":[4.825,0,4.4375,0.25],"rotation":270,"texture":"#0"},"south":{"uv":[4.1875,1,3.9375,0.875],"rotation":90,"texture":"#0"},"west":{"uv":[4.825,0.25,4.4375,0],"rotation":270,"texture":"#0"},"up":{"uv":[3.25,1.3125,3.125,1.1875],"rotation":180,"texture":"#0"},"down":{"uv":[3.25,1.3125,3.125,1.1875],"rotation":180,"texture":"#0"}}},{"from":[8.1,19.9,-0.08567],"to":[8.9,21.9,0.91433],"rotation":{"angle":-22.5,"axis":"x","origin":[8.5,19.40825,1.94579]},"faces":{"north":{"uv":[4.1875,0.875,3.9375,1],"rotation":90,"texture":"#0"},"east":{"uv":[4.1875,1,3.9375,1.125],"rotation":270,"texture":"#0"},"south":{"uv":[4.1875,0.875,3.9375,1],"rotation":90,"texture":"#0"},"west":{"uv":[4.1875,1,3.9375,1.125],"rotation":270,"texture":"#0"},"up":{"uv":[3.125,1.3125,3.25,1.1875],"rotation":180,"texture":"#0"},"down":{"uv":[3.125,1.3125,3.25,1.1875],"rotation":180,"texture":"#0"}}},{"from":[7.2,19.2,-1.1],"to":[7.2,22.3,0.9],"rotation":{"angle":22.5,"axis":"z","origin":[7.2,20.75,-0.1]},"faces":{"north":{"uv":[4.7625,0,4.375,0],"rotation":90,"texture":"#0"},"east":{"uv":[4.825,0,4.4375,0.25],"rotation":270,"texture":"#0"},"south":{"uv":[4.1875,1,3.9375,0.875],"rotation":90,"texture":"#0"},"west":{"uv":[4.825,0.25,4.4375,0],"rotation":270,"texture":"#0"},"up":{"uv":[3.25,1.3125,3.125,1.1875],"rotation":180,"texture":"#0"},"down":{"uv":[3.25,1.3125,3.125,1.1875],"rotation":180,"texture":"#0"}}},{"from":[7.1,19.5,0.11433],"to":[7.9,21.5,1.11433],"rotation":{"angle":-22.5,"axis":"x","origin":[8.5,19.40825,1.94579]},"faces":{"north":{"uv":[4.1875,0.875,3.9375,1],"rotation":90,"texture":"#0"},"east":{"uv":[4.1875,1,3.9375,1.125],"rotation":270,"texture":"#0"},"south":{"uv":[4.1875,0.875,3.9375,1],"rotation":90,"texture":"#0"},"west":{"uv":[4.1875,1,3.9375,1.125],"rotation":270,"texture":"#0"},"up":{"uv":[3.125,1.3125,3.25,1.1875],"rotation":180,"texture":"#0"},"down":{"uv":[3.125,1.3125,3.25,1.1875],"rotation":180,"texture":"#0"}}},{"from":[7.3,16.55201,1.47524],"to":[9.7,17.55201,3.97524],"rotation":{"angle":45,"axis":"x","origin":[8.5,19.40825,1.94579]},"faces":{"north":{"uv":[3.9375,0.875,4.1875,0.75],"texture":"#0"},"east":{"uv":[3.625,1.25,3.9375,1.125],"texture":"#0"},"south":{"uv":[3.9375,0.875,4.1875,0.75],"texture":"#0"},"west":{"uv":[3.625,1.25,3.9375,1.125],"texture":"#0"},"up":{"uv":[3.9375,0.875,3.625,1.125],"rotation":270,"texture":"#0"},"down":{"uv":[3.9375,0.875,3.625,1.125],"rotation":270,"texture":"#0"}}},{"from":[7.25,-11,7.25],"to":[8.75,-5,8.75],"rotation":{"angle":0,"axis":"y","origin":[0,22,-9]},"faces":{"north":{"uv":[4.1875,0.8125,4.375,0.0625],"texture":"#0"},"east":{"uv":[4.1875,0.8125,4.375,0.0625],"texture":"#0"},"south":{"uv":[4.1875,0.8125,4.375,0.0625],"texture":"#0"},"west":{"uv":[4.1875,0.8125,4.375,0.0625],"texture":"#0"},"up":{"uv":[2.5625,1.3125,2.75,1.125],"texture":"#0"},"down":{"uv":[2.5625,1.3125,2.75,1.125],"texture":"#0"}}},{"from":[7,3.5,7],"to":[9,9.5,9],"rotation":{"angle":0,"axis":"y","origin":[0,-7,-9]},"faces":{"north":{"uv":[3.9375,0,4.1875,0.75],"texture":"#0"},"east":{"uv":[3.9375,0,4.1875,0.75],"texture":"#0"},"south":{"uv":[3.9375,0,4.1875,0.75],"texture":"#0"},"west":{"uv":[3.9375,0,4.1875,0.75],"texture":"#0"},"up":{"uv":[3.6875,0.375,3.9375,0.625],"texture":"#0"},"down":{"uv":[3.6875,0.375,3.9375,0.625],"texture":"#0"}}},{"from":[7.6,-15.3,6.01433],"to":[8.4,-13.3,7.01433],"rotation":{"angle":22.5,"axis":"x","origin":[8,-12.80825,8.04579]},"faces":{"north":{"uv":[3.9375,0.875,4.1875,1],"rotation":90,"texture":"#0"},"east":{"uv":[3.9375,1,4.1875,1.125],"rotation":270,"texture":"#0"},"south":{"uv":[3.9375,0.875,4.1875,1],"rotation":90,"texture":"#0"},"west":{"uv":[3.9375,1,4.1875,1.125],"rotation":270,"texture":"#0"},"up":{"uv":[3.125,1.1875,3.25,1.3125],"rotation":180,"texture":"#0"},"down":{"uv":[3.125,1.1875,3.25,1.3125],"rotation":180,"texture":"#0"}}},{"from":[6.6,-14.9,6.21433],"to":[7.4,-12.9,7.21433],"rotation":{"angle":22.5,"axis":"x","origin":[8,-12.80825,8.04579]},"faces":{"north":{"uv":[3.9375,0.875,4.1875,1],"rotation":90,"texture":"#0"},"east":{"uv":[3.9375,1,4.1875,1.125],"rotation":270,"texture":"#0"},"south":{"uv":[3.9375,0.875,4.1875,1],"rotation":90,"texture":"#0"},"west":{"uv":[3.9375,1,4.1875,1.125],"rotation":270,"texture":"#0"},"up":{"uv":[3.125,1.1875,3.25,1.3125],"rotation":180,"texture":"#0"},"down":{"uv":[3.125,1.1875,3.25,1.3125],"rotation":180,"texture":"#0"}}},{"from":[7.43105,10.16895,5.5],"to":[11.93105,16.16895,10.5],"rotation":{"angle":0,"axis":"y","origin":[9.63105,14.3,8]},"faces":{"north":{"uv":[0.5625,0,0,0.75],"texture":"#0"},"east":{"uv":[0.5625,0,1.1875,0.75],"texture":"#0"},"south":{"uv":[0,0,0.5625,0.75],"texture":"#0"},"west":{"uv":[0.5625,0,1.1875,0.75],"texture":"#0"},"up":{"uv":[0,0.75,0.5625,1.375],"texture":"#0"},"down":{"uv":[0,0.75,0.5625,1.375],"texture":"#0"}}},{"from":[7.43105,16.2,5.75],"to":[9.93105,20.2,10.25],"rotation":{"angle":-22.5,"axis":"z","origin":[7.38105,16.16895,8]},"faces":{"north":{"uv":[0.875,0.75,1.1875,1.25],"texture":"#0"},"east":{"uv":[1.1875,0,1.75,0.5],"texture":"#0"},"south":{"uv":[0.875,0.75,1.1875,1.25],"texture":"#0"},"west":{"uv":[1.1875,0.5,1.75,1],"texture":"#0"},"up":{"uv":[0.5625,0.75,0.875,1.3125],"texture":"#0"},"down":{"uv":[0.5625,0.75,0.875,1.3125],"texture":"#0"}}},{"from":[5.93105,10.16895,6.25],"to":[7.43105,16.16895,9.75],"rotation":{"angle":0,"axis":"y","origin":[9.63105,10.3,8]},"faces":{"north":{"uv":[2.5625,0.5625,2.375,1.3125],"texture":"#0"},"east":{"uv":[1.9375,0.5625,2.375,1.3125],"texture":"#0"},"south":{"uv":[2.375,0.5625,2.5625,1.3125],"texture":"#0"},"west":{"uv":[1.9375,0.5625,2.375,1.3125],"texture":"#0"},"up":{"uv":[1.75,0.9375,1.9375,1.375],"texture":"#0"},"down":{"uv":[1.75,0.9375,1.9375,1.375],"texture":"#0"}}},{"from":[5.93105,15.5,6.5],"to":[7.43105,20,9.5],"rotation":{"angle":22.5,"axis":"z","origin":[6.93105,16.16895,8]},"faces":{"north":{"uv":[1.9375,0,1.75,0.5625],"texture":"#0"},"east":{"uv":[2.3125,0,2.6875,0.5625],"texture":"#0"},"south":{"uv":[1.75,0,1.9375,0.5625],"texture":"#0"},"west":{"uv":[1.9375,0,2.3125,0.5625],"texture":"#0"},"up":{"uv":[1.75,0.5625,1.9375,0.9375],"texture":"#0"},"down":{"uv":[1.75,0.5625,1.9375,0.9375],"texture":"#0"}}},{"from":[5.79509,10.16895,5.8028],"to":[8.29509,15.16895,7.8028],"rotation":{"angle":-22.5,"axis":"y","origin":[9.63105,14.3,7.5]},"faces":{"north":{"uv":[2.6875,0,3,0.625],"rotation":180,"texture":"#0"},"east":{"uv":[3,0,3.25,0.625],"texture":"#0"},"south":{"uv":[2.6875,0,3,0.625],"rotation":180,"texture":"#0"},"west":{"uv":[3,0,3.25,0.625],"texture":"#0"},"up":{"uv":[1.1875,1,1.5,1.25],"texture":"#0"},"down":{"uv":[1.1875,1,1.5,1.25],"texture":"#0"}}},{"from":[10.52153,11.90231,5],"to":[12.52153,15.90231,7.5],"rotation":{"angle":22.5,"axis":"z","origin":[9.63105,14.3,8]},"faces":{"north":{"uv":[2.875,0.625,3.125,1.125],"rotation":180,"texture":"#0"},"east":{"uv":[2.5625,0.625,2.875,1.125],"texture":"#0"},"south":{"uv":[2.875,0.625,3.125,1.125],"rotation":180,"texture":"#0"},"west":{"uv":[2.5625,0.625,2.875,1.125],"texture":"#0"},"up":{"uv":[1.5,1.1875,1.75,1.5],"texture":"#0"},"down":{"uv":[1.5,1.1875,1.75,1.5],"texture":"#0"}}},{"from":[6.43105,9.16895,6],"to":[10.93105,10.16895,10],"rotation":{"angle":0,"axis":"y","origin":[9.63105,14.3,8]},"faces":{"north":{"uv":[0.25,1.625,0.8125,1.75],"texture":"#0"},"east":{"uv":[0.25,1.625,0.75,1.75],"texture":"#0"},"south":{"uv":[0.25,1.625,0.8125,1.75],"texture":"#0"},"west":{"uv":[0.25,1.625,0.75,1.75],"texture":"#0"},"up":{"uv":[0.9375,1.25,1.5,1.75],"texture":"#0"},"down":{"uv":[0.9375,1.25,1.5,1.75],"texture":"#0"}}},{"from":[11.33105,10.06895,5.5],"to":[13.33105,13.06895,7.5],"rotation":{"angle":22.5,"axis":"x","origin":[9.63105,14.3,8]},"faces":{"north":{"uv":[2,1.3125,2.25,1.6875],"texture":"#0"},"east":{"uv":[1.75,1.375,2,1.75],"texture":"#0"},"south":{"uv":[2,1.3125,2.25,1.6875],"texture":"#0"},"west":{"uv":[1.75,1.375,2,1.75],"texture":"#0"},"up":{"uv":[1.5,1.5,1.75,1.75],"texture":"#0"},"down":{"uv":[1.5,1.5,1.75,1.75],"texture":"#0"}}},{"from":[8.33105,8.43534,6.52284],"to":[10.33105,11.93534,8.52284],"rotation":{"angle":45,"axis":"x","origin":[9.63105,14.3,8]},"faces":{"north":{"uv":[0.25,1.375,0,1.8125],"rotation":180,"texture":"#0"},"east":{"uv":[0.25,1.375,0,1.8125],"rotation":180,"texture":"#0"},"south":{"uv":[0.25,1.375,0,1.8125],"rotation":180,"texture":"#0"},"west":{"uv":[0.25,1.375,0,1.8125],"rotation":180,"texture":"#0"},"up":{"uv":[0.5,1.375,0.25,1.625],"rotation":180,"texture":"#0"},"down":{"uv":[0.5,1.375,0.25,1.625],"rotation":180,"texture":"#0"}}},{"from":[8.73105,9.5,2.05397],"to":[10.23105,11,4.55397],"rotation":{"angle":-22.5,"axis":"x","origin":[9.48105,8.75142,2.80397]},"faces":{"north":{"uv":[1.5,1.1875,1.6875,1],"rotation":270,"texture":"#0"},"east":{"uv":[0.5625,1.625,0.75,1.3125],"rotation":90,"texture":"#0"},"south":{"uv":[1.5,1.1875,1.6875,1],"rotation":270,"texture":"#0"},"west":{"uv":[0.5625,1.625,0.75,1.3125],"rotation":90,"texture":"#0"},"up":{"uv":[0.75,1.625,0.9375,1.3125],"texture":"#0"},"down":{"uv":[0.75,1.625,0.9375,1.3125],"texture":"#0"}}},{"from":[8.73105,9.5,11.44603],"to":[10.23105,11,13.94603],"rotation":{"angle":22.5,"axis":"x","origin":[9.48105,8.75142,13.19603]},"faces":{"north":{"uv":[1.5,1,1.6875,1.1875],"rotation":270,"texture":"#0"},"east":{"uv":[0.5625,1.3125,0.75,1.625],"rotation":90,"texture":"#0"},"south":{"uv":[1.5,1,1.6875,1.1875],"rotation":270,"texture":"#0"},"west":{"uv":[0.5625,1.3125,0.75,1.625],"rotation":90,"texture":"#0"},"up":{"uv":[0.75,1.3125,0.9375,1.625],"texture":"#0"},"down":{"uv":[0.75,1.3125,0.9375,1.625],"texture":"#0"}}},{"from":[8.33105,8.43534,7.47716],"to":[10.33105,11.93534,9.47716],"rotation":{"angle":-45,"axis":"x","origin":[9.63105,14.3,8]},"faces":{"north":{"uv":[0,1.375,0.25,1.8125],"rotation":180,"texture":"#0"},"east":{"uv":[0,1.375,0.25,1.8125],"rotation":180,"texture":"#0"},"south":{"uv":[0,1.375,0.25,1.8125],"rotation":180,"texture":"#0"},"west":{"uv":[0,1.375,0.25,1.8125],"rotation":180,"texture":"#0"},"up":{"uv":[0.5,1.625,0.25,1.375],"rotation":180,"texture":"#0"},"down":{"uv":[0.5,1.625,0.25,1.375],"rotation":180,"texture":"#0"}}},{"from":[5.79509,10.16895,8.1972],"to":[8.29509,15.16895,10.1972],"rotation":{"angle":22.5,"axis":"y","origin":[9.63105,14.3,8.5]},"faces":{"north":{"uv":[3,0,2.6875,0.625],"rotation":180,"texture":"#0"},"east":{"uv":[3.25,0,3,0.625],"texture":"#0"},"south":{"uv":[3,0,2.6875,0.625],"rotation":180,"texture":"#0"},"west":{"uv":[3.25,0,3,0.625],"texture":"#0"},"up":{"uv":[1.1875,1.25,1.5,1],"texture":"#0"},"down":{"uv":[1.1875,1.25,1.5,1],"texture":"#0"}}},{"from":[11.33105,10.06895,8.5],"to":[13.33105,13.06895,10.5],"rotation":{"angle":-22.5,"axis":"x","origin":[9.63105,14.3,8]},"faces":{"north":{"uv":[2.25,1.3125,2,1.6875],"texture":"#0"},"east":{"uv":[2,1.375,1.75,1.75],"texture":"#0"},"south":{"uv":[2.25,1.3125,2,1.6875],"texture":"#0"},"west":{"uv":[2,1.375,1.75,1.75],"texture":"#0"},"up":{"uv":[1.5,1.75,1.75,1.5],"texture":"#0"},"down":{"uv":[1.5,1.75,1.75,1.5],"texture":"#0"}}},{"from":[10.52153,11.90231,8.5],"to":[12.52153,15.90231,11],"rotation":{"angle":22.5,"axis":"z","origin":[9.63105,14.3,8]},"faces":{"north":{"uv":[3.125,0.625,2.875,1.125],"rotation":180,"texture":"#0"},"east":{"uv":[2.875,0.625,2.5625,1.125],"texture":"#0"},"south":{"uv":[3.125,0.625,2.875,1.125],"rotation":180,"texture":"#0"},"west":{"uv":[2.875,0.625,2.5625,1.125],"texture":"#0"},"up":{"uv":[1.5,1.5,1.75,1.1875],"texture":"#0"},"down":{"uv":[1.5,1.5,1.75,1.1875],"texture":"#0"}}},{"from":[12.5,5.06895,9.5],"to":[15.5,13.06895,9.5],"rotation":{"angle":-22.5,"axis":"x","origin":[9.63105,14.3,8]},"faces":{"north":{"uv":[4.4375,0.3125,4.8125,1.3125],"texture":"#0"},"east":{"uv":[1.75,1.375,1.75,2.375],"texture":"#0"},"south":{"uv":[4.8125,0.3125,4.4375,1.3125],"texture":"#0"},"west":{"uv":[2,1.375,1.75,1.75],"texture":"#0"},"up":{"uv":[1.5,1.75,1.75,1.5],"texture":"#0"},"down":{"uv":[1.5,1.75,1.75,1.5],"texture":"#0"}}},{"from":[12.5,5.06895,6.5],"to":[15.5,13.06895,6.5],"rotation":{"angle":22.5,"axis":"x","origin":[9.63105,14.3,8]},"faces":{"north":{"uv":[4.4375,0.3125,4.8125,1.3125],"texture":"#0"},"east":{"uv":[1.75,1.375,1.75,2.375],"texture":"#0"},"south":{"uv":[4.8125,0.3125,4.4375,1.3125],"texture":"#0"},"west":{"uv":[1.75,1.375,2,1.75],"texture":"#0"},"up":{"uv":[1.5,1.5,1.75,1.75],"texture":"#0"},"down":{"uv":[1.5,1.5,1.75,1.75],"texture":"#0"}}},{"from":[11.5,4.06895,8],"to":[14.5,12.06895,8],"rotation":{"angle":0,"axis":"y","origin":[9.63105,14.3,8]},"faces":{"north":{"uv":[4.4375,0.3125,4.8125,1.3125],"texture":"#0"},"east":{"uv":[1.75,1.375,1.75,2.375],"texture":"#0"},"south":{"uv":[4.8125,0.3125,4.4375,1.3125],"texture":"#0"},"west":{"uv":[1.75,1.375,2,1.75],"texture":"#0"},"up":{"uv":[1.5,1.5,1.75,1.75],"texture":"#0"},"down":{"uv":[1.5,1.5,1.75,1.75],"texture":"#0"}}},{"from":[8.5,6.06895,1.5],"to":[8.5,14.06895,4.5],"rotation":{"angle":-22.5,"axis":"x","origin":[14,9.06895,6.5]},"faces":{"north":{"uv":[1.75,1.375,2,1.75],"texture":"#0"},"east":{"uv":[4.8125,0.3125,4.4375,1.3125],"texture":"#0"},"south":{"uv":[1.75,1.375,1.75,2.375],"texture":"#0"},"west":{"uv":[4.4375,0.3125,4.8125,1.3125],"texture":"#0"},"up":{"uv":[1.5,1.5,1.75,1.75],"rotation":90,"texture":"#0"},"down":{"uv":[1.5,1.5,1.75,1.75],"rotation":270,"texture":"#0"}}},{"from":[8.5,6.06895,11.5],"to":[8.5,14.06895,14.5],"rotation":{"angle":22.5,"axis":"x","origin":[14,9.06895,9.5]},"faces":{"north":{"uv":[1.75,1.375,1.75,2.375],"texture":"#0"},"east":{"uv":[4.4375,0.3125,4.8125,1.3125],"texture":"#0"},"south":{"uv":[2,1.375,1.75,1.75],"texture":"#0"},"west":{"uv":[4.8125,0.3125,4.4375,1.3125],"texture":"#0"},"up":{"uv":[1.75,1.5,1.5,1.75],"rotation":90,"texture":"#0"},"down":{"uv":[1.75,1.5,1.5,1.75],"rotation":270,"texture":"#0"}}},{"from":[4,7.06895,6.5],"to":[7,15.06895,6.5],"rotation":{"angle":-22.5,"axis":"y","origin":[6.5,11.06895,6.5]},"faces":{"north":{"uv":[4.8125,0.3125,4.4375,1.3125],"texture":"#0"},"east":{"uv":[1.75,1.375,1.75,2.375],"texture":"#0"},"south":{"uv":[4.4375,0.3125,4.8125,1.3125],"texture":"#0"},"west":{"uv":[1.75,1.375,2,1.75],"texture":"#0"},"up":{"uv":[1.5,1.5,1.75,1.75],"texture":"#0"},"down":{"uv":[1.5,1.5,1.75,1.75],"texture":"#0"}}},{"from":[4,7.06895,9.5],"to":[7,15.06895,9.5],"rotation":{"angle":22.5,"axis":"y","origin":[6.5,11.06895,9.5]},"faces":{"north":{"uv":[4.8125,0.3125,4.4375,1.3125],"texture":"#0"},"east":{"uv":[1.75,1.375,1.75,2.375],"texture":"#0"},"south":{"uv":[4.4375,0.3125,4.8125,1.3125],"texture":"#0"},"west":{"uv":[2,1.375,1.75,1.75],"texture":"#0"},"up":{"uv":[1.5,1.75,1.75,1.5],"texture":"#0"},"down":{"uv":[1.5,1.75,1.75,1.5],"texture":"#0"}}},{"from":[8,16.5,0.5],"to":[8,25.5,5.5],"rotation":{"angle":-22.5,"axis":"x","origin":[7.8,21,2.5]},"faces":{"north":{"uv":[0,0,0,9],"texture":"#2"},"east":{"uv":[5,0,0,9],"texture":"#2"},"south":{"uv":[0,0,0,9],"texture":"#2"},"west":{"uv":[0,0,5,9],"texture":"#2"},"up":{"uv":[0,5,0,0],"texture":"#2"},"down":{"uv":[0,0,0,5],"texture":"#2"}}},{"from":[8,16.5,10.5],"to":[8,25.5,15.5],"rotation":{"angle":22.5,"axis":"x","origin":[7.8,21,13.5]},"faces":{"north":{"uv":[0,0,0,9],"texture":"#2"},"east":{"uv":[0,0,5,9],"texture":"#2"},"south":{"uv":[0,0,0,9],"texture":"#2"},"west":{"uv":[5,0,0,9],"texture":"#2"},"up":{"uv":[0,0,0,5],"texture":"#2"},"down":{"uv":[0,5,0,0],"texture":"#2"}}},{"from":[8.5,8.07251,14.79621],"to":[8.5,18.07251,22.79621],"rotation":{"angle":0,"axis":"y","origin":[8.5,18.07251,17.79621]},"faces":{"east":{"uv":[0,10,8,0],"rotation":180,"texture":"#4"},"west":{"uv":[0,0,8,10],"texture":"#4"}}},{"from":[8.5,22.57251,4.20379],"to":[8.5,27.57251,8.20379],"rotation":{"angle":0,"axis":"y","origin":[8.5,18.07251,-1.79621]},"faces":{"east":{"uv":[8,10,0,0],"rotation":180,"texture":"#4"},"west":{"uv":[8,0,0,10],"texture":"#4"}}},{"from":[8.5,22.57251,7.79621],"to":[8.5,27.57251,11.79621],"rotation":{"angle":0,"axis":"y","origin":[8.5,18.07251,17.79621]},"faces":{"east":{"uv":[0,10,8,0],"rotation":180,"texture":"#4"},"west":{"uv":[0,0,8,10],"texture":"#4"}}},{"from":[8.5,8.07251,-6.79621],"to":[8.5,18.07251,1.20379],"rotation":{"angle":0,"axis":"y","origin":[8.5,18.07251,-1.79621]},"faces":{"east":{"uv":[8,10,0,0],"rotation":180,"texture":"#4"},"west":{"uv":[8,0,0,10],"texture":"#4"}}},{"from":[7.56895,16.7,9.6],"to":[8.56895,19.7,9.6],"rotation":{"angle":22.5,"axis":"z","origin":[8.61895,16.16895,8]},"faces":{"north":{"uv":[5,0,4.875,0.375],"texture":"#0"},"east":{"uv":[1.1875,0.5,1.75,1],"texture":"#0"},"south":{"uv":[4.875,0,5,0.375],"texture":"#0"},"west":{"uv":[1.1875,0,1.75,0.5],"texture":"#0"},"up":{"uv":[0.875,1.3125,0.5625,0.75],"texture":"#0"},"down":{"uv":[0.875,1.3125,0.5625,0.75],"texture":"#0"}}},{"from":[7.56895,16.7,6.4],"to":[8.56895,19.7,6.4],"rotation":{"angle":22.5,"axis":"z","origin":[8.61895,16.16895,8]},"faces":{"north":{"uv":[5,0,4.875,0.375],"texture":"#0"},"east":{"uv":[1.75,0.5,1.1875,1],"texture":"#0"},"south":{"uv":[4.875,0,5,0.375],"texture":"#0"},"west":{"uv":[1.75,0,1.1875,0.5],"texture":"#0"},"up":{"uv":[0.875,0.75,0.5625,1.3125],"texture":"#0"},"down":{"uv":[0.875,0.75,0.5625,1.3125],"texture":"#0"}}},{"from":[7.25,-14.39962,8.16875],"to":[8.75,-12.39962,10.16875],"rotation":{"angle":45,"axis":"x","origin":[8,-12.80825,8.04579]},"faces":{"north":{"uv":[0.6875,2,0.875,2.25],"texture":"#0"},"east":{"uv":[0.4375,2,0.6875,2.25],"texture":"#0"},"south":{"uv":[0.875,2,1.0625,2.25],"texture":"#0"},"west":{"uv":[0.4375,2,0.6875,2.25],"texture":"#0"},"up":{"uv":[0.6875,2,0.875,2.25],"texture":"#0"},"down":{"uv":[0.875,2.25,1.0625,2],"texture":"#0"}}},{"from":[8.6,-14.9,6.21433],"to":[9.4,-12.9,7.21433],"rotation":{"angle":22.5,"axis":"x","origin":[8,-12.80825,8.04579]},"faces":{"north":{"uv":[3.9375,0.875,4.1875,1],"rotation":90,"texture":"#0"},"east":{"uv":[3.9375,1,4.1875,1.125],"rotation":270,"texture":"#0"},"south":{"uv":[3.9375,0.875,4.1875,1],"rotation":90,"texture":"#0"},"west":{"uv":[3.9375,1,4.1875,1.125],"rotation":270,"texture":"#0"},"up":{"uv":[3.125,1.1875,3.25,1.3125],"rotation":180,"texture":"#0"},"down":{"uv":[3.125,1.1875,3.25,1.3125],"rotation":180,"texture":"#0"}}},{"from":[9.3,-15.7,5],"to":[9.3,-12.6,7],"rotation":{"angle":22.5,"axis":"z","origin":[9.3,-14.15,6]},"faces":{"north":{"uv":[4.375,0,4.7625,0],"rotation":90,"texture":"#0"},"east":{"uv":[4.4375,0,4.825,0.25],"rotation":270,"texture":"#0"},"south":{"uv":[3.9375,0.875,4.1875,1],"rotation":90,"texture":"#0"},"west":{"uv":[4.4375,0.25,4.825,0],"rotation":270,"texture":"#0"},"up":{"uv":[3.125,1.1875,3.25,1.3125],"rotation":180,"texture":"#0"},"down":{"uv":[3.125,1.1875,3.25,1.3125],"rotation":180,"texture":"#0"}}},{"from":[6.7,-15.7,5],"to":[6.7,-12.6,7],"rotation":{"angle":-22.5,"axis":"z","origin":[6.7,-14.15,6]},"faces":{"north":{"uv":[4.375,0,4.7625,0],"rotation":90,"texture":"#0"},"east":{"uv":[4.4375,0,4.825,0.25],"rotation":270,"texture":"#0"},"south":{"uv":[3.9375,1,4.1875,0.875],"rotation":90,"texture":"#0"},"west":{"uv":[4.4375,0.25,4.825,0],"rotation":270,"texture":"#0"},"up":{"uv":[3.25,1.1875,3.125,1.3125],"rotation":180,"texture":"#0"},"down":{"uv":[3.25,1.1875,3.125,1.3125],"rotation":180,"texture":"#0"}}},{"from":[8,-16,4.6],"to":[8,-12.9,6.6],"rotation":{"angle":0,"axis":"y","origin":[8,-12.80825,8.04579]},"faces":{"north":{"uv":[4.375,0,4.7625,0],"rotation":90,"texture":"#0"},"east":{"uv":[4.4375,0,4.825,0.25],"rotation":270,"texture":"#0"},"south":{"uv":[3.9375,1,4.1875,0.875],"rotation":90,"texture":"#0"},"west":{"uv":[4.4375,0.25,4.825,0],"rotation":270,"texture":"#0"},"up":{"uv":[3.25,1.1875,3.125,1.3125],"rotation":180,"texture":"#0"},"down":{"uv":[3.25,1.1875,3.125,1.3125],"rotation":180,"texture":"#0"}}},{"from":[8,-14,9.4],"to":[8,-10.9,11.4],"rotation":{"angle":-22.5,"axis":"x","origin":[8,-12.45,10.4]},"faces":{"north":{"uv":[3.9375,0.875,4.1875,1],"rotation":90,"texture":"#0"},"east":{"uv":[4.4375,0.25,4.825,0],"rotation":270,"texture":"#0"},"south":{"uv":[4.375,0,4.7625,0],"rotation":90,"texture":"#0"},"west":{"uv":[4.4375,0,4.825,0.25],"rotation":270,"texture":"#0"},"up":{"uv":[3.25,1.3125,3.125,1.1875],"rotation":180,"texture":"#0"},"down":{"uv":[3.25,1.3125,3.125,1.1875],"rotation":180,"texture":"#0"}}},{"from":[6.75,-12.45201,6.57524],"to":[9.25,-10.95201,10.57524],"rotation":{"angle":-45,"axis":"x","origin":[8,-12.80825,8.04579]},"faces":{"north":{"uv":[3.625,0.6875,3.9375,0.875],"texture":"#0"},"east":{"uv":[3.125,0.6875,3.625,0.875],"texture":"#0"},"south":{"uv":[3.625,0.6875,3.9375,0.875],"texture":"#0"},"west":{"uv":[3.125,0.6875,3.625,0.875],"texture":"#0"},"up":{"uv":[3.125,0.875,3.625,1.1875],"rotation":270,"texture":"#0"},"down":{"uv":[3.125,0.875,3.625,1.1875],"rotation":270,"texture":"#0"}}},{"from":[7,-10.95201,7.57524],"to":[9,-9.95201,10.07524],"rotation":{"angle":-45,"axis":"x","origin":[8,-12.80825,8.04579]},"faces":{"north":{"uv":[3.9375,0.75,4.1875,0.875],"texture":"#0"},"east":{"uv":[3.625,1.125,3.9375,1.25],"texture":"#0"},"south":{"uv":[3.9375,0.75,4.1875,0.875],"texture":"#0"},"west":{"uv":[3.625,1.125,3.9375,1.25],"texture":"#0"},"up":{"uv":[3.625,0.875,3.9375,1.125],"rotation":270,"texture":"#0"},"down":{"uv":[3.625,0.875,3.9375,1.125],"rotation":270,"texture":"#0"}}},{"from":[7.25,-11.2,8],"to":[8.75,-10.2,9.5],"rotation":{"angle":22.5,"axis":"x","origin":[8,-12.70825,8.04579]},"faces":{"north":{"uv":[2.75,1.25,2.9375,1.125],"rotation":180,"texture":"#0"},"east":{"uv":[2.75,1.5625,2.9375,1.4375],"texture":"#0"},"south":{"uv":[2.75,1.25,2.9375,1.125],"rotation":180,"texture":"#0"},"west":{"uv":[2.75,1.5625,2.9375,1.4375],"texture":"#0"},"up":{"uv":[2.75,1.4375,2.9375,1.25],"rotation":90,"texture":"#0"},"down":{"uv":[2.75,1.4375,2.9375,1.25],"rotation":90,"texture":"#0"}}},{"from":[7.5,-13.2,9.5],"to":[8.5,-11.7,10.5],"rotation":{"angle":-22.5,"axis":"x","origin":[8,-12.70825,8.04579]},"faces":{"north":{"uv":[2.9375,1.375,3.125,1.25],"rotation":90,"texture":"#0"},"east":{"uv":[2.9375,1.25,3.125,1.125],"rotation":270,"texture":"#0"},"south":{"uv":[2.9375,1.375,3.125,1.25],"rotation":90,"texture":"#0"},"west":{"uv":[2.9375,1.125,3.125,1.25],"rotation":270,"texture":"#0"},"up":{"uv":[2.75,1.6875,2.875,1.5625],"rotation":180,"texture":"#0"},"down":{"uv":[2.75,1.6875,2.875,1.5625],"rotation":180,"texture":"#0"}}},{"from":[8,-16,6],"to":[8,-10.5,11],"rotation":{"angle":0,"axis":"y","origin":[7.8,6,13.5]},"faces":{"north":{"uv":[0,9,0,0],"texture":"#2"},"east":{"uv":[5,7.5,0,2],"texture":"#2"},"south":{"uv":[0,9,0,0],"texture":"#2"},"west":{"uv":[0,7.5,5,2],"texture":"#2"},"up":{"uv":[0,0,0,5],"texture":"#2"},"down":{"uv":[0,5,0,0],"texture":"#2"}}},{"from":[7.75,13.88083,0.9756],"to":[9.25,17.38083,2.4756],"rotation":{"angle":-22.5,"axis":"x","origin":[8.5,15.13083,1.4256]},"faces":{"north":{"uv":[0,2.1875,0.4375,2],"rotation":90,"texture":"#0"},"east":{"uv":[0,2,0.4375,1.8125],"rotation":270,"texture":"#0"},"south":{"uv":[0,2.1875,0.4375,2],"rotation":270,"texture":"#0"},"west":{"uv":[0,2,0.4375,1.8125],"rotation":90,"texture":"#0"},"up":{"uv":[0.4375,2,0.625,1.8125],"texture":"#0"},"down":{"uv":[0.4375,2,0.625,1.8125],"rotation":180,"texture":"#0"}}},{"from":[7.55,11.67003,0.52231],"to":[9.45,14.67003,2.52231],"rotation":{"angle":22.5,"axis":"x","origin":[8.5,13.41639,2.36475]},"faces":{"north":{"uv":[1.3,2.125,1.0625,1.75],"texture":"#0"},"east":{"uv":[0.625,1.75,1,2],"rotation":270,"texture":"#0"},"south":{"uv":[1.3,2.125,1.0625,1.75],"texture":"#0"},"west":{"uv":[1,1.75,0.625,2],"rotation":90,"texture":"#0"},"up":{"uv":[1.375,1.75,1.6125,2],"rotation":180,"texture":"#0"},"down":{"uv":[1.375,1.75,1.6125,2],"texture":"#0"}}},{"from":[7.45,10.61828,-0.23169],"to":[9.55,13.61828,2.26831],"rotation":{"angle":-22.5,"axis":"x","origin":[8.5,13.41639,2.36475]},"faces":{"north":{"uv":[0,2.5,0.375,2.7625],"rotation":270,"texture":"#0"},"east":{"uv":[0,2.1875,0.375,2.5],"rotation":270,"texture":"#0"},"south":{"uv":[0,2.5,0.375,2.7625],"rotation":270,"texture":"#0"},"west":{"uv":[0,2.5,0.375,2.1875],"rotation":270,"texture":"#0"},"up":{"uv":[1.9375,2.0125,1.625,1.75],"rotation":270,"texture":"#0"},"down":{"uv":[1.9375,2.0125,1.625,1.75],"rotation":270,"texture":"#0"}}},{"from":[7.25,7.70349,4.20776],"to":[9.75,10.70349,7.20776],"rotation":{"angle":22.5,"axis":"x","origin":[8.5,17.81499,8]},"faces":{"north":{"uv":[3.9375,0,3.625,0.375],"texture":"#0"},"east":{"uv":[3.625,0,3.25,0.375],"texture":"#0"},"south":{"uv":[3.9375,0,3.625,0.375],"texture":"#0"},"west":{"uv":[3.25,0,3.625,0.375],"texture":"#0"},"up":{"uv":[3.625,0.375,3.25,0.6875],"rotation":90,"texture":"#0"},"down":{"uv":[3.25,0.375,3.625,0.6875],"rotation":90,"texture":"#0"}}},{"from":[7.05,11.18431,0.26364],"to":[9.95,14.18431,4.26364],"rotation":{"angle":-22.5,"axis":"x","origin":[8.5,17.81499,8]},"faces":{"north":{"uv":[2.8125,2.0625,2.5,1.6875],"texture":"#0"},"east":{"uv":[2.75,1.6875,2.25,1.3125],"texture":"#0"},"south":{"uv":[2.8125,2.0625,2.5,1.6875],"texture":"#0"},"west":{"uv":[2.25,1.6875,2.75,1.3125],"texture":"#0"},"up":{"uv":[2.5,2,2,1.6875],"rotation":90,"texture":"#0"},"down":{"uv":[2,2,2.5,1.6875],"rotation":90,"texture":"#0"}}},{"from":[7.75,13.88083,13.5244],"to":[9.25,17.38083,15.0244],"rotation":{"angle":22.5,"axis":"x","origin":[8.5,15.13083,14.5744]},"faces":{"north":{"uv":[0,2,0.4375,2.1875],"rotation":270,"texture":"#0"},"east":{"uv":[0,1.8125,0.4375,2],"rotation":270,"texture":"#0"},"south":{"uv":[0,2,0.4375,2.1875],"rotation":90,"texture":"#0"},"west":{"uv":[0,1.8125,0.4375,2],"rotation":90,"texture":"#0"},"up":{"uv":[0.4375,1.8125,0.625,2],"texture":"#0"},"down":{"uv":[0.4375,1.8125,0.625,2],"rotation":180,"texture":"#0"}}},{"from":[7.55,11.67003,13.47769],"to":[9.45,14.67003,15.47769],"rotation":{"angle":-22.5,"axis":"x","origin":[8.5,13.41639,13.63525]},"faces":{"north":{"uv":[1.0625,2.125,1.3,1.75],"texture":"#0"},"east":{"uv":[0.625,2,1,1.75],"rotation":270,"texture":"#0"},"south":{"uv":[1.0625,2.125,1.3,1.75],"texture":"#0"},"west":{"uv":[1,2,0.625,1.75],"rotation":90,"texture":"#0"},"up":{"uv":[1.375,2,1.6125,1.75],"rotation":180,"texture":"#0"},"down":{"uv":[1.375,2,1.6125,1.75],"texture":"#0"}}},{"from":[7.45,10.61828,13.73169],"to":[9.55,13.61828,16.23169],"rotation":{"angle":22.5,"axis":"x","origin":[8.5,13.41639,13.63525]},"faces":{"north":{"uv":[0,2.7625,0.375,2.5],"rotation":270,"texture":"#0"},"east":{"uv":[0,2.5,0.375,2.1875],"rotation":270,"texture":"#0"},"south":{"uv":[0,2.7625,0.375,2.5],"rotation":270,"texture":"#0"},"west":{"uv":[0,2.1875,0.375,2.5],"rotation":270,"texture":"#0"},"up":{"uv":[1.625,2.0125,1.9375,1.75],"rotation":270,"texture":"#0"},"down":{"uv":[1.625,2.0125,1.9375,1.75],"rotation":270,"texture":"#0"}}},{"from":[7.25,7.70349,8.79224],"to":[9.75,10.70349,11.79224],"rotation":{"angle":-22.5,"axis":"x","origin":[8.5,17.81499,8]},"faces":{"north":{"uv":[3.625,0,3.9375,0.375],"texture":"#0"},"east":{"uv":[3.25,0,3.625,0.375],"texture":"#0"},"south":{"uv":[3.625,0,3.9375,0.375],"texture":"#0"},"west":{"uv":[3.625,0,3.25,0.375],"texture":"#0"},"up":{"uv":[3.25,0.375,3.625,0.6875],"rotation":90,"texture":"#0"},"down":{"uv":[3.625,0.375,3.25,0.6875],"rotation":90,"texture":"#0"}}},{"from":[7.05,11.18431,11.73636],"to":[9.95,14.18431,15.73636],"rotation":{"angle":22.5,"axis":"x","origin":[8.5,17.81499,8]},"faces":{"north":{"uv":[2.5,2.0625,2.8125,1.6875],"texture":"#0"},"east":{"uv":[2.25,1.6875,2.75,1.3125],"texture":"#0"},"south":{"uv":[2.5,2.0625,2.8125,1.6875],"texture":"#0"},"west":{"uv":[2.75,1.6875,2.25,1.3125],"texture":"#0"},"up":{"uv":[2,2,2.5,1.6875],"rotation":90,"texture":"#0"},"down":{"uv":[2.5,2,2,1.6875],"rotation":90,"texture":"#0"}}},{"from":[8.2,13.51814,14.98052],"to":[8.2,19.51814,20.98052],"rotation":{"angle":0,"axis":"y","origin":[8.2,12.68188,17.49687]},"faces":{"north":{"uv":[1.3,2.125,1.0625,1.75],"texture":"#0"},"east":{"uv":[13.3125,0.75,12.5625,0],"rotation":90,"texture":"#0"},"south":{"uv":[1.3,2.125,1.0625,1.75],"texture":"#0"},"west":{"uv":[13.3125,0,12.5625,0.75],"rotation":90,"texture":"#0"},"up":{"uv":[1.375,1.75,1.6125,2],"rotation":180,"texture":"#0"},"down":{"uv":[1.375,1.75,1.6125,2],"texture":"#0"}}},{"from":[8.2,9.47003,15.12231],"to":[8.2,15.47003,21.12231],"rotation":{"angle":22.5,"axis":"x","origin":[8.2,12.68188,17.49687]},"faces":{"north":{"uv":[1.3,2.125,1.0625,1.75],"texture":"#0"},"east":{"uv":[13.3125,0.75,12.5625,0],"rotation":90,"texture":"#0"},"south":{"uv":[1.3,2.125,1.0625,1.75],"texture":"#0"},"west":{"uv":[13.3125,0,12.5625,0.75],"rotation":90,"texture":"#0"},"up":{"uv":[1.375,1.75,1.6125,2],"rotation":180,"texture":"#0"},"down":{"uv":[1.375,1.75,1.6125,2],"texture":"#0"}}},{"from":[8.2,6.62723,16.86753],"to":[8.2,12.62723,22.86753],"rotation":{"angle":45,"axis":"x","origin":[8.2,12.68188,17.49687]},"faces":{"north":{"uv":[1.3,2.125,1.0625,1.75],"texture":"#0"},"east":{"uv":[13.3125,0.75,12.5625,0],"rotation":90,"texture":"#0"},"south":{"uv":[1.3,2.125,1.0625,1.75],"texture":"#0"},"west":{"uv":[13.3125,0,12.5625,0.75],"rotation":90,"texture":"#0"},"up":{"uv":[1.375,1.75,1.6125,2],"rotation":180,"texture":"#0"},"down":{"uv":[1.375,1.75,1.6125,2],"texture":"#0"}}},{"from":[8.2,13.51814,-4.98052],"to":[8.2,19.51814,1.01948],"rotation":{"angle":0,"axis":"y","origin":[8.2,12.68188,-1.49687]},"faces":{"north":{"uv":[1.0625,2.125,1.3,1.75],"texture":"#0"},"east":{"uv":[13.3125,0,12.5625,0.75],"rotation":90,"texture":"#0"},"south":{"uv":[1.0625,2.125,1.3,1.75],"texture":"#0"},"west":{"uv":[13.3125,0.75,12.5625,0],"rotation":90,"texture":"#0"},"up":{"uv":[1.375,2,1.6125,1.75],"rotation":180,"texture":"#0"},"down":{"uv":[1.375,2,1.6125,1.75],"texture":"#0"}}},{"from":[8.2,9.47003,-5.12231],"to":[8.2,15.47003,0.87769],"rotation":{"angle":-22.5,"axis":"x","origin":[8.2,12.68188,-1.49687]},"faces":{"north":{"uv":[1.0625,2.125,1.3,1.75],"texture":"#0"},"east":{"uv":[13.3125,0,12.5625,0.75],"rotation":90,"texture":"#0"},"south":{"uv":[1.0625,2.125,1.3,1.75],"texture":"#0"},"west":{"uv":[13.3125,0.75,12.5625,0],"rotation":90,"texture":"#0"},"up":{"uv":[1.375,2,1.6125,1.75],"rotation":180,"texture":"#0"},"down":{"uv":[1.375,2,1.6125,1.75],"texture":"#0"}}},{"from":[8.2,6.62723,-6.86753],"to":[8.2,12.62723,-0.86753],"rotation":{"angle":-45,"axis":"x","origin":[8.2,12.68188,-1.49687]},"faces":{"north":{"uv":[1.0625,2.125,1.3,1.75],"texture":"#0"},"east":{"uv":[13.3125,0,12.5625,0.75],"rotation":90,"texture":"#0"},"south":{"uv":[1.0625,2.125,1.3,1.75],"texture":"#0"},"west":{"uv":[13.3125,0.75,12.5625,0],"rotation":90,"texture":"#0"},"up":{"uv":[1.375,2,1.6125,1.75],"rotation":180,"texture":"#0"},"down":{"uv":[1.375,2,1.6125,1.75],"texture":"#0"}}},{"from":[7,23,7],"to":[9,27,9],"faces":{"north":{"uv":[1.8125,2.0625,2.0625,2.5625],"texture":"#0"},"east":{"uv":[1.8125,2.0625,2.0625,2.5625],"texture":"#0"},"south":{"uv":[1.8125,2.0625,2.0625,2.5625],"texture":"#0"},"west":{"uv":[1.8125,2.0625,2.0625,2.5625],"texture":"#0"},"up":{"uv":[1.5625,2.3125,1.8125,2.5625],"texture":"#0"},"down":{"uv":[1.5625,2.3125,1.8125,2.5625],"texture":"#0"}}},{"from":[8,21,6],"to":[8,29,10],"rotation":{"angle":-45,"axis":"y","origin":[8,25,8]},"faces":{"north":{"uv":[1.8125,2.0625,2.0625,2.5625],"texture":"#0"},"east":{"uv":[5.0625,0.0625,5.5625,1.0625],"texture":"#0"},"south":{"uv":[1.8125,2.0625,2.0625,2.5625],"texture":"#0"},"west":{"uv":[5.0625,0.0625,5.5625,1.0625],"texture":"#0"},"up":{"uv":[1.5625,2.3125,1.8125,2.5625],"texture":"#0"},"down":{"uv":[1.5625,2.3125,1.8125,2.5625],"texture":"#0"}}},{"from":[6,21,8],"to":[10,29,8],"rotation":{"angle":-45,"axis":"y","origin":[8,25,8]},"faces":{"north":{"uv":[5.0625,0.0625,5.5625,1.0625],"texture":"#0"},"east":{"uv":[1.8125,2.0625,2.0625,2.5625],"texture":"#0"},"south":{"uv":[5.0625,0.0625,5.5625,1.0625],"texture":"#0"},"west":{"uv":[1.8125,2.0625,2.0625,2.5625],"texture":"#0"},"up":{"uv":[1.5625,2.3125,1.8125,2.5625],"rotation":90,"texture":"#0"},"down":{"uv":[1.5625,2.3125,1.8125,2.5625],"rotation":270,"texture":"#0"}}}],"gui_light":"front","display":{"thirdperson_righthand":{"translation":[0,7.5,1.75],"scale":[0.7,0.7,0.7]},"thirdperson_lefthand":{"translation":[0,7.5,1.75],"scale":[0.7,0.7,0.7]},"firstperson_righthand":{"rotation":[3,0,0],"translation":[4,5.25,0],"scale":[0.34375,0.34375,0.34375]},"firstperson_lefthand":{"rotation":[3,0,0],"translation":[4,5.25,0],"scale":[0.34375,0.34375,0.34375]},"ground":{"rotation":[-45,0,0],"translation":[0,9,0],"scale":[0.45,0.45,0.45]},"gui":{"rotation":[90,45,-90],"translation":[0.25,0,-1.5],"scale":[0.43359,0.43359,0.43359]},"head":{"scale":[0,0,0]},"fixed":{"rotation":[0,-90,0],"translation":[0,8.25,-4],"scale":[1.4,1.4,1.4]}},"groups":[0,1,2,3,4,5,6,7,8,9,10,11,12,13,14,15,16,17,18,19,20,21,22,23,24,25,26,{"name":"group","origin":[8.61895,5.16895,8],"color":0,"children":[27,28,29,30,31,32,33,34,35,36,37,38,39,40,41,42,43,44,45,46,47,48,49,50,51,52,53,54,55,56]},57,58,59,60,61,62,63,64,65,66,67,68,69,70,71,72,73,74,75,76,77,78,79,80,81,82,83,84,85,86]}