{"credit":"MadebyPolygonMC","texture_size":[24,24],"textures":{"1":"dragonsoulset:trident","2":"dragonsoulset:animations/animations_1","particle":"dragonsoulset:trident"},"elements":[{"from":[7,17.34182,8.64645],"to":[9,19.34182,10.39645],"rotation":{"angle":0,"axis":"x","origin":[8,18.60354,9.76379]},"faces":{"north":{"uv":[6,1.33333,4.66667,2.66667],"rotation":180,"texture":"#1"},"east":{"uv":[6,0,7.33333,1.16667],"rotation":270,"texture":"#1"},"south":{"uv":[6,1.33333,4.66667,0],"texture":"#1"},"west":{"uv":[6,2.66667,7.33333,3.83333],"rotation":90,"texture":"#1"},"up":{"uv":[5.33333,5.33333,6.66667,6.5],"rotation":180,"texture":"#1"},"down":{"uv":[6,1.33333,7.33333,2.5],"texture":"#1"}}},{"from":[7.25,19.34182,8.64645],"to":[8.75,20.84182,9.89645],"rotation":{"angle":0,"axis":"x","origin":[8,18.60354,9.76379]},"faces":{"north":{"uv":[9,5.33333,8,6.33333],"rotation":180,"texture":"#1"},"east":{"uv":[8.66667,0,9.66667,0.83333],"rotation":270,"texture":"#1"},"south":{"uv":[6.33333,9,5.33333,8],"texture":"#1"},"west":{"uv":[8.66667,1.33333,9.66667,2.16667],"rotation":90,"texture":"#1"},"up":{"uv":[8,8,9,8.83333],"rotation":180,"texture":"#1"}}},{"from":[8.475,18.29271,9.90499],"to":[9.225,19.29271,10.65499],"rotation":{"angle":-22.5,"axis":"x","origin":[8,18.60354,9.76379]},"faces":{"north":{"uv":[3.83333,12,3.33333,12.66667],"rotation":180,"texture":"#1"},"east":{"uv":[12,2,12.66667,2.5],"rotation":270,"texture":"#1"},"south":{"uv":[12.5,3.33333,12,2.66667],"texture":"#1"},"west":{"uv":[2.66667,12,3.33333,12.5],"rotation":90,"texture":"#1"},"up":{"uv":[2.66667,12.66667,3.16667,13.16667],"rotation":180,"texture":"#1"},"down":{"uv":[12.66667,2.66667,13.16667,3.16667],"texture":"#1"}}},{"from":[8.48,18.01393,9.86374],"to":[9.22,19.01393,10.61374],"rotation":{"angle":22.5,"axis":"x","origin":[8,18.60354,9.76379]},"faces":{"north":{"uv":[5.16667,12,4.66667,12.66667],"rotation":180,"texture":"#1"},"east":{"uv":[12,3.33333,12.66667,3.83333],"rotation":270,"texture":"#1"},"south":{"uv":[12.5,4.66667,12,4],"texture":"#1"},"west":{"uv":[4,12,4.66667,12.5],"rotation":90,"texture":"#1"},"up":{"uv":[3.33333,12.66667,3.83333,13.16667],"rotation":180,"texture":"#1"},"down":{"uv":[12.66667,3.33333,13.16667,3.83333],"texture":"#1"}}},{"from":[8.5,16.95732,9.19574],"to":[9.5,17.95732,10.19574],"rotation":{"angle":-22.5,"axis":"x","origin":[8,18.60354,9.76379]},"faces":{"north":{"uv":[9.33333,10.66667,8.66667,11.33333],"rotation":180,"texture":"#1"},"east":{"uv":[7.33333,10.66667,8,11.33333],"rotation":270,"texture":"#1"},"south":{"uv":[11.33333,8.66667,10.66667,8],"texture":"#1"},"west":{"uv":[8,10.66667,8.66667,11.33333],"rotation":90,"texture":"#1"},"up":{"uv":[10.66667,6.66667,11.33333,7.33333],"rotation":180,"texture":"#1"},"down":{"uv":[10.66667,7.33333,11.33333,8],"texture":"#1"}}},{"from":[8.61,17.50436,11.0806],"to":[9.39,18.28436,11.8606],"rotation":{"angle":45,"axis":"x","origin":[8,18.60354,9.76379]},"faces":{"north":{"uv":[4,12.66667,4.5,13.16667],"texture":"#1"},"east":{"uv":[12.66667,4,13.16667,4.5],"texture":"#1"},"south":{"uv":[4.66667,12.66667,5.16667,13.16667],"texture":"#1"},"west":{"uv":[12.66667,4.66667,13.16667,5.16667],"texture":"#1"},"up":{"uv":[5.83333,13.16667,5.33333,12.66667],"texture":"#1"},"down":{"uv":[13.16667,5.33333,12.66667,5.83333],"texture":"#1"}}},{"from":[8.7036,16.8542,11.27394],"to":[9.2964,17.447,11.86674],"rotation":{"angle":22.5,"axis":"x","origin":[8,18.60354,9.76379]},"faces":{"north":{"uv":[13.66667,5.33333,13.33333,5.66667],"rotation":180,"texture":"#1"},"east":{"uv":[13.33333,4,13.66667,4.33333],"rotation":270,"texture":"#1"},"south":{"uv":[5.66667,13.66667,5.33333,13.33333],"texture":"#1"},"west":{"uv":[13.33333,4.66667,13.66667,5],"rotation":90,"texture":"#1"},"up":{"uv":[4,13.33333,4.33333,13.66667],"rotation":180,"texture":"#1"},"down":{"uv":[4.66667,13.33333,5,13.66667],"texture":"#1"}}},{"from":[8.78659,16.25185,11.04272],"to":[9.21341,16.67867,11.46954],"rotation":{"angle":0,"axis":"x","origin":[8,18.60354,9.76379]},"faces":{"north":{"uv":[13.66667,7.33333,13.33333,7.66667],"rotation":180,"texture":"#1"},"east":{"uv":[13.33333,6,13.66667,6.33333],"rotation":270,"texture":"#1"},"south":{"uv":[7.66667,13.66667,7.33333,13.33333],"texture":"#1"},"west":{"uv":[13.33333,6.66667,13.66667,7],"rotation":90,"texture":"#1"},"up":{"uv":[6,13.33333,6.33333,13.66667],"rotation":180,"texture":"#1"},"down":{"uv":[6.66667,13.33333,7,13.66667],"texture":"#1"}}},{"from":[6.775,18.29271,9.90499],"to":[7.525,19.29271,10.65499],"rotation":{"angle":-22.5,"axis":"x","origin":[8,18.60354,9.76379]},"faces":{"north":{"uv":[6.5,12,6,12.66667],"rotation":180,"texture":"#1"},"east":{"uv":[12,4.66667,12.66667,5.16667],"rotation":270,"texture":"#1"},"south":{"uv":[12.5,6,12,5.33333],"texture":"#1"},"west":{"uv":[5.33333,12,6,12.5],"rotation":90,"texture":"#1"},"up":{"uv":[6,12.66667,6.5,13.16667],"rotation":180,"texture":"#1"},"down":{"uv":[12.66667,6,13.16667,6.5],"texture":"#1"}}},{"from":[6.78,18.01393,9.86374],"to":[7.52,19.01393,10.61374],"rotation":{"angle":22.5,"axis":"x","origin":[8,18.60354,9.76379]},"faces":{"north":{"uv":[7.83333,12,7.33333,12.66667],"rotation":180,"texture":"#1"},"east":{"uv":[12,6,12.66667,6.5],"rotation":270,"texture":"#1"},"south":{"uv":[12.5,7.33333,12,6.66667],"texture":"#1"},"west":{"uv":[6.66667,12,7.33333,12.5],"rotation":90,"texture":"#1"},"up":{"uv":[6.66667,12.66667,7.16667,13.16667],"rotation":180,"texture":"#1"},"down":{"uv":[12.66667,6.66667,13.16667,7.16667],"texture":"#1"}}},{"from":[6.5,16.95732,9.19574],"to":[7.5,17.95732,10.19574],"rotation":{"angle":-22.5,"axis":"x","origin":[8,18.60354,9.76379]},"faces":{"north":{"uv":[11.33333,10.66667,10.66667,11.33333],"rotation":180,"texture":"#1"},"east":{"uv":[9.33333,10.66667,10,11.33333],"rotation":270,"texture":"#1"},"south":{"uv":[11.33333,10.66667,10.66667,10],"texture":"#1"},"west":{"uv":[10,10.66667,10.66667,11.33333],"rotation":90,"texture":"#1"},"up":{"uv":[10.66667,8.66667,11.33333,9.33333],"rotation":180,"texture":"#1"},"down":{"uv":[10.66667,9.33333,11.33333,10],"texture":"#1"}}},{"from":[6.61,17.50436,11.0806],"to":[7.39,18.28436,11.8606],"rotation":{"angle":45,"axis":"x","origin":[8,18.60354,9.76379]},"faces":{"north":{"uv":[7.33333,12.66667,7.83333,13.16667],"texture":"#1"},"east":{"uv":[8,12.66667,8.5,13.16667],"texture":"#1"},"south":{"uv":[8.66667,12.66667,9.16667,13.16667],"texture":"#1"},"west":{"uv":[9.33333,12.66667,9.83333,13.16667],"texture":"#1"},"up":{"uv":[10.5,13.16667,10,12.66667],"texture":"#1"},"down":{"uv":[11.16667,12.66667,10.66667,13.16667],"texture":"#1"}}},{"from":[6.7036,16.8542,11.27394],"to":[7.2964,17.447,11.86674],"rotation":{"angle":22.5,"axis":"x","origin":[8,18.60354,9.76379]},"faces":{"north":{"uv":[13.66667,9.33333,13.33333,9.66667],"rotation":180,"texture":"#1"},"east":{"uv":[13.33333,8,13.66667,8.33333],"rotation":270,"texture":"#1"},"south":{"uv":[9.66667,13.66667,9.33333,13.33333],"texture":"#1"},"west":{"uv":[13.33333,8.66667,13.66667,9],"rotation":90,"texture":"#1"},"up":{"uv":[8,13.33333,8.33333,13.66667],"rotation":180,"texture":"#1"},"down":{"uv":[8.66667,13.33333,9,13.66667],"texture":"#1"}}},{"from":[6.78659,16.25185,11.04272],"to":[7.21341,16.67867,11.46954],"rotation":{"angle":0,"axis":"x","origin":[8,18.60354,9.76379]},"faces":{"north":{"uv":[13.66667,11.33333,13.33333,11.66667],"rotation":180,"texture":"#1"},"east":{"uv":[13.33333,10,13.66667,10.33333],"rotation":270,"texture":"#1"},"south":{"uv":[11.66667,13.66667,11.33333,13.33333],"texture":"#1"},"west":{"uv":[13.33333,10.66667,13.66667,11],"rotation":90,"texture":"#1"},"up":{"uv":[10,13.33333,10.33333,13.66667],"rotation":180,"texture":"#1"},"down":{"uv":[10.66667,13.33333,11,13.66667],"texture":"#1"}}},{"from":[7.7246,19.91351,8.09217],"to":[8.2754,20.46431,8.64297],"rotation":{"angle":45,"axis":"x","origin":[8,18.60354,9.76379]},"faces":{"north":{"uv":[12,13.33333,12.33333,13.66667],"texture":"#1"},"east":{"uv":[13.33333,12,13.66667,12.33333],"texture":"#1"},"south":{"uv":[12.66667,13.33333,13,13.66667],"texture":"#1"},"west":{"uv":[13.33333,12.66667,13.66667,13],"texture":"#1"},"up":{"uv":[13.66667,13.66667,13.33333,13.33333],"texture":"#1"},"down":{"uv":[0.33333,14,0,14.33333],"texture":"#1"}}},{"from":[7.78519,19.91419,10.59374],"to":[8.21481,20.34381,11.02337],"rotation":{"angle":-22.5,"axis":"x","origin":[8,18.60354,9.76379]},"faces":{"north":{"uv":[2.33333,14,2,14.33333],"rotation":180,"texture":"#1"},"east":{"uv":[0.66667,14,1,14.33333],"rotation":270,"texture":"#1"},"south":{"uv":[14.33333,1.66667,14,1.33333],"texture":"#1"},"west":{"uv":[1.33333,14,1.66667,14.33333],"rotation":90,"texture":"#1"},"up":{"uv":[14,0,14.33333,0.33333],"rotation":180,"texture":"#1"},"down":{"uv":[14,0.66667,14.33333,1],"texture":"#1"}}},{"from":[7.83674,19.97346,10.06162],"to":[8.16326,20.29997,10.38813],"rotation":{"angle":0,"axis":"x","origin":[8,18.60354,9.76379]},"faces":{"north":{"uv":[4.16667,14,4,14.16667],"rotation":180,"texture":"#1"},"east":{"uv":[2.66667,14,2.83333,14.16667],"rotation":270,"texture":"#1"},"south":{"uv":[14.16667,3.5,14,3.33333],"texture":"#1"},"west":{"uv":[3.33333,14,3.5,14.16667],"rotation":90,"texture":"#1"},"up":{"uv":[14,2,14.16667,2.16667],"rotation":180,"texture":"#1"},"down":{"uv":[14,2.66667,14.16667,2.83333],"texture":"#1"}}},{"from":[7.88245,19.86998,9.54314],"to":[8.11755,20.10507,9.77823],"rotation":{"angle":22.5,"axis":"x","origin":[8,18.60354,9.76379]},"faces":{"north":{"uv":[6.16667,14,6,14.16667],"rotation":180,"texture":"#1"},"east":{"uv":[4.66667,14,4.83333,14.16667],"rotation":270,"texture":"#1"},"south":{"uv":[14.16667,5.5,14,5.33333],"texture":"#1"},"west":{"uv":[5.33333,14,5.5,14.16667],"rotation":90,"texture":"#1"},"up":{"uv":[14,4,14.16667,4.16667],"rotation":180,"texture":"#1"},"down":{"uv":[14,4.66667,14.16667,4.83333],"texture":"#1"}}},{"from":[8.65,18.74182,7.89645],"to":[8.65,20.74182,8.64645],"rotation":{"angle":0,"axis":"x","origin":[8,18.60354,9.76379]},"faces":{"north":{"uv":[0,0,0,1.33333],"rotation":180,"texture":"#1"},"east":{"uv":[10,4,11.33333,4.5],"rotation":270,"texture":"#1"},"south":{"uv":[0,1.33333,0,0],"texture":"#1"},"west":{"uv":[10,4.66667,11.33333,5.16667],"rotation":90,"texture":"#1"},"up":{"uv":[0,0,0,0.5],"rotation":180,"texture":"#1"},"down":{"uv":[0,0,0,0.5],"texture":"#1"}}},{"from":[7.35,18.74182,7.89645],"to":[7.35,20.74182,8.64645],"rotation":{"angle":0,"axis":"x","origin":[8,18.60354,9.76379]},"faces":{"north":{"uv":[0,0,0,1.33333],"rotation":180,"texture":"#1"},"east":{"uv":[0,10.66667,1.33333,11.16667],"rotation":270,"texture":"#1"},"south":{"uv":[0,1.33333,0,0],"texture":"#1"},"west":{"uv":[1.33333,10.66667,2.66667,11.16667],"rotation":90,"texture":"#1"},"up":{"uv":[0,0,0,0.5],"rotation":180,"texture":"#1"},"down":{"uv":[0,0,0,0.5],"texture":"#1"}}},{"from":[7.351,20.74182,7.89646],"to":[8.651,20.74182,8.64646],"rotation":{"angle":0,"axis":"x","origin":[8,18.60354,9.76379]},"faces":{"north":{"uv":[0.83333,0,0,0],"rotation":180,"texture":"#1"},"east":{"uv":[0,0,0,0.5],"rotation":270,"texture":"#1"},"south":{"uv":[0.83333,0,0,0],"texture":"#1"},"west":{"uv":[0,0,0,0.5],"rotation":90,"texture":"#1"},"up":{"uv":[1.33333,12,2.16667,12.5],"rotation":180,"texture":"#1"},"down":{"uv":[12,1.33333,12.83333,1.83333],"texture":"#1"}}},{"from":[7.5,0.75,7.5],"to":[8.5,1.25,8.5],"rotation":{"angle":0,"axis":"y","origin":[7.5,0,7.5]},"faces":{"north":{"uv":[0.66667,13.33333,1.33333,13.66667],"texture":"#1"},"east":{"uv":[1.33333,13.33333,2,13.66667],"texture":"#1"},"south":{"uv":[13.33333,1.33333,14,1.66667],"texture":"#1"},"west":{"uv":[2,13.33333,2.66667,13.66667],"texture":"#1"},"up":{"uv":[0.66667,12,0,11.33333],"texture":"#1"},"down":{"uv":[12,0,11.33333,0.66667],"texture":"#1"}}},{"from":[7.5,1.75,7.5],"to":[8.5,2.75,8.5],"rotation":{"angle":0,"axis":"y","origin":[7.5,0,7.5]},"faces":{"north":{"uv":[0.66667,11.33333,1.33333,12],"texture":"#1"},"east":{"uv":[11.33333,0.66667,12,1.33333],"texture":"#1"},"south":{"uv":[1.33333,11.33333,2,12],"texture":"#1"},"west":{"uv":[11.33333,1.33333,12,2],"texture":"#1"},"up":{"uv":[2.66667,12,2,11.33333],"texture":"#1"},"down":{"uv":[12,2,11.33333,2.66667],"texture":"#1"}}},{"from":[7.6,2.75,7.6],"to":[8.4,4.55,8.4],"rotation":{"angle":0,"axis":"y","origin":[7.5,0,7.5]},"faces":{"north":{"uv":[2.66667,10.66667,3.16667,11.83333],"texture":"#1"},"east":{"uv":[3.33333,10.66667,3.83333,11.83333],"texture":"#1"},"south":{"uv":[4,10.66667,4.5,11.83333],"texture":"#1"},"west":{"uv":[4.66667,10.66667,5.16667,11.83333],"texture":"#1"},"up":{"uv":[11.83333,13.16667,11.33333,12.66667],"texture":"#1"},"down":{"uv":[12.5,12.66667,12,13.16667],"texture":"#1"}}},{"from":[7.4,1.25,7.4],"to":[8.6,1.75,8.6],"rotation":{"angle":0,"axis":"y","origin":[7.5,0,7.5]},"faces":{"north":{"uv":[12,7.33333,12.83333,7.66667],"texture":"#1"},"east":{"uv":[8,12,8.83333,12.33333],"texture":"#1"},"south":{"uv":[12,8,12.83333,8.33333],"texture":"#1"},"west":{"uv":[12,8.66667,12.83333,9],"texture":"#1"},"up":{"uv":[9.5,3.5,8.66667,2.66667],"texture":"#1"},"down":{"uv":[9.5,4,8.66667,4.83333],"texture":"#1"}}},{"from":[7.4,5.55,7.4],"to":[8.6,6.05,8.6],"rotation":{"angle":0,"axis":"y","origin":[7.5,4.3,7.5]},"faces":{"north":{"uv":[9.33333,12,10.16667,12.33333],"texture":"#1"},"east":{"uv":[12,9.33333,12.83333,9.66667],"texture":"#1"},"south":{"uv":[12,10,12.83333,10.33333],"texture":"#1"},"west":{"uv":[10.66667,12,11.5,12.33333],"texture":"#1"},"up":{"uv":[0.83333,10.16667,0,9.33333],"texture":"#1"},"down":{"uv":[2.16667,9.33333,1.33333,10.16667],"texture":"#1"}}},{"from":[7.5,14.7,7.5],"to":[8.5,15.2,8.5],"rotation":{"angle":0,"axis":"y","origin":[7.5,24.7,7.5]},"faces":{"north":{"uv":[2.66667,13.33333,3.33333,13.66667],"texture":"#1"},"east":{"uv":[13.33333,2.66667,14,3],"texture":"#1"},"south":{"uv":[3.33333,13.33333,4,13.66667],"texture":"#1"},"west":{"uv":[13.33333,3.33333,14,3.66667],"texture":"#1"},"up":{"uv":[12,3.33333,11.33333,2.66667],"texture":"#1"},"down":{"uv":[12,3.33333,11.33333,4],"texture":"#1"}}},{"from":[7.5,4.55,7.5],"to":[8.5,5.55,8.5],"rotation":{"angle":0,"axis":"y","origin":[7.5,16.05,7.5]},"faces":{"north":{"uv":[11.33333,4,12,4.66667],"texture":"#1"},"east":{"uv":[11.33333,4.66667,12,5.33333],"texture":"#1"},"south":{"uv":[11.33333,5.33333,12,6],"texture":"#1"},"west":{"uv":[11.33333,6,12,6.66667],"texture":"#1"},"up":{"uv":[12,7.33333,11.33333,6.66667],"texture":"#1"},"down":{"uv":[8,11.33333,7.33333,12],"texture":"#1"}}},{"from":[7.5,10.4,7.5],"to":[8.5,11.4,8.5],"rotation":{"angle":0,"axis":"y","origin":[7.5,8.65,7.5]},"faces":{"north":{"uv":[11.33333,7.33333,12,8],"texture":"#1"},"east":{"uv":[8,11.33333,8.66667,12],"texture":"#1"},"south":{"uv":[11.33333,8,12,8.66667],"texture":"#1"},"west":{"uv":[8.66667,11.33333,9.33333,12],"texture":"#1"},"up":{"uv":[12,9.33333,11.33333,8.66667],"texture":"#1"},"down":{"uv":[10,11.33333,9.33333,12],"texture":"#1"}}},{"from":[7.6,11.4,7.6],"to":[8.4,13.2,8.4],"rotation":{"angle":0,"axis":"y","origin":[7.5,8.65,7.5]},"faces":{"north":{"uv":[5.33333,10.66667,5.83333,11.83333],"texture":"#1"},"east":{"uv":[10.66667,5.33333,11.16667,6.5],"texture":"#1"},"south":{"uv":[6,10.66667,6.5,11.83333],"texture":"#1"},"west":{"uv":[6.66667,10.66667,7.16667,11.83333],"texture":"#1"},"up":{"uv":[13.16667,13.16667,12.66667,12.66667],"texture":"#1"},"down":{"uv":[0.5,13.33333,0,13.83333],"texture":"#1"}}},{"from":[7.4,9.9,7.4],"to":[8.6,10.4,8.6],"rotation":{"angle":0,"axis":"y","origin":[7.5,8.65,7.5]},"faces":{"north":{"uv":[12,10.66667,12.83333,11],"texture":"#1"},"east":{"uv":[12,11.33333,12.83333,11.66667],"texture":"#1"},"south":{"uv":[12,12,12.83333,12.33333],"texture":"#1"},"west":{"uv":[0,12.66667,0.83333,13],"texture":"#1"},"up":{"uv":[3.5,10.16667,2.66667,9.33333],"texture":"#1"},"down":{"uv":[4.83333,9.33333,4,10.16667],"texture":"#1"}}},{"from":[7.4,14.2,7.4],"to":[8.6,14.7,8.6],"rotation":{"angle":0,"axis":"y","origin":[7.5,12.95,7.5]},"faces":{"north":{"uv":[12.66667,0,13.5,0.33333],"texture":"#1"},"east":{"uv":[12.66667,0.66667,13.5,1],"texture":"#1"},"south":{"uv":[1.33333,12.66667,2.16667,13],"texture":"#1"},"west":{"uv":[12.66667,2,13.5,2.33333],"texture":"#1"},"up":{"uv":[6.16667,10.16667,5.33333,9.33333],"texture":"#1"},"down":{"uv":[10.16667,5.33333,9.33333,6.16667],"texture":"#1"}}},{"from":[7.5,13.2,7.5],"to":[8.5,14.2,8.5],"rotation":{"angle":0,"axis":"y","origin":[7.5,24.7,7.5]},"faces":{"north":{"uv":[11.33333,9.33333,12,10],"texture":"#1"},"east":{"uv":[10,11.33333,10.66667,12],"texture":"#1"},"south":{"uv":[11.33333,10,12,10.66667],"texture":"#1"},"west":{"uv":[10.66667,11.33333,11.33333,12],"texture":"#1"},"up":{"uv":[12,11.33333,11.33333,10.66667],"texture":"#1"},"down":{"uv":[12,11.33333,11.33333,12],"texture":"#1"}}},{"from":[7.375,-0.1,7.4],"to":[8.625,1.1,8.6],"rotation":{"angle":-45,"axis":"x","origin":[8,0.5,8]},"faces":{"north":{"uv":[6.66667,9.33333,7.5,10.16667],"texture":"#1"},"east":{"uv":[9.33333,6.66667,10.16667,7.5],"texture":"#1"},"south":{"uv":[8,9.33333,8.83333,10.16667],"texture":"#1"},"west":{"uv":[9.33333,8,10.16667,8.83333],"texture":"#1"},"up":{"uv":[10.16667,10.16667,9.33333,9.33333],"texture":"#1"},"down":{"uv":[10.83333,0,10,0.83333],"texture":"#1"}}},{"from":[7.3,20.8,7],"to":[8.7,22.8,9],"rotation":{"angle":-45,"axis":"x","origin":[8,21.8,8]},"faces":{"north":{"uv":[6,4,7,5.33333],"texture":"#1"},"east":{"uv":[4.66667,2.66667,6,4],"texture":"#1"},"south":{"uv":[5.33333,6.66667,6.33333,8],"texture":"#1"},"west":{"uv":[4.66667,4,6,5.33333],"texture":"#1"},"up":{"uv":[7.66667,6.66667,6.66667,5.33333],"texture":"#1"},"down":{"uv":[7.66667,6.66667,6.66667,8],"texture":"#1"}}},{"from":[7.05,21.05,7.25],"to":[8.95,22.55,8.75],"rotation":{"angle":-45,"axis":"x","origin":[8,21.8,8]},"faces":{"north":{"uv":[7.33333,0,8.66667,1],"texture":"#1"},"east":{"uv":[6.66667,8,7.66667,9],"texture":"#1"},"south":{"uv":[7.33333,1.33333,8.66667,2.33333],"texture":"#1"},"west":{"uv":[8,6.66667,9,7.66667],"texture":"#1"},"up":{"uv":[8.66667,3.66667,7.33333,2.66667],"texture":"#1"},"down":{"uv":[8.66667,4,7.33333,5],"texture":"#1"}}},{"from":[7.4,15.2,7.4],"to":[8.6,17.3,8.6],"rotation":{"angle":0,"axis":"y","origin":[15,21.75,15]},"faces":{"north":{"uv":[0,8,0.83333,9.33333],"texture":"#1"},"east":{"uv":[1.33333,8,2.16667,9.33333],"texture":"#1"},"south":{"uv":[2.66667,8,3.5,9.33333],"texture":"#1"},"west":{"uv":[4,8,4.83333,9.33333],"texture":"#1"},"up":{"uv":[10.83333,2.16667,10,1.33333],"texture":"#1"},"down":{"uv":[10.83333,2.66667,10,3.5],"texture":"#1"}}},{"from":[7.5,17.3,7.5],"to":[8.5,21.2,8.5],"rotation":{"angle":0,"axis":"y","origin":[7.5,24.7,8.5]},"faces":{"north":{"uv":[0,5.33333,0.66667,8],"texture":"#1"},"east":{"uv":[0.66667,5.33333,1.33333,8],"texture":"#1"},"south":{"uv":[1.33333,5.33333,2,8],"texture":"#1"},"west":{"uv":[2,5.33333,2.66667,8],"texture":"#1"},"up":{"uv":[0.66667,12.66667,0,12],"texture":"#1"},"down":{"uv":[12.66667,0,12,0.66667],"texture":"#1"}}},{"from":[7.5,6.05,7.5],"to":[8.5,9.95,8.5],"rotation":{"angle":0,"axis":"y","origin":[7.5,13.45,8.5]},"faces":{"north":{"uv":[2.66667,5.33333,3.33333,8],"texture":"#1"},"east":{"uv":[3.33333,5.33333,4,8],"texture":"#1"},"south":{"uv":[4,5.33333,4.66667,8],"texture":"#1"},"west":{"uv":[4.66667,5.33333,5.33333,8],"texture":"#1"},"up":{"uv":[1.33333,12.66667,0.66667,12],"texture":"#1"},"down":{"uv":[12.66667,0.66667,12,1.33333],"texture":"#1"}}},{"from":[7.975,21.5,4.9],"to":[8.025,29.5,11.1],"rotation":{"angle":0,"axis":"y","origin":[7.975,21.5,6.25]},"faces":{"east":{"uv":[0,0,4.16667,5.33333],"texture":"#1"},"west":{"uv":[0,0,4.16667,5.33333],"texture":"#1"}}},{"from":[6.5,19.75168,10.22178],"to":[7.25,20.75168,10.22178],"rotation":{"angle":-22.5,"axis":"x","origin":[8,19.38521,9.70051]},"faces":{"north":{"uv":[4,11.01667,0,7.91667],"rotation":270,"texture":"#2"},"south":{"uv":[0,11.01667,4,7.91667],"rotation":90,"texture":"#2"}}},{"from":[5.5,17.51874,9.17925],"to":[7,19.51874,9.17925],"rotation":{"angle":-22.5,"axis":"x","origin":[8,19.38521,9.70051]},"faces":{"north":{"uv":[8,6,0,0],"rotation":270,"texture":"#2"},"south":{"uv":[0,6,8,0],"rotation":90,"texture":"#2"}}},{"from":[8.75,19.75168,10.22178],"to":[9.5,20.75168,10.22178],"rotation":{"angle":-22.5,"axis":"x","origin":[8,19.38521,9.70051]},"faces":{"north":{"uv":[4,7.91667,0,11.01667],"rotation":270,"texture":"#2"},"south":{"uv":[0,7.91667,4,11.01667],"rotation":90,"texture":"#2"}}},{"from":[9,17.51874,9.17925],"to":[10.5,19.51874,9.17925],"rotation":{"angle":-22.5,"axis":"x","origin":[8,19.38521,9.70051]},"faces":{"north":{"uv":[8,0,0,6],"rotation":270,"texture":"#2"},"south":{"uv":[0,0,8,6],"rotation":90,"texture":"#2"}}}],"gui_light":"front","display":{"thirdperson_righthand":{"translation":[0,-2,0.75]},"thirdperson_lefthand":{"translation":[0,-2,0.75]},"firstperson_righthand":{"rotation":[-10,0,0],"translation":[0,-1.25,1.5]},"firstperson_lefthand":{"rotation":[-10,0,0],"translation":[0,-1.25,1.5]},"ground":{"translation":[0,8.25,0]},"gui":{"rotation":[-90,45,90],"translation":[4.25,-4.25,0],"scale":[0.88281,0.88281,0.88281]},"head":{"scale":[0,0,0]},"fixed":{"rotation":[90,-90,90],"translation":[0,-11.5,-0.5],"scale":[2.5,2.5,2.5]}},"groups":[0,1,2,3,4,5,6,7,8,9,10,11,12,13,14,15,16,17,18,19,20,21,22,23,24,25,26,27,28,29,30,31,32,33,34,35,36,37,38,39,{"name":"group","origin":[8,15.15,5.50165],"color":0,"children":[40,41,42,43]}]}