{
	"credit": "Made with Blockbench",
	"texture_size": [64, 64],
	"textures": {
		"0": "galaxy_set:galaxy_set/galaxy_bow_1",
		"1": "galaxy_set:galaxy_set/galaxy_bow_2",
		"3": "galaxy_set:galaxy_set/galaxy_ani_2",
		"particle": "galaxy_set:galaxy_set/galaxy_bow_1"
	},
	"elements": [
		{
			"from": [5, 1.15203, 10.81853],
			"to": [9, 5.15203, 14.81853],
			"rotation": {"angle": -45, "axis": "x", "origin": [8, 8, 8]},
			"faces": {
				"north": {"uv": [11.5, 7.625, 12.5, 8.625], "texture": "#0"},
				"east": {"uv": [11.5, 7.625, 12.5, 8.625], "texture": "#0"},
				"south": {"uv": [11.5, 7.625, 12.5, 8.625], "texture": "#0"},
				"west": {"uv": [11.5, 7.625, 12.5, 8.625], "texture": "#0"},
				"up": {"uv": [11.5, 7.625, 12.5, 8.625], "rotation": 270, "texture": "#0"},
				"down": {"uv": [11.5, 7.625, 12.5, 8.625], "rotation": 90, "texture": "#0"}
			}
		},
		{
			"from": [6, -4, 13.83524],
			"to": [8, 6, 15.83524],
			"rotation": {"angle": 0, "axis": "y", "origin": [8, 8, 8]},
			"faces": {
				"north": {"uv": [15.25, 4.25, 15.75, 6.75], "texture": "#0"},
				"east": {"uv": [15.25, 7.875, 15.75, 10.375], "rotation": 180, "texture": "#0"},
				"south": {"uv": [15.25, 7.875, 15.75, 10.375], "rotation": 180, "texture": "#0"},
				"west": {"uv": [15.75, 7.875, 15.25, 10.375], "rotation": 180, "texture": "#0"},
				"up": {"uv": [15.25, 4.875, 15.75, 4.375], "texture": "#0"},
				"down": {"uv": [15.25, 6.625, 15.75, 6.125], "rotation": 180, "texture": "#0"}
			}
		},
		{
			"from": [6, 10, 13.83524],
			"to": [8, 20, 15.83524],
			"rotation": {"angle": 0, "axis": "y", "origin": [8, 8, 8]},
			"faces": {
				"north": {"uv": [15.25, 6.75, 15.75, 4.25], "texture": "#0"},
				"east": {"uv": [15.25, 10.375, 15.75, 7.875], "rotation": 180, "texture": "#0"},
				"south": {"uv": [15.25, 10.375, 15.75, 7.875], "rotation": 180, "texture": "#0"},
				"west": {"uv": [15.75, 10.375, 15.25, 7.875], "rotation": 180, "texture": "#0"},
				"up": {"uv": [15.75, 6.625, 15.25, 6.125], "texture": "#0"},
				"down": {"uv": [15.75, 4.875, 15.25, 4.375], "rotation": 180, "texture": "#0"}
			}
		},
		{
			"from": [4.5, 12.37589, 12.36218],
			"to": [5.5, 13.37589, 13.36218],
			"rotation": {"angle": 45, "axis": "x", "origin": [8, 8, 8]},
			"faces": {
				"north": {"uv": [3, 9, 2.75, 9.25], "texture": "#0"},
				"east": {"uv": [2.75, 9, 3, 9.25], "texture": "#0"},
				"south": {"uv": [3, 9, 2.75, 9.25], "texture": "#0"},
				"west": {"uv": [2.75, 9, 3, 9.25], "texture": "#0"},
				"up": {"uv": [2.75, 9, 3, 9.25], "texture": "#0"},
				"down": {"uv": [3, 9.25, 2.75, 9], "texture": "#0"}
			}
		},
		{
			"from": [8.5, 12.37589, 12.36218],
			"to": [9.5, 13.37589, 13.36218],
			"rotation": {"angle": 45, "axis": "x", "origin": [8, 8, 8]},
			"faces": {
				"north": {"uv": [2.75, 9, 3, 9.25], "texture": "#0"},
				"east": {"uv": [3, 9, 2.75, 9.25], "texture": "#0"},
				"south": {"uv": [2.75, 9, 3, 9.25], "texture": "#0"},
				"west": {"uv": [3, 9, 2.75, 9.25], "texture": "#0"},
				"up": {"uv": [3, 9, 2.75, 9.25], "texture": "#0"},
				"down": {"uv": [2.75, 9.25, 3, 9], "texture": "#0"}
			}
		},
		{
			"from": [5, 4, 2.83524],
			"to": [9, 5, 8.83524],
			"rotation": {"angle": 0, "axis": "y", "origin": [8, 8, 8]},
			"faces": {
				"north": {"uv": [13.375, 10.125, 14.375, 9.875], "texture": "#1"},
				"east": {"uv": [12.875, 9.75, 14.375, 9.5], "texture": "#1"},
				"south": {"uv": [13.375, 10.125, 14.375, 9.875], "texture": "#1"},
				"west": {"uv": [12.875, 9.75, 14.375, 9.5], "texture": "#1"},
				"up": {"uv": [14.5, 10.5, 16, 9.5], "rotation": 270, "texture": "#1"},
				"down": {"uv": [14.5, 10.5, 16, 9.5], "rotation": 90, "texture": "#1"}
			}
		},
		{
			"from": [5.5, -0.5, 2.83524],
			"to": [5.5, 4.5, 15.83524],
			"rotation": {"angle": 0, "axis": "y", "origin": [8, 8, 8]},
			"faces": {
				"north": {"uv": [0, 1.5, 0, 0], "texture": "#missing"},
				"east": {"uv": [12, 0, 10.75, 3.25], "rotation": 270, "texture": "#0"},
				"south": {"uv": [0, 1.5, 0, 0], "texture": "#missing"},
				"west": {"uv": [12, 3.25, 10.75, 0], "rotation": 270, "texture": "#0"},
				"up": {"uv": [0, 0, 4, 0], "rotation": 270, "texture": "#missing"},
				"down": {"uv": [0, 0, 4, 0], "rotation": 90, "texture": "#missing"}
			}
		},
		{
			"from": [8.5, -0.5, 2.83524],
			"to": [8.5, 4.5, 15.83524],
			"rotation": {"angle": 0, "axis": "y", "origin": [8, 8, 8]},
			"faces": {
				"north": {"uv": [0, 1.5, 0, 0], "texture": "#missing"},
				"east": {"uv": [12, 0, 10.75, 3.25], "rotation": 270, "texture": "#0"},
				"south": {"uv": [0, 1.5, 0, 0], "texture": "#missing"},
				"west": {"uv": [12, 3.25, 10.75, 0], "rotation": 270, "texture": "#0"},
				"up": {"uv": [0, 0, 4, 0], "rotation": 270, "texture": "#missing"},
				"down": {"uv": [0, 0, 4, 0], "rotation": 90, "texture": "#missing"}
			}
		},
		{
			"from": [5, 1.43375, 4.0835],
			"to": [9, 2.43375, 7.0835],
			"rotation": {"angle": 45, "axis": "x", "origin": [8, 8, 8]},
			"faces": {
				"north": {"uv": [13.625, 8.375, 13.375, 9.375], "rotation": 90, "texture": "#1"},
				"east": {"uv": [12.5, 8.625, 13.25, 8.375], "texture": "#1"},
				"south": {"uv": [13.625, 8.375, 13.375, 9.375], "rotation": 90, "texture": "#1"},
				"west": {"uv": [13.25, 8.625, 12.5, 8.375], "texture": "#1"},
				"up": {"uv": [13.75, 9.375, 14.5, 8.375], "rotation": 270, "texture": "#1"},
				"down": {"uv": [13.75, 9.375, 14.5, 8.375], "rotation": 90, "texture": "#1"}
			}
		},
		{
			"from": [5, 5, 4.83524],
			"to": [6, 6, 13.83524],
			"rotation": {"angle": 0, "axis": "y", "origin": [8, 8, 8]},
			"faces": {
				"north": {"uv": [13, 9, 13.25, 8.75], "texture": "#1"},
				"east": {"uv": [14.375, 10.5, 12.125, 10.25], "texture": "#1"},
				"south": {"uv": [13, 9, 13.25, 8.75], "texture": "#1"},
				"west": {"uv": [12.125, 10.5, 14.375, 10.25], "texture": "#1"},
				"up": {"uv": [12.125, 10.875, 14.375, 10.625], "rotation": 270, "texture": "#1"},
				"down": {"uv": [12.125, 10.875, 14.375, 10.625], "rotation": 90, "texture": "#1"}
			}
		},
		{
			"from": [8, 5, 4.83524],
			"to": [9, 6, 13.83524],
			"rotation": {"angle": 0, "axis": "y", "origin": [8, 8, 8]},
			"faces": {
				"north": {"uv": [13, 9, 13.25, 8.75], "texture": "#1"},
				"east": {"uv": [14.375, 10.5, 12.125, 10.25], "texture": "#1"},
				"south": {"uv": [13, 9, 13.25, 8.75], "texture": "#1"},
				"west": {"uv": [12.125, 10.5, 14.375, 10.25], "texture": "#1"},
				"up": {"uv": [12.125, 10.875, 14.375, 10.625], "rotation": 270, "texture": "#1"},
				"down": {"uv": [12.125, 10.875, 14.375, 10.625], "rotation": 90, "texture": "#1"}
			}
		},
		{
			"from": [5, 11, 2.83524],
			"to": [9, 12, 8.83524],
			"rotation": {"angle": 0, "axis": "y", "origin": [8, 8, 8]},
			"faces": {
				"north": {"uv": [13.375, 9.875, 14.375, 10.125], "texture": "#1"},
				"east": {"uv": [12.875, 9.5, 14.375, 9.75], "texture": "#1"},
				"south": {"uv": [13.375, 9.875, 14.375, 10.125], "texture": "#1"},
				"west": {"uv": [12.875, 9.5, 14.375, 9.75], "texture": "#1"},
				"up": {"uv": [14.5, 9.5, 16, 10.5], "rotation": 270, "texture": "#1"},
				"down": {"uv": [14.5, 9.5, 16, 10.5], "rotation": 90, "texture": "#1"}
			}
		},
		{
			"from": [5.5, 11.5, 2.83524],
			"to": [5.5, 16.5, 15.83524],
			"rotation": {"angle": 0, "axis": "y", "origin": [8, 8, 8]},
			"faces": {
				"north": {"uv": [0, 0, 0, 1.5], "texture": "#missing"},
				"east": {"uv": [10.75, 0, 12, 3.25], "rotation": 270, "texture": "#0"},
				"south": {"uv": [0, 0, 0, 1.5], "texture": "#missing"},
				"west": {"uv": [10.75, 3.25, 12, 0], "rotation": 270, "texture": "#0"},
				"up": {"uv": [0, 0, 4, 0], "rotation": 270, "texture": "#missing"},
				"down": {"uv": [0, 0, 4, 0], "rotation": 90, "texture": "#missing"}
			}
		},
		{
			"from": [8.5, 11.5, 2.83524],
			"to": [8.5, 16.5, 15.83524],
			"rotation": {"angle": 0, "axis": "y", "origin": [8, 8, 8]},
			"faces": {
				"north": {"uv": [0, 0, 0, 1.5], "texture": "#missing"},
				"east": {"uv": [10.75, 0, 12, 3.25], "rotation": 270, "texture": "#0"},
				"south": {"uv": [0, 0, 0, 1.5], "texture": "#missing"},
				"west": {"uv": [10.75, 3.25, 12, 0], "rotation": 270, "texture": "#0"},
				"up": {"uv": [0, 0, 4, 0], "rotation": 270, "texture": "#missing"},
				"down": {"uv": [0, 0, 4, 0], "rotation": 90, "texture": "#missing"}
			}
		},
		{
			"from": [5, 13.56625, 4.0835],
			"to": [9, 14.56625, 7.0835],
			"rotation": {"angle": -45, "axis": "x", "origin": [8, 8, 8]},
			"faces": {
				"north": {"uv": [13.375, 8.375, 13.625, 9.375], "rotation": 90, "texture": "#1"},
				"east": {"uv": [12.5, 8.375, 13.25, 8.625], "texture": "#1"},
				"south": {"uv": [13.375, 8.375, 13.625, 9.375], "rotation": 90, "texture": "#1"},
				"west": {"uv": [13.25, 8.375, 12.5, 8.625], "texture": "#1"},
				"up": {"uv": [13.75, 8.375, 14.5, 9.375], "rotation": 270, "texture": "#1"},
				"down": {"uv": [13.75, 8.375, 14.5, 9.375], "rotation": 90, "texture": "#1"}
			}
		},
		{
			"from": [5, 10, 4.83524],
			"to": [6, 11, 13.83524],
			"rotation": {"angle": 0, "axis": "y", "origin": [8, 8, 8]},
			"faces": {
				"north": {"uv": [13, 8.75, 13.25, 9], "texture": "#1"},
				"east": {"uv": [14.375, 10.25, 12.125, 10.5], "texture": "#1"},
				"south": {"uv": [13, 8.75, 13.25, 9], "texture": "#1"},
				"west": {"uv": [12.125, 10.25, 14.375, 10.5], "texture": "#1"},
				"up": {"uv": [12.125, 10.625, 14.375, 10.875], "rotation": 270, "texture": "#1"},
				"down": {"uv": [12.125, 10.625, 14.375, 10.875], "rotation": 90, "texture": "#1"}
			}
		},
		{
			"from": [8, 10, 4.83524],
			"to": [9, 11, 13.83524],
			"rotation": {"angle": 0, "axis": "y", "origin": [8, 8, 8]},
			"faces": {
				"north": {"uv": [13, 8.75, 13.25, 9], "texture": "#1"},
				"east": {"uv": [14.375, 10.25, 12.125, 10.5], "texture": "#1"},
				"south": {"uv": [13, 8.75, 13.25, 9], "texture": "#1"},
				"west": {"uv": [12.125, 10.25, 14.375, 10.5], "texture": "#1"},
				"up": {"uv": [12.125, 10.625, 14.375, 10.875], "rotation": 270, "texture": "#1"},
				"down": {"uv": [12.125, 10.625, 14.375, 10.875], "rotation": 90, "texture": "#1"}
			}
		},
		{
			"from": [6, 7.1, -1.06476],
			"to": [8, 9.1, 11.93524],
			"rotation": {"angle": 0, "axis": "y", "origin": [8, 8, 8]},
			"faces": {
				"north": {"uv": [4.25, 1.375, 4.75, 1.875], "rotation": 90, "texture": "#0"},
				"east": {"uv": [5.375, 3.25, 8.625, 3.75], "rotation": 180, "texture": "#0"},
				"south": {"uv": [4.25, 1.375, 4.75, 1.875], "rotation": 90, "texture": "#0"},
				"west": {"uv": [5.375, 3.25, 8.625, 3.75], "texture": "#0"},
				"up": {"uv": [12, 3.25, 8.75, 3.75], "rotation": 90, "texture": "#0"},
				"down": {"uv": [12, 3.25, 8.75, 3.75], "rotation": 270, "texture": "#0"}
			}
		},
		{
			"from": [7, 4.1, -6.06476],
			"to": [7, 12.1, 2.93524],
			"rotation": {"angle": 0, "axis": "y", "origin": [8, 8, 8]},
			"faces": {
				"north": {"uv": [0, 0, 2, 0], "rotation": 90, "texture": "#missing"},
				"east": {"uv": [10.375, 0, 12.375, 2.25], "rotation": 90, "texture": "#1"},
				"south": {"uv": [0, 0, 2, 0], "rotation": 90, "texture": "#missing"},
				"west": {"uv": [10.375, 0, 12.375, 2.25], "rotation": 270, "texture": "#1"},
				"up": {"uv": [0, 0, 0, 2.25], "texture": "#missing"},
				"down": {"uv": [0, 0, 0, 2.25], "rotation": 180, "texture": "#missing"}
			}
		},
		{
			"from": [7, 11, -1.16476],
			"to": [7, 26, 14.83524],
			"rotation": {"angle": 0, "axis": "y", "origin": [8, 8, 8]},
			"faces": {
				"north": {"uv": [0, 0, 0, 8.5], "texture": "#1"},
				"east": {"uv": [0, 0, 4, 3.75], "texture": "#1"},
				"south": {"uv": [0, 0, 0, 8.5], "texture": "#1"},
				"west": {"uv": [4, 0, 0, 3.75], "texture": "#1"},
				"up": {"uv": [0, 0, 4, 0], "rotation": 270, "texture": "#1"},
				"down": {"uv": [0, 0, 4, 0], "rotation": 90, "texture": "#1"}
			}
		},
		{
			"from": [7, -10, -1.16476],
			"to": [7, 5, 14.83524],
			"rotation": {"angle": 0, "axis": "y", "origin": [8, 8, 8]},
			"faces": {
				"north": {"uv": [0, 8.5, 0, 0], "texture": "#1"},
				"east": {"uv": [0, 3.75, 4, 0], "texture": "#1"},
				"south": {"uv": [0, 8.5, 0, 0], "texture": "#1"},
				"west": {"uv": [4, 3.75, 0, 0], "texture": "#1"},
				"up": {"uv": [0, 0, 4, 0], "rotation": 270, "texture": "#1"},
				"down": {"uv": [0, 0, 4, 0], "rotation": 90, "texture": "#1"}
			}
		},
		{
			"from": [10.86512, 18, 11.1261],
			"to": [10.86512, 30, 23.1261],
			"rotation": {"angle": -22.5, "axis": "y", "origin": [8, 8, 8]},
			"faces": {
				"north": {"uv": [0, 0, 3, 0], "rotation": 90, "texture": "#missing"},
				"east": {"uv": [3, 13, 0, 10], "rotation": 270, "texture": "#0"},
				"south": {"uv": [0, 0, 3, 0], "rotation": 90, "texture": "#missing"},
				"west": {"uv": [0, 13, 3, 10], "rotation": 90, "texture": "#0"},
				"up": {"uv": [0, 0, 0, 3], "texture": "#missing"},
				"down": {"uv": [0, 0, 0, 3], "rotation": 180, "texture": "#missing"}
			}
		},
		{
			"from": [3.14145, 18, 10.34034],
			"to": [3.14145, 30, 22.34034],
			"rotation": {"angle": 22.5, "axis": "y", "origin": [8, 8, 8]},
			"faces": {
				"north": {"uv": [0, 0, 3, 0], "rotation": 90, "texture": "#missing"},
				"east": {"uv": [3, 13, 0, 10], "rotation": 270, "texture": "#0"},
				"south": {"uv": [0, 0, 3, 0], "rotation": 90, "texture": "#missing"},
				"west": {"uv": [0, 13, 3, 10], "rotation": 90, "texture": "#0"},
				"up": {"uv": [0, 0, 0, 3], "texture": "#missing"},
				"down": {"uv": [0, 0, 0, 3], "rotation": 180, "texture": "#missing"}
			}
		},
		{
			"from": [10.86512, -14, 11.1261],
			"to": [10.86512, -2, 23.1261],
			"rotation": {"angle": -22.5, "axis": "y", "origin": [8, 8, 8]},
			"faces": {
				"north": {"uv": [3, 0, 0, 0], "rotation": 90, "texture": "#missing"},
				"east": {"uv": [0, 13, 3, 10], "rotation": 270, "texture": "#0"},
				"south": {"uv": [3, 0, 0, 0], "rotation": 90, "texture": "#missing"},
				"west": {"uv": [3, 13, 0, 10], "rotation": 90, "texture": "#0"},
				"up": {"uv": [0, 0, 0, 3], "texture": "#missing"},
				"down": {"uv": [0, 0, 0, 3], "rotation": 180, "texture": "#missing"}
			}
		},
		{
			"from": [3.24145, -14, 10.34034],
			"to": [3.24145, -2, 22.34034],
			"rotation": {"angle": 22.5, "axis": "y", "origin": [8, 8, 8]},
			"faces": {
				"north": {"uv": [3, 0, 0, 0], "rotation": 90, "texture": "#missing"},
				"east": {"uv": [0, 13, 3, 10], "rotation": 270, "texture": "#0"},
				"south": {"uv": [3, 0, 0, 0], "rotation": 90, "texture": "#missing"},
				"west": {"uv": [3, 13, 0, 10], "rotation": 90, "texture": "#0"},
				"up": {"uv": [0, 0, 0, 3], "texture": "#missing"},
				"down": {"uv": [0, 0, 0, 3], "rotation": 180, "texture": "#missing"}
			}
		},
		{
			"from": [11, -2.6, 1.43524],
			"to": [11, 18.2, 22.23524],
			"rotation": {"angle": 0, "axis": "y", "origin": [8, 8, 8]},
			"faces": {
				"north": {"uv": [0, 0, 0, 8], "texture": "#3"},
				"east": {"uv": [0, 0, 16, 16], "texture": "#3"},
				"south": {"uv": [0, 0, 0, 8], "texture": "#3"},
				"west": {"uv": [16, 0, 0, 16], "texture": "#3"},
				"up": {"uv": [0, 0, 8, 0], "rotation": 270, "texture": "#3"},
				"down": {"uv": [0, 0, 8, 0], "rotation": 90, "texture": "#3"}
			}
		},
		{
			"from": [11, -2.6, 1.43524],
			"to": [11, 18.2, 22.23524],
			"rotation": {"angle": 0, "axis": "y", "origin": [8, 8, 8]},
			"faces": {
				"north": {"uv": [0, 0, 0, 8], "texture": "#3"},
				"east": {"uv": [0, 0, 16, 16], "texture": "#3"},
				"south": {"uv": [0, 0, 0, 8], "texture": "#3"},
				"west": {"uv": [16, 0, 0, 16], "texture": "#3"},
				"up": {"uv": [0, 0, 8, 0], "rotation": 270, "texture": "#3"},
				"down": {"uv": [0, 0, 8, 0], "rotation": 90, "texture": "#3"}
			}
		}
	],
	"gui_light": "front",
	"display": {
		"thirdperson_righthand": {
			"translation": [0, -2.25, 1.75],
			"scale": [0.7, 0.7, 0.7]
		},
		"thirdperson_lefthand": {
			"translation": [0, -2.25, 1.75],
			"scale": [0.7, 0.7, 0.7]
		},
		"firstperson_righthand": {
			"rotation": [23.43, 51.63, -5.2],
			"translation": [0.75, 4.25, -2.25],
			"scale": [0.42188, 0.42188, 0.42188]
		},
		"firstperson_lefthand": {
			"rotation": [23.43, 51.63, -5.2],
			"translation": [0.75, 4.25, -2.25],
			"scale": [0.42188, 0.42188, 0.42188]
		},
		"ground": {
			"rotation": [16.07, 18.59, 98.68],
			"translation": [0, 3.75, -1.25],
			"scale": [0.61719, 0.61719, 0.61719]
		},
		"gui": {
			"rotation": [90, -45, 90],
			"translation": [2.5, 2, -2],
			"scale": [0.42789, 0.42789, 0.42789]
		},
		"head": {
			"rotation": [-84.2, 65.5, 83.49],
			"translation": [-0.5, 16, 4.75],
			"scale": [0.7, 0.7, 0.7]
		},
		"fixed": {
			"rotation": [90, 90, 90],
			"translation": [-2, 0.5, -2.25],
			"scale": [1.29766, 1.29766, 1.29766]
		}
	},
	"groups": [
		{
			"name": "Bow",
			"origin": [8, 21, 8],
			"color": 0,
			"nbt": "{}",
			"armAnimationEnabled": false,
			"children": [
				{
					"name": "group",
					"origin": [0, 18, 0],
					"color": 0,
					"nbt": "{}",
					"armAnimationEnabled": false,
					"children": [0, 1, 2, 3, 4]
				},
				{
					"name": "group",
					"origin": [0, 0, 0],
					"color": 0,
					"nbt": "{}",
					"armAnimationEnabled": false,
					"children": [5, 6, 7, 8, 9, 10]
				},
				{
					"name": "group",
					"origin": [0, 0, 0],
					"color": 0,
					"nbt": "{}",
					"armAnimationEnabled": false,
					"children": [11, 12, 13, 14, 15, 16]
				}
			]
		},
		{
			"name": "Arrow",
			"origin": [8, 21, 8],
			"color": 0,
			"nbt": "{}",
			"armAnimationEnabled": false,
			"children": [17, 18]
		},
		{
			"name": "Particles",
			"origin": [15, 8, 12],
			"color": 0,
			"nbt": "{}",
			"armAnimationEnabled": false,
			"children": [19, 20, 21, 22, 23, 24, 25, 26]
		}
	]
}