{
	"credit": "Made with Blockbench",
	"texture_size": [64, 64],
	"textures": {
		"0": "galaxy_set:galaxy_set/galaxy_bow_1",
		"1": "galaxy_set:galaxy_set/galaxy_bow_2",
		"2": "galaxy_set:galaxy_set/galaxy_3",
		"3": "galaxy_set:galaxy_set/galaxy_ani_2",
		"particle": "galaxy_set:galaxy_set/galaxy_bow_1"
	},
	"elements": [
		{
			"from": [6, -0.25589, 12.02645],
			"to": [10, 3.74411, 16.02645],
			"rotation": {"angle": -45, "axis": "x", "origin": [8, 8, 8]},
			"faces": {
				"north": {"uv": [11.5, 7.625, 12.5, 8.625], "texture": "#0"},
				"east": {"uv": [11.5, 7.625, 12.5, 8.625], "texture": "#0"},
				"south": {"uv": [11.5, 7.625, 12.5, 8.625], "texture": "#0"},
				"west": {"uv": [11.5, 7.625, 12.5, 8.625], "texture": "#0"},
				"up": {"uv": [11.5, 7.625, 12.5, 8.625], "rotation": 270, "texture": "#0"},
				"down": {"uv": [11.5, 7.625, 12.5, 8.625], "rotation": 90, "texture": "#0"}
			}
		},
		{
			"from": [7, -1.66278, 15.03495],
			"to": [9, 10.33722, 17.03495],
			"rotation": {"angle": 22.5, "axis": "x", "origin": [8, 8, 8]},
			"faces": {
				"north": {"uv": [15.25, 3.75, 15.75, 6.75], "texture": "#0"},
				"east": {"uv": [15.75, 7.375, 15.25, 10.375], "rotation": 180, "texture": "#0"},
				"south": {"uv": [15.75, 7.375, 15.25, 10.375], "rotation": 180, "texture": "#0"},
				"west": {"uv": [15.75, 7.375, 15.25, 10.375], "rotation": 180, "texture": "#0"},
				"up": {"uv": [15.25, 4.875, 15.75, 4.375], "texture": "#0"},
				"down": {"uv": [15.25, 6.625, 15.75, 6.125], "rotation": 180, "texture": "#0"}
			}
		},
		{
			"from": [7, 5.66278, 15.03495],
			"to": [9, 17.66278, 17.03495],
			"rotation": {"angle": -22.5, "axis": "x", "origin": [8, 8, 8]},
			"faces": {
				"north": {"uv": [15.25, 6.75, 15.75, 3.75], "texture": "#0"},
				"east": {"uv": [15.75, 10.375, 15.25, 7.375], "rotation": 180, "texture": "#0"},
				"south": {"uv": [15.75, 10.375, 15.25, 7.375], "rotation": 180, "texture": "#0"},
				"west": {"uv": [15.75, 10.375, 15.25, 7.375], "rotation": 180, "texture": "#0"},
				"up": {"uv": [15.75, 6.625, 15.25, 6.125], "texture": "#0"},
				"down": {"uv": [15.75, 4.875, 15.25, 4.375], "rotation": 180, "texture": "#0"}
			}
		},
		{
			"from": [6, 4, 0.71508],
			"to": [10, 5, 6.71508],
			"rotation": {"angle": 0, "axis": "y", "origin": [8, 8, 8]},
			"faces": {
				"north": {"uv": [13.375, 10.125, 14.375, 9.875], "texture": "#1"},
				"east": {"uv": [12.875, 9.75, 14.375, 9.5], "texture": "#1"},
				"south": {"uv": [13.375, 10.125, 14.375, 9.875], "texture": "#1"},
				"west": {"uv": [12.875, 9.75, 14.375, 9.5], "texture": "#1"},
				"up": {"uv": [14.5, 10.5, 16, 9.5], "rotation": 270, "texture": "#1"},
				"down": {"uv": [14.5, 10.5, 16, 9.5], "rotation": 90, "texture": "#1"}
			}
		},
		{
			"from": [6.5, -0.5, 0.71508],
			"to": [6.5, 4.5, 13.71508],
			"rotation": {"angle": 0, "axis": "y", "origin": [8, 8, 8]},
			"faces": {
				"north": {"uv": [0, 1.5, 0, 0], "texture": "#missing"},
				"east": {"uv": [12, 0, 10.75, 3.25], "rotation": 270, "texture": "#0"},
				"south": {"uv": [0, 1.5, 0, 0], "texture": "#missing"},
				"west": {"uv": [12, 3.25, 10.75, 0], "rotation": 270, "texture": "#0"},
				"up": {"uv": [0, 0, 4, 0], "rotation": 270, "texture": "#missing"},
				"down": {"uv": [0, 0, 4, 0], "rotation": 90, "texture": "#missing"}
			}
		},
		{
			"from": [9.5, -0.5, 0.71508],
			"to": [9.5, 4.5, 13.71508],
			"rotation": {"angle": 0, "axis": "y", "origin": [8, 8, 8]},
			"faces": {
				"north": {"uv": [0, 1.5, 0, 0], "texture": "#missing"},
				"east": {"uv": [12, 0, 10.75, 3.25], "rotation": 270, "texture": "#0"},
				"south": {"uv": [0, 1.5, 0, 0], "texture": "#missing"},
				"west": {"uv": [12, 3.25, 10.75, 0], "rotation": 270, "texture": "#0"},
				"up": {"uv": [0, 0, 4, 0], "rotation": 270, "texture": "#missing"},
				"down": {"uv": [0, 0, 4, 0], "rotation": 90, "texture": "#missing"}
			}
		},
		{
			"from": [6, -0.06543, 2.58431],
			"to": [10, 0.93457, 5.58431],
			"rotation": {"angle": 45, "axis": "x", "origin": [8, 8, 8]},
			"faces": {
				"north": {"uv": [13.625, 8.375, 13.375, 9.375], "rotation": 90, "texture": "#1"},
				"east": {"uv": [12.5, 8.625, 13.25, 8.375], "texture": "#1"},
				"south": {"uv": [13.625, 8.375, 13.375, 9.375], "rotation": 90, "texture": "#1"},
				"west": {"uv": [13.25, 8.625, 12.5, 8.375], "texture": "#1"},
				"up": {"uv": [13.75, 9.375, 14.5, 8.375], "rotation": 270, "texture": "#1"},
				"down": {"uv": [13.75, 9.375, 14.5, 8.375], "rotation": 90, "texture": "#1"}
			}
		},
		{
			"from": [6, 5, 2.71508],
			"to": [7, 6, 11.71508],
			"rotation": {"angle": 0, "axis": "y", "origin": [8, 8, 8]},
			"faces": {
				"north": {"uv": [13, 9, 13.25, 8.75], "texture": "#1"},
				"east": {"uv": [14.375, 10.5, 12.125, 10.25], "texture": "#1"},
				"south": {"uv": [13, 9, 13.25, 8.75], "texture": "#1"},
				"west": {"uv": [12.125, 10.5, 14.375, 10.25], "texture": "#1"},
				"up": {"uv": [12.125, 10.875, 14.375, 10.625], "rotation": 270, "texture": "#1"},
				"down": {"uv": [12.125, 10.875, 14.375, 10.625], "rotation": 90, "texture": "#1"}
			}
		},
		{
			"from": [9, 5, 2.71508],
			"to": [10, 6, 11.71508],
			"rotation": {"angle": 0, "axis": "y", "origin": [8, 8, 8]},
			"faces": {
				"north": {"uv": [13, 9, 13.25, 8.75], "texture": "#1"},
				"east": {"uv": [14.375, 10.5, 12.125, 10.25], "texture": "#1"},
				"south": {"uv": [13, 9, 13.25, 8.75], "texture": "#1"},
				"west": {"uv": [12.125, 10.5, 14.375, 10.25], "texture": "#1"},
				"up": {"uv": [12.125, 10.875, 14.375, 10.625], "rotation": 270, "texture": "#1"},
				"down": {"uv": [12.125, 10.875, 14.375, 10.625], "rotation": 90, "texture": "#1"}
			}
		},
		{
			"from": [6, 11, 0.71508],
			"to": [10, 12, 6.71508],
			"rotation": {"angle": 0, "axis": "y", "origin": [8, 8, 8]},
			"faces": {
				"north": {"uv": [13.375, 9.875, 14.375, 10.125], "texture": "#1"},
				"east": {"uv": [12.875, 9.5, 14.375, 9.75], "texture": "#1"},
				"south": {"uv": [13.375, 9.875, 14.375, 10.125], "texture": "#1"},
				"west": {"uv": [12.875, 9.5, 14.375, 9.75], "texture": "#1"},
				"up": {"uv": [14.5, 9.5, 16, 10.5], "rotation": 270, "texture": "#1"},
				"down": {"uv": [14.5, 9.5, 16, 10.5], "rotation": 90, "texture": "#1"}
			}
		},
		{
			"from": [6.5, 11.5, 0.71508],
			"to": [6.5, 16.5, 13.71508],
			"rotation": {"angle": 0, "axis": "y", "origin": [8, 8, 8]},
			"faces": {
				"north": {"uv": [0, 0, 0, 1.5], "texture": "#missing"},
				"east": {"uv": [10.75, 0, 12, 3.25], "rotation": 270, "texture": "#0"},
				"south": {"uv": [0, 0, 0, 1.5], "texture": "#missing"},
				"west": {"uv": [10.75, 3.25, 12, 0], "rotation": 270, "texture": "#0"},
				"up": {"uv": [0, 0, 4, 0], "rotation": 270, "texture": "#missing"},
				"down": {"uv": [0, 0, 4, 0], "rotation": 90, "texture": "#missing"}
			}
		},
		{
			"from": [9.5, 11.5, 0.71508],
			"to": [9.5, 16.5, 13.71508],
			"rotation": {"angle": 0, "axis": "y", "origin": [8, 8, 8]},
			"faces": {
				"north": {"uv": [0, 0, 0, 1.5], "texture": "#missing"},
				"east": {"uv": [10.75, 0, 12, 3.25], "rotation": 270, "texture": "#0"},
				"south": {"uv": [0, 0, 0, 1.5], "texture": "#missing"},
				"west": {"uv": [10.75, 3.25, 12, 0], "rotation": 270, "texture": "#0"},
				"up": {"uv": [0, 0, 4, 0], "rotation": 270, "texture": "#missing"},
				"down": {"uv": [0, 0, 4, 0], "rotation": 90, "texture": "#missing"}
			}
		},
		{
			"from": [6, 15.06543, 2.58431],
			"to": [10, 16.06543, 5.58431],
			"rotation": {"angle": -45, "axis": "x", "origin": [8, 8, 8]},
			"faces": {
				"north": {"uv": [13.375, 8.375, 13.625, 9.375], "rotation": 90, "texture": "#1"},
				"east": {"uv": [12.5, 8.375, 13.25, 8.625], "texture": "#1"},
				"south": {"uv": [13.375, 8.375, 13.625, 9.375], "rotation": 90, "texture": "#1"},
				"west": {"uv": [13.25, 8.375, 12.5, 8.625], "texture": "#1"},
				"up": {"uv": [13.75, 8.375, 14.5, 9.375], "rotation": 270, "texture": "#1"},
				"down": {"uv": [13.75, 8.375, 14.5, 9.375], "rotation": 90, "texture": "#1"}
			}
		},
		{
			"from": [6, 10, 2.71508],
			"to": [7, 11, 11.71508],
			"rotation": {"angle": 0, "axis": "y", "origin": [8, 8, 8]},
			"faces": {
				"north": {"uv": [13, 8.75, 13.25, 9], "texture": "#1"},
				"east": {"uv": [14.375, 10.25, 12.125, 10.5], "texture": "#1"},
				"south": {"uv": [13, 8.75, 13.25, 9], "texture": "#1"},
				"west": {"uv": [12.125, 10.25, 14.375, 10.5], "texture": "#1"},
				"up": {"uv": [12.125, 10.625, 14.375, 10.875], "rotation": 270, "texture": "#1"},
				"down": {"uv": [12.125, 10.625, 14.375, 10.875], "rotation": 90, "texture": "#1"}
			}
		},
		{
			"from": [9, 10, 2.71508],
			"to": [10, 11, 11.71508],
			"rotation": {"angle": 0, "axis": "y", "origin": [8, 8, 8]},
			"faces": {
				"north": {"uv": [13, 8.75, 13.25, 9], "texture": "#1"},
				"east": {"uv": [14.375, 10.25, 12.125, 10.5], "texture": "#1"},
				"south": {"uv": [13, 8.75, 13.25, 9], "texture": "#1"},
				"west": {"uv": [12.125, 10.25, 14.375, 10.5], "texture": "#1"},
				"up": {"uv": [12.125, 10.625, 14.375, 10.875], "rotation": 270, "texture": "#1"},
				"down": {"uv": [12.125, 10.625, 14.375, 10.875], "rotation": 90, "texture": "#1"}
			}
		},
		{
			"from": [8, 11, -3.28492],
			"to": [8, 26, 12.71508],
			"rotation": {"angle": 0, "axis": "y", "origin": [8, 8, 8]},
			"faces": {
				"north": {"uv": [0, 0, 0, 8.5], "texture": "#1"},
				"east": {"uv": [0, 0, 4, 3.75], "texture": "#1"},
				"south": {"uv": [0, 0, 0, 8.5], "texture": "#1"},
				"west": {"uv": [4, 0, 0, 3.75], "texture": "#1"},
				"up": {"uv": [0, 0, 4, 0], "rotation": 270, "texture": "#1"},
				"down": {"uv": [0, 0, 4, 0], "rotation": 90, "texture": "#1"}
			}
		},
		{
			"from": [8, -10, -3.28492],
			"to": [8, 5, 12.71508],
			"rotation": {"angle": 0, "axis": "y", "origin": [8, 8, 8]},
			"faces": {
				"north": {"uv": [0, 8.5, 0, 0], "texture": "#1"},
				"east": {"uv": [0, 3.75, 4, 0], "texture": "#1"},
				"south": {"uv": [0, 8.5, 0, 0], "texture": "#1"},
				"west": {"uv": [4, 3.75, 0, 0], "texture": "#1"},
				"up": {"uv": [0, 0, 4, 0], "rotation": 270, "texture": "#1"},
				"down": {"uv": [0, 0, 4, 0], "rotation": 90, "texture": "#1"}
			}
		},
		{
			"from": [6.9, 17.0345, 4.30487],
			"to": [6.9, 29.0345, 16.30487],
			"rotation": {"angle": 22.5, "axis": "x", "origin": [8, 8, 8]},
			"faces": {
				"north": {"uv": [0, 0, 3, 0], "rotation": 90, "texture": "#missing"},
				"east": {"uv": [3, 13, 0, 10], "rotation": 270, "texture": "#0"},
				"south": {"uv": [0, 0, 3, 0], "rotation": 90, "texture": "#missing"},
				"west": {"uv": [0, 13, 3, 10], "rotation": 90, "texture": "#0"},
				"up": {"uv": [0, 0, 0, 3], "texture": "#missing"},
				"down": {"uv": [0, 0, 0, 3], "rotation": 180, "texture": "#missing"}
			}
		},
		{
			"from": [9, 17.18704, 4.30724],
			"to": [9, 29.18704, 16.30724],
			"rotation": {"angle": 22.5, "axis": "x", "origin": [8, 8, 8]},
			"faces": {
				"north": {"uv": [0, 0, 3, 0], "rotation": 90, "texture": "#missing"},
				"east": {"uv": [3, 13, 0, 10], "rotation": 270, "texture": "#0"},
				"south": {"uv": [0, 0, 3, 0], "rotation": 90, "texture": "#missing"},
				"west": {"uv": [0, 13, 3, 10], "rotation": 90, "texture": "#0"},
				"up": {"uv": [0, 0, 0, 3], "texture": "#missing"},
				"down": {"uv": [0, 0, 0, 3], "rotation": 180, "texture": "#missing"}
			}
		},
		{
			"from": [6.9, -13.7345, 2.00487],
			"to": [6.9, -1.7345, 14.00487],
			"rotation": {"angle": -22.5, "axis": "x", "origin": [8, 8, 8]},
			"faces": {
				"north": {"uv": [3, 0, 0, 0], "rotation": 90, "texture": "#missing"},
				"east": {"uv": [0, 13, 3, 10], "rotation": 270, "texture": "#0"},
				"south": {"uv": [3, 0, 0, 0], "rotation": 90, "texture": "#missing"},
				"west": {"uv": [3, 13, 0, 10], "rotation": 90, "texture": "#0"},
				"up": {"uv": [0, 0, 0, 3], "texture": "#missing"},
				"down": {"uv": [0, 0, 0, 3], "rotation": 180, "texture": "#missing"}
			}
		},
		{
			"from": [9.1, -13.7345, 2.00487],
			"to": [9.1, -1.7345, 14.00487],
			"rotation": {"angle": -22.5, "axis": "x", "origin": [8, 8, 8]},
			"faces": {
				"north": {"uv": [3, 0, 0, 0], "rotation": 90, "texture": "#missing"},
				"east": {"uv": [0, 13, 3, 10], "rotation": 270, "texture": "#0"},
				"south": {"uv": [3, 0, 0, 0], "rotation": 90, "texture": "#missing"},
				"west": {"uv": [3, 13, 0, 10], "rotation": 90, "texture": "#0"},
				"up": {"uv": [0, 0, 0, 3], "texture": "#missing"},
				"down": {"uv": [0, 0, 0, 3], "rotation": 180, "texture": "#missing"}
			}
		},
		{
			"from": [12, -2.6, -0.68492],
			"to": [12, 18.2, 20.11508],
			"rotation": {"angle": 0, "axis": "y", "origin": [8, 8, 8]},
			"faces": {
				"north": {"uv": [0, 0, 0, 8], "texture": "#3"},
				"east": {"uv": [16, 0, 0, 16], "texture": "#3"},
				"south": {"uv": [0, 0, 0, 8], "texture": "#3"},
				"west": {"uv": [16, 0, 0, 16], "texture": "#3"},
				"up": {"uv": [0, 0, 8, 0], "rotation": 270, "texture": "#3"},
				"down": {"uv": [0, 0, 8, 0], "rotation": 90, "texture": "#3"}
			}
		},
		{
			"from": [4, -2.6, -0.68492],
			"to": [4, 18.2, 20.11508],
			"rotation": {"angle": 0, "axis": "y", "origin": [8, 8, 8]},
			"faces": {
				"north": {"uv": [0, 0, 0, 8], "texture": "#3"},
				"east": {"uv": [16, 0, 0, 16], "texture": "#3"},
				"south": {"uv": [0, 0, 0, 8], "texture": "#3"},
				"west": {"uv": [16, 0, 0, 16], "texture": "#3"},
				"up": {"uv": [0, 0, 8, 0], "rotation": 270, "texture": "#3"},
				"down": {"uv": [0, 0, 8, 0], "rotation": 90, "texture": "#3"}
			}
		},
		{
			"from": [7, 7.1, -0.18492],
			"to": [9, 9.1, 12.81508],
			"rotation": {"angle": 0, "axis": "y", "origin": [8, 8, 8]},
			"faces": {
				"north": {"uv": [4.25, 1.375, 4.75, 1.875], "rotation": 90, "texture": "#0"},
				"east": {"uv": [5.375, 3.25, 8.625, 3.75], "rotation": 180, "texture": "#0"},
				"south": {"uv": [4.25, 1.375, 4.75, 1.875], "rotation": 90, "texture": "#0"},
				"west": {"uv": [5.375, 3.25, 8.625, 3.75], "texture": "#0"},
				"up": {"uv": [12, 3.25, 8.75, 3.75], "rotation": 90, "texture": "#0"},
				"down": {"uv": [12, 3.25, 8.75, 3.75], "rotation": 270, "texture": "#0"}
			}
		},
		{
			"from": [8, 4.1, -5.18492],
			"to": [8, 12.1, 3.81508],
			"rotation": {"angle": 0, "axis": "y", "origin": [8, 8, 8]},
			"faces": {
				"north": {"uv": [0, 0, 2, 0], "rotation": 90, "texture": "#missing"},
				"east": {"uv": [10.375, 0, 12.375, 2.25], "rotation": 90, "texture": "#1"},
				"south": {"uv": [0, 0, 2, 0], "rotation": 90, "texture": "#missing"},
				"west": {"uv": [10.375, 0, 12.375, 2.25], "rotation": 270, "texture": "#1"},
				"up": {"uv": [0, 0, 0, 2.25], "texture": "#missing"},
				"down": {"uv": [0, 0, 0, 2.25], "rotation": 180, "texture": "#missing"}
			}
		},
		{
			"from": [9.5, 12.79092, 13.07721],
			"to": [10.5, 13.79092, 14.07721],
			"rotation": {"angle": 45, "axis": "x", "origin": [8, 8, 8]},
			"faces": {
				"north": {"uv": [2.75, 9, 3, 9.25], "texture": "#0"},
				"east": {"uv": [3, 9, 2.75, 9.25], "texture": "#0"},
				"south": {"uv": [2.75, 9, 3, 9.25], "texture": "#0"},
				"west": {"uv": [3, 9, 2.75, 9.25], "texture": "#0"},
				"up": {"uv": [3, 9, 2.75, 9.25], "texture": "#0"},
				"down": {"uv": [2.75, 9.25, 3, 9], "texture": "#0"}
			}
		},
		{
			"from": [5.5, 12.79092, 12.97721],
			"to": [6.5, 13.79092, 13.97721],
			"rotation": {"angle": 45, "axis": "x", "origin": [8, 8, 8]},
			"faces": {
				"north": {"uv": [3, 9, 2.75, 9.25], "texture": "#0"},
				"east": {"uv": [2.75, 9, 3, 9.25], "texture": "#0"},
				"south": {"uv": [3, 9, 2.75, 9.25], "texture": "#0"},
				"west": {"uv": [2.75, 9, 3, 9.25], "texture": "#0"},
				"up": {"uv": [2.75, 9, 3, 9.25], "texture": "#0"},
				"down": {"uv": [3, 9.25, 2.75, 9], "texture": "#0"}
			}
		},
		{
			"from": [7.48686, 6.4, 9.97356],
			"to": [7.48686, 9.4, 14.97356],
			"rotation": {"angle": -22.5, "axis": "y", "origin": [8, 8, 8]},
			"faces": {
				"north": {"uv": [0, 0, 0.5, 0], "rotation": 90, "texture": "#2"},
				"east": {"uv": [0, 0, 0.75, 2], "rotation": 90, "texture": "#2"},
				"south": {"uv": [0, 0, 0.5, 0], "rotation": 90, "texture": "#2"},
				"west": {"uv": [0, 0, 0.75, 1.25], "rotation": 270, "texture": "#2"},
				"up": {"uv": [0, 0, 0, 2], "texture": "#2"},
				"down": {"uv": [0, 0, 0, 2], "rotation": 180, "texture": "#2"}
			}
		},
		{
			"from": [8.51314, 6.4, 9.97356],
			"to": [8.51314, 9.4, 14.97356],
			"rotation": {"angle": 22.5, "axis": "y", "origin": [8, 8, 8]},
			"faces": {
				"north": {"uv": [0, 0, 0.5, 0], "rotation": 90, "texture": "#2"},
				"east": {"uv": [0, 1.25, 0.75, 0], "rotation": 270, "texture": "#2"},
				"south": {"uv": [0, 0, 0.5, 0], "rotation": 90, "texture": "#2"},
				"west": {"uv": [0, 2, 0.75, 0], "rotation": 90, "texture": "#2"},
				"up": {"uv": [0, 0, 0, 2], "texture": "#2"},
				"down": {"uv": [0, 0, 0, 2], "rotation": 180, "texture": "#2"}
			}
		},
		{
			"from": [6.5, 8.09791, 9.45009],
			"to": [9.5, 8.09791, 14.45009],
			"rotation": {"angle": -22.5, "axis": "x", "origin": [8, 8, 8]},
			"faces": {
				"north": {"uv": [0.5, 0, 0, 0], "texture": "#2"},
				"east": {"uv": [0, 0, 0, 2], "rotation": 90, "texture": "#2"},
				"south": {"uv": [0.5, 0, 0, 0], "rotation": 180, "texture": "#2"},
				"west": {"uv": [0, 0, 0, 2], "rotation": 270, "texture": "#2"},
				"up": {"uv": [0.75, 0, 0, 1.25], "texture": "#2"},
				"down": {"uv": [0.75, 0, 0, 2], "rotation": 180, "texture": "#2"}
			}
		},
		{
			"from": [6.5, 7.90209, 9.45009],
			"to": [9.5, 7.90209, 14.45009],
			"rotation": {"angle": 22.5, "axis": "x", "origin": [8, 8, 8]},
			"faces": {
				"north": {"uv": [0.5, 0, 0, 0], "texture": "#2"},
				"east": {"uv": [0, 0, 0, 2], "rotation": 90, "texture": "#2"},
				"south": {"uv": [0.5, 0, 0, 0], "rotation": 180, "texture": "#2"},
				"west": {"uv": [0, 0, 0, 2], "rotation": 270, "texture": "#2"},
				"up": {"uv": [0, 0, 0.75, 2], "texture": "#2"},
				"down": {"uv": [0, 0, 0.75, 1.25], "rotation": 180, "texture": "#2"}
			}
		},
		{
			"from": [10.9146, 18, 8.63242],
			"to": [10.9146, 30, 20.63242],
			"rotation": {"angle": -22.5, "axis": "y", "origin": [8, 8, 8]},
			"faces": {
				"north": {"uv": [0, 0, 3, 0], "rotation": 90, "texture": "#missing"},
				"east": {"uv": [3, 13, 0, 10], "rotation": 270, "texture": "#0"},
				"south": {"uv": [0, 0, 3, 0], "rotation": 90, "texture": "#missing"},
				"west": {"uv": [0, 13, 3, 10], "rotation": 90, "texture": "#0"},
				"up": {"uv": [0, 0, 0, 3], "texture": "#missing"},
				"down": {"uv": [0, 0, 0, 3], "rotation": 180, "texture": "#missing"}
			}
		},
		{
			"from": [4.93973, 18, 8.61203],
			"to": [4.93973, 30, 20.61203],
			"rotation": {"angle": 22.5, "axis": "y", "origin": [8, 8, 8]},
			"faces": {
				"north": {"uv": [0, 0, 3, 0], "rotation": 90, "texture": "#missing"},
				"east": {"uv": [3, 13, 0, 10], "rotation": 270, "texture": "#0"},
				"south": {"uv": [0, 0, 3, 0], "rotation": 90, "texture": "#missing"},
				"west": {"uv": [0, 13, 3, 10], "rotation": 90, "texture": "#0"},
				"up": {"uv": [0, 0, 0, 3], "texture": "#missing"},
				"down": {"uv": [0, 0, 0, 3], "rotation": 180, "texture": "#missing"}
			}
		},
		{
			"from": [8, 11, -3.44968],
			"to": [8, 26, 12.55032],
			"rotation": {"angle": 0, "axis": "y", "origin": [8, 8, 8]},
			"faces": {
				"north": {"uv": [0, 0, 0, 8.5], "texture": "#1"},
				"east": {"uv": [0, 0, 4, 3.75], "texture": "#1"},
				"south": {"uv": [0, 0, 0, 8.5], "texture": "#1"},
				"west": {"uv": [4, 0, 0, 3.75], "texture": "#1"},
				"up": {"uv": [0, 0, 4, 0], "rotation": 270, "texture": "#1"},
				"down": {"uv": [0, 0, 4, 0], "rotation": 90, "texture": "#1"}
			}
		},
		{
			"from": [8, -10, -3.44968],
			"to": [8, 5, 12.55032],
			"rotation": {"angle": 0, "axis": "y", "origin": [8, 8, 8]},
			"faces": {
				"north": {"uv": [0, 8.5, 0, 0], "texture": "#1"},
				"east": {"uv": [0, 3.75, 4, 0], "texture": "#1"},
				"south": {"uv": [0, 8.5, 0, 0], "texture": "#1"},
				"west": {"uv": [4, 3.75, 0, 0], "texture": "#1"},
				"up": {"uv": [0, 0, 4, 0], "rotation": 270, "texture": "#1"},
				"down": {"uv": [0, 0, 4, 0], "rotation": 90, "texture": "#1"}
			}
		},
		{
			"from": [10.9146, -14, 8.63242],
			"to": [10.9146, -2, 20.63242],
			"rotation": {"angle": -22.5, "axis": "y", "origin": [8, 8, 8]},
			"faces": {
				"north": {"uv": [3, 0, 0, 0], "rotation": 90, "texture": "#missing"},
				"east": {"uv": [0, 13, 3, 10], "rotation": 270, "texture": "#0"},
				"south": {"uv": [3, 0, 0, 0], "rotation": 90, "texture": "#missing"},
				"west": {"uv": [3, 13, 0, 10], "rotation": 90, "texture": "#0"},
				"up": {"uv": [0, 0, 0, 3], "texture": "#missing"},
				"down": {"uv": [0, 0, 0, 3], "rotation": 180, "texture": "#missing"}
			}
		},
		{
			"from": [5.03973, -14, 8.61203],
			"to": [5.03973, -2, 20.61203],
			"rotation": {"angle": 22.5, "axis": "y", "origin": [8, 8, 8]},
			"faces": {
				"north": {"uv": [3, 0, 0, 0], "rotation": 90, "texture": "#missing"},
				"east": {"uv": [0, 13, 3, 10], "rotation": 270, "texture": "#0"},
				"south": {"uv": [3, 0, 0, 0], "rotation": 90, "texture": "#missing"},
				"west": {"uv": [3, 13, 0, 10], "rotation": 90, "texture": "#0"},
				"up": {"uv": [0, 0, 0, 3], "texture": "#missing"},
				"down": {"uv": [0, 0, 0, 3], "rotation": 180, "texture": "#missing"}
			}
		}
	],
	"gui_light": "front",
	"display": {
		"thirdperson_righthand": {
			"translation": [0, -2.25, 1.75],
			"scale": [0.7, 0.7, 0.7]
		},
		"thirdperson_lefthand": {
			"translation": [0, -2.25, 1.75],
			"scale": [0.7, 0.7, 0.7]
		},
		"firstperson_righthand": {
			"rotation": [23.43, 51.63, -5.2],
			"translation": [0.75, 4.25, -2.25],
			"scale": [0.42188, 0.42188, 0.42188]
		},
		"firstperson_lefthand": {
			"rotation": [23.43, 51.63, -5.2],
			"translation": [0.75, 4.25, -2.25],
			"scale": [0.42188, 0.42188, 0.42188]
		},
		"ground": {
			"rotation": [16.07, 18.59, 98.68],
			"translation": [0, 3.75, -1.25],
			"scale": [0.61719, 0.61719, 0.61719]
		},
		"gui": {
			"rotation": [90, -45, 90],
			"translation": [2.5, 2, -2],
			"scale": [0.42789, 0.42789, 0.42789]
		},
		"head": {
			"rotation": [-84.2, 65.5, 83.49],
			"translation": [-0.5, 16, 4.75],
			"scale": [0.7, 0.7, 0.7]
		},
		"fixed": {
			"rotation": [90, 90, 90],
			"translation": [-2, 0.5, -2.25],
			"scale": [1.29766, 1.29766, 1.29766]
		}
	},
	"groups": [
		{
			"name": "Bow",
			"origin": [8, 21, 8],
			"color": 0,
			"nbt": "{}",
			"armAnimationEnabled": false,
			"children": [
				{
					"name": "group",
					"origin": [0, 18, 0],
					"color": 0,
					"nbt": "{}",
					"armAnimationEnabled": false,
					"children": [0, 1, 2]
				},
				{
					"name": "group",
					"origin": [0, 0, 0],
					"color": 0,
					"nbt": "{}",
					"armAnimationEnabled": false,
					"children": [3, 4, 5, 6, 7, 8]
				},
				{
					"name": "group",
					"origin": [0, 0, 0],
					"color": 0,
					"nbt": "{}",
					"armAnimationEnabled": false,
					"children": [9, 10, 11, 12, 13, 14]
				},
				{
					"name": "Particles",
					"origin": [15, 8, 12],
					"color": 0,
					"nbt": "{}",
					"armAnimationEnabled": false,
					"children": [15, 16, 17, 18, 19, 20, 21, 22]
				}
			]
		},
		{
			"name": "Arrow",
			"origin": [8, 21, 8],
			"color": 0,
			"nbt": "{}",
			"armAnimationEnabled": false,
			"children": [
				23,
				24,
				25,
				26,
				{
					"name": "group",
					"origin": [11, 0, 16],
					"color": 0,
					"nbt": "{}",
					"armAnimationEnabled": false,
					"children": [27, 28, 29, 30]
				}
			]
		},
		31,
		32,
		33,
		34,
		35,
		36
	]
}