{"credit":"Made with Blockbench","textures":{"0":"adventure_time:bow_1_0","1":"adventure_time:bow_1_1"},"elements":[{"from":[6.3661466816,7.785853283199268,6.8854333952],"to":[7.5313754048,8.723102473599274,9.114566604799997],"faces":{"north":{"uv":[10.5,10.0,11.12,10.5],"texture":"#0"},"east":{"uv":[4.0,3.5,5.12,4.0],"texture":"#0"},"south":{"uv":[6.5,11.0,7.12,11.5],"texture":"#0"},"west":{"uv":[5.5,3.5,6.62,4.0],"texture":"#0"},"up":{"uv":[6.62,9.62,6.0,8.5],"texture":"#0"},"down":{"uv":[9.12,6.5,8.5,7.62],"texture":"#0"}}},{"from":[6.416151046980621,8.092426579581486,6.8854333952],"to":[7.328069178180622,8.092426579581486,9.114566604799997],"faces":{"north":{"uv":[0.0,0.0,0.5,0.0],"texture":"#0"},"east":{"uv":[0.0,0.0,1.12,0.0],"texture":"#0"},"south":{"uv":[0.0,0.0,0.5,0.0],"texture":"#0"},"west":{"uv":[0.0,0.0,1.12,0.0],"texture":"#0"},"up":{"uv":[10.0,3.62,9.5,2.5],"texture":"#0"},"down":{"uv":[3.5,9.5,3.0,10.62],"texture":"#0"}},"rotation":{"origin":[7.254378156584147,-0.14910101120073252,8],"axis":"z","angle":-22.5,"rescale":false}},{"from":[6.416808799999998,7.152576803199265,7.138743987200001],"to":[6.416808799999998,7.532542691199268,7.6706962304],"faces":{"north":{"uv":[0.0,0.0,0.0,0.25],"texture":"#0"},"east":{"uv":[12.5,9.0,12.75,9.25],"texture":"#0"},"south":{"uv":[0.0,0.0,0.0,0.25],"texture":"#0"},"west":{"uv":[12.5,10.0,12.75,10.25],"texture":"#0"},"up":{"uv":[0.0,0.25,0.0,0.0],"texture":"#0"},"down":{"uv":[0.0,0.0,0.0,0.25],"texture":"#0"}}},{"from":[6.416808799999998,7.152576803199265,8.3293037696],"to":[6.416808799999998,7.532542691199268,8.861256012799998],"faces":{"north":{"uv":[0.0,0.0,0.0,0.25],"texture":"#0"},"east":{"uv":[10.5,12.5,10.75,12.75],"texture":"#0"},"south":{"uv":[0.0,0.0,0.0,0.25],"texture":"#0"},"west":{"uv":[11.0,12.5,11.25,12.75],"texture":"#0"},"up":{"uv":[0.0,0.25,0.0,0.0],"texture":"#0"},"down":{"uv":[0.0,0.0,0.0,0.25],"texture":"#0"}}},{"from":[6.4674709184,6.772610915199259,6.986757632],"to":[7.480713286399999,8.672440355199269,9.013242368],"faces":{"north":{"uv":[5.0,9.5,5.5,10.5],"texture":"#0"},"east":{"uv":[7.5,4.5,8.5,5.5],"texture":"#0"},"south":{"uv":[9.5,6.5,10.0,7.5],"texture":"#0"},"west":{"uv":[7.5,5.5,8.5,6.5],"texture":"#0"},"up":{"uv":[10.0,8.5,9.5,7.5],"texture":"#0"},"down":{"uv":[10.0,8.5,9.5,9.5],"texture":"#0"}}},{"from":[6.606791744,5.234340480676966,4.336875224294897],"to":[7.366723520000001,6.247582848676963,4.9701517042948975],"faces":{"north":{"uv":[5.5,11.5,5.88,12.0],"texture":"#0"},"east":{"uv":[9.5,11.5,9.88,12.0],"texture":"#0"},"south":{"uv":[12.0,0.0,12.38,0.5],"texture":"#0"},"west":{"uv":[12.0,0.5,12.38,1.0],"texture":"#0"},"up":{"uv":[11.88,12.38,11.5,12.0],"texture":"#0"},"down":{"uv":[12.38,12.0,12.0,12.38],"texture":"#0"}},"rotation":{"origin":[7.254378156584147,-0.14910101120073252,8],"axis":"x","angle":22.5,"rescale":false}},{"from":[6.606791744,5.234340480676966,11.029848295705103],"to":[7.366723520000001,6.247582848676963,11.6631247757051],"faces":{"north":{"uv":[12.0,1.0,12.38,1.5],"texture":"#0"},"east":{"uv":[1.5,12.0,1.88,12.5],"texture":"#0"},"south":{"uv":[12.0,1.5,12.38,2.0],"texture":"#0"},"west":{"uv":[2.0,12.0,2.38,12.5],"texture":"#0"},"up":{"uv":[12.88,0.38,12.5,0.0],"texture":"#0"},"down":{"uv":[12.88,0.5,12.5,0.88],"texture":"#0"}},"rotation":{"origin":[7.254378156584147,-0.14910101120073252,8],"axis":"x","angle":-22.5,"rescale":false}},{"from":[6.606791744,6.112609445134716,2.618359598493214],"to":[7.366723520000001,6.6445616883347185,4.290209505693214],"faces":{"north":{"uv":[4.5,12.5,4.88,12.75],"texture":"#0"},"east":{"uv":[11.5,8.0,12.38,8.25],"texture":"#0"},"south":{"uv":[12.5,4.5,12.88,4.75],"texture":"#0"},"west":{"uv":[11.5,8.5,12.38,8.75],"texture":"#0"},"up":{"uv":[4.38,11.88,4.0,11.0],"texture":"#0"},"down":{"uv":[11.38,4.0,11.0,4.88],"texture":"#0"}},"rotation":{"origin":[7.254378156584147,-0.14910101120073252,8],"axis":"x","angle":22.5,"rescale":false}},{"from":[6.606791744,6.112609445134716,11.709790494306786],"to":[7.366723520000001,6.6445616883347185,13.381640401506786],"faces":{"north":{"uv":[4.0,12.5,4.38,12.75],"texture":"#0"},"east":{"uv":[7.5,11.5,8.38,11.75],"texture":"#0"},"south":{"uv":[12.5,4.0,12.88,4.25],"texture":"#0"},"west":{"uv":[11.5,7.5,12.38,7.75],"texture":"#0"},"up":{"uv":[3.38,11.88,3.0,11.0],"texture":"#0"},"down":{"uv":[3.88,11.0,3.5,11.88],"texture":"#0"}},"rotation":{"origin":[7.254378156584147,-0.14910101120073252,8],"axis":"x","angle":-22.5,"rescale":false}},{"from":[6.7334470400000015,-1.3618421667667415,6.600000000000001],"to":[9.266552959999999,0.28467668123325973,6.600000000000001],"faces":{"north":{"uv":[4.0,2.5,5.25,3.38],"texture":"#0"},"east":{"uv":[0.0,0.0,0.0,0.88],"texture":"#0"},"south":{"uv":[5.5,2.5,6.75,3.38],"texture":"#0"},"west":{"uv":[0.0,0.0,0.0,0.88],"texture":"#0"},"up":{"uv":[1.25,0.0,0.0,0.0],"texture":"#0"},"down":{"uv":[1.25,0.0,0.0,0.0],"texture":"#0"}},"rotation":{"origin":[8,-0.538582742766741,6.600000000000001],"axis":"x","angle":22.5,"rescale":false}},{"from":[6.856,8.540000000000004,7.188000000000002],"to":[6.856,13.219999999999986,11.868],"faces":{"north":{"uv":[15.5,15.5,16.0,16.0],"texture":"#1","rotation":90},"east":{"uv":[0.0,15.0,15.0,0.0],"texture":"#1","rotation":90},"south":{"uv":[15.5,15.5,16.0,16.0],"texture":"#1","rotation":90},"west":{"uv":[0.0,0.0,15.0,15.0],"texture":"#1","rotation":90},"up":{"uv":[15.5,15.5,16.0,16.0],"texture":"#1","rotation":180},"down":{"uv":[15.5,15.5,16.0,16.0],"texture":"#1"}},"rotation":{"origin":[6.856,10.88,9.528000000000002],"axis":"y","angle":22.5,"rescale":false}},{"from":[7,4,-3],"to":[9,4,1],"faces":{"north":{"uv":[0.0,0.0,1.0,0.0],"texture":"#0"},"east":{"uv":[0.0,0.0,2.0,0.0],"texture":"#0"},"south":{"uv":[0.0,0.0,1.0,0.0],"texture":"#0"},"west":{"uv":[0.0,0.0,2.0,0.0],"texture":"#0"},"up":{"uv":[1.0,2.0,0.0,0.0],"texture":"#0"},"down":{"uv":[2.0,0.0,1.0,2.0],"texture":"#0"}},"rotation":{"origin":[8,4,-1],"axis":"z","angle":45,"rescale":false}},{"from":[7,4,-3],"to":[9,4,1],"faces":{"north":{"uv":[0.0,0.0,1.0,0.0],"texture":"#0"},"east":{"uv":[0.0,0.0,2.0,0.0],"texture":"#0"},"south":{"uv":[0.0,0.0,1.0,0.0],"texture":"#0"},"west":{"uv":[0.0,0.0,2.0,0.0],"texture":"#0"},"up":{"uv":[1.0,4.0,0.0,2.0],"texture":"#0"},"down":{"uv":[3.0,0.0,2.0,2.0],"texture":"#0"}},"rotation":{"origin":[8,4,-1],"axis":"z","angle":-45,"rescale":false}},{"from":[7,4,13.599999999999998],"to":[9,4,15.599999999999998],"faces":{"north":{"uv":[0.0,0.0,1.0,0.0],"texture":"#0"},"east":{"uv":[0.0,0.0,1.0,0.0],"texture":"#0"},"south":{"uv":[0.0,0.0,1.0,0.0],"texture":"#0"},"west":{"uv":[0.0,0.0,1.0,0.0],"texture":"#0"},"up":{"uv":[1.0,9.0,0.0,8.0],"texture":"#0"},"down":{"uv":[9.5,0.0,8.5,1.0],"texture":"#0"}},"rotation":{"origin":[8,4,14.599999999999998],"axis":"z","angle":45,"rescale":false}},{"from":[7,4,13.599999999999998],"to":[9,4,15.599999999999998],"faces":{"north":{"uv":[0.0,0.0,1.0,0.0],"texture":"#0"},"east":{"uv":[0.0,0.0,1.0,0.0],"texture":"#0"},"south":{"uv":[0.0,0.0,1.0,0.0],"texture":"#0"},"west":{"uv":[0.0,0.0,1.0,0.0],"texture":"#0"},"up":{"uv":[9.5,2.0,8.5,1.0],"texture":"#0"},"down":{"uv":[3.5,8.5,2.5,9.5],"texture":"#0"}},"rotation":{"origin":[8,4,14.599999999999998],"axis":"z","angle":-45,"rescale":false}},{"from":[7.116723520000001,-2.4862311664476575,7.146794532222021],"to":[8.883276480000001,0.8597760015523424,8.913347492222023],"faces":{"north":{"uv":[4.5,0.0,5.38,1.62],"texture":"#0"},"east":{"uv":[2.5,4.5,3.38,6.12],"texture":"#0"},"south":{"uv":[3.5,4.5,4.38,6.12],"texture":"#0"},"west":{"uv":[4.5,4.5,5.38,6.12],"texture":"#0"},"up":{"uv":[9.38,3.38,8.5,2.5],"texture":"#0"},"down":{"uv":[4.38,8.5,3.5,9.38],"texture":"#0"}}},{"from":[7.116723520000001,7.140223998447658,7.146794532222021],"to":[8.883276480000001,10.48623116644766,8.913347492222023],"faces":{"north":{"uv":[5.5,0.0,6.38,1.62],"texture":"#0"},"east":{"uv":[5.5,4.5,6.38,6.12],"texture":"#0"},"south":{"uv":[0.0,6.0,0.88,7.62],"texture":"#0"},"west":{"uv":[6.5,0.0,7.38,1.62],"texture":"#0"},"up":{"uv":[9.38,4.38,8.5,3.5],"texture":"#0"},"down":{"uv":[5.38,8.5,4.5,9.38],"texture":"#0"}}},{"from":[7.366723520000001,-4.738005362350728,7.989697888207843],"to":[8.633276480000001,-1.5919981943507313,9.256250848207845],"faces":{"north":{"uv":[2.5,6.5,3.12,8.12],"texture":"#0"},"east":{"uv":[3.5,6.5,4.12,8.12],"texture":"#0"},"south":{"uv":[4.5,6.5,5.12,8.12],"texture":"#0"},"west":{"uv":[6.5,4.5,7.12,6.12],"texture":"#0"},"up":{"uv":[10.62,5.62,10.0,5.0],"texture":"#0"},"down":{"uv":[6.62,10.0,6.0,10.62],"texture":"#0"}},"rotation":{"origin":[7.98667942826776,-3.7423842719493923,9.16694765785969],"axis":"x","angle":-22.5,"rescale":false}},{"from":[7.366723520000001,9.59199819435073,7.989697888207843],"to":[8.633276480000001,12.738005362350727,9.256250848207845],"faces":{"north":{"uv":[5.5,6.5,6.12,8.12],"texture":"#0"},"east":{"uv":[6.5,6.5,7.12,8.12],"texture":"#0"},"south":{"uv":[7.5,0.0,8.12,1.62],"texture":"#0"},"west":{"uv":[7.5,2.5,8.12,4.12],"texture":"#0"},"up":{"uv":[10.62,6.62,10.0,6.0],"texture":"#0"},"down":{"uv":[7.62,10.0,7.0,10.62],"texture":"#0"}},"rotation":{"origin":[7.98667942826776,11.74238427194939,9.16694765785969],"axis":"x","angle":22.5,"rescale":false}},{"from":[7.480713286399999,3.40190609840648,1.7264047608142192],"to":[8.519286713600001,4.009851519206482,2.3343501816142203],"faces":{"north":{"uv":[3.0,12.5,3.5,12.75],"texture":"#0"},"east":{"uv":[12.5,12.0,12.75,12.25],"texture":"#0"},"south":{"uv":[12.5,3.0,13.0,3.25],"texture":"#0"},"west":{"uv":[12.5,12.5,12.75,12.75],"texture":"#0"},"up":{"uv":[4.0,12.75,3.5,12.5],"texture":"#0"},"down":{"uv":[13.0,3.5,12.5,3.75],"texture":"#0"}},"rotation":{"origin":[7.254378156584147,-0.14910101120073252,8],"axis":"x","angle":45,"rescale":false}},{"from":[7.4807132864,4.453608410196001,12.602709421396735],"to":[8.519286713599998,5.973471962196003,14.122572973396737],"faces":{"north":{"uv":[5.02,10.0,4.5,10.76],"texture":"#0"},"east":{"uv":[9.76,4.5,9.0,5.26],"texture":"#0"},"south":{"uv":[10.52,7.0,10.0,7.76],"texture":"#0"},"west":{"uv":[9.76,5.5,9.0,6.26],"texture":"#0"},"up":{"uv":[8.0,10.76,8.52,10.0],"texture":"#0"},"down":{"uv":[10.0,8.0,10.52,8.76],"texture":"#0"}},"rotation":{"origin":[7.254378156584147,-0.14910101120073252,8],"axis":"x","angle":-45,"rescale":false}},{"from":[7.491723519999999,-6.002670001042641,9.699918472592781],"to":[8.50827648,-4.106662833042644,10.466471432592783],"faces":{"north":{"uv":[10.0,3.0,10.5,4.0],"texture":"#0"},"east":{"uv":[2.0,10.5,2.38,11.5],"texture":"#0"},"south":{"uv":[3.5,10.0,4.0,11.0],"texture":"#0"},"west":{"uv":[10.5,2.0,10.88,3.0],"texture":"#0"},"up":{"uv":[6.0,12.38,5.5,12.0],"texture":"#0"},"down":{"uv":[6.5,12.0,6.0,12.38],"texture":"#0"}},"rotation":{"origin":[8,-5.893252053508789,10.250000000000002],"axis":"x","angle":-45,"rescale":false}},{"from":[7.491723519999999,12.106662833042645,9.699918472592781],"to":[8.50827648,14.002670001042642,10.466471432592783],"faces":{"north":{"uv":[4.0,10.0,4.5,11.0],"texture":"#0"},"east":{"uv":[10.5,8.0,10.88,9.0],"texture":"#0"},"south":{"uv":[10.0,4.0,10.5,5.0],"texture":"#0"},"west":{"uv":[9.5,10.5,9.88,11.5],"texture":"#0"},"up":{"uv":[7.0,12.38,6.5,12.0],"texture":"#0"},"down":{"uv":[7.5,12.0,7.0,12.38],"texture":"#0"}},"rotation":{"origin":[8,13.893252053508789,10.250000000000002],"axis":"x","angle":45,"rescale":false}},{"from":[7.493378816,-0.5672867488007287,6.636095513599997],"to":[8.506621184,0.597941974399259,7.693378815999999],"faces":{"north":{"uv":[10.5,11.0,11.0,11.62],"texture":"#0"},"east":{"uv":[11.0,11.0,11.5,11.62],"texture":"#0"},"south":{"uv":[11.5,0.0,12.0,0.62],"texture":"#0"},"west":{"uv":[11.5,1.0,12.0,1.62],"texture":"#0"},"up":{"uv":[5.5,12.0,5.0,11.5],"texture":"#0"},"down":{"uv":[12.0,5.0,11.5,5.5],"texture":"#0"}},"rotation":{"origin":[8,0.0153276127992652,7.164737164799998],"axis":"x","angle":-45,"rescale":false}},{"from":[7.493378816,0.580596579199268,7.493378816],"to":[8.506621184,1.4671836511992673,8.506621184],"faces":{"north":{"uv":[8.5,8.0,9.0,8.5],"texture":"#0"},"east":{"uv":[9.5,4.0,10.0,4.5],"texture":"#0"},"south":{"uv":[1.5,11.5,2.0,12.0],"texture":"#0"},"west":{"uv":[2.0,11.5,2.5,12.0],"texture":"#0"},"up":{"uv":[12.0,2.5,11.5,2.0],"texture":"#0"},"down":{"uv":[12.0,2.5,11.5,3.0],"texture":"#0"}}},{"from":[7.493378816,3.2403577951992686,7.493378816],"to":[8.506621184,4.000289571199268,8.506621184],"faces":{"north":{"uv":[4.5,12.0,5.0,12.38],"texture":"#0"},"east":{"uv":[12.0,4.5,12.5,4.88],"texture":"#0"},"south":{"uv":[5.0,12.0,5.5,12.38],"texture":"#0"},"west":{"uv":[12.0,5.0,12.5,5.38],"texture":"#0"},"up":{"uv":[12.0,3.5,11.5,3.0],"texture":"#0"},"down":{"uv":[12.0,3.5,11.5,4.0],"texture":"#0"}}},{"from":[7.493378816,5.520153123199268,7.493378816],"to":[8.506621184,6.7867060831992685,8.506621184],"faces":{"north":{"uv":[11.0,7.5,11.5,8.12],"texture":"#0"},"east":{"uv":[8.5,11.0,9.0,11.62],"texture":"#0"},"south":{"uv":[11.0,8.5,11.5,9.12],"texture":"#0"},"west":{"uv":[10.0,11.0,10.5,11.62],"texture":"#0"},"up":{"uv":[12.0,4.5,11.5,4.0],"texture":"#0"},"down":{"uv":[12.0,4.5,11.5,5.0],"texture":"#0"}}},{"from":[7.591723519999999,-6.343333593984615,10.140582049866639],"to":[8.40827648,-5.776780633984612,12.036589217866638],"faces":{"north":{"uv":[6.0,12.5,6.38,12.75],"texture":"#0"},"east":{"uv":[11.5,5.5,12.5,5.75],"texture":"#0"},"south":{"uv":[12.5,6.0,12.88,6.25],"texture":"#0"},"west":{"uv":[11.5,6.0,12.5,6.25],"texture":"#0"},"up":{"uv":[10.88,1.0,10.5,0.0],"texture":"#0"},"down":{"uv":[1.88,10.5,1.5,11.5],"texture":"#0"}},"rotation":{"origin":[8,-5.893252053508789,10.250000000000002],"axis":"x","angle":22.5,"rescale":false}},{"from":[7.591723519999999,13.776780633984611,10.140582049866639],"to":[8.40827648,14.343333593984614,12.036589217866638],"faces":{"north":{"uv":[6.5,12.5,6.88,12.75],"texture":"#0"},"east":{"uv":[6.5,11.5,7.5,11.75],"texture":"#0"},"south":{"uv":[12.5,6.5,12.88,6.75],"texture":"#0"},"west":{"uv":[11.5,6.5,12.5,6.75],"texture":"#0"},"up":{"uv":[5.88,11.5,5.5,10.5],"texture":"#0"},"down":{"uv":[10.88,7.0,10.5,8.0],"texture":"#0"}},"rotation":{"origin":[8,13.893252053508789,10.250000000000002],"axis":"x","angle":-22.5,"rescale":false}},{"from":[7.620034112,-0.5664618840747,8.038416261589685],"to":[8.379965888000001,0.06681459592530281,9.93824570158969],"faces":{"north":{"uv":[12.5,2.0,12.88,2.38],"texture":"#0"},"east":{"uv":[10.5,3.0,11.5,3.38],"texture":"#0"},"south":{"uv":[12.5,2.5,12.88,2.88],"texture":"#0"},"west":{"uv":[10.5,3.5,11.5,3.88],"texture":"#0"},"up":{"uv":[10.88,5.0,10.5,4.0],"texture":"#0"},"down":{"uv":[5.38,10.5,5.0,11.5],"texture":"#0"}},"rotation":{"origin":[8,-0.4695818655138222,9.17611697628799],"axis":"x","angle":45,"rescale":false}},{"from":[7.620034112,1.4671836511992673,7.620034112],"to":[8.379965888000001,5.520153123199268,8.379965888000001],"faces":{"north":{"uv":[1.0,6.0,1.38,8.0],"texture":"#0"},"east":{"uv":[1.0,8.0,1.38,10.0],"texture":"#0"},"south":{"uv":[8.5,4.5,8.88,6.5],"texture":"#0"},"west":{"uv":[5.5,8.5,5.88,10.5],"texture":"#0"},"up":{"uv":[12.38,7.38,12.0,7.0],"texture":"#0"},"down":{"uv":[10.38,12.0,10.0,12.38],"texture":"#0"}}},{"from":[7.620034112,8.033185404074699,6.06175429841031],"to":[8.379965888000001,8.666461884074701,7.961583738410315],"faces":{"north":{"uv":[10.5,12.0,10.88,12.38],"texture":"#0"},"east":{"uv":[10.0,1.0,11.0,1.38],"texture":"#0"},"south":{"uv":[11.0,12.0,11.38,12.38],"texture":"#0"},"west":{"uv":[10.0,9.0,11.0,9.38],"texture":"#0"},"up":{"uv":[8.88,11.0,8.5,10.0],"texture":"#0"},"down":{"uv":[10.38,9.5,10.0,10.5],"texture":"#0"}},"rotation":{"origin":[8,8.569581865513824,6.8238830237120105],"axis":"x","angle":45,"rescale":false}},{"from":[7.746689408,-1.2971201649786281,8.880297557600544],"to":[8.253310591999998,-0.15722250097862833,9.209601327200543],"faces":{"north":{"uv":[8.5,12.0,8.75,12.62],"texture":"#0"},"east":{"uv":[12.5,8.0,12.62,8.62],"texture":"#0"},"south":{"uv":[9.5,12.0,9.75,12.62],"texture":"#0"},"west":{"uv":[10.0,12.5,10.12,13.12],"texture":"#0"},"up":{"uv":[13.25,1.62,13.0,1.5],"texture":"#0"},"down":{"uv":[2.25,13.0,2.0,13.12],"texture":"#0"}},"rotation":{"origin":[8,-0.4695818655138222,9.17611697628799],"axis":"x","angle":-22.5,"rescale":false}},{"from":[7.746689408,8.25722250097863,6.790398672799457],"to":[8.253310591999998,9.39712016497863,7.119702442399456],"faces":{"north":{"uv":[7.5,12.0,7.75,12.62],"texture":"#0"},"east":{"uv":[7.0,12.5,7.12,13.12],"texture":"#0"},"south":{"uv":[8.0,12.0,8.25,12.62],"texture":"#0"},"west":{"uv":[12.5,7.0,12.62,7.62],"texture":"#0"},"up":{"uv":[13.25,1.12,13.0,1.0],"texture":"#0"},"down":{"uv":[1.75,13.0,1.5,13.12],"texture":"#0"}},"rotation":{"origin":[8,8.569581865513824,6.8238830237120105],"axis":"x","angle":-22.5,"rescale":false}},{"from":[7.75,3.75,3.9999999999999982],"to":[8.25,4.25,15.6],"faces":{"north":{"uv":[13.0,0.0,13.25,0.25],"texture":"#0"},"east":{"uv":[1.5,4.0,7.25,4.25],"texture":"#0"},"south":{"uv":[13.0,0.5,13.25,0.75],"texture":"#0"},"west":{"uv":[4.0,2.0,9.75,2.25],"texture":"#0"},"up":{"uv":[1.75,10.25,1.5,4.5],"texture":"#0"},"down":{"uv":[2.25,4.5,2.0,10.25],"texture":"#0"}}},{"from":[7.85,3.85,-1.5999999046325701],"to":[8.15,4.15,4.000000095367431],"faces":{"north":{"uv":[13.0,2.0,13.12,2.12],"texture":"#0"},"east":{"uv":[10.5,9.5,13.25,9.62],"texture":"#0"},"south":{"uv":[13.0,2.5,13.12,2.62],"texture":"#0"},"west":{"uv":[10.0,10.5,12.75,10.62],"texture":"#0"},"up":{"uv":[11.12,2.75,11.0,0.0],"texture":"#0"},"down":{"uv":[1.12,11.0,1.0,13.75],"texture":"#0"}}},{"from":[8,-7.000000000000002,11.6],"to":[8,4.9,11.85],"faces":{"north":{"uv":[0.0,0.0,0.0,5.5],"texture":"#0"},"east":{"uv":[9.0,8.0,9.12,13.5],"texture":"#0"},"south":{"uv":[0.0,0.0,0.0,5.5],"texture":"#0"},"west":{"uv":[2.5,9.5,2.62,15.0],"texture":"#0"},"up":{"uv":[0.0,0.12,0.0,0.0],"texture":"#0"},"down":{"uv":[0.0,0.0,0.0,0.12],"texture":"#0"}},"rotation":{"origin":[8,-6.5,11.85],"axis":"x","angle":22.5,"rescale":false}},{"from":[8,-3.781119119362665,8.908886010655612],"to":[8,-0.18410871296266507,11.087357101855613],"faces":{"north":{"uv":[0.0,0.0,0.0,1.75],"texture":"#0"},"east":{"uv":[3.0,0.0,4.12,1.75],"texture":"#0"},"south":{"uv":[0.0,0.0,0.0,1.75],"texture":"#0"},"west":{"uv":[0.0,4.0,1.12,5.75],"texture":"#0"},"up":{"uv":[0.0,1.12,0.0,0.0],"texture":"#0"},"down":{"uv":[0.0,0.0,0.0,1.12],"texture":"#0"}}},{"from":[8,3.0999999999999996,11.6],"to":[8,14.999999999999998,11.85],"faces":{"north":{"uv":[0.0,0.0,0.0,5.5],"texture":"#0"},"east":{"uv":[0.0,9.0,0.12,14.5],"texture":"#0"},"south":{"uv":[0.0,0.0,0.0,5.5],"texture":"#0"},"west":{"uv":[0.5,9.0,0.62,14.5],"texture":"#0"},"up":{"uv":[0.0,0.12,0.0,0.0],"texture":"#0"},"down":{"uv":[0.0,0.0,0.0,0.12],"texture":"#0"}},"rotation":{"origin":[8,14.499999999999998,11.85],"axis":"x","angle":-22.5,"rescale":false}},{"from":[8,8.284108712962666,4.912642898144387],"to":[8,11.881119119362666,7.091113989344388],"faces":{"north":{"uv":[0.0,0.0,0.0,1.75],"texture":"#0"},"east":{"uv":[1.0,2.0,2.12,3.75],"texture":"#0"},"south":{"uv":[0.0,0.0,0.0,1.75],"texture":"#0"},"west":{"uv":[2.5,2.0,3.62,3.75],"texture":"#0"},"up":{"uv":[0.0,1.12,0.0,0.0],"texture":"#0"},"down":{"uv":[0.0,0.0,0.0,1.12],"texture":"#0"}}},{"from":[8.468624595200001,7.785853283199268,6.8854333952],"to":[9.6338533184,8.723102473599274,9.114566604799997],"faces":{"north":{"uv":[11.0,7.0,11.62,7.5],"texture":"#0"},"east":{"uv":[9.5,1.5,10.62,2.0],"texture":"#0"},"south":{"uv":[7.5,11.0,8.12,11.5],"texture":"#0"},"west":{"uv":[3.5,9.5,4.62,10.0],"texture":"#0"},"up":{"uv":[7.62,9.62,7.0,8.5],"texture":"#0"},"down":{"uv":[8.62,8.5,8.0,9.62],"texture":"#0"}}},{"from":[8.519286713600001,6.772610915199259,6.986757632],"to":[9.5325290816,8.672440355199269,9.013242368],"faces":{"north":{"uv":[9.5,9.5,10.0,10.5],"texture":"#0"},"east":{"uv":[7.5,6.5,8.5,7.5],"texture":"#0"},"south":{"uv":[10.0,0.0,10.5,1.0],"texture":"#0"},"west":{"uv":[7.5,7.5,8.5,8.5],"texture":"#0"},"up":{"uv":[1.5,11.0,1.0,10.0],"texture":"#0"},"down":{"uv":[10.5,2.0,10.0,3.0],"texture":"#0"}}},{"from":[8.558416655238156,7.52175232701196,6.8854333952],"to":[9.470334786438158,7.52175232701196,9.114566604799997],"faces":{"north":{"uv":[0.0,0.0,0.5,0.0],"texture":"#0"},"east":{"uv":[0.0,0.0,1.12,0.0],"texture":"#0"},"south":{"uv":[0.0,0.0,0.5,0.0],"texture":"#0"},"west":{"uv":[0.0,0.0,1.12,0.0],"texture":"#0"},"up":{"uv":[7.5,3.62,7.0,2.5],"texture":"#0"},"down":{"uv":[10.0,0.0,9.5,1.12],"texture":"#0"}},"rotation":{"origin":[7.254378156584147,-0.14910101120073252,8],"axis":"z","angle":22.5,"rescale":false}},{"from":[8.633276480000001,5.234340480676966,4.336875224294897],"to":[9.393208256,6.247582848676963,4.9701517042948975],"faces":{"north":{"uv":[3.5,12.0,3.88,12.5],"texture":"#0"},"east":{"uv":[12.0,3.5,12.38,4.0],"texture":"#0"},"south":{"uv":[4.0,12.0,4.38,12.5],"texture":"#0"},"west":{"uv":[12.0,4.0,12.38,4.5],"texture":"#0"},"up":{"uv":[12.88,1.88,12.5,1.5],"texture":"#0"},"down":{"uv":[2.38,12.5,2.0,12.88],"texture":"#0"}},"rotation":{"origin":[7.254378156584147,-0.14910101120073252,8],"axis":"x","angle":22.5,"rescale":false}},{"from":[8.633276480000001,5.234340480676966,11.029848295705103],"to":[9.393208256,6.247582848676963,11.6631247757051],"faces":{"north":{"uv":[12.0,2.0,12.38,2.5],"texture":"#0"},"east":{"uv":[12.0,2.5,12.38,3.0],"texture":"#0"},"south":{"uv":[3.0,12.0,3.38,12.5],"texture":"#0"},"west":{"uv":[12.0,3.0,12.38,3.5],"texture":"#0"},"up":{"uv":[12.88,1.38,12.5,1.0],"texture":"#0"},"down":{"uv":[1.88,12.5,1.5,12.88],"texture":"#0"}},"rotation":{"origin":[7.254378156584147,-0.14910101120073252,8],"axis":"x","angle":-22.5,"rescale":false}},{"from":[8.633276480000001,6.112609445134716,2.618359598493214],"to":[9.393208256,6.6445616883347185,4.290209505693214],"faces":{"north":{"uv":[5.5,12.5,5.88,12.75],"texture":"#0"},"east":{"uv":[11.5,11.0,12.38,11.25],"texture":"#0"},"south":{"uv":[12.5,5.5,12.88,5.75],"texture":"#0"},"west":{"uv":[11.5,11.5,12.38,11.75],"texture":"#0"},"up":{"uv":[6.38,11.88,6.0,11.0],"texture":"#0"},"down":{"uv":[11.38,6.0,11.0,6.88],"texture":"#0"}},"rotation":{"origin":[7.254378156584147,-0.14910101120073252,8],"axis":"x","angle":22.5,"rescale":false}},{"from":[8.633276480000001,6.112609445134716,11.709790494306786],"to":[9.393208256,6.6445616883347185,13.381640401506786],"faces":{"north":{"uv":[5.0,12.5,5.38,12.75],"texture":"#0"},"east":{"uv":[11.5,9.0,12.38,9.25],"texture":"#0"},"south":{"uv":[12.5,5.0,12.88,5.25],"texture":"#0"},"west":{"uv":[11.5,10.0,12.38,10.25],"texture":"#0"},"up":{"uv":[4.88,11.88,4.5,11.0],"texture":"#0"},"down":{"uv":[11.38,5.0,11.0,5.88],"texture":"#0"}},"rotation":{"origin":[7.254378156584147,-0.14910101120073252,8],"axis":"x","angle":-22.5,"rescale":false}},{"from":[9.5831912,7.152576803199265,7.138743987200001],"to":[9.5831912,7.532542691199268,7.6706962304],"faces":{"north":{"uv":[0.0,0.0,0.0,0.25],"texture":"#0"},"east":{"uv":[12.5,11.0,12.75,11.25],"texture":"#0"},"south":{"uv":[0.0,0.0,0.0,0.25],"texture":"#0"},"west":{"uv":[11.5,12.5,11.75,12.75],"texture":"#0"},"up":{"uv":[0.0,0.25,0.0,0.0],"texture":"#0"},"down":{"uv":[0.0,0.0,0.0,0.25],"texture":"#0"}}},{"from":[9.5831912,7.152576803199265,8.3293037696],"to":[9.5831912,7.532542691199268,8.861256012799998],"faces":{"north":{"uv":[0.0,0.0,0.0,0.25],"texture":"#0"},"east":{"uv":[12.5,11.5,12.75,11.75],"texture":"#0"},"south":{"uv":[0.0,0.0,0.0,0.25],"texture":"#0"},"west":{"uv":[12.0,12.5,12.25,12.75],"texture":"#0"},"up":{"uv":[0.0,0.25,0.0,0.0],"texture":"#0"},"down":{"uv":[0.0,0.0,0.0,0.25],"texture":"#0"}}}],"display":{"thirdperson_righthand":{"translation":[0,2.75,1]},"thirdperson_lefthand":{"translation":[0,2.75,1]},"firstperson_righthand":{"rotation":[23,20,0],"translation":[0,8.5,-2.5]},"firstperson_lefthand":{"rotation":[5,9,0],"translation":[-1.25,9,-3.25]},"ground":{"rotation":[45,0,0],"translation":[0,3,0],"scale":[0.37,0.37,0.37]},"gui":{"rotation":[107,47,-85.3],"translation":[0.5,4.5,0],"scale":[1.01,1.01,1.01]},"head":{"translation":[0,-28.5,13.5],"scale":[1.76,1.76,1.76]},"fixed":{"rotation":[0,-90,0],"translation":[0.75,4.5,-1.25]}},"gui_light":"front"}