{"credit":"Made with Blockbench","textures":{"0":"adventure_time:fishing_rod_cast_0","1":"adventure_time:fishing_rod_cast_1"},"elements":[{"from":[2.7314964897711356,3.724174453861501,5.800000000000001],"to":[4.531496489771135,3.724174453861501,10.2],"faces":{"north":{"uv":[0.0,0.0,0.5,0.0],"texture":"#0"},"east":{"uv":[0.0,0.0,1.12,0.0],"texture":"#0"},"south":{"uv":[0.0,0.0,0.5,0.0],"texture":"#0"},"west":{"uv":[0.0,0.0,1.12,0.0],"texture":"#0"},"up":{"uv":[7.75,9.62,7.25,8.5],"texture":"#0"},"down":{"uv":[9.0,8.25,8.5,9.38],"texture":"#0"}},"rotation":{"origin":[3.331496489771135,4.599174453861501,8],"axis":"z","angle":22.5,"rescale":false}},{"from":[4.775,4.25,5.800000000000001],"to":[7.075,6.1,10.2],"faces":{"north":{"uv":[10.75,4.25,11.38,4.75],"texture":"#0"},"east":{"uv":[8.5,7.25,9.62,7.75],"texture":"#0"},"south":{"uv":[10.75,5.75,11.38,6.25],"texture":"#0"},"west":{"uv":[8.5,7.75,9.62,8.25],"texture":"#0"},"up":{"uv":[9.12,1.12,8.5,0.0],"texture":"#0"},"down":{"uv":[9.12,1.25,8.5,2.38],"texture":"#0"}}},{"from":[4.874999999999998,3,6.300000000000001],"to":[4.874999999999998,3.75,7.3500000000000005],"faces":{"north":{"uv":[0.0,0.0,0.0,0.25],"texture":"#0"},"east":{"uv":[4.0,9.5,4.25,9.75],"texture":"#0"},"south":{"uv":[0.0,0.0,0.0,0.25],"texture":"#0"},"west":{"uv":[8.75,9.5,9.0,9.75],"texture":"#0"},"up":{"uv":[0.0,0.25,0.0,0.0],"texture":"#0"},"down":{"uv":[0.0,0.0,0.0,0.25],"texture":"#0"}}},{"from":[4.874999999999998,3,8.649999999999999],"to":[4.874999999999998,3.75,9.7],"faces":{"north":{"uv":[0.0,0.0,0.0,0.25],"texture":"#0"},"east":{"uv":[4.0,9.75,4.25,10.0],"texture":"#0"},"south":{"uv":[0.0,0.0,0.0,0.25],"texture":"#0"},"west":{"uv":[5.75,9.75,6.0,10.0],"texture":"#0"},"up":{"uv":[0.0,0.25,0.0,0.0],"texture":"#0"},"down":{"uv":[0.0,0.0,0.0,0.25],"texture":"#0"}}},{"from":[4.975,2.25,6],"to":[6.975,6,10],"faces":{"north":{"uv":[6.5,9.25,7.0,10.25],"texture":"#0"},"east":{"uv":[6.0,7.5,7.0,8.5],"texture":"#0"},"south":{"uv":[3.5,9.5,4.0,10.5],"texture":"#0"},"west":{"uv":[7.0,7.5,8.0,8.5],"texture":"#0"},"up":{"uv":[8.25,10.5,7.75,9.5],"texture":"#0"},"down":{"uv":[8.75,9.5,8.25,10.5],"texture":"#0"}}},{"from":[5.25,1,5.75],"to":[6.75,3,7],"faces":{"north":{"uv":[11.25,10.25,11.62,10.75],"texture":"#0"},"east":{"uv":[10.75,11.25,11.12,11.75],"texture":"#0"},"south":{"uv":[11.25,10.75,11.62,11.25],"texture":"#0"},"west":{"uv":[11.25,11.25,11.62,11.75],"texture":"#0"},"up":{"uv":[0.88,12.12,0.5,11.75],"texture":"#0"},"down":{"uv":[1.38,11.75,1.0,12.12],"texture":"#0"}},"rotation":{"origin":[5.75,2,6],"axis":"x","angle":22.5,"rescale":false}},{"from":[5.25,1,9],"to":[6.75,3,10.25],"faces":{"north":{"uv":[11.5,0.0,11.88,0.5],"texture":"#0"},"east":{"uv":[11.5,0.5,11.88,1.0],"texture":"#0"},"south":{"uv":[11.5,1.0,11.88,1.5],"texture":"#0"},"west":{"uv":[11.5,1.5,11.88,2.0],"texture":"#0"},"up":{"uv":[1.88,12.12,1.5,11.75],"texture":"#0"},"down":{"uv":[2.38,11.75,2.0,12.12],"texture":"#0"}},"rotation":{"origin":[5.75,2,10],"axis":"x","angle":-22.5,"rescale":false}},{"from":[5.25,2.2540774805920645,3.7157526067849735],"to":[6.75,3.3040774805920634,7.015752606784973],"faces":{"north":{"uv":[11.75,10.75,12.12,11.0],"texture":"#0"},"east":{"uv":[9.0,11.25,9.88,11.5],"texture":"#0"},"south":{"uv":[11.75,11.0,12.12,11.25],"texture":"#0"},"west":{"uv":[11.25,9.0,12.12,9.25],"texture":"#0"},"up":{"uv":[10.62,10.88,10.25,10.0],"texture":"#0"},"down":{"uv":[10.88,0.0,10.5,0.88],"texture":"#0"}},"rotation":{"origin":[8,2.9152686167867534,4.413741528847156],"axis":"x","angle":-22.5,"rescale":false}},{"from":[5.25,3.0999999999999996,9.5],"to":[6.75,4.149999999999999,12.8],"faces":{"north":{"uv":[10.25,5.75,10.62,6.0],"texture":"#0"},"east":{"uv":[11.25,4.0,12.12,4.25],"texture":"#0"},"south":{"uv":[10.75,6.25,11.12,6.5],"texture":"#0"},"west":{"uv":[11.25,6.75,12.12,7.0],"texture":"#0"},"up":{"uv":[10.62,8.88,10.25,8.0],"texture":"#0"},"down":{"uv":[10.62,9.0,10.25,9.88],"texture":"#0"}},"rotation":{"origin":[5.75,4.299999999999999,10.5],"axis":"x","angle":-22.5,"rescale":false}},{"from":[5.799999999999999,12.100000000000009,7.4],"to":[5.799999999999999,21.099999999999987,16.4],"faces":{"north":{"uv":[15.5,15.5,16.0,16.0],"texture":"#1","rotation":90},"east":{"uv":[0.0,15.0,15.0,0.0],"texture":"#1","rotation":90},"south":{"uv":[15.5,15.5,16.0,16.0],"texture":"#1","rotation":90},"west":{"uv":[0.0,0.0,15.0,15.0],"texture":"#1","rotation":90},"up":{"uv":[15.5,15.5,16.0,16.0],"texture":"#1","rotation":180},"down":{"uv":[15.5,15.5,16.0,16.0],"texture":"#1"}},"rotation":{"origin":[5.799999999999999,16.600000000000005,11.9],"axis":"y","angle":22.5,"rescale":false}},{"from":[6.625,3.904441738241589,13.227018395093584],"to":[9.375,6.979441738241599,16.052018395093587],"faces":{"north":{"uv":[3.5,8.75,4.25,9.5],"texture":"#0"},"east":{"uv":[9.0,8.25,9.75,9.0],"texture":"#0"},"south":{"uv":[9.0,9.0,9.75,9.75],"texture":"#0"},"west":{"uv":[9.25,0.0,10.0,0.75],"texture":"#0"},"up":{"uv":[10.0,1.5,9.25,0.75],"texture":"#0"},"down":{"uv":[10.0,1.5,9.25,2.25],"texture":"#0"}},"rotation":{"origin":[8,14.816941738241594,14.514518395093585],"axis":"x","angle":22.5,"rescale":false}},{"from":[6.625,12.320235691902639,8.879846158234777],"to":[9.375,14.395235691902649,11.70484615823478],"faces":{"north":{"uv":[9.25,4.5,10.0,5.0],"texture":"#0"},"east":{"uv":[10.0,2.25,10.75,2.75],"texture":"#0"},"south":{"uv":[2.5,10.0,3.25,10.5],"texture":"#0"},"west":{"uv":[10.0,2.75,10.75,3.25],"texture":"#0"},"up":{"uv":[10.0,3.0,9.25,2.25],"texture":"#0"},"down":{"uv":[10.0,3.0,9.25,3.75],"texture":"#0"}}},{"from":[6.625,17.32023569190264,8.879846158234777],"to":[9.375,19.39523569190265,11.70484615823478],"faces":{"north":{"uv":[10.0,3.25,10.75,3.75],"texture":"#0"},"east":{"uv":[10.0,3.75,10.75,4.25],"texture":"#0"},"south":{"uv":[4.0,10.0,4.75,10.5],"texture":"#0"},"west":{"uv":[10.0,4.25,10.75,4.75],"texture":"#0"},"up":{"uv":[10.0,4.5,9.25,3.75],"texture":"#0"},"down":{"uv":[5.0,9.25,4.25,10.0],"texture":"#0"}}},{"from":[6.625,22.32023569190264,8.879846158234777],"to":[9.375,24.39523569190265,11.70484615823478],"faces":{"north":{"uv":[4.75,10.0,5.5,10.5],"texture":"#0"},"east":{"uv":[5.5,10.0,6.25,10.5],"texture":"#0"},"south":{"uv":[10.0,6.0,10.75,6.5],"texture":"#0"},"west":{"uv":[10.25,4.75,11.0,5.25],"texture":"#0"},"up":{"uv":[5.75,10.0,5.0,9.25],"texture":"#0"},"down":{"uv":[10.0,6.0,9.25,6.75],"texture":"#0"}}},{"from":[6.724999976158141,10.275000000000002,8.249695133562025],"to":[9.274999976158142,11.725000000000001,9.699695133562024],"faces":{"north":{"uv":[6.0,11.25,6.62,11.62],"texture":"#0"},"east":{"uv":[9.0,11.5,9.38,11.88],"texture":"#0"},"south":{"uv":[11.25,6.25,11.88,6.62],"texture":"#0"},"west":{"uv":[9.5,11.5,9.88,11.88],"texture":"#0"},"up":{"uv":[7.38,11.62,6.75,11.25],"texture":"#0"},"down":{"uv":[11.88,8.5,11.25,8.88],"texture":"#0"}},"rotation":{"origin":[7.999999976158142,11,8.974695133562024],"axis":"x","angle":45,"rescale":false}},{"from":[6.75,5.5,7.999999999999998],"to":[9.25,11,9.999999999999996],"faces":{"north":{"uv":[4.5,7.75,5.12,9.12],"texture":"#0"},"east":{"uv":[8.5,5.0,9.0,6.38],"texture":"#0"},"south":{"uv":[5.25,7.75,5.88,9.12],"texture":"#0"},"west":{"uv":[6.0,8.5,6.5,9.88],"texture":"#0"},"up":{"uv":[7.38,11.25,6.75,10.75],"texture":"#0"},"down":{"uv":[11.38,7.0,10.75,7.5],"texture":"#0"}}},{"from":[6.9750000000000005,-11.15,7],"to":[9.024999999999999,-9.15,9],"faces":{"north":{"uv":[10.75,10.75,11.25,11.25],"texture":"#0"},"east":{"uv":[11.0,0.0,11.5,0.5],"texture":"#0"},"south":{"uv":[11.0,0.5,11.5,1.0],"texture":"#0"},"west":{"uv":[11.0,1.0,11.5,1.5],"texture":"#0"},"up":{"uv":[11.5,2.0,11.0,1.5],"texture":"#0"},"down":{"uv":[11.5,4.75,11.0,5.25],"texture":"#0"}},"rotation":{"origin":[8,-10.15,8],"axis":"x","angle":-45,"rescale":false}},{"from":[6.9750000000000005,1.8499999999999996,7],"to":[9.024999999999999,4.85,10],"faces":{"north":{"uv":[9.75,9.75,10.25,10.5],"texture":"#0"},"east":{"uv":[6.5,8.5,7.25,9.25],"texture":"#0"},"south":{"uv":[10.0,0.0,10.5,0.75],"texture":"#0"},"west":{"uv":[8.5,6.5,9.25,7.25],"texture":"#0"},"up":{"uv":[10.5,1.5,10.0,0.75],"texture":"#0"},"down":{"uv":[10.5,1.5,10.0,2.25],"texture":"#0"}},"rotation":{"origin":[8,2.8499999999999996,8],"axis":"x","angle":-45,"rescale":false}},{"from":[7,-9.75,7],"to":[9,-8,9],"faces":{"north":{"uv":[8.0,6.0,8.5,6.5],"texture":"#0"},"east":{"uv":[9.25,6.75,9.75,7.25],"texture":"#0"},"south":{"uv":[9.0,10.75,9.5,11.25],"texture":"#0"},"west":{"uv":[10.75,9.25,11.25,9.75],"texture":"#0"},"up":{"uv":[11.25,10.25,10.75,9.75],"texture":"#0"},"down":{"uv":[11.25,10.25,10.75,10.75],"texture":"#0"}}},{"from":[7,-4.499999999999998,7],"to":[9,-2.9999999999999982,9],"faces":{"north":{"uv":[5.5,11.5,6.0,11.88],"texture":"#0"},"east":{"uv":[11.5,5.75,12.0,6.12],"texture":"#0"},"south":{"uv":[11.5,7.0,12.0,7.38],"texture":"#0"},"west":{"uv":[7.5,11.5,8.0,11.88],"texture":"#0"},"up":{"uv":[8.0,11.5,7.5,11.0],"texture":"#0"},"down":{"uv":[8.5,11.0,8.0,11.5],"texture":"#0"}}},{"from":[7,0,7],"to":[9,2.5,9],"faces":{"north":{"uv":[9.75,10.5,10.25,11.12],"texture":"#0"},"east":{"uv":[10.75,2.0,11.25,2.62],"texture":"#0"},"south":{"uv":[10.75,2.75,11.25,3.38],"texture":"#0"},"west":{"uv":[10.75,3.5,11.25,4.12],"texture":"#0"},"up":{"uv":[5.5,11.5,5.0,11.0],"texture":"#0"},"down":{"uv":[6.0,11.0,5.5,11.5],"texture":"#0"}}},{"from":[7.125,3.6544417382415926,6.327018395093585],"to":[8.875,24.479441738241597,8.902018395093588],"faces":{"north":{"uv":[1.5,6.5,2.0,11.75],"texture":"#0"},"east":{"uv":[0.0,6.5,0.62,11.75],"texture":"#0"},"south":{"uv":[2.0,6.5,2.5,11.75],"texture":"#0"},"west":{"uv":[0.75,6.5,1.38,11.75],"texture":"#0"},"up":{"uv":[9.0,11.38,8.5,10.75],"texture":"#0"},"down":{"uv":[11.25,8.5,10.75,9.12],"texture":"#0"}}},{"from":[7.225,22.27923062073889,-1.859190809512143],"to":[8.775,25.854230620738893,0.3158091904878595],"faces":{"north":{"uv":[4.0,10.5,4.38,11.38],"texture":"#0"},"east":{"uv":[9.75,8.75,10.25,9.62],"texture":"#0"},"south":{"uv":[4.5,10.5,4.88,11.38],"texture":"#0"},"west":{"uv":[9.25,9.75,9.75,10.62],"texture":"#0"},"up":{"uv":[11.88,8.0,11.5,7.5],"texture":"#0"},"down":{"uv":[8.38,11.5,8.0,12.0],"texture":"#0"}},"rotation":{"origin":[8,44.710863796862114,-0.8716908095121418],"axis":"x","angle":-22.5,"rescale":false}},{"from":[7.25,-8,7.25],"to":[8.75,0,8.75],"faces":{"north":{"uv":[8.0,0.0,8.38,2.0],"texture":"#0"},"east":{"uv":[8.0,2.0,8.38,4.0],"texture":"#0"},"south":{"uv":[8.0,4.0,8.38,6.0],"texture":"#0"},"west":{"uv":[8.0,7.5,8.38,9.5],"texture":"#0"},"up":{"uv":[11.88,8.38,11.5,8.0],"texture":"#0"},"down":{"uv":[8.88,11.5,8.5,11.88],"texture":"#0"}}},{"from":[7.25,2.570111617001155,4.6322247211157865],"to":[8.75,3.8201116170011558,8.382224721115785],"faces":{"north":{"uv":[10.25,11.5,10.62,11.88],"texture":"#0"},"east":{"uv":[10.25,5.25,11.12,5.62],"texture":"#0"},"south":{"uv":[0.0,11.75,0.38,12.12],"texture":"#0"},"west":{"uv":[10.25,6.5,11.12,6.88],"texture":"#0"},"up":{"uv":[6.62,11.12,6.25,10.25],"texture":"#0"},"down":{"uv":[10.62,7.0,10.25,7.88],"texture":"#0"}},"rotation":{"origin":[8,2.9152686167867534,4.413741528847156],"axis":"x","angle":-22.5,"rescale":false}},{"from":[7.425,27.039363877644504,3.6022852415810958],"to":[8.575,28.414363877644508,7.177285241581099],"faces":{"north":{"uv":[5.75,9.25,6.0,9.62],"texture":"#0"},"east":{"uv":[5.0,10.5,5.88,10.88],"texture":"#0"},"south":{"uv":[7.0,9.25,7.25,9.62],"texture":"#0"},"west":{"uv":[7.5,10.5,8.38,10.88],"texture":"#0"},"up":{"uv":[8.0,9.38,7.75,8.5],"texture":"#0"},"down":{"uv":[10.25,11.25,10.0,12.12],"texture":"#0"}},"rotation":{"origin":[8,27.42686387764451,5.389785241581094],"axis":"x","angle":22.5,"rescale":false}},{"from":[7.5,4.167764235013226,4.098884707756268],"to":[8.5,4.817764235013225,6.348884707756266],"faces":{"north":{"uv":[6.0,10.5,6.25,10.62],"texture":"#0"},"east":{"uv":[12.0,0.0,12.5,0.12],"texture":"#0"},"south":{"uv":[6.75,10.5,7.0,10.62],"texture":"#0"},"west":{"uv":[12.0,0.25,12.5,0.38],"texture":"#0"},"up":{"uv":[4.5,9.25,4.25,8.75],"texture":"#0"},"down":{"uv":[9.25,6.0,9.0,6.5],"texture":"#0"}}},{"from":[7.900000000000004,-13.607800624036631,5.5],"to":[7.900000000000004,-10.357800624036631,10.5],"faces":{"north":{"uv":[0.0,0.0,0.0,0.88],"texture":"#0"},"east":{"uv":[6.0,6.5,7.25,7.38],"texture":"#0"},"south":{"uv":[0.0,0.0,0.0,0.88],"texture":"#0"},"west":{"uv":[7.25,6.5,8.5,7.38],"texture":"#0"},"up":{"uv":[0.0,1.25,0.0,0.0],"texture":"#0"},"down":{"uv":[0.0,0.0,0.0,1.25],"texture":"#0"}},"rotation":{"origin":[7.900000000000004,-10.357800624036628,8],"axis":"z","angle":-22.5,"rescale":false}},{"from":[8,0.2132201664574425,-1.1169904742320016],"to":[8,4.513220166457444,5.98300952576799],"faces":{"north":{"uv":[0.0,0.0,0.0,1.12],"texture":"#0"},"east":{"uv":[2.5,6.5,4.25,7.62],"texture":"#0"},"south":{"uv":[0.0,0.0,0.0,1.12],"texture":"#0"},"west":{"uv":[4.25,6.5,6.0,7.62],"texture":"#0"},"up":{"uv":[0.0,1.75,0.0,0.0],"texture":"#0"},"down":{"uv":[0.0,0.0,0.0,1.75],"texture":"#0"}},"rotation":{"origin":[8,2.9152686167867534,4.413741528847156],"axis":"x","angle":-22.5,"rescale":false}},{"from":[8,5,0],"to":[8,31,16],"faces":{"north":{"uv":[0.0,0.0,0.0,6.5],"texture":"#0"},"east":{"uv":[0.0,0.0,4.0,6.5],"texture":"#0"},"south":{"uv":[0.0,0.0,0.0,6.5],"texture":"#0"},"west":{"uv":[4.0,0.0,8.0,6.5],"texture":"#0"},"up":{"uv":[0.0,4.0,0.0,0.0],"texture":"#0"},"down":{"uv":[0.0,0.0,0.0,4.0],"texture":"#0"}}},{"from":[8.925,4.25,5.800000000000001],"to":[11.225,6.1,10.2],"faces":{"north":{"uv":[10.75,7.5,11.38,8.0],"texture":"#0"},"east":{"uv":[9.0,5.0,10.12,5.5],"texture":"#0"},"south":{"uv":[10.75,8.0,11.38,8.5],"texture":"#0"},"west":{"uv":[9.0,5.5,10.12,6.0],"texture":"#0"},"up":{"uv":[9.12,3.62,8.5,2.5],"texture":"#0"},"down":{"uv":[9.12,3.75,8.5,4.88],"texture":"#0"}}},{"from":[9.025,2.25,6],"to":[11.025,6,10],"faces":{"north":{"uv":[9.75,6.75,10.25,7.75],"texture":"#0"},"east":{"uv":[2.5,7.75,3.5,8.75],"texture":"#0"},"south":{"uv":[7.0,9.75,7.5,10.75],"texture":"#0"},"west":{"uv":[3.5,7.75,4.5,8.75],"texture":"#0"},"up":{"uv":[10.25,8.75,9.75,7.75],"texture":"#0"},"down":{"uv":[9.25,9.75,8.75,10.75],"texture":"#0"}}},{"from":[9.25,1,5.75],"to":[10.75,3,7],"faces":{"north":{"uv":[11.5,4.25,11.88,4.75],"texture":"#0"},"east":{"uv":[4.5,11.5,4.88,12.0],"texture":"#0"},"south":{"uv":[11.5,4.75,11.88,5.25],"texture":"#0"},"west":{"uv":[5.0,11.5,5.38,12.0],"texture":"#0"},"up":{"uv":[12.12,3.38,11.75,3.0],"texture":"#0"},"down":{"uv":[12.12,3.5,11.75,3.88],"texture":"#0"}},"rotation":{"origin":[10.25,2,6],"axis":"x","angle":22.5,"rescale":false}},{"from":[9.25,1,9],"to":[10.75,3,10.25],"faces":{"north":{"uv":[2.5,11.5,2.88,12.0],"texture":"#0"},"east":{"uv":[3.0,11.5,3.38,12.0],"texture":"#0"},"south":{"uv":[3.5,11.5,3.88,12.0],"texture":"#0"},"west":{"uv":[4.0,11.5,4.38,12.0],"texture":"#0"},"up":{"uv":[12.12,2.38,11.75,2.0],"texture":"#0"},"down":{"uv":[12.12,2.5,11.75,2.88],"texture":"#0"}},"rotation":{"origin":[10.25,2,10],"axis":"x","angle":-22.5,"rescale":false}},{"from":[9.25,2.2540774805920645,3.7157526067849735],"to":[10.75,3.3040774805920634,7.015752606784973],"faces":{"north":{"uv":[11.75,11.5,12.12,11.75],"texture":"#0"},"east":{"uv":[11.25,9.75,12.12,10.0],"texture":"#0"},"south":{"uv":[11.75,11.75,12.12,12.0],"texture":"#0"},"west":{"uv":[11.25,10.0,12.12,10.25],"texture":"#0"},"up":{"uv":[3.38,11.38,3.0,10.5],"texture":"#0"},"down":{"uv":[3.88,10.5,3.5,11.38],"texture":"#0"}},"rotation":{"origin":[8,2.9152686167867534,4.413741528847156],"axis":"x","angle":-22.5,"rescale":false}},{"from":[9.25,3.0999999999999996,9.5],"to":[10.75,4.149999999999999,12.8],"faces":{"north":{"uv":[11.25,11.75,11.62,12.0],"texture":"#0"},"east":{"uv":[11.25,9.25,12.12,9.5],"texture":"#0"},"south":{"uv":[11.75,11.25,12.12,11.5],"texture":"#0"},"west":{"uv":[11.25,9.5,12.12,9.75],"texture":"#0"},"up":{"uv":[10.88,1.88,10.5,1.0],"texture":"#0"},"down":{"uv":[2.88,10.5,2.5,11.38],"texture":"#0"}},"rotation":{"origin":[10.25,4.299999999999999,10.5],"axis":"x","angle":-22.5,"rescale":false}},{"from":[10.200000000000001,4.600000000000008,1.6000000000000014],"to":[10.200000000000001,13.599999999999987,10.6],"faces":{"north":{"uv":[15.5,15.5,16.0,16.0],"texture":"#1","rotation":90},"east":{"uv":[0.0,0.0,15.0,15.0],"texture":"#1","rotation":90},"south":{"uv":[15.5,15.5,16.0,16.0],"texture":"#1","rotation":90},"west":{"uv":[0.0,15.0,15.0,0.0],"texture":"#1","rotation":90},"up":{"uv":[16.0,16.0,15.5,15.5],"texture":"#1","rotation":180},"down":{"uv":[16.0,16.0,15.5,15.5],"texture":"#1"}},"rotation":{"origin":[10.200000000000001,9.100000000000005,6.1],"axis":"y","angle":22.5,"rescale":false}},{"from":[11.125000000000002,3,6.300000000000001],"to":[11.125000000000002,3.75,7.3500000000000005],"faces":{"north":{"uv":[0.0,0.0,0.0,0.25],"texture":"#0"},"east":{"uv":[7.5,9.75,7.75,10.0],"texture":"#0"},"south":{"uv":[0.0,0.0,0.0,0.25],"texture":"#0"},"west":{"uv":[3.25,10.0,3.5,10.25],"texture":"#0"},"up":{"uv":[0.0,0.25,0.0,0.0],"texture":"#0"},"down":{"uv":[0.0,0.0,0.0,0.25],"texture":"#0"}}},{"from":[11.125000000000002,3,8.649999999999999],"to":[11.125000000000002,3.75,9.7],"faces":{"north":{"uv":[0.0,0.0,0.0,0.25],"texture":"#0"},"east":{"uv":[10.0,4.75,10.25,5.0],"texture":"#0"},"south":{"uv":[0.0,0.0,0.0,0.25],"texture":"#0"},"west":{"uv":[6.25,10.0,6.5,10.25],"texture":"#0"},"up":{"uv":[0.0,0.25,0.0,0.0],"texture":"#0"},"down":{"uv":[0.0,0.0,0.0,0.25],"texture":"#0"}}},{"from":[11.468503510228864,3.724174453861501,5.800000000000001],"to":[13.268503510228864,3.724174453861501,10.2],"faces":{"north":{"uv":[0.0,0.0,0.5,0.0],"texture":"#0"},"east":{"uv":[0.0,0.0,1.12,0.0],"texture":"#0"},"south":{"uv":[0.0,0.0,0.5,0.0],"texture":"#0"},"west":{"uv":[0.0,0.0,1.12,0.0],"texture":"#0"},"up":{"uv":[3.0,9.88,2.5,8.75],"texture":"#0"},"down":{"uv":[3.5,8.75,3.0,9.88],"texture":"#0"}},"rotation":{"origin":[12.668503510228865,4.599174453861501,8],"axis":"z","angle":-22.5,"rescale":false}}],"display":{"thirdperson_righthand":{"rotation":[-18,0,0],"translation":[0,4.75,0.75],"scale":[0.6,0.6,0.6]},"thirdperson_lefthand":{"rotation":[-18,0,0],"translation":[0,4.75,0.75],"scale":[0.6,0.6,0.6]},"firstperson_righthand":{"rotation":[-27.25,0,0],"translation":[0.5,3.75,0.25],"scale":[0.58,0.58,0.58]},"firstperson_lefthand":{"rotation":[-27.25,0,0],"translation":[0.5,3.75,0.25],"scale":[0.58,0.58,0.58]},"ground":{"rotation":[-45,0,0],"translation":[0,3,0],"scale":[0.31,0.31,0.31]},"gui":{"rotation":[79,-138,75],"scale":[0.52,0.52,0.52]},"head":{"translation":[0,-28.5,13.5],"scale":[1.76,1.76,1.76]},"fixed":{"rotation":[0,-90,0],"translation":[0,0,-1],"scale":[0.69,0.69,0.69]}},"gui_light":"front"}