{"credit":"Made with Blockbench","textures":{"0":"adventure_time:shovel_0","1":"adventure_time:shovel_1"},"elements":[{"from":[4.775,19.25,5.800000000000001],"to":[7.075,21.1,10.2],"faces":{"north":{"uv":[8.75,8.0,9.38,8.5],"texture":"#0"},"east":{"uv":[7.25,4.75,8.38,5.25],"texture":"#0"},"south":{"uv":[9.0,1.0,9.62,1.5],"texture":"#0"},"west":{"uv":[7.5,2.75,8.62,3.25],"texture":"#0"},"up":{"uv":[7.12,5.12,6.5,4.0],"texture":"#0"},"down":{"uv":[5.88,6.5,5.25,7.62],"texture":"#0"}}},{"from":[4.873701686703693,19.855133196290147,5.800000000000001],"to":[6.673701686703693,19.855133196290147,10.2],"faces":{"north":{"uv":[0.0,0.0,0.5,0.0],"texture":"#0"},"east":{"uv":[0.0,0.0,1.12,0.0],"texture":"#0"},"south":{"uv":[0.0,0.0,0.5,0.0],"texture":"#0"},"west":{"uv":[0.0,0.0,1.12,0.0],"texture":"#0"},"up":{"uv":[8.25,1.12,7.75,0.0],"texture":"#0"},"down":{"uv":[1.0,7.75,0.5,8.88],"texture":"#0"}},"rotation":{"origin":[6.528245823578012,3.5874999999999995,8],"axis":"z","angle":-22.5,"rescale":false}},{"from":[4.874999999999998,18,6.300000000000001],"to":[4.874999999999998,18.75,7.3500000000000005],"faces":{"north":{"uv":[0.0,0.0,0.0,0.25],"texture":"#0"},"east":{"uv":[8.0,3.75,8.25,4.0],"texture":"#0"},"south":{"uv":[0.0,0.0,0.0,0.25],"texture":"#0"},"west":{"uv":[8.0,6.25,8.25,6.5],"texture":"#0"},"up":{"uv":[0.0,0.25,0.0,0.0],"texture":"#0"},"down":{"uv":[0.0,0.0,0.0,0.25],"texture":"#0"}}},{"from":[4.874999999999998,18,8.649999999999999],"to":[4.874999999999998,18.75,9.7],"faces":{"north":{"uv":[0.0,0.0,0.0,0.25],"texture":"#0"},"east":{"uv":[8.25,4.5,8.5,4.75],"texture":"#0"},"south":{"uv":[0.0,0.0,0.0,0.25],"texture":"#0"},"west":{"uv":[8.5,6.0,8.75,6.25],"texture":"#0"},"up":{"uv":[0.0,0.25,0.0,0.0],"texture":"#0"},"down":{"uv":[0.0,0.0,0.0,0.25],"texture":"#0"}}},{"from":[4.975,17.25,6],"to":[6.975,21,10],"faces":{"north":{"uv":[5.25,7.75,5.75,8.75],"texture":"#0"},"east":{"uv":[1.25,6.5,2.25,7.5],"texture":"#0"},"south":{"uv":[5.75,7.75,6.25,8.75],"texture":"#0"},"west":{"uv":[6.5,2.0,7.5,3.0],"texture":"#0"},"up":{"uv":[6.75,8.75,6.25,7.75],"texture":"#0"},"down":{"uv":[8.25,6.5,7.75,7.5],"texture":"#0"}}},{"from":[5.25,14.213667365077455,0.7694993983806603],"to":[6.75,16.213667365077455,2.01949939838066],"faces":{"north":{"uv":[2.25,10.0,2.62,10.5],"texture":"#0"},"east":{"uv":[2.75,10.0,3.12,10.5],"texture":"#0"},"south":{"uv":[3.25,10.0,3.62,10.5],"texture":"#0"},"west":{"uv":[10.0,3.25,10.38,3.75],"texture":"#0"},"up":{"uv":[11.12,2.38,10.75,2.0],"texture":"#0"},"down":{"uv":[11.12,2.5,10.75,2.88],"texture":"#0"}},"rotation":{"origin":[6.528245823578012,3.5874999999999995,8],"axis":"x","angle":22.5,"rescale":false}},{"from":[5.25,14.213667365077455,13.98050060161934],"to":[6.75,16.213667365077455,15.23050060161934],"faces":{"north":{"uv":[10.0,3.75,10.38,4.25],"texture":"#0"},"east":{"uv":[10.0,4.25,10.38,4.75],"texture":"#0"},"south":{"uv":[10.0,5.25,10.38,5.75],"texture":"#0"},"west":{"uv":[10.0,7.5,10.38,8.0],"texture":"#0"},"up":{"uv":[11.12,3.38,10.75,3.0],"texture":"#0"},"down":{"uv":[11.12,3.5,10.75,3.88],"texture":"#0"}},"rotation":{"origin":[6.528245823578012,3.5874999999999995,8],"axis":"x","angle":-22.5,"rescale":false}},{"from":[5.25,15.947248573670873,-2.622612262314688],"to":[6.75,16.99724857367087,0.6773877376853128],"faces":{"north":{"uv":[7.75,10.75,8.12,11.0],"texture":"#0"},"east":{"uv":[9.75,3.0,10.62,3.25],"texture":"#0"},"south":{"uv":[10.75,7.75,11.12,8.0],"texture":"#0"},"west":{"uv":[9.75,5.0,10.62,5.25],"texture":"#0"},"up":{"uv":[9.12,6.88,8.75,6.0],"texture":"#0"},"down":{"uv":[6.62,8.75,6.25,9.62],"texture":"#0"}},"rotation":{"origin":[6.528245823578012,3.5874999999999995,8],"axis":"x","angle":22.5,"rescale":false}},{"from":[5.25,15.947248573670873,15.322612262314687],"to":[6.75,16.99724857367087,18.62261226231469],"faces":{"north":{"uv":[7.25,10.75,7.62,11.0],"texture":"#0"},"east":{"uv":[5.0,2.5,5.88,2.75],"texture":"#0"},"south":{"uv":[10.75,7.5,11.12,7.75],"texture":"#0"},"west":{"uv":[9.75,1.25,10.62,1.5],"texture":"#0"},"up":{"uv":[9.12,3.62,8.75,2.75],"texture":"#0"},"down":{"uv":[6.12,8.75,5.75,9.62],"texture":"#0"}},"rotation":{"origin":[6.528245823578012,3.5874999999999995,8],"axis":"x","angle":-22.5,"rescale":false}},{"from":[5.799999999999999,22.500000000000007,7.4],"to":[5.799999999999999,31.5,16.4],"faces":{"north":{"uv":[15.5,15.5,16.0,16.0],"texture":"#1","rotation":90},"east":{"uv":[0.0,15.0,15.0,0.0],"texture":"#1","rotation":90},"south":{"uv":[15.5,15.5,16.0,16.0],"texture":"#1","rotation":90},"west":{"uv":[0.0,0.0,15.0,15.0],"texture":"#1","rotation":90},"up":{"uv":[15.5,15.5,16.0,16.0],"texture":"#1","rotation":180},"down":{"uv":[15.5,15.5,16.0,16.0],"texture":"#1"}},"rotation":{"origin":[5.799999999999999,27.000000000000014,11.9],"axis":"y","angle":22.5,"rescale":false}},{"from":[6.75,0.5,6.75],"to":[9.25,15,9.25],"faces":{"north":{"uv":[0.0,2.75,0.62,6.38],"texture":"#0"},"east":{"uv":[0.75,2.75,1.38,6.38],"texture":"#0"},"south":{"uv":[1.5,2.75,2.12,6.38],"texture":"#0"},"west":{"uv":[2.25,2.75,2.88,6.38],"texture":"#0"},"up":{"uv":[2.62,8.88,2.0,8.25],"texture":"#0"},"down":{"uv":[8.88,3.75,8.25,4.38],"texture":"#0"}}},{"from":[6.975,10.596695868144375,-4.383207487797786],"to":[9.025,11.796695868144377,-3.1832074877977847],"faces":{"north":{"uv":[10.5,8.25,11.0,8.5],"texture":"#0"},"east":{"uv":[0.25,11.0,0.5,11.25],"texture":"#0"},"south":{"uv":[10.75,5.0,11.25,5.25],"texture":"#0"},"west":{"uv":[0.5,11.0,0.75,11.25],"texture":"#0"},"up":{"uv":[11.25,6.5,10.75,6.25],"texture":"#0"},"down":{"uv":[7.0,10.75,6.5,11.0],"texture":"#0"}},"rotation":{"origin":[6.528245823578012,3.5874999999999995,8],"axis":"x","angle":45,"rescale":false}},{"from":[6.975,10.596695868144375,19.183207487797784],"to":[9.025,11.796695868144377,20.383207487797783],"faces":{"north":{"uv":[7.75,1.75,8.25,2.0],"texture":"#0"},"east":{"uv":[10.5,4.75,10.75,5.0],"texture":"#0"},"south":{"uv":[8.25,1.0,8.75,1.25],"texture":"#0"},"west":{"uv":[10.75,10.25,11.0,10.5],"texture":"#0"},"up":{"uv":[9.5,5.5,9.0,5.25],"texture":"#0"},"down":{"uv":[9.75,0.75,9.25,1.0],"texture":"#0"}},"rotation":{"origin":[6.528245823578012,3.5874999999999995,8],"axis":"x","angle":-45,"rescale":false}},{"from":[6.975,11.82512319362512,2.1363884260282897],"to":[9.025,13.425123193625122,3.53638842602829],"faces":{"north":{"uv":[7.25,10.25,7.75,10.62],"texture":"#0"},"east":{"uv":[5.0,10.75,5.38,11.12],"texture":"#0"},"south":{"uv":[8.25,10.25,8.75,10.62],"texture":"#0"},"west":{"uv":[5.5,10.75,5.88,11.12],"texture":"#0"},"up":{"uv":[10.75,8.88,10.25,8.5],"texture":"#0"},"down":{"uv":[9.25,10.25,8.75,10.62],"texture":"#0"}},"rotation":{"origin":[6.528245823578012,3.5874999999999995,8],"axis":"x","angle":45,"rescale":false}},{"from":[6.975,11.82512319362512,12.46361157397171],"to":[9.025,13.425123193625122,13.86361157397171],"faces":{"north":{"uv":[10.25,9.0,10.75,9.38],"texture":"#0"},"east":{"uv":[10.75,5.75,11.12,6.12],"texture":"#0"},"south":{"uv":[10.25,9.5,10.75,9.88],"texture":"#0"},"west":{"uv":[6.0,10.75,6.38,11.12],"texture":"#0"},"up":{"uv":[10.75,10.38,10.25,10.0],"texture":"#0"},"down":{"uv":[0.5,10.5,0.0,10.88],"texture":"#0"}},"rotation":{"origin":[6.528245823578012,3.5874999999999995,8],"axis":"x","angle":-45,"rescale":false}},{"from":[6.9750000000000005,-8.540592968923292,-4.12809296892329],"to":[9.024999999999999,-6.540592968923292,-2.1280929689232897],"faces":{"north":{"uv":[9.75,6.25,10.25,6.75],"texture":"#0"},"east":{"uv":[6.75,9.75,7.25,10.25],"texture":"#0"},"south":{"uv":[9.75,6.75,10.25,7.25],"texture":"#0"},"west":{"uv":[7.25,9.75,7.75,10.25],"texture":"#0"},"up":{"uv":[8.75,10.25,8.25,9.75],"texture":"#0"},"down":{"uv":[10.25,8.5,9.75,9.0],"texture":"#0"}},"rotation":{"origin":[6.528245823578012,3.5874999999999995,8],"axis":"x","angle":-45,"rescale":false}},{"from":[6.9750000000000005,12.672610466673135,17.085110466673136],"to":[9.024999999999999,15.672610466673135,20.085110466673136],"faces":{"north":{"uv":[2.75,8.25,3.25,9.0],"texture":"#0"},"east":{"uv":[7.5,2.0,8.25,2.75],"texture":"#0"},"south":{"uv":[8.25,6.25,8.75,7.0],"texture":"#0"},"west":{"uv":[2.25,7.5,3.0,8.25],"texture":"#0"},"up":{"uv":[8.75,7.75,8.25,7.0],"texture":"#0"},"down":{"uv":[8.75,7.75,8.25,8.5],"texture":"#0"}},"rotation":{"origin":[6.528245823578012,3.5874999999999995,8],"axis":"x","angle":-45,"rescale":false}},{"from":[7,-11.75,7],"to":[9,-10,9],"faces":{"north":{"uv":[9.5,5.25,10.0,5.75],"texture":"#0"},"east":{"uv":[9.5,8.0,10.0,8.5],"texture":"#0"},"south":{"uv":[9.75,2.5,10.25,3.0],"texture":"#0"},"west":{"uv":[5.75,9.75,6.25,10.25],"texture":"#0"},"up":{"uv":[10.25,6.25,9.75,5.75],"texture":"#0"},"down":{"uv":[6.75,9.75,6.25,10.25],"texture":"#0"}}},{"from":[7,-6.499999999999998,7],"to":[9,-4.999999999999998,9],"faces":{"north":{"uv":[5.75,10.25,6.25,10.62],"texture":"#0"},"east":{"uv":[10.25,5.75,10.75,6.12],"texture":"#0"},"south":{"uv":[6.25,10.25,6.75,10.62],"texture":"#0"},"west":{"uv":[10.25,6.25,10.75,6.62],"texture":"#0"},"up":{"uv":[9.25,10.25,8.75,9.75],"texture":"#0"},"down":{"uv":[10.25,9.0,9.75,9.5],"texture":"#0"}}},{"from":[7,-2,7],"to":[9,0.5,9],"faces":{"north":{"uv":[4.75,9.0,5.25,9.62],"texture":"#0"},"east":{"uv":[6.75,9.0,7.25,9.62],"texture":"#0"},"south":{"uv":[7.25,9.0,7.75,9.62],"texture":"#0"},"west":{"uv":[8.25,9.0,8.75,9.62],"texture":"#0"},"up":{"uv":[10.25,10.0,9.75,9.5],"texture":"#0"},"down":{"uv":[0.5,10.0,0.0,10.5],"texture":"#0"}}},{"from":[7,13.7,4.199999976158141],"to":[9,17.3,5.899999976158142],"faces":{"north":{"uv":[1.5,8.25,2.0,9.12],"texture":"#0"},"east":{"uv":[3.5,9.0,3.88,9.88],"texture":"#0"},"south":{"uv":[8.25,1.75,8.75,2.62],"texture":"#0"},"west":{"uv":[9.0,3.75,9.38,4.62],"texture":"#0"},"up":{"uv":[11.0,0.38,10.5,0.0],"texture":"#0"},"down":{"uv":[1.0,10.5,0.5,10.88],"texture":"#0"}}},{"from":[7,13.7,10.100000023841858],"to":[9,17.3,11.800000023841859],"faces":{"north":{"uv":[8.25,0.0,8.75,0.88],"texture":"#0"},"east":{"uv":[2.5,9.0,2.88,9.88],"texture":"#0"},"south":{"uv":[1.0,8.25,1.5,9.12],"texture":"#0"},"west":{"uv":[3.0,9.0,3.38,9.88],"texture":"#0"},"up":{"uv":[7.25,10.62,6.75,10.25],"texture":"#0"},"down":{"uv":[10.75,6.75,10.25,7.12],"texture":"#0"}}},{"from":[7,15,5.899999999999999],"to":[9,17.3,7],"faces":{"north":{"uv":[1.0,9.25,1.5,9.88],"texture":"#0"},"east":{"uv":[10.5,7.5,10.75,8.12],"texture":"#0"},"south":{"uv":[1.5,9.25,2.0,9.88],"texture":"#0"},"west":{"uv":[9.25,10.5,9.5,11.12],"texture":"#0"},"up":{"uv":[10.5,1.25,10.0,1.0],"texture":"#0"},"down":{"uv":[10.5,4.75,10.0,5.0],"texture":"#0"}}},{"from":[7,15,7],"to":[9,17.5,9],"faces":{"north":{"uv":[9.25,2.5,9.75,3.12],"texture":"#0"},"east":{"uv":[9.25,6.0,9.75,6.62],"texture":"#0"},"south":{"uv":[9.25,6.75,9.75,7.38],"texture":"#0"},"west":{"uv":[9.25,8.5,9.75,9.12],"texture":"#0"},"up":{"uv":[10.5,0.5,10.0,0.0],"texture":"#0"},"down":{"uv":[1.0,10.0,0.5,10.5],"texture":"#0"}}},{"from":[7,15,9],"to":[9,17.3,10.100000000000001],"faces":{"north":{"uv":[8.75,9.0,9.25,9.62],"texture":"#0"},"east":{"uv":[3.5,10.5,3.75,11.12],"texture":"#0"},"south":{"uv":[9.25,0.0,9.75,0.62],"texture":"#0"},"west":{"uv":[10.5,4.0,10.75,4.62],"texture":"#0"},"up":{"uv":[6.5,2.75,6.0,2.5],"texture":"#0"},"down":{"uv":[8.0,3.75,7.5,4.0],"texture":"#0"}}},{"from":[7.25,-10,7.25],"to":[8.75,-2,8.75],"faces":{"north":{"uv":[3.25,6.5,3.62,8.5],"texture":"#0"},"east":{"uv":[3.75,6.5,4.12,8.5],"texture":"#0"},"south":{"uv":[4.25,6.5,4.62,8.5],"texture":"#0"},"west":{"uv":[4.75,6.5,5.12,8.5],"texture":"#0"},"up":{"uv":[10.88,5.62,10.5,5.25],"texture":"#0"},"down":{"uv":[10.88,10.5,10.5,10.88],"texture":"#0"}}},{"from":[7.25,16.26328271007996,-1.7061401479838776],"to":[8.75,17.513282710079963,2.0438598520161224],"faces":{"north":{"uv":[1.5,10.75,1.88,11.12],"texture":"#0"},"east":{"uv":[8.5,5.5,9.5,5.88],"texture":"#0"},"south":{"uv":[10.75,1.5,11.12,1.88],"texture":"#0"},"west":{"uv":[8.25,8.5,9.25,8.88],"texture":"#0"},"up":{"uv":[9.12,1.0,8.75,0.0],"texture":"#0"},"down":{"uv":[9.12,1.75,8.75,2.75],"texture":"#0"}},"rotation":{"origin":[6.528245823578012,3.5874999999999995,8],"axis":"x","angle":22.5,"rescale":false}},{"from":[7.25,16.26328271007996,13.956140147983877],"to":[8.75,17.513282710079963,17.706140147983877],"faces":{"north":{"uv":[1.0,10.75,1.38,11.12],"texture":"#0"},"east":{"uv":[3.25,8.5,4.25,8.88],"texture":"#0"},"south":{"uv":[10.75,1.0,11.12,1.38],"texture":"#0"},"west":{"uv":[4.25,8.5,5.25,8.88],"texture":"#0"},"up":{"uv":[8.88,5.5,8.5,4.5],"texture":"#0"},"down":{"uv":[8.12,8.5,7.75,9.5],"texture":"#0"}},"rotation":{"origin":[6.528245823578012,3.5874999999999995,8],"axis":"x","angle":-22.5,"rescale":false}},{"from":[7.475,6.1419232470364005,-7.033207505529417],"to":[8.525,8.3419232470364,-4.383207505529417],"faces":{"north":{"uv":[1.0,7.75,1.25,8.25],"texture":"#0"},"east":{"uv":[9.25,1.5,9.88,2.0],"texture":"#0"},"south":{"uv":[10.75,6.5,11.0,7.0],"texture":"#0"},"west":{"uv":[9.25,2.0,9.88,2.5],"texture":"#0"},"up":{"uv":[9.75,11.12,9.5,10.5],"texture":"#0"},"down":{"uv":[10.0,10.5,9.75,11.12],"texture":"#0"}},"rotation":{"origin":[6.528245823578012,3.5874999999999995,8],"axis":"x","angle":45,"rescale":false}},{"from":[7.475,6.1419232470364005,20.383207505529416],"to":[8.525,8.3419232470364,23.03320750552942],"faces":{"north":{"uv":[7.0,10.75,7.25,11.25],"texture":"#0"},"east":{"uv":[9.25,3.25,9.88,3.75],"texture":"#0"},"south":{"uv":[10.75,7.0,11.0,7.5],"texture":"#0"},"west":{"uv":[9.25,7.5,9.88,8.0],"texture":"#0"},"up":{"uv":[10.25,11.12,10.0,10.5],"texture":"#0"},"down":{"uv":[10.5,10.5,10.25,11.12],"texture":"#0"}},"rotation":{"origin":[6.528245823578012,3.5874999999999995,8],"axis":"x","angle":-45,"rescale":false}},{"from":[7.5,14.149999999999999,1.0499999999999972],"to":[8.5,17.15,4.299999999999997],"faces":{"north":{"uv":[3.0,7.5,3.25,8.25],"texture":"#0"},"east":{"uv":[6.75,6.5,7.62,7.25],"texture":"#0"},"south":{"uv":[3.75,10.0,4.0,10.75],"texture":"#0"},"west":{"uv":[7.25,4.0,8.12,4.75],"texture":"#0"},"up":{"uv":[9.75,4.62,9.5,3.75],"texture":"#0"},"down":{"uv":[5.25,9.75,5.0,10.62],"texture":"#0"}}},{"from":[7.5,14.149999999999999,11.700000000000003],"to":[8.5,17.15,14.950000000000003],"faces":{"north":{"uv":[2.25,10.5,2.5,11.25],"texture":"#0"},"east":{"uv":[6.75,7.25,7.62,8.0],"texture":"#0"},"south":{"uv":[2.5,10.5,2.75,11.25],"texture":"#0"},"west":{"uv":[1.25,7.5,2.12,8.25],"texture":"#0"},"up":{"uv":[10.25,2.38,10.0,1.5],"texture":"#0"},"down":{"uv":[2.25,10.0,2.0,10.88],"texture":"#0"}}},{"from":[7.5,15.804411093824228,-2.1342863854562037],"to":[8.5,18.05441109382423,-1.4842863854562034],"faces":{"north":{"uv":[2.75,10.5,3.0,11.12],"texture":"#0"},"east":{"uv":[10.75,8.75,10.88,9.38],"texture":"#0"},"south":{"uv":[3.0,10.5,3.25,11.12],"texture":"#0"},"west":{"uv":[10.75,9.5,10.88,10.12],"texture":"#0"},"up":{"uv":[1.0,11.12,0.75,11.0],"texture":"#0"},"down":{"uv":[11.25,0.75,11.0,0.88],"texture":"#0"}},"rotation":{"origin":[6.528245823578012,3.5874999999999995,8],"axis":"x","angle":45,"rescale":false}},{"from":[7.5,15.804411093824228,17.4842863854562],"to":[8.5,18.05441109382423,18.1342863854562],"faces":{"north":{"uv":[3.25,10.5,3.5,11.12],"texture":"#0"},"east":{"uv":[0.0,11.0,0.12,11.62],"texture":"#0"},"south":{"uv":[10.5,3.25,10.75,3.88],"texture":"#0"},"west":{"uv":[11.0,0.0,11.12,0.62],"texture":"#0"},"up":{"uv":[2.25,11.12,2.0,11.0],"texture":"#0"},"down":{"uv":[5.0,11.0,4.75,11.12],"texture":"#0"}},"rotation":{"origin":[6.528245823578012,3.5874999999999995,8],"axis":"x","angle":-45,"rescale":false}},{"from":[7.574999999999999,24.536611747719107,5.850000000000002],"to":[8.425,28.836611747719115,10.149999999999999],"faces":{"north":{"uv":[9.5,9.25,9.75,10.38],"texture":"#0"},"east":{"uv":[5.5,5.25,6.62,6.38],"texture":"#0"},"south":{"uv":[9.75,0.0,10.0,1.12],"texture":"#0"},"west":{"uv":[0.0,6.5,1.12,7.62],"texture":"#0"},"up":{"uv":[10.0,4.88,9.75,3.75],"texture":"#0"},"down":{"uv":[5.0,9.75,4.75,10.88],"texture":"#0"}},"rotation":{"origin":[8,26.661611747719107,8.000000000000002],"axis":"x","angle":-45,"rescale":false}},{"from":[7.6,19.386611652351675,5.850000000000002],"to":[8.4,23.686611652351683,10.149999999999999],"faces":{"north":{"uv":[4.25,9.5,4.5,10.62],"texture":"#0"},"east":{"uv":[3.0,5.25,4.12,6.38],"texture":"#0"},"south":{"uv":[4.5,9.5,4.75,10.62],"texture":"#0"},"west":{"uv":[4.25,5.25,5.38,6.38],"texture":"#0"},"up":{"uv":[8.0,10.62,7.75,9.5],"texture":"#0"},"down":{"uv":[8.25,9.5,8.0,10.62],"texture":"#0"}},"rotation":{"origin":[8,21.511611652351675,8.000000000000002],"axis":"x","angle":-45,"rescale":false}},{"from":[7.625,21.529289484683726,4.947881557007451],"to":[8.375,26.679289484683725,11.022881557007453],"faces":{"north":{"uv":[9.25,9.25,9.5,10.5],"texture":"#0"},"east":{"uv":[5.0,0.0,6.5,1.25],"texture":"#0"},"south":{"uv":[4.0,9.5,4.25,10.75],"texture":"#0"},"west":{"uv":[5.0,1.25,6.5,2.5],"texture":"#0"},"up":{"uv":[5.5,10.25,5.25,8.75],"texture":"#0"},"down":{"uv":[5.75,8.75,5.5,10.25],"texture":"#0"}}},{"from":[7.900000000000004,-15.707800624036631,5.5],"to":[7.900000000000004,-12.457800624036631,10.5],"faces":{"north":{"uv":[0.0,0.0,0.0,0.88],"texture":"#0"},"east":{"uv":[6.5,0.0,7.75,0.88],"texture":"#0"},"south":{"uv":[0.0,0.0,0.0,0.88],"texture":"#0"},"west":{"uv":[6.5,1.0,7.75,1.88],"texture":"#0"},"up":{"uv":[0.0,1.25,0.0,0.0],"texture":"#0"},"down":{"uv":[0.0,0.0,0.0,1.25],"texture":"#0"}},"rotation":{"origin":[7.900000000000004,-12.457800624036627,8],"axis":"z","angle":-22.5,"rescale":false}},{"from":[8,13.90639125953625,-7.455355343331664],"to":[8,18.20639125953625,-0.35535534333167185],"faces":{"north":{"uv":[0.0,0.0,0.0,1.12],"texture":"#0"},"east":{"uv":[4.75,2.75,6.5,3.88],"texture":"#0"},"south":{"uv":[0.0,0.0,0.0,1.12],"texture":"#0"},"west":{"uv":[4.75,4.0,6.5,5.12],"texture":"#0"},"up":{"uv":[0.0,1.75,0.0,0.0],"texture":"#0"},"down":{"uv":[0.0,0.0,0.0,1.75],"texture":"#0"}},"rotation":{"origin":[6.528245823578012,3.5874999999999995,8],"axis":"x","angle":22.5,"rescale":false}},{"from":[8,13.90639125953625,16.355355343331674],"to":[8,18.20639125953625,23.455355343331668],"faces":{"north":{"uv":[0.0,0.0,0.0,1.12],"texture":"#0"},"east":{"uv":[3.0,2.75,4.75,3.88],"texture":"#0"},"south":{"uv":[0.0,0.0,0.0,1.12],"texture":"#0"},"west":{"uv":[3.0,4.0,4.75,5.12],"texture":"#0"},"up":{"uv":[0.0,1.75,0.0,0.0],"texture":"#0"},"down":{"uv":[0.0,0.0,0.0,1.75],"texture":"#0"}},"rotation":{"origin":[6.528245823578012,3.5874999999999995,8],"axis":"x","angle":-22.5,"rescale":false}},{"from":[8,21.75,3],"to":[8,32,13],"faces":{"north":{"uv":[0.0,0.0,0.0,2.62],"texture":"#0"},"east":{"uv":[0.0,0.0,2.5,2.62],"texture":"#0"},"south":{"uv":[0.0,0.0,0.0,2.62],"texture":"#0"},"west":{"uv":[2.5,0.0,5.0,2.62],"texture":"#0"},"up":{"uv":[0.0,2.5,0.0,0.0],"texture":"#0"},"down":{"uv":[0.0,0.0,0.0,2.5],"texture":"#0"}}},{"from":[8.925,19.25,5.800000000000001],"to":[11.225,21.1,10.2],"faces":{"north":{"uv":[4.0,9.0,4.62,9.5],"texture":"#0"},"east":{"uv":[7.5,3.25,8.62,3.75],"texture":"#0"},"south":{"uv":[9.0,4.75,9.62,5.25],"texture":"#0"},"west":{"uv":[7.75,1.25,8.88,1.75],"texture":"#0"},"up":{"uv":[6.62,7.62,6.0,6.5],"texture":"#0"},"down":{"uv":[7.38,5.25,6.75,6.38],"texture":"#0"}}},{"from":[9.025,17.25,6],"to":[11.025,21,10],"faces":{"north":{"uv":[7.75,7.5,8.25,8.5],"texture":"#0"},"east":{"uv":[2.25,6.5,3.25,7.5],"texture":"#0"},"south":{"uv":[8.0,5.25,8.5,6.25],"texture":"#0"},"west":{"uv":[6.5,3.0,7.5,4.0],"texture":"#0"},"up":{"uv":[7.25,9.0,6.75,8.0],"texture":"#0"},"down":{"uv":[7.75,8.0,7.25,9.0],"texture":"#0"}}},{"from":[9.102237081420892,18.728701316628506,5.800000000000001],"to":[10.902237081420893,18.728701316628506,10.2],"faces":{"north":{"uv":[0.0,0.0,0.5,0.0],"texture":"#0"},"east":{"uv":[0.0,0.0,1.12,0.0],"texture":"#0"},"south":{"uv":[0.0,0.0,0.5,0.0],"texture":"#0"},"west":{"uv":[0.0,0.0,1.12,0.0],"texture":"#0"},"up":{"uv":[8.0,6.38,7.5,5.25],"texture":"#0"},"down":{"uv":[0.5,7.75,0.0,8.88],"texture":"#0"}},"rotation":{"origin":[6.528245823578012,3.5874999999999995,8],"axis":"z","angle":22.5,"rescale":false}},{"from":[9.25,14.213667365077455,0.7694993983806603],"to":[10.75,16.213667365077455,2.01949939838066],"faces":{"north":{"uv":[10.25,1.5,10.62,2.0],"texture":"#0"},"east":{"uv":[10.25,2.0,10.62,2.5],"texture":"#0"},"south":{"uv":[10.25,2.5,10.62,3.0],"texture":"#0"},"west":{"uv":[5.25,10.25,5.62,10.75],"texture":"#0"},"up":{"uv":[4.62,11.12,4.25,10.75],"texture":"#0"},"down":{"uv":[11.12,4.5,10.75,4.88],"texture":"#0"}},"rotation":{"origin":[6.528245823578012,3.5874999999999995,8],"axis":"x","angle":22.5,"rescale":false}},{"from":[9.25,14.213667365077455,13.98050060161934],"to":[10.75,16.213667365077455,15.23050060161934],"faces":{"north":{"uv":[10.0,8.0,10.38,8.5],"texture":"#0"},"east":{"uv":[9.75,10.0,10.12,10.5],"texture":"#0"},"south":{"uv":[1.0,10.25,1.38,10.75],"texture":"#0"},"west":{"uv":[1.5,10.25,1.88,10.75],"texture":"#0"},"up":{"uv":[4.12,11.12,3.75,10.75],"texture":"#0"},"down":{"uv":[11.12,4.0,10.75,4.38],"texture":"#0"}},"rotation":{"origin":[6.528245823578012,3.5874999999999995,8],"axis":"x","angle":-22.5,"rescale":false}},{"from":[9.25,15.947248573670873,-2.622612262314688],"to":[10.75,16.99724857367087,0.6773877376853128],"faces":{"north":{"uv":[10.75,8.5,11.12,8.75],"texture":"#0"},"east":{"uv":[10.0,0.75,10.88,1.0],"texture":"#0"},"south":{"uv":[8.75,10.75,9.12,11.0],"texture":"#0"},"west":{"uv":[1.0,10.0,1.88,10.25],"texture":"#0"},"up":{"uv":[0.88,9.88,0.5,9.0],"texture":"#0"},"down":{"uv":[2.38,9.0,2.0,9.88],"texture":"#0"}},"rotation":{"origin":[6.528245823578012,3.5874999999999995,8],"axis":"x","angle":22.5,"rescale":false}},{"from":[9.25,15.947248573670873,15.322612262314687],"to":[10.75,16.99724857367087,18.62261226231469],"faces":{"north":{"uv":[10.75,8.0,11.12,8.25],"texture":"#0"},"east":{"uv":[9.75,7.25,10.62,7.5],"texture":"#0"},"south":{"uv":[8.25,10.75,8.62,11.0],"texture":"#0"},"west":{"uv":[10.0,0.5,10.88,0.75],"texture":"#0"},"up":{"uv":[9.12,7.88,8.75,7.0],"texture":"#0"},"down":{"uv":[0.38,9.0,0.0,9.88],"texture":"#0"}},"rotation":{"origin":[6.528245823578012,3.5874999999999995,8],"axis":"x","angle":-22.5,"rescale":false}},{"from":[10.200000000000001,17.000000000000014,-0.3999999999999986],"to":[10.200000000000001,25.999999999999993,8.6],"faces":{"north":{"uv":[15.5,15.5,16.0,16.0],"texture":"#1","rotation":90},"east":{"uv":[0.0,0.0,15.0,15.0],"texture":"#1","rotation":90},"south":{"uv":[15.5,15.5,16.0,16.0],"texture":"#1","rotation":90},"west":{"uv":[0.0,15.0,15.0,0.0],"texture":"#1","rotation":90},"up":{"uv":[16.0,16.0,15.5,15.5],"texture":"#1","rotation":180},"down":{"uv":[16.0,16.0,15.5,15.5],"texture":"#1"}},"rotation":{"origin":[10.200000000000001,21.500000000000007,4.1],"axis":"y","angle":22.5,"rescale":false}},{"from":[11.125000000000002,18,6.300000000000001],"to":[11.125000000000002,18.75,7.3500000000000005],"faces":{"north":{"uv":[0.0,0.0,0.0,0.25],"texture":"#0"},"east":{"uv":[8.75,1.0,9.0,1.25],"texture":"#0"},"south":{"uv":[0.0,0.0,0.0,0.25],"texture":"#0"},"west":{"uv":[9.0,1.5,9.25,1.75],"texture":"#0"},"up":{"uv":[0.0,0.25,0.0,0.0],"texture":"#0"},"down":{"uv":[0.0,0.0,0.0,0.25],"texture":"#0"}}},{"from":[11.125000000000002,18,8.649999999999999],"to":[11.125000000000002,18.75,9.7],"faces":{"north":{"uv":[0.0,0.0,0.0,0.25],"texture":"#0"},"east":{"uv":[9.5,5.75,9.75,6.0],"texture":"#0"},"south":{"uv":[0.0,0.0,0.0,0.25],"texture":"#0"},"west":{"uv":[10.5,1.0,10.75,1.25],"texture":"#0"},"up":{"uv":[0.0,0.25,0.0,0.0],"texture":"#0"},"down":{"uv":[0.0,0.0,0.0,0.25],"texture":"#0"}}}],"display":{"thirdperson_righthand":{"translation":[0,5.25,2],"scale":[0.54,0.54,0.54]},"thirdperson_lefthand":{"translation":[0,5.25,2],"scale":[0.54,0.54,0.54]},"firstperson_righthand":{"translation":[-1.75,5.25,0.5],"scale":[0.46,0.46,0.46]},"firstperson_lefthand":{"translation":[-1.75,5.25,0.5],"scale":[0.46,0.46,0.46]},"ground":{"rotation":[45,0,0],"translation":[0,3,0],"scale":[0.25,0.25,0.25]},"gui":{"rotation":[87,48,-73],"translation":[0.25,0.25,0],"scale":[0.46,0.46,0.46]},"head":{"translation":[0,-28.5,13.5],"scale":[1.76,1.76,1.76]},"fixed":{"rotation":[0,-90,0],"translation":[0,1.75,-3.75],"scale":[0.7,0.7,0.7]}},"gui_light":"front"}