{"credit":"Made with Blockbench","textures":{"0":"adventure_time:staff_0","1":"adventure_time:staff_1"},"elements":[{"from":[5.0125631329235425,9.487436867076456,7.5],"to":[6.0125631329235425,12.237436867076456,8.5],"faces":{"north":{"uv":[7.5,8.0,8.0,9.38],"texture":"#0"},"east":{"uv":[5.0,8.5,5.5,9.88],"texture":"#0"},"south":{"uv":[5.5,8.5,6.0,9.88],"texture":"#0"},"west":{"uv":[8.5,6.5,9.0,7.88],"texture":"#0"},"up":{"uv":[12.5,13.0,12.0,12.5],"texture":"#0"},"down":{"uv":[13.0,12.0,12.5,12.5],"texture":"#0"}}},{"from":[5.648286437626904,9.92233495705504,7.25],"to":[7.398286437626904,11.42233495705504,8.75],"faces":{"north":{"uv":[5.0,10.0,5.88,10.75],"texture":"#0"},"east":{"uv":[11.0,2.0,11.75,2.75],"texture":"#0"},"south":{"uv":[6.0,10.0,6.88,10.75],"texture":"#0"},"west":{"uv":[3.0,11.0,3.75,11.75],"texture":"#0"},"up":{"uv":[7.88,10.75,7.0,10.0],"texture":"#0"},"down":{"uv":[11.38,3.0,10.5,3.75],"texture":"#0"}},"rotation":{"origin":[8,12.149048519428137,8],"axis":"z","angle":-45,"rescale":false}},{"from":[6,8.874999999999996,6],"to":[10,9.874999999999995,10],"faces":{"north":{"uv":[7.0,6.0,9.0,6.5],"texture":"#0"},"east":{"uv":[6.0,7.5,8.0,8.0],"texture":"#0"},"south":{"uv":[0.0,8.0,2.0,8.5],"texture":"#0"},"west":{"uv":[8.0,0.0,10.0,0.5],"texture":"#0"},"up":{"uv":[4.0,2.0,2.0,0.0],"texture":"#0"},"down":{"uv":[4.0,2.0,2.0,4.0],"texture":"#0"}},"rotation":{"origin":[8,9.374999999999995,8],"axis":"y","angle":-45,"rescale":false}},{"from":[6,10.999999999999996,6],"to":[10,12.499999999999996,10],"faces":{"north":{"uv":[5.0,4.5,7.0,5.25],"texture":"#0"},"east":{"uv":[3.0,5.5,5.0,6.25],"texture":"#0"},"south":{"uv":[5.0,5.5,7.0,6.25],"texture":"#0"},"west":{"uv":[3.0,6.5,5.0,7.25],"texture":"#0"},"up":{"uv":[2.0,2.0,0.0,0.0],"texture":"#0"},"down":{"uv":[2.0,2.0,0.0,4.0],"texture":"#0"}}},{"from":[6.3661466816,16.285853283199266,6.8854333952],"to":[7.5313754048,17.223102473599265,9.114566604799997],"faces":{"north":{"uv":[12.0,2.5,12.62,3.0],"texture":"#0"},"east":{"uv":[10.5,6.0,11.62,6.5],"texture":"#0"},"south":{"uv":[7.0,12.0,7.62,12.5],"texture":"#0"},"west":{"uv":[10.5,6.5,11.62,7.0],"texture":"#0"},"up":{"uv":[0.62,9.62,0.0,8.5],"texture":"#0"},"down":{"uv":[1.62,8.5,1.0,9.62],"texture":"#0"}}},{"from":[6.416151046980621,16.592426579581485,6.8854333952],"to":[7.328069178180622,16.592426579581485,9.114566604799997],"faces":{"north":{"uv":[0.0,0.0,0.5,0.0],"texture":"#0"},"east":{"uv":[0.0,0.0,1.12,0.0],"texture":"#0"},"south":{"uv":[0.0,0.0,0.5,0.0],"texture":"#0"},"west":{"uv":[0.0,0.0,1.12,0.0],"texture":"#0"},"up":{"uv":[9.0,11.62,8.5,10.5],"texture":"#0"},"down":{"uv":[11.0,8.5,10.5,9.62],"texture":"#0"}},"rotation":{"origin":[7.254378156584147,8.350898988799267,8],"axis":"z","angle":-22.5,"rescale":false}},{"from":[6.416808799999998,15.652576803199267,7.138743987200001],"to":[6.416808799999998,16.032542691199268,7.6706962304],"faces":{"north":{"uv":[0.0,0.0,0.0,0.25],"texture":"#0"},"east":{"uv":[9.0,14.0,9.25,14.25],"texture":"#0"},"south":{"uv":[0.0,0.0,0.0,0.25],"texture":"#0"},"west":{"uv":[14.0,9.0,14.25,9.25],"texture":"#0"},"up":{"uv":[0.0,0.25,0.0,0.0],"texture":"#0"},"down":{"uv":[0.0,0.0,0.0,0.25],"texture":"#0"}}},{"from":[6.416808799999998,15.652576803199267,8.3293037696],"to":[6.416808799999998,16.032542691199268,8.861256012799998],"faces":{"north":{"uv":[0.0,0.0,0.0,0.25],"texture":"#0"},"east":{"uv":[9.5,14.0,9.75,14.25],"texture":"#0"},"south":{"uv":[0.0,0.0,0.0,0.25],"texture":"#0"},"west":{"uv":[14.0,9.5,14.25,9.75],"texture":"#0"},"up":{"uv":[0.0,0.25,0.0,0.0],"texture":"#0"},"down":{"uv":[0.0,0.0,0.0,0.25],"texture":"#0"}}},{"from":[6.437999999999999,10.607500000000005,7.574],"to":[6.437999999999999,16.997499999999988,13.963999999999999],"faces":{"north":{"uv":[15.5,15.5,16.0,16.0],"texture":"#1","rotation":90},"east":{"uv":[0.0,15.0,15.0,0.0],"texture":"#1","rotation":90},"south":{"uv":[15.5,15.5,16.0,16.0],"texture":"#1","rotation":90},"west":{"uv":[0.0,0.0,15.0,15.0],"texture":"#1","rotation":90},"up":{"uv":[15.5,15.5,16.0,16.0],"texture":"#1","rotation":180},"down":{"uv":[15.5,15.5,16.0,16.0],"texture":"#1"}},"rotation":{"origin":[6.437999999999999,13.802500000000002,10.769],"axis":"y","angle":22.5,"rescale":false}},{"from":[6.4674709184,15.272610915199266,6.986757632],"to":[7.480713286399999,17.172440355199264,9.013242368],"faces":{"north":{"uv":[4.0,11.0,4.5,12.0],"texture":"#0"},"east":{"uv":[7.0,5.0,8.0,6.0],"texture":"#0"},"south":{"uv":[4.5,11.0,5.0,12.0],"texture":"#0"},"west":{"uv":[3.0,7.5,4.0,8.5],"texture":"#0"},"up":{"uv":[5.5,12.0,5.0,11.0],"texture":"#0"},"down":{"uv":[6.0,11.0,5.5,12.0],"texture":"#0"}}},{"from":[6.606791744,13.73434048067697,4.336875224294897],"to":[7.366723520000001,14.747582848676966,4.9701517042948975],"faces":{"north":{"uv":[6.5,13.0,6.88,13.5],"texture":"#0"},"east":{"uv":[13.0,6.5,13.38,7.0],"texture":"#0"},"south":{"uv":[7.0,13.0,7.38,13.5],"texture":"#0"},"west":{"uv":[13.0,7.0,13.38,7.5],"texture":"#0"},"up":{"uv":[9.88,13.88,9.5,13.5],"texture":"#0"},"down":{"uv":[13.88,9.5,13.5,9.88],"texture":"#0"}},"rotation":{"origin":[7.254378156584147,8.350898988799267,8],"axis":"x","angle":22.5,"rescale":false}},{"from":[6.606791744,13.73434048067697,11.029848295705103],"to":[7.366723520000001,14.747582848676966,11.6631247757051],"faces":{"north":{"uv":[7.5,13.0,7.88,13.5],"texture":"#0"},"east":{"uv":[13.0,7.5,13.38,8.0],"texture":"#0"},"south":{"uv":[8.0,13.0,8.38,13.5],"texture":"#0"},"west":{"uv":[13.0,8.0,13.38,8.5],"texture":"#0"},"up":{"uv":[10.38,13.88,10.0,13.5],"texture":"#0"},"down":{"uv":[13.88,10.0,13.5,10.38],"texture":"#0"}},"rotation":{"origin":[7.254378156584147,8.350898988799267,8],"axis":"x","angle":-22.5,"rescale":false}},{"from":[6.606791744,14.612609445134717,2.618359598493214],"to":[7.366723520000001,15.144561688334717,4.290209505693214],"faces":{"north":{"uv":[14.0,5.0,14.38,5.25],"texture":"#0"},"east":{"uv":[13.0,2.5,13.88,2.75],"texture":"#0"},"south":{"uv":[5.5,14.0,5.88,14.25],"texture":"#0"},"west":{"uv":[13.0,3.0,13.88,3.25],"texture":"#0"},"up":{"uv":[2.88,12.88,2.5,12.0],"texture":"#0"},"down":{"uv":[3.38,12.0,3.0,12.88],"texture":"#0"}},"rotation":{"origin":[7.254378156584147,8.350898988799267,8],"axis":"x","angle":22.5,"rescale":false}},{"from":[6.606791744,14.612609445134717,11.709790494306786],"to":[7.366723520000001,15.144561688334717,13.381640401506786],"faces":{"north":{"uv":[14.0,4.0,14.38,4.25],"texture":"#0"},"east":{"uv":[1.5,13.0,2.38,13.25],"texture":"#0"},"south":{"uv":[14.0,4.5,14.38,4.75],"texture":"#0"},"west":{"uv":[2.5,13.0,3.38,13.25],"texture":"#0"},"up":{"uv":[12.38,2.38,12.0,1.5],"texture":"#0"},"down":{"uv":[2.38,12.0,2.0,12.88],"texture":"#0"}},"rotation":{"origin":[7.254378156584147,8.350898988799267,8],"axis":"x","angle":-22.5,"rescale":false}},{"from":[7.25,9.991618414315905,5.815551499794179],"to":[8.75,11.491618414315905,7.565551499794179],"faces":{"north":{"uv":[11.0,0.0,11.75,0.75],"texture":"#0"},"east":{"uv":[9.5,9.5,10.38,10.25],"texture":"#0"},"south":{"uv":[1.0,11.0,1.75,11.75],"texture":"#0"},"west":{"uv":[0.0,10.0,0.88,10.75],"texture":"#0"},"up":{"uv":[10.75,0.88,10.0,0.0],"texture":"#0"},"down":{"uv":[1.75,10.0,1.0,10.88],"texture":"#0"}},"rotation":{"origin":[8,12.385597038856275,8],"axis":"x","angle":45,"rescale":false}},{"from":[7.25,9.991618414315905,8.434448500205821],"to":[8.75,11.491618414315905,10.184448500205821],"faces":{"north":{"uv":[10.5,10.5,11.25,11.25],"texture":"#0"},"east":{"uv":[9.5,6.5,10.38,7.25],"texture":"#0"},"south":{"uv":[0.0,11.0,0.75,11.75],"texture":"#0"},"west":{"uv":[9.5,7.5,10.38,8.25],"texture":"#0"},"up":{"uv":[9.25,10.38,8.5,9.5],"texture":"#0"},"down":{"uv":[10.25,8.5,9.5,9.38],"texture":"#0"}},"rotation":{"origin":[8,12.385597038856275,8],"axis":"x","angle":-45,"rescale":false}},{"from":[7.366723520000001,-5.563293916800731,7.366723519999999],"to":[8.633276480000001,-2.7172867488007317,8.633276480000001],"faces":{"north":{"uv":[8.0,0.5,8.62,1.88],"texture":"#0"},"east":{"uv":[2.0,8.0,2.62,9.38],"texture":"#0"},"south":{"uv":[8.0,2.0,8.62,3.38],"texture":"#0"},"west":{"uv":[8.0,3.5,8.62,4.88],"texture":"#0"},"up":{"uv":[10.12,11.62,9.5,11.0],"texture":"#0"},"down":{"uv":[12.12,3.0,11.5,3.62],"texture":"#0"}}},{"from":[7.366723520000001,6.7867060831992685,7.366723519999999],"to":[8.633276480000001,14.132713251199268,8.633276480000001],"faces":{"north":{"uv":[0.0,4.0,0.62,7.62],"texture":"#0"},"east":{"uv":[4.0,0.0,4.62,3.62],"texture":"#0"},"south":{"uv":[1.0,4.0,1.62,7.62],"texture":"#0"},"west":{"uv":[2.0,4.0,2.62,7.62],"texture":"#0"},"up":{"uv":[12.12,4.62,11.5,4.0],"texture":"#0"},"down":{"uv":[12.12,5.0,11.5,5.62],"texture":"#0"}}},{"from":[7.480713286399999,11.901906098406478,1.7264047608142192],"to":[8.519286713600001,12.509851519206482,2.3343501816142203],"faces":{"north":{"uv":[14.0,0.5,14.5,0.75],"texture":"#0"},"east":{"uv":[11.5,14.0,11.75,14.25],"texture":"#0"},"south":{"uv":[1.0,14.0,1.5,14.25],"texture":"#0"},"west":{"uv":[14.0,11.5,14.25,11.75],"texture":"#0"},"up":{"uv":[14.5,1.25,14.0,1.0],"texture":"#0"},"down":{"uv":[14.5,1.5,14.0,1.75],"texture":"#0"}},"rotation":{"origin":[7.254378156584147,8.350898988799267,8],"axis":"x","angle":45,"rescale":false}},{"from":[7.480713286399999,11.901906098406478,13.665649818385779],"to":[8.519286713600001,12.509851519206482,14.273595239185779],"faces":{"north":{"uv":[13.0,13.5,13.5,13.75],"texture":"#0"},"east":{"uv":[11.0,14.0,11.25,14.25],"texture":"#0"},"south":{"uv":[13.5,13.0,14.0,13.25],"texture":"#0"},"west":{"uv":[14.0,11.0,14.25,11.25],"texture":"#0"},"up":{"uv":[14.0,13.75,13.5,13.5],"texture":"#0"},"down":{"uv":[0.5,14.0,0.0,14.25],"texture":"#0"}},"rotation":{"origin":[7.254378156584147,8.350898988799267,8],"axis":"x","angle":-45,"rescale":false}},{"from":[7.480713286399999,12.524253404499488,5.029370161878347],"to":[8.519286713600001,13.334847298899488,5.738639819478349],"faces":{"north":{"uv":[12.0,13.0,12.5,13.38],"texture":"#0"},"east":{"uv":[11.5,13.5,11.88,13.88],"texture":"#0"},"south":{"uv":[13.0,12.0,13.5,12.38],"texture":"#0"},"west":{"uv":[13.5,11.5,13.88,11.88],"texture":"#0"},"up":{"uv":[13.0,13.38,12.5,13.0],"texture":"#0"},"down":{"uv":[13.5,12.5,13.0,12.88],"texture":"#0"}},"rotation":{"origin":[7.254378156584147,8.350898988799267,8],"axis":"x","angle":45,"rescale":false}},{"from":[7.480713286399999,12.524253404499488,10.26136018052165],"to":[8.519286713600001,13.334847298899488,10.97062983812165],"faces":{"north":{"uv":[13.0,13.0,13.5,13.38],"texture":"#0"},"east":{"uv":[12.0,13.5,12.38,13.88],"texture":"#0"},"south":{"uv":[0.0,13.5,0.5,13.88],"texture":"#0"},"west":{"uv":[13.5,12.0,13.88,12.38],"texture":"#0"},"up":{"uv":[14.0,0.38,13.5,0.0],"texture":"#0"},"down":{"uv":[1.0,13.5,0.5,13.88],"texture":"#0"}},"rotation":{"origin":[7.254378156584147,8.350898988799267,8],"axis":"x","angle":-45,"rescale":false}},{"from":[7.4807132864,-4.7934498307787266,1.855651180422008],"to":[8.519286713599998,-3.7802074627787245,2.8688935484220064],"faces":{"north":{"uv":[12.5,4.5,13.0,5.0],"texture":"#0"},"east":{"uv":[12.5,5.0,13.0,5.5],"texture":"#0"},"south":{"uv":[12.5,5.5,13.0,6.0],"texture":"#0"},"west":{"uv":[12.5,6.0,13.0,6.5],"texture":"#0"},"up":{"uv":[13.0,7.0,12.5,6.5],"texture":"#0"},"down":{"uv":[7.5,12.5,7.0,13.0],"texture":"#0"}},"rotation":{"origin":[7.254378156584147,1.3508989887992673,8],"axis":"x","angle":-45,"rescale":false}},{"from":[7.4807132864,12.953608410196,12.602709421396735],"to":[8.519286713599998,14.473471962196003,14.122572973396737],"faces":{"north":{"uv":[11.5,7.0,12.0,7.75],"texture":"#0"},"east":{"uv":[10.5,4.0,11.25,4.75],"texture":"#0"},"south":{"uv":[8.0,11.5,8.5,12.25],"texture":"#0"},"west":{"uv":[10.5,5.0,11.25,5.75],"texture":"#0"},"up":{"uv":[12.0,8.75,11.5,8.0],"texture":"#0"},"down":{"uv":[12.0,9.0,11.5,9.75],"texture":"#0"}},"rotation":{"origin":[7.254378156584147,8.350898988799267,8],"axis":"x","angle":-45,"rescale":false}},{"from":[7.493378816,-6.419403420800732,7.493378816],"to":[8.506621184,-5.532816348800733,8.506621184],"faces":{"north":{"uv":[7.5,9.5,8.0,10.0],"texture":"#0"},"east":{"uv":[10.0,3.0,10.5,3.5],"texture":"#0"},"south":{"uv":[1.0,12.5,1.5,13.0],"texture":"#0"},"west":{"uv":[12.5,3.0,13.0,3.5],"texture":"#0"},"up":{"uv":[13.0,4.0,12.5,3.5],"texture":"#0"},"down":{"uv":[13.0,4.0,12.5,4.5],"texture":"#0"}}},{"from":[7.493378816,-2.729846876800732,7.493378816],"to":[8.506621184,1.5367060831992685,8.506621184],"faces":{"north":{"uv":[7.0,0.0,7.5,2.12],"texture":"#0"},"east":{"uv":[7.0,2.5,7.5,4.62],"texture":"#0"},"south":{"uv":[7.5,0.0,8.0,2.12],"texture":"#0"},"west":{"uv":[7.5,2.5,8.0,4.62],"texture":"#0"},"up":{"uv":[13.0,11.0,12.5,10.5],"texture":"#0"},"down":{"uv":[13.0,11.5,12.5,12.0],"texture":"#0"}}},{"from":[7.493378816,3.2403577951992686,7.493378816],"to":[8.506621184,4.000289571199268,8.506621184],"faces":{"north":{"uv":[10.5,13.0,11.0,13.38],"texture":"#0"},"east":{"uv":[13.0,10.5,13.5,10.88],"texture":"#0"},"south":{"uv":[11.0,13.0,11.5,13.38],"texture":"#0"},"west":{"uv":[13.0,11.0,13.5,11.38],"texture":"#0"},"up":{"uv":[8.0,13.0,7.5,12.5],"texture":"#0"},"down":{"uv":[8.5,12.5,8.0,13.0],"texture":"#0"}}},{"from":[7.493378816,5.520153123199268,7.493378816],"to":[8.506621184,6.7867060831992685,8.506621184],"faces":{"north":{"uv":[12.0,8.0,12.5,8.62],"texture":"#0"},"east":{"uv":[8.5,12.0,9.0,12.62],"texture":"#0"},"south":{"uv":[9.0,12.0,9.5,12.62],"texture":"#0"},"west":{"uv":[12.0,9.0,12.5,9.62],"texture":"#0"},"up":{"uv":[13.0,8.5,12.5,8.0],"texture":"#0"},"down":{"uv":[13.0,8.5,12.5,9.0],"texture":"#0"}}},{"from":[7.493378816,13.474105711999268,6.074839488721208],"to":[8.506621184,15.297941974399265,6.936095501521209],"faces":{"north":{"uv":[9.0,11.0,9.5,11.88],"texture":"#0"},"east":{"uv":[12.0,6.0,12.38,6.88],"texture":"#0"},"south":{"uv":[11.0,9.0,11.5,9.88],"texture":"#0"},"west":{"uv":[6.5,12.0,6.88,12.88],"texture":"#0"},"up":{"uv":[14.0,0.88,13.5,0.5],"texture":"#0"},"down":{"uv":[1.5,13.5,1.0,13.88],"texture":"#0"}}},{"from":[7.493378816,13.474105711999268,9.06390449847879],"to":[8.506621184,15.297941974399265,9.925160511278792],"faces":{"north":{"uv":[7.5,11.0,8.0,11.88],"texture":"#0"},"east":{"uv":[5.5,12.0,5.88,12.88],"texture":"#0"},"south":{"uv":[11.0,8.0,11.5,8.88],"texture":"#0"},"west":{"uv":[6.0,12.0,6.38,12.88],"texture":"#0"},"up":{"uv":[12.0,13.38,11.5,13.0],"texture":"#0"},"down":{"uv":[13.5,11.5,13.0,11.88],"texture":"#0"}}},{"from":[7.493378816,14.132713251199268,6.9360955136],"to":[8.506621184,15.297941974399265,7.493378816],"faces":{"north":{"uv":[10.5,12.0,11.0,12.62],"texture":"#0"},"east":{"uv":[13.5,5.5,13.75,6.12],"texture":"#0"},"south":{"uv":[11.0,12.0,11.5,12.62],"texture":"#0"},"west":{"uv":[6.5,13.5,6.75,14.12],"texture":"#0"},"up":{"uv":[14.5,0.25,14.0,0.0],"texture":"#0"},"down":{"uv":[1.0,14.0,0.5,14.25],"texture":"#0"}}},{"from":[7.493378816,14.132713251199268,7.493378816],"to":[8.506621184,15.399266211199265,8.506621184],"faces":{"north":{"uv":[11.5,12.0,12.0,12.62],"texture":"#0"},"east":{"uv":[12.0,11.5,12.5,12.12],"texture":"#0"},"south":{"uv":[0.5,12.5,1.0,13.12],"texture":"#0"},"west":{"uv":[12.5,0.5,13.0,1.12],"texture":"#0"},"up":{"uv":[13.0,9.5,12.5,9.0],"texture":"#0"},"down":{"uv":[13.0,9.5,12.5,10.0],"texture":"#0"}}},{"from":[7.493378816,14.132713251199268,8.506621184],"to":[8.506621184,15.297941974399265,9.0639044864],"faces":{"north":{"uv":[9.5,12.0,10.0,12.62],"texture":"#0"},"east":{"uv":[13.5,4.5,13.75,5.12],"texture":"#0"},"south":{"uv":[10.0,12.0,10.5,12.62],"texture":"#0"},"west":{"uv":[5.0,13.5,5.25,14.12],"texture":"#0"},"up":{"uv":[13.0,13.75,12.5,13.5],"texture":"#0"},"down":{"uv":[14.0,12.5,13.5,12.75],"texture":"#0"}}},{"from":[7.5,9.487436867076456,5.0125631329235425],"to":[8.5,12.237436867076456,6.0125631329235425],"faces":{"north":{"uv":[9.5,0.5,10.0,1.88],"texture":"#0"},"east":{"uv":[2.0,9.5,2.5,10.88],"texture":"#0"},"south":{"uv":[9.5,2.0,10.0,3.38],"texture":"#0"},"west":{"uv":[2.5,9.5,3.0,10.88],"texture":"#0"},"up":{"uv":[1.5,13.5,1.0,13.0],"texture":"#0"},"down":{"uv":[13.5,1.0,13.0,1.5],"texture":"#0"}}},{"from":[7.5,9.487436867076456,9.987436867076458],"to":[8.5,12.237436867076456,10.987436867076458],"faces":{"north":{"uv":[9.0,3.5,9.5,4.88],"texture":"#0"},"east":{"uv":[9.0,5.0,9.5,6.38],"texture":"#0"},"south":{"uv":[9.0,6.5,9.5,7.88],"texture":"#0"},"west":{"uv":[9.0,8.0,9.5,9.38],"texture":"#0"},"up":{"uv":[13.5,0.5,13.0,0.0],"texture":"#0"},"down":{"uv":[13.5,0.5,13.0,1.0],"texture":"#0"}}},{"from":[7.620034112,1.4671836511992673,7.620034112],"to":[8.379965888000001,5.520153123199268,8.379965888000001],"faces":{"north":{"uv":[6.0,8.0,6.38,10.0],"texture":"#0"},"east":{"uv":[6.5,8.0,6.88,10.0],"texture":"#0"},"south":{"uv":[8.0,6.5,8.38,8.5],"texture":"#0"},"west":{"uv":[7.0,8.0,7.38,10.0],"texture":"#0"},"up":{"uv":[13.88,2.38,13.5,2.0],"texture":"#0"},"down":{"uv":[8.38,13.5,8.0,13.88],"texture":"#0"}}},{"from":[7.620034112,14.772719033506705,3.0826637861584727],"to":[8.379965888000001,15.405995513506706,4.982493226158473],"faces":{"north":{"uv":[9.0,13.5,9.38,13.88],"texture":"#0"},"east":{"uv":[12.0,0.0,13.0,0.38],"texture":"#0"},"south":{"uv":[13.5,9.0,13.88,9.38],"texture":"#0"},"west":{"uv":[0.5,12.0,1.5,12.38],"texture":"#0"},"up":{"uv":[12.38,1.5,12.0,0.5],"texture":"#0"},"down":{"uv":[1.88,12.0,1.5,13.0],"texture":"#0"}},"rotation":{"origin":[7.254378156584147,8.350898988799267,8],"axis":"x","angle":22.5,"rescale":false}},{"from":[7.620034112,14.772719033506705,11.017506773841525],"to":[8.379965888000001,15.405995513506706,12.917336213841526],"faces":{"north":{"uv":[8.5,13.5,8.88,13.88],"texture":"#0"},"east":{"uv":[10.5,11.5,11.5,11.88],"texture":"#0"},"south":{"uv":[13.5,8.5,13.88,8.88],"texture":"#0"},"west":{"uv":[11.5,10.5,12.5,10.88],"texture":"#0"},"up":{"uv":[11.88,12.0,11.5,11.0],"texture":"#0"},"down":{"uv":[0.38,12.0,0.0,13.0],"texture":"#0"}},"rotation":{"origin":[7.254378156584147,8.350898988799267,8],"axis":"x","angle":-22.5,"rescale":false}},{"from":[7.7340238783999995,9.645023918649974,0.38385861423099943],"to":[8.2659761216,10.759590523449972,1.7264047518310006],"faces":{"north":{"uv":[14.0,2.0,14.25,2.5],"texture":"#0"},"east":{"uv":[12.0,10.0,12.62,10.5],"texture":"#0"},"south":{"uv":[14.0,2.5,14.25,3.0],"texture":"#0"},"west":{"uv":[12.0,11.0,12.62,11.5],"texture":"#0"},"up":{"uv":[13.75,7.12,13.5,6.5],"texture":"#0"},"down":{"uv":[7.25,13.5,7.0,14.12],"texture":"#0"}},"rotation":{"origin":[7.254378156584147,8.350898988799267,8],"axis":"x","angle":45,"rescale":false}},{"from":[7.7340238783999995,9.645023918649974,14.273595248168998],"to":[8.2659761216,10.759590523449972,15.616141385768998],"faces":{"north":{"uv":[14.0,3.0,14.25,3.5],"texture":"#0"},"east":{"uv":[12.5,1.5,13.12,2.0],"texture":"#0"},"south":{"uv":[14.0,3.5,14.25,4.0],"texture":"#0"},"west":{"uv":[12.5,2.0,13.12,2.5],"texture":"#0"},"up":{"uv":[7.75,14.12,7.5,13.5],"texture":"#0"},"down":{"uv":[13.75,7.5,13.5,8.12],"texture":"#0"}},"rotation":{"origin":[7.254378156584147,8.350898988799267,8],"axis":"x","angle":-45,"rescale":false}},{"from":[7.746689408,13.702085244799267,4.478982771199997],"to":[8.253310591999998,15.22194879679927,6.125501619199999],"faces":{"north":{"uv":[13.5,1.0,13.75,1.75],"texture":"#0"},"east":{"uv":[8.0,5.0,8.88,5.75],"texture":"#0"},"south":{"uv":[1.5,13.5,1.75,14.25],"texture":"#0"},"west":{"uv":[9.5,3.5,10.38,4.25],"texture":"#0"},"up":{"uv":[13.25,5.38,13.0,4.5],"texture":"#0"},"down":{"uv":[5.75,13.0,5.5,13.88],"texture":"#0"}}},{"from":[7.746689408,13.702085244799267,9.8744983808],"to":[8.253310591999998,15.22194879679927,11.521017228800003],"faces":{"north":{"uv":[2.0,13.5,2.25,14.25],"texture":"#0"},"east":{"uv":[9.5,4.5,10.38,5.25],"texture":"#0"},"south":{"uv":[2.5,13.5,2.75,14.25],"texture":"#0"},"west":{"uv":[9.5,5.5,10.38,6.25],"texture":"#0"},"up":{"uv":[13.25,6.38,13.0,5.5],"texture":"#0"},"down":{"uv":[6.25,13.0,6.0,13.88],"texture":"#0"}}},{"from":[7.746689408,14.540244951975234,2.865755832405097],"to":[8.253310591999998,15.680142615975235,3.1950596020050988],"faces":{"north":{"uv":[3.0,13.5,3.25,14.12],"texture":"#0"},"east":{"uv":[14.0,7.0,14.12,7.62],"texture":"#0"},"south":{"uv":[3.5,13.5,3.75,14.12],"texture":"#0"},"west":{"uv":[8.0,14.0,8.12,14.62],"texture":"#0"},"up":{"uv":[12.25,14.12,12.0,14.0],"texture":"#0"},"down":{"uv":[14.25,12.0,14.0,12.12],"texture":"#0"}},"rotation":{"origin":[7.254378156584147,8.350898988799267,8],"axis":"x","angle":45,"rescale":false}},{"from":[7.746689408,14.540244951975234,12.804940397994901],"to":[8.253310591999998,15.680142615975235,13.1342441675949],"faces":{"north":{"uv":[4.0,13.5,4.25,14.12],"texture":"#0"},"east":{"uv":[14.0,8.0,14.12,8.62],"texture":"#0"},"south":{"uv":[4.5,13.5,4.75,14.12],"texture":"#0"},"west":{"uv":[8.5,14.0,8.62,14.62],"texture":"#0"},"up":{"uv":[12.75,14.12,12.5,14.0],"texture":"#0"},"down":{"uv":[14.25,12.5,14.0,12.62],"texture":"#0"}},"rotation":{"origin":[7.254378156584147,8.350898988799267,8],"axis":"x","angle":-45,"rescale":false}},{"from":[7.949337881600002,-8.42450905898611,6.733447040000001],"to":[7.949337881600002,-6.777990210986109,9.266552959999999],"faces":{"north":{"uv":[0.0,0.0,0.0,0.88],"texture":"#0"},"east":{"uv":[5.0,6.5,6.25,7.38],"texture":"#0"},"south":{"uv":[0.0,0.0,0.0,0.88],"texture":"#0"},"west":{"uv":[6.5,6.5,7.75,7.38],"texture":"#0"},"up":{"uv":[0.0,1.25,0.0,0.0],"texture":"#0"},"down":{"uv":[0.0,0.0,0.0,1.25],"texture":"#0"}},"rotation":{"origin":[7.949337881600002,-6.777990210986106,8],"axis":"z","angle":-22.5,"rescale":false}},{"from":[8,13.578667896272773,0.16998957682058524],"to":[8,15.757138987472775,3.7669999832205816],"faces":{"north":{"uv":[0.0,0.0,0.0,1.12],"texture":"#0"},"east":{"uv":[5.0,1.5,6.75,2.62],"texture":"#0"},"south":{"uv":[0.0,0.0,0.0,1.12],"texture":"#0"},"west":{"uv":[5.0,3.0,6.75,4.12],"texture":"#0"},"up":{"uv":[0.0,1.75,0.0,0.0],"texture":"#0"},"down":{"uv":[0.0,0.0,0.0,1.75],"texture":"#0"}},"rotation":{"origin":[7.254378156584147,8.350898988799267,8],"axis":"x","angle":22.5,"rescale":false}},{"from":[8,13.578667896272773,12.23300001677942],"to":[8,15.757138987472775,15.830010423179417],"faces":{"north":{"uv":[0.0,0.0,0.0,1.12],"texture":"#0"},"east":{"uv":[3.0,4.0,4.75,5.12],"texture":"#0"},"south":{"uv":[0.0,0.0,0.0,1.12],"texture":"#0"},"west":{"uv":[5.0,0.0,6.75,1.12],"texture":"#0"},"up":{"uv":[0.0,1.75,0.0,0.0],"texture":"#0"},"down":{"uv":[0.0,0.0,0.0,1.75],"texture":"#0"}},"rotation":{"origin":[7.254378156584147,8.350898988799267,8],"axis":"x","angle":-22.5,"rescale":false}},{"from":[8.468624595200001,16.285853283199266,6.8854333952],"to":[9.6338533184,17.223102473599265,9.114566604799997],"faces":{"north":{"uv":[12.0,7.0,12.62,7.5],"texture":"#0"},"east":{"uv":[9.0,10.5,10.12,11.0],"texture":"#0"},"south":{"uv":[12.0,7.5,12.62,8.0],"texture":"#0"},"west":{"uv":[10.5,10.0,11.62,10.5],"texture":"#0"},"up":{"uv":[3.62,9.62,3.0,8.5],"texture":"#0"},"down":{"uv":[4.62,8.5,4.0,9.62],"texture":"#0"}}},{"from":[8.519286713600001,15.272610915199266,6.986757632],"to":[9.5325290816,17.172440355199264,9.013242368],"faces":{"north":{"uv":[6.0,11.0,6.5,12.0],"texture":"#0"},"east":{"uv":[4.0,7.5,5.0,8.5],"texture":"#0"},"south":{"uv":[6.5,11.0,7.0,12.0],"texture":"#0"},"west":{"uv":[5.0,7.5,6.0,8.5],"texture":"#0"},"up":{"uv":[7.5,12.0,7.0,11.0],"texture":"#0"},"down":{"uv":[11.5,7.0,11.0,8.0],"texture":"#0"}}},{"from":[8.558416655238156,16.02175232701196,6.8854333952],"to":[9.470334786438158,16.02175232701196,9.114566604799997],"faces":{"north":{"uv":[0.0,0.0,0.5,0.0],"texture":"#0"},"east":{"uv":[0.0,0.0,1.12,0.0],"texture":"#0"},"south":{"uv":[0.0,0.0,0.5,0.0],"texture":"#0"},"west":{"uv":[0.0,0.0,1.12,0.0],"texture":"#0"},"up":{"uv":[8.5,11.12,8.0,10.0],"texture":"#0"},"down":{"uv":[11.0,7.0,10.5,8.12],"texture":"#0"}},"rotation":{"origin":[7.254378156584147,8.350898988799267,8],"axis":"z","angle":22.5,"rescale":false}},{"from":[8.601713562373096,9.92233495705504,7.25],"to":[10.351713562373096,11.42233495705504,8.75],"faces":{"north":{"uv":[10.0,1.0,10.88,1.75],"texture":"#0"},"east":{"uv":[11.0,1.0,11.75,1.75],"texture":"#0"},"south":{"uv":[10.0,2.0,10.88,2.75],"texture":"#0"},"west":{"uv":[2.0,11.0,2.75,11.75],"texture":"#0"},"up":{"uv":[3.88,10.75,3.0,10.0],"texture":"#0"},"down":{"uv":[4.88,10.0,4.0,10.75],"texture":"#0"}},"rotation":{"origin":[8,12.149048519428137,8],"axis":"z","angle":45,"rescale":false}},{"from":[8.633276480000001,13.73434048067697,4.336875224294897],"to":[9.393208256,14.747582848676966,4.9701517042948975],"faces":{"north":{"uv":[9.5,13.0,9.88,13.5],"texture":"#0"},"east":{"uv":[13.0,9.5,13.38,10.0],"texture":"#0"},"south":{"uv":[10.0,13.0,10.38,13.5],"texture":"#0"},"west":{"uv":[13.0,10.0,13.38,10.5],"texture":"#0"},"up":{"uv":[11.38,13.88,11.0,13.5],"texture":"#0"},"down":{"uv":[13.88,11.0,13.5,11.38],"texture":"#0"}},"rotation":{"origin":[7.254378156584147,8.350898988799267,8],"axis":"x","angle":22.5,"rescale":false}},{"from":[8.633276480000001,13.73434048067697,11.029848295705103],"to":[9.393208256,14.747582848676966,11.6631247757051],"faces":{"north":{"uv":[8.5,13.0,8.88,13.5],"texture":"#0"},"east":{"uv":[13.0,8.5,13.38,9.0],"texture":"#0"},"south":{"uv":[9.0,13.0,9.38,13.5],"texture":"#0"},"west":{"uv":[13.0,9.0,13.38,9.5],"texture":"#0"},"up":{"uv":[10.88,13.88,10.5,13.5],"texture":"#0"},"down":{"uv":[13.88,10.5,13.5,10.88],"texture":"#0"}},"rotation":{"origin":[7.254378156584147,8.350898988799267,8],"axis":"x","angle":-22.5,"rescale":false}},{"from":[8.633276480000001,14.612609445134717,2.618359598493214],"to":[9.393208256,15.144561688334717,4.290209505693214],"faces":{"north":{"uv":[14.0,6.0,14.38,6.25],"texture":"#0"},"east":{"uv":[13.0,4.0,13.88,4.25],"texture":"#0"},"south":{"uv":[14.0,6.5,14.38,6.75],"texture":"#0"},"west":{"uv":[4.5,13.0,5.38,13.25],"texture":"#0"},"up":{"uv":[4.88,12.88,4.5,12.0],"texture":"#0"},"down":{"uv":[5.38,12.0,5.0,12.88],"texture":"#0"}},"rotation":{"origin":[7.254378156584147,8.350898988799267,8],"axis":"x","angle":22.5,"rescale":false}},{"from":[8.633276480000001,14.612609445134717,11.709790494306786],"to":[9.393208256,15.144561688334717,13.381640401506786],"faces":{"north":{"uv":[14.0,5.5,14.38,5.75],"texture":"#0"},"east":{"uv":[3.5,13.0,4.38,13.25],"texture":"#0"},"south":{"uv":[6.0,14.0,6.38,14.25],"texture":"#0"},"west":{"uv":[13.0,3.5,13.88,3.75],"texture":"#0"},"up":{"uv":[3.88,12.88,3.5,12.0],"texture":"#0"},"down":{"uv":[4.38,12.0,4.0,12.88],"texture":"#0"}},"rotation":{"origin":[7.254378156584147,8.350898988799267,8],"axis":"x","angle":-22.5,"rescale":false}},{"from":[9.562000000000001,6.702500000000005,2.0360000000000014],"to":[9.562000000000001,13.09249999999999,8.426],"faces":{"north":{"uv":[15.5,15.5,16.0,16.0],"texture":"#1","rotation":90},"east":{"uv":[0.0,0.0,15.0,15.0],"texture":"#1","rotation":90},"south":{"uv":[15.5,15.5,16.0,16.0],"texture":"#1","rotation":90},"west":{"uv":[0.0,15.0,15.0,0.0],"texture":"#1","rotation":90},"up":{"uv":[16.0,16.0,15.5,15.5],"texture":"#1","rotation":180},"down":{"uv":[16.0,16.0,15.5,15.5],"texture":"#1"}},"rotation":{"origin":[9.562000000000001,9.897500000000003,5.231],"axis":"y","angle":22.5,"rescale":false}},{"from":[9.5831912,15.652576803199267,7.138743987200001],"to":[9.5831912,16.032542691199268,7.6706962304],"faces":{"north":{"uv":[0.0,0.0,0.0,0.25],"texture":"#0"},"east":{"uv":[10.0,14.0,10.25,14.25],"texture":"#0"},"south":{"uv":[0.0,0.0,0.0,0.25],"texture":"#0"},"west":{"uv":[14.0,10.0,14.25,10.25],"texture":"#0"},"up":{"uv":[0.0,0.25,0.0,0.0],"texture":"#0"},"down":{"uv":[0.0,0.0,0.0,0.25],"texture":"#0"}}},{"from":[9.5831912,15.652576803199267,8.3293037696],"to":[9.5831912,16.032542691199268,8.861256012799998],"faces":{"north":{"uv":[0.0,0.0,0.0,0.25],"texture":"#0"},"east":{"uv":[10.5,14.0,10.75,14.25],"texture":"#0"},"south":{"uv":[0.0,0.0,0.0,0.25],"texture":"#0"},"west":{"uv":[14.0,10.5,14.25,10.75],"texture":"#0"},"up":{"uv":[0.0,0.25,0.0,0.0],"texture":"#0"},"down":{"uv":[0.0,0.0,0.0,0.25],"texture":"#0"}}},{"from":[9.987436867076458,9.487436867076456,7.5],"to":[10.987436867076458,12.237436867076456,8.5],"faces":{"north":{"uv":[8.0,8.5,8.5,9.88],"texture":"#0"},"east":{"uv":[8.5,8.0,9.0,9.38],"texture":"#0"},"south":{"uv":[9.0,0.5,9.5,1.88],"texture":"#0"},"west":{"uv":[9.0,2.0,9.5,3.38],"texture":"#0"},"up":{"uv":[13.0,13.0,12.5,12.5],"texture":"#0"},"down":{"uv":[0.5,13.0,0.0,13.5],"texture":"#0"}}}],"display":{"thirdperson_righthand":{"translation":[0,4.25,2],"scale":[1.36,1.36,1.36]},"thirdperson_lefthand":{"translation":[0,4.25,2],"scale":[1.36,1.36,1.36]},"ground":{"rotation":[45,0,0],"translation":[0,3,0],"scale":[0.51,0.51,0.51]},"gui":{"rotation":[87,48,-73],"translation":[1.25,1.75,0],"scale":[0.81,0.81,0.81]},"head":{"translation":[0,-28.5,13.5],"scale":[1.76,1.76,1.76]},"fixed":{"rotation":[0,-90,0],"translation":[0,5.25,-5],"scale":[1.22,1.22,1.22]}},"gui_light":"front"}