{
	"credit": "Made with Blockbench",
	"textures": {
		"0": "fantasy_weapons:item/emerald_sacrificial_cleaver",
		"particle": "fantasy_weapons:item/emerald_sacrificial_cleaver"
	},
	"elements": [
		{
			"name": "emerald_sacrificial_cleaver_0",
			"from": [6.375, 14.5, 8],
			"to": [6.625, 15.5, 8.125],
			"faces": {
				"north": {"uv": [3, 1.875, 3.25, 0.875], "rotation": 180, "texture": "#0"},
				"east": {"uv": [3.125, 0.875, 3.25, 1.875], "texture": "#0"},
				"south": {"uv": [3, 0.875, 3.25, 1.875], "texture": "#0"},
				"west": {"uv": [3, 0.875, 3.125, 1.875], "texture": "#0"},
				"up": {"uv": [3.25, 0.875, 3, 1], "rotation": 180, "texture": "#0"},
				"down": {"uv": [3, 1.75, 3.25, 1.875], "texture": "#0"}
			}
		},
		{
			"name": "emerald_sacrificial_cleaver_1",
			"from": [6.25, 13.75, 8],
			"to": [6.375, 15.375, 8.125],
			"faces": {
				"north": {"uv": [2.875, 2.625, 3, 1], "rotation": 180, "texture": "#0"},
				"east": {"uv": [2.875, 1, 3, 2.625], "texture": "#0"},
				"south": {"uv": [2.875, 1, 3, 2.625], "texture": "#0"},
				"west": {"uv": [2.875, 1, 3, 2.625], "texture": "#0"},
				"up": {"uv": [3, 1, 2.875, 1.125], "rotation": 180, "texture": "#0"},
				"down": {"uv": [2.875, 2.5, 3, 2.625], "texture": "#0"}
			}
		},
		{
			"name": "emerald_sacrificial_cleaver_2",
			"from": [8.25, 14.5, 7.8125],
			"to": [8.75, 14.875, 8.3125],
			"faces": {
				"north": {"uv": [8.25, 1.375, 8.75, 1], "rotation": 180, "texture": "#0"},
				"east": {"uv": [8.625, 1, 8.75, 1.375], "texture": "#0"},
				"south": {"uv": [8.25, 1, 8.75, 1.375], "texture": "#0"},
				"west": {"uv": [8.25, 1, 8.375, 1.375], "texture": "#0"},
				"up": {"uv": [8.75, 1, 8.25, 1.125], "rotation": 180, "texture": "#0"},
				"down": {"uv": [8.25, 1.25, 8.75, 1.375], "texture": "#0"}
			}
		},
		{
			"name": "emerald_sacrificial_cleaver_3",
			"from": [6.125, 12.5, 8],
			"to": [6.25, 15.25, 8.125],
			"faces": {
				"north": {"uv": [2.75, 3.875, 2.875, 1.125], "rotation": 180, "texture": "#0"},
				"east": {"uv": [2.75, 1.125, 2.875, 3.875], "texture": "#0"},
				"south": {"uv": [2.75, 1.125, 2.875, 3.875], "texture": "#0"},
				"west": {"uv": [2.75, 1.125, 2.875, 3.875], "texture": "#0"},
				"up": {"uv": [2.875, 1.125, 2.75, 1.25], "rotation": 180, "texture": "#0"},
				"down": {"uv": [2.75, 3.75, 2.875, 3.875], "texture": "#0"}
			}
		},
		{
			"name": "emerald_sacrificial_cleaver_4",
			"from": [8.125, 14.125, 7.8125],
			"to": [8.25, 14.75, 8.3125],
			"faces": {
				"north": {"uv": [8.125, 1.75, 8.25, 1.125], "rotation": 180, "texture": "#0"},
				"east": {"uv": [8.125, 1.125, 8.25, 1.75], "texture": "#0"},
				"south": {"uv": [8.125, 1.125, 8.25, 1.75], "texture": "#0"},
				"west": {"uv": [8.125, 1.125, 8.25, 1.75], "texture": "#0"},
				"up": {"uv": [8.25, 1.125, 8.125, 1.25], "rotation": 180, "texture": "#0"},
				"down": {"uv": [8.125, 1.625, 8.25, 1.75], "texture": "#0"}
			}
		},
		{
			"name": "emerald_sacrificial_cleaver_5",
			"from": [6, 11.375, 8],
			"to": [6.125, 15.125, 8.125],
			"faces": {
				"north": {"uv": [2.625, 5, 2.75, 1.25], "rotation": 180, "texture": "#0"},
				"east": {"uv": [2.625, 1.25, 2.75, 5], "texture": "#0"},
				"south": {"uv": [2.625, 1.25, 2.75, 5], "texture": "#0"},
				"west": {"uv": [2.625, 1.25, 2.75, 5], "texture": "#0"},
				"up": {"uv": [2.75, 1.25, 2.625, 1.375], "rotation": 180, "texture": "#0"},
				"down": {"uv": [2.625, 4.875, 2.75, 5], "texture": "#0"}
			}
		},
		{
			"name": "emerald_sacrificial_cleaver_6",
			"from": [6.625, 14.5, 8],
			"to": [6.75, 15.125, 8.125],
			"faces": {
				"north": {"uv": [3.25, 1.875, 3.375, 1.25], "rotation": 180, "texture": "#0"},
				"east": {"uv": [3.25, 1.25, 3.375, 1.875], "texture": "#0"},
				"south": {"uv": [3.25, 1.25, 3.375, 1.875], "texture": "#0"},
				"west": {"uv": [3.25, 1.25, 3.375, 1.875], "texture": "#0"},
				"up": {"uv": [3.375, 1.25, 3.25, 1.375], "rotation": 180, "texture": "#0"},
				"down": {"uv": [3.25, 1.75, 3.375, 1.875], "texture": "#0"}
			}
		},
		{
			"name": "emerald_sacrificial_cleaver_7",
			"from": [8, 14, 7.8125],
			"to": [8.125, 14.625, 8.3125],
			"faces": {
				"north": {"uv": [8, 1.875, 8.125, 1.25], "rotation": 180, "texture": "#0"},
				"east": {"uv": [8, 1.25, 8.125, 1.875], "texture": "#0"},
				"south": {"uv": [8, 1.25, 8.125, 1.875], "texture": "#0"},
				"west": {"uv": [8, 1.25, 8.125, 1.875], "texture": "#0"},
				"up": {"uv": [8.125, 1.25, 8, 1.375], "rotation": 180, "texture": "#0"},
				"down": {"uv": [8, 1.75, 8.125, 1.875], "texture": "#0"}
			}
		},
		{
			"name": "emerald_sacrificial_cleaver_8",
			"from": [7.875, 13.875, 7.8125],
			"to": [8, 14.5, 8.3125],
			"faces": {
				"north": {"uv": [7.875, 2, 8, 1.375], "rotation": 180, "texture": "#0"},
				"east": {"uv": [7.875, 1.375, 8, 2], "texture": "#0"},
				"south": {"uv": [7.875, 1.375, 8, 2], "texture": "#0"},
				"west": {"uv": [7.875, 1.375, 8, 2], "texture": "#0"},
				"up": {"uv": [8, 1.375, 7.875, 1.5], "rotation": 180, "texture": "#0"},
				"down": {"uv": [7.875, 1.875, 8, 2], "texture": "#0"}
			}
		},
		{
			"name": "emerald_sacrificial_cleaver_9",
			"from": [8.25, 14.375, 7.8125],
			"to": [8.625, 14.5, 8.3125],
			"faces": {
				"north": {"uv": [8.25, 1.5, 8.625, 1.375], "rotation": 180, "texture": "#0"},
				"east": {"uv": [8.5, 1.375, 8.625, 1.5], "texture": "#0"},
				"south": {"uv": [8.25, 1.375, 8.625, 1.5], "texture": "#0"},
				"west": {"uv": [8.25, 1.375, 8.375, 1.5], "texture": "#0"},
				"up": {"uv": [8.625, 1.375, 8.25, 1.5], "rotation": 180, "texture": "#0"},
				"down": {"uv": [8.25, 1.375, 8.625, 1.5], "texture": "#0"}
			}
		},
		{
			"name": "emerald_sacrificial_cleaver_10",
			"from": [5.875, 4.75, 8],
			"to": [6, 14.875, 8.125],
			"faces": {
				"north": {"uv": [2.5, 11.625, 2.625, 1.5], "rotation": 180, "texture": "#0"},
				"east": {"uv": [2.5, 1.5, 2.625, 11.625], "texture": "#0"},
				"south": {"uv": [2.5, 1.5, 2.625, 11.625], "texture": "#0"},
				"west": {"uv": [2.5, 1.5, 2.625, 11.625], "texture": "#0"},
				"up": {"uv": [2.625, 1.5, 2.5, 1.625], "rotation": 180, "texture": "#0"},
				"down": {"uv": [2.5, 11.5, 2.625, 11.625], "texture": "#0"}
			}
		},
		{
			"name": "emerald_sacrificial_cleaver_11",
			"from": [6.75, 14.5, 8],
			"to": [6.875, 14.875, 8.125],
			"faces": {
				"north": {"uv": [3.375, 1.875, 3.5, 1.5], "rotation": 180, "texture": "#0"},
				"east": {"uv": [3.375, 1.5, 3.5, 1.875], "texture": "#0"},
				"south": {"uv": [3.375, 1.5, 3.5, 1.875], "texture": "#0"},
				"west": {"uv": [3.375, 1.5, 3.5, 1.875], "texture": "#0"},
				"up": {"uv": [3.5, 1.5, 3.375, 1.625], "rotation": 180, "texture": "#0"},
				"down": {"uv": [3.375, 1.75, 3.5, 1.875], "texture": "#0"}
			}
		},
		{
			"name": "emerald_sacrificial_cleaver_12",
			"from": [7.625, 13.75, 7.8125],
			"to": [7.875, 14.375, 8.3125],
			"faces": {
				"north": {"uv": [7.625, 2.125, 7.875, 1.5], "rotation": 180, "texture": "#0"},
				"east": {"uv": [7.75, 1.5, 7.875, 2.125], "texture": "#0"},
				"south": {"uv": [7.625, 1.5, 7.875, 2.125], "texture": "#0"},
				"west": {"uv": [7.625, 1.5, 7.75, 2.125], "texture": "#0"},
				"up": {"uv": [7.875, 1.5, 7.625, 1.625], "rotation": 180, "texture": "#0"},
				"down": {"uv": [7.625, 2, 7.875, 2.125], "texture": "#0"}
			}
		},
		{
			"name": "emerald_sacrificial_cleaver_13",
			"from": [8.25, 14.25, 7.8125],
			"to": [8.375, 14.375, 8.3125],
			"faces": {
				"north": {"uv": [8.25, 1.625, 8.375, 1.5], "rotation": 180, "texture": "#0"},
				"east": {"uv": [8.25, 1.5, 8.375, 1.625], "texture": "#0"},
				"south": {"uv": [8.25, 1.5, 8.375, 1.625], "texture": "#0"},
				"west": {"uv": [8.25, 1.5, 8.375, 1.625], "texture": "#0"},
				"up": {"uv": [8.375, 1.5, 8.25, 1.625], "rotation": 180, "texture": "#0"},
				"down": {"uv": [8.25, 1.5, 8.375, 1.625], "texture": "#0"}
			}
		},
		{
			"name": "emerald_sacrificial_cleaver_14",
			"from": [7.375, 13.875, 7.8125],
			"to": [7.625, 14.25, 8.3125],
			"faces": {
				"north": {"uv": [7.375, 2, 7.625, 1.625], "rotation": 180, "texture": "#0"},
				"east": {"uv": [7.5, 1.625, 7.625, 2], "texture": "#0"},
				"south": {"uv": [7.375, 1.625, 7.625, 2], "texture": "#0"},
				"west": {"uv": [7.375, 1.625, 7.5, 2], "texture": "#0"},
				"up": {"uv": [7.625, 1.625, 7.375, 1.75], "rotation": 180, "texture": "#0"},
				"down": {"uv": [7.375, 1.875, 7.625, 2], "texture": "#0"}
			}
		},
		{
			"name": "emerald_sacrificial_cleaver_15",
			"from": [6.875, 13.5, 7.9375],
			"to": [7, 14.625, 8.1875],
			"faces": {
				"north": {"uv": [4.625, 2.875, 4.75, 1.75], "rotation": 180, "texture": "#0"},
				"east": {"uv": [4.625, 1.75, 4.75, 2.875], "texture": "#0"},
				"south": {"uv": [4.625, 1.75, 4.75, 2.875], "texture": "#0"},
				"west": {"uv": [4.625, 1.75, 4.75, 2.875], "texture": "#0"},
				"up": {"uv": [4.75, 1.75, 4.625, 1.875], "rotation": 180, "texture": "#0"},
				"down": {"uv": [4.625, 2.75, 4.75, 2.875], "texture": "#0"}
			}
		},
		{
			"name": "emerald_sacrificial_cleaver_16",
			"from": [7, 5.25, 7.875],
			"to": [7.125, 14.625, 8.25],
			"faces": {
				"north": {"uv": [5.75, 11.125, 5.875, 1.75], "rotation": 180, "texture": "#0"},
				"east": {"uv": [5.75, 1.75, 5.875, 11.125], "texture": "#0"},
				"south": {"uv": [5.75, 1.75, 5.875, 11.125], "texture": "#0"},
				"west": {"uv": [5.75, 1.75, 5.875, 11.125], "texture": "#0"},
				"up": {"uv": [5.875, 1.75, 5.75, 1.875], "rotation": 180, "texture": "#0"},
				"down": {"uv": [5.75, 11, 5.875, 11.125], "texture": "#0"}
			}
		},
		{
			"name": "emerald_sacrificial_cleaver_17",
			"from": [5.75, 5.125, 8],
			"to": [5.875, 14.5, 8.125],
			"faces": {
				"north": {"uv": [2.375, 11.25, 2.5, 1.875], "rotation": 180, "texture": "#0"},
				"east": {"uv": [2.375, 1.875, 2.5, 11.25], "texture": "#0"},
				"south": {"uv": [2.375, 1.875, 2.5, 11.25], "texture": "#0"},
				"west": {"uv": [2.375, 1.875, 2.5, 11.25], "texture": "#0"},
				"up": {"uv": [2.5, 1.875, 2.375, 2], "rotation": 180, "texture": "#0"},
				"down": {"uv": [2.375, 11.125, 2.5, 11.25], "texture": "#0"}
			}
		},
		{
			"name": "emerald_sacrificial_cleaver_18",
			"from": [6.375, 14.375, 8],
			"to": [6.5, 14.5, 8.125],
			"faces": {
				"north": {"uv": [3, 2, 3.125, 1.875], "rotation": 180, "texture": "#0"},
				"east": {"uv": [3, 1.875, 3.125, 2], "texture": "#0"},
				"south": {"uv": [3, 1.875, 3.125, 2], "texture": "#0"},
				"west": {"uv": [3, 1.875, 3.125, 2], "texture": "#0"},
				"up": {"uv": [3.125, 1.875, 3, 2], "rotation": 180, "texture": "#0"},
				"down": {"uv": [3, 1.875, 3.125, 2], "texture": "#0"}
			}
		},
		{
			"name": "emerald_sacrificial_cleaver_19",
			"from": [6.5, 12, 7.9375],
			"to": [6.875, 14.5, 8.1875],
			"faces": {
				"north": {"uv": [4.25, 4.375, 4.625, 1.875], "rotation": 180, "texture": "#0"},
				"east": {"uv": [4.5, 1.875, 4.625, 4.375], "texture": "#0"},
				"south": {"uv": [4.25, 1.875, 4.625, 4.375], "texture": "#0"},
				"west": {"uv": [4.25, 1.875, 4.375, 4.375], "texture": "#0"},
				"up": {"uv": [4.625, 1.875, 4.25, 2], "rotation": 180, "texture": "#0"},
				"down": {"uv": [4.25, 4.25, 4.625, 4.375], "texture": "#0"}
			}
		},
		{
			"name": "emerald_sacrificial_cleaver_20",
			"from": [7.125, 14.25, 7.875],
			"to": [7.625, 14.5, 8.25],
			"faces": {
				"north": {"uv": [5.875, 2.125, 6.375, 1.875], "rotation": 180, "texture": "#0"},
				"east": {"uv": [6.25, 1.875, 6.375, 2.125], "texture": "#0"},
				"south": {"uv": [5.875, 1.875, 6.375, 2.125], "texture": "#0"},
				"west": {"uv": [5.875, 1.875, 6, 2.125], "texture": "#0"},
				"up": {"uv": [6.375, 1.875, 5.875, 2], "rotation": 180, "texture": "#0"},
				"down": {"uv": [5.875, 2, 6.375, 2.125], "texture": "#0"}
			}
		},
		{
			"name": "emerald_sacrificial_cleaver_21",
			"from": [7.625, 14.375, 7.875],
			"to": [7.875, 14.5, 8.25],
			"faces": {
				"north": {"uv": [6.375, 2, 6.625, 1.875], "rotation": 180, "texture": "#0"},
				"east": {"uv": [6.5, 1.875, 6.625, 2], "texture": "#0"},
				"south": {"uv": [6.375, 1.875, 6.625, 2], "texture": "#0"},
				"west": {"uv": [6.375, 1.875, 6.5, 2], "texture": "#0"},
				"up": {"uv": [6.625, 1.875, 6.375, 2], "rotation": 180, "texture": "#0"},
				"down": {"uv": [6.375, 1.875, 6.625, 2], "texture": "#0"}
			}
		},
		{
			"name": "emerald_sacrificial_cleaver_22",
			"from": [6.375, 4.75, 7.9375],
			"to": [6.5, 14.375, 8.1875],
			"faces": {
				"north": {"uv": [4.125, 11.625, 4.25, 2], "rotation": 180, "texture": "#0"},
				"east": {"uv": [4.125, 2, 4.25, 11.625], "texture": "#0"},
				"south": {"uv": [4.125, 2, 4.25, 11.625], "texture": "#0"},
				"west": {"uv": [4.125, 2, 4.25, 11.625], "texture": "#0"},
				"up": {"uv": [4.25, 2, 4.125, 2.125], "rotation": 180, "texture": "#0"},
				"down": {"uv": [4.125, 11.5, 4.25, 11.625], "texture": "#0"}
			}
		},
		{
			"name": "emerald_sacrificial_cleaver_23",
			"from": [7.5, 13.75, 7.8125],
			"to": [7.625, 13.875, 8.3125],
			"faces": {
				"north": {"uv": [7.5, 2.125, 7.625, 2], "rotation": 180, "texture": "#0"},
				"east": {"uv": [7.5, 2, 7.625, 2.125], "texture": "#0"},
				"south": {"uv": [7.5, 2, 7.625, 2.125], "texture": "#0"},
				"west": {"uv": [7.5, 2, 7.625, 2.125], "texture": "#0"},
				"up": {"uv": [7.625, 2, 7.5, 2.125], "rotation": 180, "texture": "#0"},
				"down": {"uv": [7.5, 2, 7.625, 2.125], "texture": "#0"}
			}
		},
		{
			"name": "emerald_sacrificial_cleaver_24",
			"from": [8.375, 13.625, 7.75],
			"to": [8.5, 14.375, 8.375],
			"faces": {
				"north": {"uv": [8.375, 2.75, 8.5, 2], "rotation": 180, "texture": "#0"},
				"east": {"uv": [8.375, 2, 8.5, 2.75], "texture": "#0"},
				"south": {"uv": [8.375, 2, 8.5, 2.75], "texture": "#0"},
				"west": {"uv": [8.375, 2, 8.5, 2.75], "texture": "#0"},
				"up": {"uv": [8.5, 2, 8.375, 2.125], "rotation": 180, "texture": "#0"},
				"down": {"uv": [8.375, 2.625, 8.5, 2.75], "texture": "#0"}
			}
		},
		{
			"name": "emerald_sacrificial_cleaver_25",
			"from": [7.125, 12.125, 7.875],
			"to": [7.375, 14.25, 8.25],
			"faces": {
				"north": {"uv": [5.875, 4.25, 6.125, 2.125], "rotation": 180, "texture": "#0"},
				"east": {"uv": [6, 2.125, 6.125, 4.25], "texture": "#0"},
				"south": {"uv": [5.875, 2.125, 6.125, 4.25], "texture": "#0"},
				"west": {"uv": [5.875, 2.125, 6, 4.25], "texture": "#0"},
				"up": {"uv": [6.125, 2.125, 5.875, 2.25], "rotation": 180, "texture": "#0"},
				"down": {"uv": [5.875, 4.125, 6.125, 4.25], "texture": "#0"}
			}
		},
		{
			"name": "emerald_sacrificial_cleaver_26",
			"from": [7.625, 13.625, 7.8125],
			"to": [7.75, 13.75, 8.3125],
			"faces": {
				"north": {"uv": [7.625, 2.25, 7.75, 2.125], "rotation": 180, "texture": "#0"},
				"east": {"uv": [7.625, 2.125, 7.75, 2.25], "texture": "#0"},
				"south": {"uv": [7.625, 2.125, 7.75, 2.25], "texture": "#0"},
				"west": {"uv": [7.625, 2.125, 7.75, 2.25], "texture": "#0"},
				"up": {"uv": [7.75, 2.125, 7.625, 2.25], "rotation": 180, "texture": "#0"},
				"down": {"uv": [7.625, 2.125, 7.75, 2.25], "texture": "#0"}
			}
		},
		{
			"name": "emerald_sacrificial_cleaver_27",
			"from": [8.25, 13.625, 7.75],
			"to": [8.375, 14.25, 8.375],
			"faces": {
				"north": {"uv": [8.25, 2.75, 8.375, 2.125], "rotation": 180, "texture": "#0"},
				"east": {"uv": [8.25, 2.125, 8.375, 2.75], "texture": "#0"},
				"south": {"uv": [8.25, 2.125, 8.375, 2.75], "texture": "#0"},
				"west": {"uv": [8.25, 2.125, 8.375, 2.75], "texture": "#0"},
				"up": {"uv": [8.375, 2.125, 8.25, 2.25], "rotation": 180, "texture": "#0"},
				"down": {"uv": [8.25, 2.625, 8.375, 2.75], "texture": "#0"}
			}
		},
		{
			"name": "emerald_sacrificial_cleaver_28",
			"from": [8.125, 13.625, 7.75],
			"to": [8.25, 14.125, 8.375],
			"faces": {
				"north": {"uv": [8.125, 2.75, 8.25, 2.25], "rotation": 180, "texture": "#0"},
				"east": {"uv": [8.125, 2.25, 8.25, 2.75], "texture": "#0"},
				"south": {"uv": [8.125, 2.25, 8.25, 2.75], "texture": "#0"},
				"west": {"uv": [8.125, 2.25, 8.25, 2.75], "texture": "#0"},
				"up": {"uv": [8.25, 2.25, 8.125, 2.375], "rotation": 180, "texture": "#0"},
				"down": {"uv": [8.125, 2.625, 8.25, 2.75], "texture": "#0"}
			}
		},
		{
			"name": "emerald_sacrificial_cleaver_29",
			"from": [8.5, 13.75, 7.75],
			"to": [8.625, 14.125, 8.375],
			"faces": {
				"north": {"uv": [8.5, 2.625, 8.625, 2.25], "rotation": 180, "texture": "#0"},
				"east": {"uv": [8.5, 2.25, 8.625, 2.625], "texture": "#0"},
				"south": {"uv": [8.5, 2.25, 8.625, 2.625], "texture": "#0"},
				"west": {"uv": [8.5, 2.25, 8.625, 2.625], "texture": "#0"},
				"up": {"uv": [8.625, 2.25, 8.5, 2.375], "rotation": 180, "texture": "#0"},
				"down": {"uv": [8.5, 2.5, 8.625, 2.625], "texture": "#0"}
			}
		},
		{
			"name": "emerald_sacrificial_cleaver_30",
			"from": [8, 13.5, 7.75],
			"to": [8.125, 14, 8.375],
			"faces": {
				"north": {"uv": [8, 2.875, 8.125, 2.375], "rotation": 180, "texture": "#0"},
				"east": {"uv": [8, 2.375, 8.125, 2.875], "texture": "#0"},
				"south": {"uv": [8, 2.375, 8.125, 2.875], "texture": "#0"},
				"west": {"uv": [8, 2.375, 8.125, 2.875], "texture": "#0"},
				"up": {"uv": [8.125, 2.375, 8, 2.5], "rotation": 180, "texture": "#0"},
				"down": {"uv": [8, 2.75, 8.125, 2.875], "texture": "#0"}
			}
		},
		{
			"name": "emerald_sacrificial_cleaver_31",
			"from": [8.625, 13.75, 7.75],
			"to": [8.75, 14, 8.375],
			"faces": {
				"north": {"uv": [8.625, 2.625, 8.75, 2.375], "rotation": 180, "texture": "#0"},
				"east": {"uv": [8.625, 2.375, 8.75, 2.625], "texture": "#0"},
				"south": {"uv": [8.625, 2.375, 8.75, 2.625], "texture": "#0"},
				"west": {"uv": [8.625, 2.375, 8.75, 2.625], "texture": "#0"},
				"up": {"uv": [8.75, 2.375, 8.625, 2.5], "rotation": 180, "texture": "#0"},
				"down": {"uv": [8.625, 2.5, 8.75, 2.625], "texture": "#0"}
			}
		},
		{
			"name": "emerald_sacrificial_cleaver_32",
			"from": [5.625, 5.75, 8],
			"to": [5.75, 13.875, 8.125],
			"faces": {
				"north": {"uv": [2.25, 10.625, 2.375, 2.5], "rotation": 180, "texture": "#0"},
				"east": {"uv": [2.25, 2.5, 2.375, 10.625], "texture": "#0"},
				"south": {"uv": [2.25, 2.5, 2.375, 10.625], "texture": "#0"},
				"west": {"uv": [2.25, 2.5, 2.375, 10.625], "texture": "#0"},
				"up": {"uv": [2.375, 2.5, 2.25, 2.625], "rotation": 180, "texture": "#0"},
				"down": {"uv": [2.25, 10.5, 2.375, 10.625], "texture": "#0"}
			}
		},
		{
			"name": "emerald_sacrificial_cleaver_33",
			"from": [7.375, 13.375, 7.875],
			"to": [7.5, 13.875, 8.25],
			"faces": {
				"north": {"uv": [6.125, 3, 6.25, 2.5], "rotation": 180, "texture": "#0"},
				"east": {"uv": [6.125, 2.5, 6.25, 3], "texture": "#0"},
				"south": {"uv": [6.125, 2.5, 6.25, 3], "texture": "#0"},
				"west": {"uv": [6.125, 2.5, 6.25, 3], "texture": "#0"},
				"up": {"uv": [6.25, 2.5, 6.125, 2.625], "rotation": 180, "texture": "#0"},
				"down": {"uv": [6.125, 2.875, 6.25, 3], "texture": "#0"}
			}
		},
		{
			"name": "emerald_sacrificial_cleaver_34",
			"from": [7.875, 13.375, 7.75],
			"to": [8, 13.875, 8.375],
			"faces": {
				"north": {"uv": [7.875, 3, 8, 2.5], "rotation": 180, "texture": "#0"},
				"east": {"uv": [7.875, 2.5, 8, 3], "texture": "#0"},
				"south": {"uv": [7.875, 2.5, 8, 3], "texture": "#0"},
				"west": {"uv": [7.875, 2.5, 8, 3], "texture": "#0"},
				"up": {"uv": [8, 2.5, 7.875, 2.625], "rotation": 180, "texture": "#0"},
				"down": {"uv": [7.875, 2.875, 8, 3], "texture": "#0"}
			}
		},
		{
			"name": "emerald_sacrificial_cleaver_35",
			"from": [6.25, 5.125, 7.9375],
			"to": [6.375, 13.75, 8.1875],
			"faces": {
				"north": {"uv": [4, 11.25, 4.125, 2.625], "rotation": 180, "texture": "#0"},
				"east": {"uv": [4, 2.625, 4.125, 11.25], "texture": "#0"},
				"south": {"uv": [4, 2.625, 4.125, 11.25], "texture": "#0"},
				"west": {"uv": [4, 2.625, 4.125, 11.25], "texture": "#0"},
				"up": {"uv": [4.125, 2.625, 4, 2.75], "rotation": 180, "texture": "#0"},
				"down": {"uv": [4, 11.125, 4.125, 11.25], "texture": "#0"}
			}
		},
		{
			"name": "emerald_sacrificial_cleaver_36",
			"from": [7.5, 13.5, 7.875],
			"to": [7.625, 13.75, 8.25],
			"faces": {
				"north": {"uv": [6.25, 2.875, 6.375, 2.625], "rotation": 180, "texture": "#0"},
				"east": {"uv": [6.25, 2.625, 6.375, 2.875], "texture": "#0"},
				"south": {"uv": [6.25, 2.625, 6.375, 2.875], "texture": "#0"},
				"west": {"uv": [6.25, 2.625, 6.375, 2.875], "texture": "#0"},
				"up": {"uv": [6.375, 2.625, 6.25, 2.75], "rotation": 180, "texture": "#0"},
				"down": {"uv": [6.25, 2.75, 6.375, 2.875], "texture": "#0"}
			}
		},
		{
			"name": "emerald_sacrificial_cleaver_37",
			"from": [7.75, 13.25, 7.75],
			"to": [7.875, 13.75, 8.375],
			"faces": {
				"north": {"uv": [7.75, 3.125, 7.875, 2.625], "rotation": 180, "texture": "#0"},
				"east": {"uv": [7.75, 2.625, 7.875, 3.125], "texture": "#0"},
				"south": {"uv": [7.75, 2.625, 7.875, 3.125], "texture": "#0"},
				"west": {"uv": [7.75, 2.625, 7.875, 3.125], "texture": "#0"},
				"up": {"uv": [7.875, 2.625, 7.75, 2.75], "rotation": 180, "texture": "#0"},
				"down": {"uv": [7.75, 3, 7.875, 3.125], "texture": "#0"}
			}
		},
		{
			"name": "emerald_sacrificial_cleaver_38",
			"from": [7.625, 13.125, 7.75],
			"to": [7.75, 13.625, 8.375],
			"faces": {
				"north": {"uv": [7.625, 3.25, 7.75, 2.75], "rotation": 180, "texture": "#0"},
				"east": {"uv": [7.625, 2.75, 7.75, 3.25], "texture": "#0"},
				"south": {"uv": [7.625, 2.75, 7.75, 3.25], "texture": "#0"},
				"west": {"uv": [7.625, 2.75, 7.75, 3.25], "texture": "#0"},
				"up": {"uv": [7.75, 2.75, 7.625, 2.875], "rotation": 180, "texture": "#0"},
				"down": {"uv": [7.625, 3.125, 7.75, 3.25], "texture": "#0"}
			}
		},
		{
			"name": "emerald_sacrificial_cleaver_39",
			"from": [8.125, 11.25, 7.875],
			"to": [8.5, 13.625, 8.25],
			"faces": {
				"north": {"uv": [9.625, 5.125, 10, 2.75], "rotation": 180, "texture": "#0"},
				"east": {"uv": [9.875, 2.75, 10, 5.125], "texture": "#0"},
				"south": {"uv": [9.625, 2.75, 10, 5.125], "texture": "#0"},
				"west": {"uv": [9.625, 2.75, 9.75, 5.125], "texture": "#0"},
				"up": {"uv": [10, 2.75, 9.625, 2.875], "rotation": 180, "texture": "#0"},
				"down": {"uv": [9.625, 5, 10, 5.125], "texture": "#0"}
			}
		},
		{
			"name": "emerald_sacrificial_cleaver_40",
			"from": [6.875, 5.5, 7.875],
			"to": [7, 13.5, 8.25],
			"faces": {
				"north": {"uv": [5.625, 10.875, 5.75, 2.875], "rotation": 180, "texture": "#0"},
				"east": {"uv": [5.625, 2.875, 5.75, 10.875], "texture": "#0"},
				"south": {"uv": [5.625, 2.875, 5.75, 10.875], "texture": "#0"},
				"west": {"uv": [5.625, 2.875, 5.75, 10.875], "texture": "#0"},
				"up": {"uv": [5.75, 2.875, 5.625, 3], "rotation": 180, "texture": "#0"},
				"down": {"uv": [5.625, 10.75, 5.75, 10.875], "texture": "#0"}
			}
		},
		{
			"name": "emerald_sacrificial_cleaver_41",
			"from": [7.5, 13.125, 7.75],
			"to": [7.625, 13.5, 8.375],
			"faces": {
				"north": {"uv": [7.5, 3.25, 7.625, 2.875], "rotation": 180, "texture": "#0"},
				"east": {"uv": [7.5, 2.875, 7.625, 3.25], "texture": "#0"},
				"south": {"uv": [7.5, 2.875, 7.625, 3.25], "texture": "#0"},
				"west": {"uv": [7.5, 2.875, 7.625, 3.25], "texture": "#0"},
				"up": {"uv": [7.625, 2.875, 7.5, 3], "rotation": 180, "texture": "#0"},
				"down": {"uv": [7.5, 3.125, 7.625, 3.25], "texture": "#0"}
			}
		},
		{
			"name": "emerald_sacrificial_cleaver_42",
			"from": [7.375, 13, 7.75],
			"to": [7.5, 13.375, 8.375],
			"faces": {
				"north": {"uv": [7.375, 3.375, 7.5, 3], "rotation": 180, "texture": "#0"},
				"east": {"uv": [7.375, 3, 7.5, 3.375], "texture": "#0"},
				"south": {"uv": [7.375, 3, 7.5, 3.375], "texture": "#0"},
				"west": {"uv": [7.375, 3, 7.5, 3.375], "texture": "#0"},
				"up": {"uv": [7.5, 3, 7.375, 3.125], "rotation": 180, "texture": "#0"},
				"down": {"uv": [7.375, 3.25, 7.5, 3.375], "texture": "#0"}
			}
		},
		{
			"name": "emerald_sacrificial_cleaver_43",
			"from": [7.5, 12.875, 7.875],
			"to": [7.625, 13.125, 8.25],
			"faces": {
				"north": {"uv": [6.25, 3.5, 6.375, 3.25], "rotation": 180, "texture": "#0"},
				"east": {"uv": [6.25, 3.25, 6.375, 3.5], "texture": "#0"},
				"south": {"uv": [6.25, 3.25, 6.375, 3.5], "texture": "#0"},
				"west": {"uv": [6.25, 3.25, 6.375, 3.5], "texture": "#0"},
				"up": {"uv": [6.375, 3.25, 6.25, 3.375], "rotation": 180, "texture": "#0"},
				"down": {"uv": [6.25, 3.375, 6.375, 3.5], "texture": "#0"}
			}
		},
		{
			"name": "emerald_sacrificial_cleaver_44",
			"from": [5.5, 6.625, 8],
			"to": [5.625, 13, 8.125],
			"faces": {
				"north": {"uv": [2.125, 9.75, 2.25, 3.375], "rotation": 180, "texture": "#0"},
				"east": {"uv": [2.125, 3.375, 2.25, 9.75], "texture": "#0"},
				"south": {"uv": [2.125, 3.375, 2.25, 9.75], "texture": "#0"},
				"west": {"uv": [2.125, 3.375, 2.25, 9.75], "texture": "#0"},
				"up": {"uv": [2.25, 3.375, 2.125, 3.5], "rotation": 180, "texture": "#0"},
				"down": {"uv": [2.125, 9.625, 2.25, 9.75], "texture": "#0"}
			}
		},
		{
			"name": "emerald_sacrificial_cleaver_45",
			"from": [7.375, 12.5, 7.875],
			"to": [7.5, 13, 8.25],
			"faces": {
				"north": {"uv": [6.125, 3.875, 6.25, 3.375], "rotation": 180, "texture": "#0"},
				"east": {"uv": [6.125, 3.375, 6.25, 3.875], "texture": "#0"},
				"south": {"uv": [6.125, 3.375, 6.25, 3.875], "texture": "#0"},
				"west": {"uv": [6.125, 3.375, 6.25, 3.875], "texture": "#0"},
				"up": {"uv": [6.25, 3.375, 6.125, 3.5], "rotation": 180, "texture": "#0"},
				"down": {"uv": [6.125, 3.75, 6.25, 3.875], "texture": "#0"}
			}
		},
		{
			"name": "emerald_sacrificial_cleaver_46",
			"from": [6.125, 7, 7.9375],
			"to": [6.25, 12.5, 8.1875],
			"faces": {
				"north": {"uv": [3.875, 9.375, 4, 3.875], "rotation": 180, "texture": "#0"},
				"east": {"uv": [3.875, 3.875, 4, 9.375], "texture": "#0"},
				"south": {"uv": [3.875, 3.875, 4, 9.375], "texture": "#0"},
				"west": {"uv": [3.875, 3.875, 4, 9.375], "texture": "#0"},
				"up": {"uv": [4, 3.875, 3.875, 4], "rotation": 180, "texture": "#0"},
				"down": {"uv": [3.875, 9.25, 4, 9.375], "texture": "#0"}
			}
		},
		{
			"name": "emerald_sacrificial_cleaver_47",
			"from": [7.125, 11.5, 7.875],
			"to": [7.25, 12.125, 8.25],
			"faces": {
				"north": {"uv": [5.875, 4.875, 6, 4.25], "rotation": 180, "texture": "#0"},
				"east": {"uv": [5.875, 4.25, 6, 4.875], "texture": "#0"},
				"south": {"uv": [5.875, 4.25, 6, 4.875], "texture": "#0"},
				"west": {"uv": [5.875, 4.25, 6, 4.875], "texture": "#0"},
				"up": {"uv": [6, 4.25, 5.875, 4.375], "rotation": 180, "texture": "#0"},
				"down": {"uv": [5.875, 4.75, 6, 4.875], "texture": "#0"}
			}
		},
		{
			"name": "emerald_sacrificial_cleaver_48",
			"from": [5.375, 7.625, 8],
			"to": [5.5, 12, 8.125],
			"faces": {
				"north": {"uv": [2, 8.75, 2.125, 4.375], "rotation": 180, "texture": "#0"},
				"east": {"uv": [2, 4.375, 2.125, 8.75], "texture": "#0"},
				"south": {"uv": [2, 4.375, 2.125, 8.75], "texture": "#0"},
				"west": {"uv": [2, 4.375, 2.125, 8.75], "texture": "#0"},
				"up": {"uv": [2.125, 4.375, 2, 4.5], "rotation": 180, "texture": "#0"},
				"down": {"uv": [2, 8.625, 2.125, 8.75], "texture": "#0"}
			}
		},
		{
			"name": "emerald_sacrificial_cleaver_49",
			"from": [6.5, 10.875, 7.9375],
			"to": [6.75, 12, 8.1875],
			"faces": {
				"north": {"uv": [4.25, 5.5, 4.5, 4.375], "rotation": 180, "texture": "#0"},
				"east": {"uv": [4.375, 4.375, 4.5, 5.5], "texture": "#0"},
				"south": {"uv": [4.25, 4.375, 4.5, 5.5], "texture": "#0"},
				"west": {"uv": [4.25, 4.375, 4.375, 5.5], "texture": "#0"},
				"up": {"uv": [4.5, 4.375, 4.25, 4.5], "rotation": 180, "texture": "#0"},
				"down": {"uv": [4.25, 5.375, 4.5, 5.5], "texture": "#0"}
			}
		},
		{
			"name": "emerald_sacrificial_cleaver_50",
			"from": [6.75, 7.625, 7.875],
			"to": [6.875, 12, 8.25],
			"faces": {
				"north": {"uv": [5.5, 8.75, 5.625, 4.375], "rotation": 180, "texture": "#0"},
				"east": {"uv": [5.5, 4.375, 5.625, 8.75], "texture": "#0"},
				"south": {"uv": [5.5, 4.375, 5.625, 8.75], "texture": "#0"},
				"west": {"uv": [5.5, 4.375, 5.625, 8.75], "texture": "#0"},
				"up": {"uv": [5.625, 4.375, 5.5, 4.5], "rotation": 180, "texture": "#0"},
				"down": {"uv": [5.5, 8.625, 5.625, 8.75], "texture": "#0"}
			}
		},
		{
			"name": "emerald_sacrificial_cleaver_51",
			"from": [6, 8.25, 7.9375],
			"to": [6.125, 11.375, 8.1875],
			"faces": {
				"north": {"uv": [3.75, 8.125, 3.875, 5], "rotation": 180, "texture": "#0"},
				"east": {"uv": [3.75, 5, 3.875, 8.125], "texture": "#0"},
				"south": {"uv": [3.75, 5, 3.875, 8.125], "texture": "#0"},
				"west": {"uv": [3.75, 5, 3.875, 8.125], "texture": "#0"},
				"up": {"uv": [3.875, 5, 3.75, 5.125], "rotation": 180, "texture": "#0"},
				"down": {"uv": [3.75, 8, 3.875, 8.125], "texture": "#0"}
			}
		},
		{
			"name": "emerald_sacrificial_cleaver_52",
			"from": [6.5, 4.625, 7.9375],
			"to": [6.625, 10.875, 8.1875],
			"faces": {
				"north": {"uv": [4.25, 11.75, 4.375, 5.5], "rotation": 180, "texture": "#0"},
				"east": {"uv": [4.25, 5.5, 4.375, 11.75], "texture": "#0"},
				"south": {"uv": [4.25, 5.5, 4.375, 11.75], "texture": "#0"},
				"west": {"uv": [4.25, 5.5, 4.375, 11.75], "texture": "#0"},
				"up": {"uv": [4.375, 5.5, 4.25, 5.625], "rotation": 180, "texture": "#0"},
				"down": {"uv": [4.25, 11.625, 4.375, 11.75], "texture": "#0"}
			}
		},
		{
			"name": "emerald_sacrificial_cleaver_53",
			"from": [6.625, 8.875, 7.875],
			"to": [6.75, 10.875, 8.25],
			"faces": {
				"north": {"uv": [5.375, 7.5, 5.5, 5.5], "rotation": 180, "texture": "#0"},
				"east": {"uv": [5.375, 5.5, 5.5, 7.5], "texture": "#0"},
				"south": {"uv": [5.375, 5.5, 5.5, 7.5], "texture": "#0"},
				"west": {"uv": [5.375, 5.5, 5.5, 7.5], "texture": "#0"},
				"up": {"uv": [5.5, 5.5, 5.375, 5.625], "rotation": 180, "texture": "#0"},
				"down": {"uv": [5.375, 7.375, 5.5, 7.5], "texture": "#0"}
			}
		},
		{
			"name": "emerald_sacrificial_cleaver_54",
			"from": [7.125, 5.125, 7.875],
			"to": [7.25, 9.625, 8.25],
			"faces": {
				"north": {"uv": [5.875, 11.25, 6, 6.75], "rotation": 180, "texture": "#0"},
				"east": {"uv": [5.875, 6.75, 6, 11.25], "texture": "#0"},
				"south": {"uv": [5.875, 6.75, 6, 11.25], "texture": "#0"},
				"west": {"uv": [5.875, 6.75, 6, 11.25], "texture": "#0"},
				"up": {"uv": [6, 6.75, 5.875, 6.875], "rotation": 180, "texture": "#0"},
				"down": {"uv": [5.875, 11.125, 6, 11.25], "texture": "#0"}
			}
		},
		{
			"name": "emerald_sacrificial_cleaver_55",
			"from": [7.25, 5.125, 7.875],
			"to": [7.375, 9, 8.25],
			"faces": {
				"north": {"uv": [6, 11.25, 6.125, 7.375], "rotation": 180, "texture": "#0"},
				"east": {"uv": [6, 7.375, 6.125, 11.25], "texture": "#0"},
				"south": {"uv": [6, 7.375, 6.125, 11.25], "texture": "#0"},
				"west": {"uv": [6, 7.375, 6.125, 11.25], "texture": "#0"},
				"up": {"uv": [6.125, 7.375, 6, 7.5], "rotation": 180, "texture": "#0"},
				"down": {"uv": [6, 11.125, 6.125, 11.25], "texture": "#0"}
			}
		},
		{
			"name": "emerald_sacrificial_cleaver_56",
			"from": [6.625, 4.5, 7.9375],
			"to": [6.75, 8.875, 8.1875],
			"faces": {
				"north": {"uv": [4.375, 11.875, 4.5, 7.5], "rotation": 180, "texture": "#0"},
				"east": {"uv": [4.375, 7.5, 4.5, 11.875], "texture": "#0"},
				"south": {"uv": [4.375, 7.5, 4.5, 11.875], "texture": "#0"},
				"west": {"uv": [4.375, 7.5, 4.5, 11.875], "texture": "#0"},
				"up": {"uv": [4.5, 7.5, 4.375, 7.625], "rotation": 180, "texture": "#0"},
				"down": {"uv": [4.375, 11.75, 4.5, 11.875], "texture": "#0"}
			}
		},
		{
			"name": "emerald_sacrificial_cleaver_57",
			"from": [7.375, 7.625, 7.75],
			"to": [7.625, 8.625, 8.375],
			"faces": {
				"north": {"uv": [7.375, 8.75, 7.625, 7.75], "rotation": 180, "texture": "#0"},
				"east": {"uv": [7.5, 7.75, 7.625, 8.75], "texture": "#0"},
				"south": {"uv": [7.375, 7.75, 7.625, 8.75], "texture": "#0"},
				"west": {"uv": [7.375, 7.75, 7.5, 8.75], "texture": "#0"},
				"up": {"uv": [7.625, 7.75, 7.375, 7.875], "rotation": 180, "texture": "#0"},
				"down": {"uv": [7.375, 8.625, 7.625, 8.75], "texture": "#0"}
			}
		},
		{
			"name": "emerald_sacrificial_cleaver_58",
			"from": [6, 4.5, 8],
			"to": [6.125, 8.25, 8.125],
			"faces": {
				"north": {"uv": [2.625, 11.875, 2.75, 8.125], "rotation": 180, "texture": "#0"},
				"east": {"uv": [2.625, 8.125, 2.75, 11.875], "texture": "#0"},
				"south": {"uv": [2.625, 8.125, 2.75, 11.875], "texture": "#0"},
				"west": {"uv": [2.625, 8.125, 2.75, 11.875], "texture": "#0"},
				"up": {"uv": [2.75, 8.125, 2.625, 8.25], "rotation": 180, "texture": "#0"},
				"down": {"uv": [2.625, 11.75, 2.75, 11.875], "texture": "#0"}
			}
		},
		{
			"name": "emerald_sacrificial_cleaver_59",
			"from": [7.625, 7.375, 7.75],
			"to": [7.75, 8.25, 8.375],
			"faces": {
				"north": {"uv": [7.625, 9, 7.75, 8.125], "rotation": 180, "texture": "#0"},
				"east": {"uv": [7.625, 8.125, 7.75, 9], "texture": "#0"},
				"south": {"uv": [7.625, 8.125, 7.75, 9], "texture": "#0"},
				"west": {"uv": [7.625, 8.125, 7.75, 9], "texture": "#0"},
				"up": {"uv": [7.75, 8.125, 7.625, 8.25], "rotation": 180, "texture": "#0"},
				"down": {"uv": [7.625, 8.875, 7.75, 9], "texture": "#0"}
			}
		},
		{
			"name": "emerald_sacrificial_cleaver_60",
			"from": [7.75, 6.625, 7.75],
			"to": [7.875, 8, 8.375],
			"faces": {
				"north": {"uv": [7.75, 9.75, 7.875, 8.375], "rotation": 180, "texture": "#0"},
				"east": {"uv": [7.75, 8.375, 7.875, 9.75], "texture": "#0"},
				"south": {"uv": [7.75, 8.375, 7.875, 9.75], "texture": "#0"},
				"west": {"uv": [7.75, 8.375, 7.875, 9.75], "texture": "#0"},
				"up": {"uv": [7.875, 8.375, 7.75, 8.5], "rotation": 180, "texture": "#0"},
				"down": {"uv": [7.75, 9.625, 7.875, 9.75], "texture": "#0"}
			}
		},
		{
			"name": "emerald_sacrificial_cleaver_61",
			"from": [7.875, 6.5, 7.75],
			"to": [8, 7.75, 8.375],
			"faces": {
				"north": {"uv": [7.875, 9.875, 8, 8.625], "rotation": 180, "texture": "#0"},
				"east": {"uv": [7.875, 8.625, 8, 9.875], "texture": "#0"},
				"south": {"uv": [7.875, 8.625, 8, 9.875], "texture": "#0"},
				"west": {"uv": [7.875, 8.625, 8, 9.875], "texture": "#0"},
				"up": {"uv": [8, 8.625, 7.875, 8.75], "rotation": 180, "texture": "#0"},
				"down": {"uv": [7.875, 9.75, 8, 9.875], "texture": "#0"}
			}
		},
		{
			"name": "emerald_sacrificial_cleaver_62",
			"from": [6.75, 4.75, 7.9375],
			"to": [6.875, 7.625, 8.1875],
			"faces": {
				"north": {"uv": [4.5, 11.625, 4.625, 8.75], "rotation": 180, "texture": "#0"},
				"east": {"uv": [4.5, 8.75, 4.625, 11.625], "texture": "#0"},
				"south": {"uv": [4.5, 8.75, 4.625, 11.625], "texture": "#0"},
				"west": {"uv": [4.5, 8.75, 4.625, 11.625], "texture": "#0"},
				"up": {"uv": [4.625, 8.75, 4.5, 8.875], "rotation": 180, "texture": "#0"},
				"down": {"uv": [4.5, 11.5, 4.625, 11.625], "texture": "#0"}
			}
		},
		{
			"name": "emerald_sacrificial_cleaver_63",
			"from": [7.375, 6.25, 7.875],
			"to": [7.5, 7.625, 8.25],
			"faces": {
				"north": {"uv": [6.125, 10.125, 6.25, 8.75], "rotation": 180, "texture": "#0"},
				"east": {"uv": [6.125, 8.75, 6.25, 10.125], "texture": "#0"},
				"south": {"uv": [6.125, 8.75, 6.25, 10.125], "texture": "#0"},
				"west": {"uv": [6.125, 8.75, 6.25, 10.125], "texture": "#0"},
				"up": {"uv": [6.25, 8.75, 6.125, 8.875], "rotation": 180, "texture": "#0"},
				"down": {"uv": [6.125, 10, 6.25, 10.125], "texture": "#0"}
			}
		},
		{
			"name": "emerald_sacrificial_cleaver_64",
			"from": [7.5, 7.5, 7.75],
			"to": [7.625, 7.625, 8.375],
			"faces": {
				"north": {"uv": [7.5, 8.875, 7.625, 8.75], "rotation": 180, "texture": "#0"},
				"east": {"uv": [7.5, 8.75, 7.625, 8.875], "texture": "#0"},
				"south": {"uv": [7.5, 8.75, 7.625, 8.875], "texture": "#0"},
				"west": {"uv": [7.5, 8.75, 7.625, 8.875], "texture": "#0"},
				"up": {"uv": [7.625, 8.75, 7.5, 8.875], "rotation": 180, "texture": "#0"},
				"down": {"uv": [7.5, 8.75, 7.625, 8.875], "texture": "#0"}
			}
		},
		{
			"name": "emerald_sacrificial_cleaver_65",
			"from": [8, 6.375, 7.75],
			"to": [8.125, 7.625, 8.375],
			"faces": {
				"north": {"uv": [8, 10, 8.125, 8.75], "rotation": 180, "texture": "#0"},
				"east": {"uv": [8, 8.75, 8.125, 10], "texture": "#0"},
				"south": {"uv": [8, 8.75, 8.125, 10], "texture": "#0"},
				"west": {"uv": [8, 8.75, 8.125, 10], "texture": "#0"},
				"up": {"uv": [8.125, 8.75, 8, 8.875], "rotation": 180, "texture": "#0"},
				"down": {"uv": [8, 9.875, 8.125, 10], "texture": "#0"}
			}
		},
		{
			"name": "emerald_sacrificial_cleaver_66",
			"from": [7.5, 6.375, 7.875],
			"to": [7.625, 7.5, 8.25],
			"faces": {
				"north": {"uv": [6.25, 10, 6.375, 8.875], "rotation": 180, "texture": "#0"},
				"east": {"uv": [6.25, 8.875, 6.375, 10], "texture": "#0"},
				"south": {"uv": [6.25, 8.875, 6.375, 10], "texture": "#0"},
				"west": {"uv": [6.25, 8.875, 6.375, 10], "texture": "#0"},
				"up": {"uv": [6.375, 8.875, 6.25, 9], "rotation": 180, "texture": "#0"},
				"down": {"uv": [6.25, 9.875, 6.375, 10], "texture": "#0"}
			}
		},
		{
			"name": "emerald_sacrificial_cleaver_67",
			"from": [8.125, 6.25, 7.75],
			"to": [8.25, 7.5, 8.375],
			"faces": {
				"north": {"uv": [8.125, 10.125, 8.25, 8.875], "rotation": 180, "texture": "#0"},
				"east": {"uv": [8.125, 8.875, 8.25, 10.125], "texture": "#0"},
				"south": {"uv": [8.125, 8.875, 8.25, 10.125], "texture": "#0"},
				"west": {"uv": [8.125, 8.875, 8.25, 10.125], "texture": "#0"},
				"up": {"uv": [8.25, 8.875, 8.125, 9], "rotation": 180, "texture": "#0"},
				"down": {"uv": [8.125, 10, 8.25, 10.125], "texture": "#0"}
			}
		},
		{
			"name": "emerald_sacrificial_cleaver_68",
			"from": [7.625, 6.625, 7.875],
			"to": [7.75, 7.375, 8.25],
			"faces": {
				"north": {"uv": [6.375, 9.75, 6.5, 9], "rotation": 180, "texture": "#0"},
				"east": {"uv": [6.375, 9, 6.5, 9.75], "texture": "#0"},
				"south": {"uv": [6.375, 9, 6.5, 9.75], "texture": "#0"},
				"west": {"uv": [6.375, 9, 6.5, 9.75], "texture": "#0"},
				"up": {"uv": [6.5, 9, 6.375, 9.125], "rotation": 180, "texture": "#0"},
				"down": {"uv": [6.375, 9.625, 6.5, 9.75], "texture": "#0"}
			}
		},
		{
			"name": "emerald_sacrificial_cleaver_69",
			"from": [8.25, 6.125, 7.75],
			"to": [8.5, 7.375, 8.375],
			"faces": {
				"north": {"uv": [8.25, 10.25, 8.5, 9], "rotation": 180, "texture": "#0"},
				"east": {"uv": [8.375, 9, 8.5, 10.25], "texture": "#0"},
				"south": {"uv": [8.25, 9, 8.5, 10.25], "texture": "#0"},
				"west": {"uv": [8.25, 9, 8.375, 10.25], "texture": "#0"},
				"up": {"uv": [8.5, 9, 8.25, 9.125], "rotation": 180, "texture": "#0"},
				"down": {"uv": [8.25, 10.125, 8.5, 10.25], "texture": "#0"}
			}
		},
		{
			"name": "emerald_sacrificial_cleaver_70",
			"from": [6.125, 4.375, 8],
			"to": [6.25, 7, 8.125],
			"faces": {
				"north": {"uv": [2.75, 12, 2.875, 9.375], "rotation": 180, "texture": "#0"},
				"east": {"uv": [2.75, 9.375, 2.875, 12], "texture": "#0"},
				"south": {"uv": [2.75, 9.375, 2.875, 12], "texture": "#0"},
				"west": {"uv": [2.75, 9.375, 2.875, 12], "texture": "#0"},
				"up": {"uv": [2.875, 9.375, 2.75, 9.5], "rotation": 180, "texture": "#0"},
				"down": {"uv": [2.75, 11.875, 2.875, 12], "texture": "#0"}
			}
		},
		{
			"name": "emerald_sacrificial_cleaver_71",
			"from": [7.625, 5.75, 7.8125],
			"to": [7.875, 6.625, 8.3125],
			"faces": {
				"north": {"uv": [7.625, 11.125, 7.875, 10.25], "rotation": 180, "texture": "#0"},
				"east": {"uv": [7.75, 10.25, 7.875, 11.125], "texture": "#0"},
				"south": {"uv": [7.625, 10.25, 7.875, 11.125], "texture": "#0"},
				"west": {"uv": [7.625, 10.25, 7.75, 11.125], "texture": "#0"},
				"up": {"uv": [7.875, 10.25, 7.625, 10.375], "rotation": 180, "texture": "#0"},
				"down": {"uv": [7.625, 11, 7.875, 11.125], "texture": "#0"}
			}
		},
		{
			"name": "emerald_sacrificial_cleaver_72",
			"from": [8.375, 6, 7.75],
			"to": [8.5, 6.125, 8.375],
			"faces": {
				"north": {"uv": [8.375, 10.375, 8.5, 10.25], "rotation": 180, "texture": "#0"},
				"east": {"uv": [8.375, 10.25, 8.5, 10.375], "texture": "#0"},
				"south": {"uv": [8.375, 10.25, 8.5, 10.375], "texture": "#0"},
				"west": {"uv": [8.375, 10.25, 8.5, 10.375], "texture": "#0"},
				"up": {"uv": [8.5, 10.25, 8.375, 10.375], "rotation": 180, "texture": "#0"},
				"down": {"uv": [8.375, 10.25, 8.5, 10.375], "texture": "#0"}
			}
		},
		{
			"name": "emerald_sacrificial_cleaver_73",
			"from": [7.875, 5.5, 7.8125],
			"to": [8, 6.5, 8.3125],
			"faces": {
				"north": {"uv": [7.875, 11.375, 8, 10.375], "rotation": 180, "texture": "#0"},
				"east": {"uv": [7.875, 10.375, 8, 11.375], "texture": "#0"},
				"south": {"uv": [7.875, 10.375, 8, 11.375], "texture": "#0"},
				"west": {"uv": [7.875, 10.375, 8, 11.375], "texture": "#0"},
				"up": {"uv": [8, 10.375, 7.875, 10.5], "rotation": 180, "texture": "#0"},
				"down": {"uv": [7.875, 11.25, 8, 11.375], "texture": "#0"}
			}
		},
		{
			"name": "emerald_sacrificial_cleaver_74",
			"from": [7.375, 5.125, 7.875],
			"to": [7.625, 5.875, 8.25],
			"faces": {
				"north": {"uv": [6.125, 11.25, 6.375, 10.5], "rotation": 180, "texture": "#0"},
				"east": {"uv": [6.25, 10.5, 6.375, 11.25], "texture": "#0"},
				"south": {"uv": [6.125, 10.5, 6.375, 11.25], "texture": "#0"},
				"west": {"uv": [6.125, 10.5, 6.25, 11.25], "texture": "#0"},
				"up": {"uv": [6.375, 10.5, 6.125, 10.625], "rotation": 180, "texture": "#0"},
				"down": {"uv": [6.125, 11.125, 6.375, 11.25], "texture": "#0"}
			}
		},
		{
			"name": "emerald_sacrificial_cleaver_75",
			"from": [7.5, 5.875, 7.8125],
			"to": [7.625, 6.375, 8.3125],
			"faces": {
				"north": {"uv": [7.5, 11, 7.625, 10.5], "rotation": 180, "texture": "#0"},
				"east": {"uv": [7.5, 10.5, 7.625, 11], "texture": "#0"},
				"south": {"uv": [7.5, 10.5, 7.625, 11], "texture": "#0"},
				"west": {"uv": [7.5, 10.5, 7.625, 11], "texture": "#0"},
				"up": {"uv": [7.625, 10.5, 7.5, 10.625], "rotation": 180, "texture": "#0"},
				"down": {"uv": [7.5, 10.875, 7.625, 11], "texture": "#0"}
			}
		},
		{
			"name": "emerald_sacrificial_cleaver_76",
			"from": [8, 5.625, 7.8125],
			"to": [8.125, 6.375, 8.3125],
			"faces": {
				"north": {"uv": [8, 11.25, 8.125, 10.5], "rotation": 180, "texture": "#0"},
				"east": {"uv": [8, 10.5, 8.125, 11.25], "texture": "#0"},
				"south": {"uv": [8, 10.5, 8.125, 11.25], "texture": "#0"},
				"west": {"uv": [8, 10.5, 8.125, 11.25], "texture": "#0"},
				"up": {"uv": [8.125, 10.5, 8, 10.625], "rotation": 180, "texture": "#0"},
				"down": {"uv": [8, 11.125, 8.125, 11.25], "texture": "#0"}
			}
		},
		{
			"name": "emerald_sacrificial_cleaver_77",
			"from": [7.625, 5.125, 7.875],
			"to": [7.75, 5.75, 8.25],
			"faces": {
				"north": {"uv": [6.375, 11.25, 6.5, 10.625], "rotation": 180, "texture": "#0"},
				"east": {"uv": [6.375, 10.625, 6.5, 11.25], "texture": "#0"},
				"south": {"uv": [6.375, 10.625, 6.5, 11.25], "texture": "#0"},
				"west": {"uv": [6.375, 10.625, 6.5, 11.25], "texture": "#0"},
				"up": {"uv": [6.5, 10.625, 6.375, 10.75], "rotation": 180, "texture": "#0"},
				"down": {"uv": [6.375, 11.125, 6.5, 11.25], "texture": "#0"}
			}
		},
		{
			"name": "emerald_sacrificial_cleaver_78",
			"from": [7.375, 5.875, 7.8125],
			"to": [7.5, 6.25, 8.3125],
			"faces": {
				"north": {"uv": [7.375, 11, 7.5, 10.625], "rotation": 180, "texture": "#0"},
				"east": {"uv": [7.375, 10.625, 7.5, 11], "texture": "#0"},
				"south": {"uv": [7.375, 10.625, 7.5, 11], "texture": "#0"},
				"west": {"uv": [7.375, 10.625, 7.5, 11], "texture": "#0"},
				"up": {"uv": [7.5, 10.625, 7.375, 10.75], "rotation": 180, "texture": "#0"},
				"down": {"uv": [7.375, 10.875, 7.5, 11], "texture": "#0"}
			}
		},
		{
			"name": "emerald_sacrificial_cleaver_79",
			"from": [8.125, 5.625, 7.8125],
			"to": [8.25, 6.25, 8.3125],
			"faces": {
				"north": {"uv": [8.125, 11.25, 8.25, 10.625], "rotation": 180, "texture": "#0"},
				"east": {"uv": [8.125, 10.625, 8.25, 11.25], "texture": "#0"},
				"south": {"uv": [8.125, 10.625, 8.25, 11.25], "texture": "#0"},
				"west": {"uv": [8.125, 10.625, 8.25, 11.25], "texture": "#0"},
				"up": {"uv": [8.25, 10.625, 8.125, 10.75], "rotation": 180, "texture": "#0"},
				"down": {"uv": [8.125, 11.125, 8.25, 11.25], "texture": "#0"}
			}
		},
		{
			"name": "emerald_sacrificial_cleaver_80",
			"from": [7.75, 5.125, 7.875],
			"to": [7.875, 5.625, 8.25],
			"faces": {
				"north": {"uv": [6.5, 11.25, 6.625, 10.75], "rotation": 180, "texture": "#0"},
				"east": {"uv": [6.5, 10.75, 6.625, 11.25], "texture": "#0"},
				"south": {"uv": [6.5, 10.75, 6.625, 11.25], "texture": "#0"},
				"west": {"uv": [6.5, 10.75, 6.625, 11.25], "texture": "#0"},
				"up": {"uv": [6.625, 10.75, 6.5, 10.875], "rotation": 180, "texture": "#0"},
				"down": {"uv": [6.5, 11.125, 6.625, 11.25], "texture": "#0"}
			}
		},
		{
			"name": "emerald_sacrificial_cleaver_81",
			"from": [8.25, 5.625, 7.8125],
			"to": [8.375, 6.125, 8.3125],
			"faces": {
				"north": {"uv": [8.25, 11.25, 8.375, 10.75], "rotation": 180, "texture": "#0"},
				"east": {"uv": [8.25, 10.75, 8.375, 11.25], "texture": "#0"},
				"south": {"uv": [8.25, 10.75, 8.375, 11.25], "texture": "#0"},
				"west": {"uv": [8.25, 10.75, 8.375, 11.25], "texture": "#0"},
				"up": {"uv": [8.375, 10.75, 8.25, 10.875], "rotation": 180, "texture": "#0"},
				"down": {"uv": [8.25, 11.125, 8.375, 11.25], "texture": "#0"}
			}
		},
		{
			"name": "emerald_sacrificial_cleaver_82",
			"from": [8, 2.75, 7.875],
			"to": [8.5, 5.625, 8.25],
			"faces": {
				"north": {"uv": [9.5, 13.625, 10, 10.75], "rotation": 180, "texture": "#0"},
				"east": {"uv": [9.875, 10.75, 10, 13.625], "texture": "#0"},
				"south": {"uv": [9.5, 10.75, 10, 13.625], "texture": "#0"},
				"west": {"uv": [9.5, 10.75, 9.625, 13.625], "texture": "#0"},
				"up": {"uv": [10, 10.75, 9.5, 10.875], "rotation": 180, "texture": "#0"},
				"down": {"uv": [9.5, 13.5, 10, 13.625], "texture": "#0"}
			}
		},
		{
			"name": "emerald_sacrificial_cleaver_83",
			"from": [6.875, 5, 7.9375],
			"to": [7, 5.5, 8.1875],
			"faces": {
				"north": {"uv": [4.625, 11.375, 4.75, 10.875], "rotation": 180, "texture": "#0"},
				"east": {"uv": [4.625, 10.875, 4.75, 11.375], "texture": "#0"},
				"south": {"uv": [4.625, 10.875, 4.75, 11.375], "texture": "#0"},
				"west": {"uv": [4.625, 10.875, 4.75, 11.375], "texture": "#0"},
				"up": {"uv": [4.75, 10.875, 4.625, 11], "rotation": 180, "texture": "#0"},
				"down": {"uv": [4.625, 11.25, 4.75, 11.375], "texture": "#0"}
			}
		},
		{
			"name": "emerald_sacrificial_cleaver_84",
			"from": [7.875, 5.125, 7.875],
			"to": [8, 5.5, 8.25],
			"faces": {
				"north": {"uv": [6.625, 11.25, 6.75, 10.875], "rotation": 180, "texture": "#0"},
				"east": {"uv": [6.625, 10.875, 6.75, 11.25], "texture": "#0"},
				"south": {"uv": [6.625, 10.875, 6.75, 11.25], "texture": "#0"},
				"west": {"uv": [6.625, 10.875, 6.75, 11.25], "texture": "#0"},
				"up": {"uv": [6.75, 10.875, 6.625, 11], "rotation": 180, "texture": "#0"},
				"down": {"uv": [6.625, 11.125, 6.75, 11.25], "texture": "#0"}
			}
		},
		{
			"name": "emerald_sacrificial_cleaver_85",
			"from": [8.375, 5.625, 7.8125],
			"to": [8.5, 6, 8.3125],
			"faces": {
				"north": {"uv": [8.375, 11.25, 8.5, 10.875], "rotation": 180, "texture": "#0"},
				"east": {"uv": [8.375, 10.875, 8.5, 11.25], "texture": "#0"},
				"south": {"uv": [8.375, 10.875, 8.5, 11.25], "texture": "#0"},
				"west": {"uv": [8.375, 10.875, 8.5, 11.25], "texture": "#0"},
				"up": {"uv": [8.5, 10.875, 8.375, 11], "rotation": 180, "texture": "#0"},
				"down": {"uv": [8.375, 11.125, 8.5, 11.25], "texture": "#0"}
			}
		},
		{
			"name": "emerald_sacrificial_cleaver_86",
			"from": [7, 5, 7.9375],
			"to": [7.125, 5.25, 8.1875],
			"faces": {
				"north": {"uv": [4.75, 11.375, 4.875, 11.125], "rotation": 180, "texture": "#0"},
				"east": {"uv": [4.75, 11.125, 4.875, 11.375], "texture": "#0"},
				"south": {"uv": [4.75, 11.125, 4.875, 11.375], "texture": "#0"},
				"west": {"uv": [4.75, 11.125, 4.875, 11.375], "texture": "#0"},
				"up": {"uv": [4.875, 11.125, 4.75, 11.25], "rotation": 180, "texture": "#0"},
				"down": {"uv": [4.75, 11.25, 4.875, 11.375], "texture": "#0"}
			}
		},
		{
			"name": "emerald_sacrificial_cleaver_87",
			"from": [7.75, 5.625, 7.8125],
			"to": [7.875, 5.75, 8.3125],
			"faces": {
				"north": {"uv": [7.75, 11.25, 7.875, 11.125], "rotation": 180, "texture": "#0"},
				"east": {"uv": [7.75, 11.125, 7.875, 11.25], "texture": "#0"},
				"south": {"uv": [7.75, 11.125, 7.875, 11.25], "texture": "#0"},
				"west": {"uv": [7.75, 11.125, 7.875, 11.25], "texture": "#0"},
				"up": {"uv": [7.875, 11.125, 7.75, 11.25], "rotation": 180, "texture": "#0"},
				"down": {"uv": [7.75, 11.125, 7.875, 11.25], "texture": "#0"}
			}
		},
		{
			"name": "emerald_sacrificial_cleaver_88",
			"from": [6.25, 4.25, 8],
			"to": [6.375, 5.125, 8.125],
			"faces": {
				"north": {"uv": [2.875, 12.125, 3, 11.25], "rotation": 180, "texture": "#0"},
				"east": {"uv": [2.875, 11.25, 3, 12.125], "texture": "#0"},
				"south": {"uv": [2.875, 11.25, 3, 12.125], "texture": "#0"},
				"west": {"uv": [2.875, 11.25, 3, 12.125], "texture": "#0"},
				"up": {"uv": [3, 11.25, 2.875, 11.375], "rotation": 180, "texture": "#0"},
				"down": {"uv": [2.875, 12, 3, 12.125], "texture": "#0"}
			}
		},
		{
			"name": "emerald_sacrificial_cleaver_89",
			"from": [6.375, 4.125, 8],
			"to": [6.5, 4.75, 8.125],
			"faces": {
				"north": {"uv": [3, 12.25, 3.125, 11.625], "rotation": 180, "texture": "#0"},
				"east": {"uv": [3, 11.625, 3.125, 12.25], "texture": "#0"},
				"south": {"uv": [3, 11.625, 3.125, 12.25], "texture": "#0"},
				"west": {"uv": [3, 11.625, 3.125, 12.25], "texture": "#0"},
				"up": {"uv": [3.125, 11.625, 3, 11.75], "rotation": 180, "texture": "#0"},
				"down": {"uv": [3, 12.125, 3.125, 12.25], "texture": "#0"}
			}
		},
		{
			"name": "emerald_sacrificial_cleaver_90",
			"from": [6.5, 4.125, 8],
			"to": [6.625, 4.625, 8.125],
			"faces": {
				"north": {"uv": [3.125, 12.25, 3.25, 11.75], "rotation": 180, "texture": "#0"},
				"east": {"uv": [3.125, 11.75, 3.25, 12.25], "texture": "#0"},
				"south": {"uv": [3.125, 11.75, 3.25, 12.25], "texture": "#0"},
				"west": {"uv": [3.125, 11.75, 3.25, 12.25], "texture": "#0"},
				"up": {"uv": [3.25, 11.75, 3.125, 11.875], "rotation": 180, "texture": "#0"},
				"down": {"uv": [3.125, 12.125, 3.25, 12.25], "texture": "#0"}
			}
		},
		{
			"name": "emerald_sacrificial_cleaver_91",
			"from": [8, 2.125, 7.75],
			"to": [8.75, 2.75, 8.375],
			"faces": {
				"north": {"uv": [8, 14.25, 8.75, 13.625], "rotation": 180, "texture": "#0"},
				"east": {"uv": [8.625, 13.625, 8.75, 14.25], "texture": "#0"},
				"south": {"uv": [8, 13.625, 8.75, 14.25], "texture": "#0"},
				"west": {"uv": [8, 13.625, 8.125, 14.25], "texture": "#0"},
				"up": {"uv": [8.75, 13.625, 8, 13.75], "rotation": 180, "texture": "#0"},
				"down": {"uv": [8, 14.125, 8.75, 14.25], "texture": "#0"}
			}
		},
		{
			"name": "emerald_sacrificial_cleaver_92",
			"from": [8.25, 2, 7.8125],
			"to": [8.75, 2.125, 8.3125],
			"faces": {
				"north": {"uv": [8.25, 14.375, 8.75, 14.25], "rotation": 180, "texture": "#0"},
				"east": {"uv": [8.625, 14.25, 8.75, 14.375], "texture": "#0"},
				"south": {"uv": [8.25, 14.25, 8.75, 14.375], "texture": "#0"},
				"west": {"uv": [8.25, 14.25, 8.375, 14.375], "texture": "#0"},
				"up": {"uv": [8.75, 14.25, 8.25, 14.375], "rotation": 180, "texture": "#0"},
				"down": {"uv": [8.25, 14.25, 8.75, 14.375], "texture": "#0"}
			}
		},
		{
			"name": "emerald_sacrificial_cleaver_93",
			"from": [8.375, 1.875, 7.8125],
			"to": [8.75, 2, 8.3125],
			"faces": {
				"north": {"uv": [8.375, 14.5, 8.75, 14.375], "rotation": 180, "texture": "#0"},
				"east": {"uv": [8.625, 14.375, 8.75, 14.5], "texture": "#0"},
				"south": {"uv": [8.375, 14.375, 8.75, 14.5], "texture": "#0"},
				"west": {"uv": [8.375, 14.375, 8.5, 14.5], "texture": "#0"},
				"up": {"uv": [8.75, 14.375, 8.375, 14.5], "rotation": 180, "texture": "#0"},
				"down": {"uv": [8.375, 14.375, 8.75, 14.5], "texture": "#0"}
			}
		},
		{
			"name": "emerald_sacrificial_cleaver_94",
			"from": [8.5, 1.625, 7.8125],
			"to": [8.75, 1.875, 8.3125],
			"faces": {
				"north": {"uv": [8.5, 14.75, 8.75, 14.5], "rotation": 180, "texture": "#0"},
				"east": {"uv": [8.625, 14.5, 8.75, 14.75], "texture": "#0"},
				"south": {"uv": [8.5, 14.5, 8.75, 14.75], "texture": "#0"},
				"west": {"uv": [8.5, 14.5, 8.625, 14.75], "texture": "#0"},
				"up": {"uv": [8.75, 14.5, 8.5, 14.625], "rotation": 180, "texture": "#0"},
				"down": {"uv": [8.5, 14.625, 8.75, 14.75], "texture": "#0"}
			}
		}
	],
	"gui_light": "front",
	"display": {
		"thirdperson_righthand": {
			"rotation": [0, -90, 0],
			"translation": [0.25, 7.75, 1],
			"scale": [2.4, 2.4, 2.4]
		},
		"thirdperson_lefthand": {
			"rotation": [0, 90, 0],
			"translation": [0, 7.75, 1],
			"scale": [2.4, 2.4, 2.4]
		},
		"firstperson_righthand": {
			"rotation": [10, -90, 0],
			"translation": [0.5, 7.25, 3.25],
			"scale": [1.4, 1.4, 1.4]
		},
		"firstperson_lefthand": {
			"rotation": [10, 90, 0],
			"translation": [0.5, 7.25, 3.25],
			"scale": [1.4, 1.4, 1.4]
		},
		"ground": {
			"rotation": [0, 0, 45],
			"translation": [0.25, 1.5, 0]
		},
		"gui": {
			"rotation": [0, 0, -45],
			"translation": [-0.75, -1.25, 0],
			"scale": [1.4, 1.4, 1]
		},
		"head": {
			"rotation": [0, 0, 45],
			"translation": [0, 19, 0],
			"scale": [2, 2, 2]
		},
		"fixed": {
			"rotation": [0, 0, 90],
			"translation": [4.75, 3.25, -1.25],
			"scale": [4, 4, 4]
		}
	},
	"groups": [
		{
			"name": "emerald_sacrificial_cleaver",
			"origin": [8, 8, 8],
			"color": 0,
			"children": [
				0,
				1,
				2,
				3,
				4,
				5,
				6,
				7,
				8,
				9,
				10,
				11,
				12,
				13,
				14,
				15,
				16,
				17,
				18,
				19,
				20,
				21,
				22,
				23,
				24,
				25,
				26,
				27,
				28,
				29,
				30,
				31,
				32,
				33,
				34,
				35,
				36,
				37,
				38,
				39,
				40,
				41,
				42,
				43,
				44,
				45,
				46,
				47,
				48,
				49,
				50,
				51,
				52,
				53,
				54,
				55,
				56,
				57,
				58,
				59,
				60,
				61,
				62,
				63,
				64,
				65,
				66,
				67,
				68,
				69,
				70,
				71,
				72,
				73,
				74,
				75,
				76,
				77,
				78,
				79,
				80,
				81,
				82,
				83,
				84,
				85,
				86,
				87,
				88,
				89,
				90,
				91,
				92,
				93,
				94
			]
		}
	]
}