{
	"credit": "Made with Blockbench",
	"textures": {
		"vindicator": "fantasy_weapons:item/vindicator"
	},
	"elements": [
		{
			"name": "Box1",
			"from": [5.3125, 5.5, 7.9375],
			"to": [7.6875, 5.625, 8.0625],
			"rotation": {"angle": 0, "axis": "y", "origin": [0.9375, 0, -0.25]},
			"faces": {
				"north": {"uv": [6.75, 10.375, 4.375, 10.5], "texture": "#vindicator"},
				"east": {"uv": [6.75, 10.5, 6.625, 10.375], "rotation": 180, "texture": "#vindicator"},
				"south": {"uv": [4.375, 10.375, 6.75, 10.5], "texture": "#vindicator"},
				"west": {"uv": [4.375, 10.375, 4.5, 10.5], "texture": "#vindicator"},
				"up": {"uv": [4.375, 10.5, 6.75, 10.375], "texture": "#vindicator"},
				"down": {"uv": [4.375, 10.375, 6.75, 10.5], "texture": "#vindicator"}
			}
		},
		{
			"name": "Box2",
			"from": [5.4375, 5.375, 7.9375],
			"to": [7.4375, 5.5, 8.0625],
			"rotation": {"angle": 0, "axis": "y", "origin": [0.9375, 0, -0.25]},
			"faces": {
				"north": {"uv": [6.5, 10.5, 4.5, 10.625], "texture": "#vindicator"},
				"east": {"uv": [6.5, 10.625, 6.375, 10.5], "rotation": 180, "texture": "#vindicator"},
				"south": {"uv": [4.5, 10.5, 6.5, 10.625], "texture": "#vindicator"},
				"west": {"uv": [4.5, 10.5, 4.625, 10.625], "texture": "#vindicator"},
				"up": {"uv": [4.5, 10.625, 6.5, 10.5], "texture": "#vindicator"},
				"down": {"uv": [4.5, 10.5, 6.5, 10.625], "texture": "#vindicator"}
			}
		},
		{
			"name": "Box3",
			"from": [5.5625, 5.625, 7.9375],
			"to": [9.5625, 5.75, 8.0625],
			"rotation": {"angle": 0, "axis": "y", "origin": [0.9375, 0, -0.25]},
			"faces": {
				"north": {"uv": [8.625, 10.25, 4.625, 10.375], "texture": "#vindicator"},
				"east": {"uv": [8.625, 10.25, 8.5, 10.375], "texture": "#vindicator"},
				"south": {"uv": [4.625, 10.25, 8.625, 10.375], "texture": "#vindicator"},
				"west": {"uv": [4.625, 10.25, 4.75, 10.375], "texture": "#vindicator"},
				"up": {"uv": [4.625, 10.375, 8.625, 10.25], "texture": "#vindicator"},
				"down": {"uv": [4.625, 10.25, 8.625, 10.375], "texture": "#vindicator"}
			}
		},
		{
			"name": "Box4",
			"from": [5.6875, 5.25, 7.9375],
			"to": [7.3125, 5.375, 8.0625],
			"rotation": {"angle": 0, "axis": "y", "origin": [0.9375, 0, -0.25]},
			"faces": {
				"north": {"uv": [6.375, 10.625, 4.75, 10.75], "texture": "#vindicator"},
				"east": {"uv": [6.375, 10.75, 6.25, 10.625], "rotation": 180, "texture": "#vindicator"},
				"south": {"uv": [4.75, 10.625, 6.375, 10.75], "texture": "#vindicator"},
				"west": {"uv": [4.75, 10.625, 4.875, 10.75], "texture": "#vindicator"},
				"up": {"uv": [4.75, 10.75, 6.375, 10.625], "texture": "#vindicator"},
				"down": {"uv": [4.75, 10.625, 6.375, 10.75], "texture": "#vindicator"}
			}
		},
		{
			"name": "Box5",
			"from": [5.8125, 5.125, 7.9375],
			"to": [7.3125, 5.25, 8.0625],
			"rotation": {"angle": 0, "axis": "y", "origin": [0.9375, 0, -0.25]},
			"faces": {
				"north": {"uv": [6.375, 10.75, 4.875, 10.875], "texture": "#vindicator"},
				"east": {"uv": [6.375, 10.875, 6.25, 10.75], "rotation": 180, "texture": "#vindicator"},
				"south": {"uv": [4.875, 10.75, 6.375, 10.875], "texture": "#vindicator"},
				"west": {"uv": [4.875, 10.75, 5, 10.875], "texture": "#vindicator"},
				"up": {"uv": [4.875, 10.875, 6.375, 10.75], "texture": "#vindicator"},
				"down": {"uv": [4.875, 10.75, 6.375, 10.875], "texture": "#vindicator"}
			}
		},
		{
			"name": "Box6",
			"from": [6.0625, 5.75, 7.9375],
			"to": [9.5625, 5.875, 8.0625],
			"rotation": {"angle": 0, "axis": "y", "origin": [0.9375, 0, -0.25]},
			"faces": {
				"north": {"uv": [8.625, 10.125, 5.125, 10.25], "texture": "#vindicator"},
				"east": {"uv": [8.625, 10.125, 8.5, 10.25], "texture": "#vindicator"},
				"south": {"uv": [5.125, 10.125, 8.625, 10.25], "texture": "#vindicator"},
				"west": {"uv": [5.125, 10.125, 5.25, 10.25], "texture": "#vindicator"},
				"up": {"uv": [5.125, 10.25, 8.625, 10.125], "texture": "#vindicator"},
				"down": {"uv": [5.125, 10.125, 8.625, 10.25], "texture": "#vindicator"}
			}
		},
		{
			"name": "Box7",
			"from": [6.0625, 5, 7.9375],
			"to": [7.1875, 5.125, 8.0625],
			"rotation": {"angle": 0, "axis": "y", "origin": [0.9375, 0, -0.25]},
			"faces": {
				"north": {"uv": [6.25, 10.875, 5.125, 11], "texture": "#vindicator"},
				"east": {"uv": [6.25, 11, 6.125, 10.875], "rotation": 180, "texture": "#vindicator"},
				"south": {"uv": [5.125, 10.875, 6.25, 11], "texture": "#vindicator"},
				"west": {"uv": [5.125, 10.875, 5.25, 11], "texture": "#vindicator"},
				"up": {"uv": [5.125, 11, 6.25, 10.875], "texture": "#vindicator"},
				"down": {"uv": [5.125, 10.875, 6.25, 11], "texture": "#vindicator"}
			}
		},
		{
			"name": "Box8",
			"from": [6.1875, 4.5, 7.9375],
			"to": [7.1875, 5, 8.0625],
			"rotation": {"angle": 0, "axis": "y", "origin": [0.9375, 0, -0.25]},
			"faces": {
				"north": {"uv": [6.25, 11, 5.25, 11.5], "texture": "#vindicator"},
				"east": {"uv": [6.25, 11.5, 6.125, 11], "rotation": 180, "texture": "#vindicator"},
				"south": {"uv": [5.25, 11, 6.25, 11.5], "texture": "#vindicator"},
				"west": {"uv": [5.25, 11, 5.375, 11.5], "texture": "#vindicator"},
				"up": {"uv": [5.25, 11.125, 6.25, 11], "texture": "#vindicator"},
				"down": {"uv": [5.25, 11.375, 6.25, 11.5], "texture": "#vindicator"}
			}
		},
		{
			"name": "Box9",
			"from": [6.3125, 4.25, 7.9375],
			"to": [7.1875, 4.5, 8.0625],
			"rotation": {"angle": 0, "axis": "y", "origin": [0.9375, 0, -0.25]},
			"faces": {
				"north": {"uv": [6.25, 11.5, 5.375, 11.75], "texture": "#vindicator"},
				"east": {"uv": [6.25, 11.75, 6.125, 11.5], "rotation": 180, "texture": "#vindicator"},
				"south": {"uv": [5.375, 11.5, 6.25, 11.75], "texture": "#vindicator"},
				"west": {"uv": [5.375, 11.5, 5.5, 11.75], "texture": "#vindicator"},
				"up": {"uv": [5.375, 11.625, 6.25, 11.5], "texture": "#vindicator"},
				"down": {"uv": [5.375, 11.625, 6.25, 11.75], "texture": "#vindicator"}
			}
		},
		{
			"name": "Box10",
			"from": [6.4375, 5.875, 7.9375],
			"to": [9.5625, 6.125, 8.0625],
			"rotation": {"angle": 0, "axis": "y", "origin": [0.9375, 0, -0.25]},
			"faces": {
				"north": {"uv": [8.625, 9.875, 5.5, 10.125], "texture": "#vindicator"},
				"east": {"uv": [8.625, 10.125, 8.5, 9.875], "rotation": 180, "texture": "#vindicator"},
				"south": {"uv": [5.5, 9.875, 8.625, 10.125], "texture": "#vindicator"},
				"west": {"uv": [5.5, 9.875, 5.625, 10.125], "texture": "#vindicator"},
				"up": {"uv": [5.5, 10, 8.625, 9.875], "texture": "#vindicator"},
				"down": {"uv": [5.5, 10, 8.625, 10.125], "texture": "#vindicator"}
			}
		},
		{
			"name": "Box11",
			"from": [6.4375, 4.125, 7.9375],
			"to": [7.4375, 4.25, 8.0625],
			"rotation": {"angle": 0, "axis": "y", "origin": [0.9375, 0, -0.25]},
			"faces": {
				"north": {"uv": [6.5, 11.75, 5.5, 11.875], "texture": "#vindicator"},
				"east": {"uv": [6.5, 11.875, 6.375, 11.75], "rotation": 180, "texture": "#vindicator"},
				"south": {"uv": [5.5, 11.75, 6.5, 11.875], "texture": "#vindicator"},
				"west": {"uv": [5.5, 11.75, 5.625, 11.875], "texture": "#vindicator"},
				"up": {"uv": [5.5, 11.875, 6.5, 11.75], "texture": "#vindicator"},
				"down": {"uv": [5.5, 11.75, 6.5, 11.875], "texture": "#vindicator"}
			}
		},
		{
			"name": "Box12",
			"from": [6.4375, 3.125, 7.9375],
			"to": [6.8125, 3.25, 8.0625],
			"rotation": {"angle": 0, "axis": "y", "origin": [0.9375, 0, -0.25]},
			"faces": {
				"north": {"uv": [5.875, 12.75, 5.5, 12.875], "texture": "#vindicator"},
				"east": {"uv": [5.875, 12.875, 5.75, 12.75], "rotation": 180, "texture": "#vindicator"},
				"south": {"uv": [5.5, 12.75, 5.875, 12.875], "texture": "#vindicator"},
				"west": {"uv": [5.5, 12.75, 5.625, 12.875], "texture": "#vindicator"},
				"up": {"uv": [5.5, 12.875, 5.875, 12.75], "texture": "#vindicator"},
				"down": {"uv": [5.5, 12.75, 5.875, 12.875], "texture": "#vindicator"}
			}
		},
		{
			"name": "Box13",
			"from": [6.5625, 6.125, 7.9375],
			"to": [9.5625, 6.375, 8.0625],
			"rotation": {"angle": 0, "axis": "y", "origin": [0.9375, 0, -0.25]},
			"faces": {
				"north": {"uv": [8.625, 9.625, 5.625, 9.875], "texture": "#vindicator"},
				"east": {"uv": [8.625, 9.875, 8.5, 9.625], "rotation": 180, "texture": "#vindicator"},
				"south": {"uv": [5.625, 9.625, 8.625, 9.875], "texture": "#vindicator"},
				"west": {"uv": [5.625, 9.625, 5.75, 9.875], "texture": "#vindicator"},
				"up": {"uv": [5.625, 9.75, 8.625, 9.625], "texture": "#vindicator"},
				"down": {"uv": [5.625, 9.75, 8.625, 9.875], "texture": "#vindicator"}
			}
		},
		{
			"name": "Box14",
			"from": [6.5625, 4, 7.9375],
			"to": [7.5625, 4.125, 8.0625],
			"rotation": {"angle": 0, "axis": "y", "origin": [0.9375, 0, -0.25]},
			"faces": {
				"north": {"uv": [6.625, 11.875, 5.625, 12], "texture": "#vindicator"},
				"east": {"uv": [6.625, 12, 6.5, 11.875], "rotation": 180, "texture": "#vindicator"},
				"south": {"uv": [5.625, 11.875, 6.625, 12], "texture": "#vindicator"},
				"west": {"uv": [5.625, 11.875, 5.75, 12], "texture": "#vindicator"},
				"up": {"uv": [5.625, 12, 6.625, 11.875], "texture": "#vindicator"},
				"down": {"uv": [5.625, 11.875, 6.625, 12], "texture": "#vindicator"}
			}
		},
		{
			"name": "Box15",
			"from": [6.5625, 3.5, 7.9375],
			"to": [7.8125, 3.75, 8.0625],
			"rotation": {"angle": 0, "axis": "y", "origin": [0.9375, 0, -0.25]},
			"faces": {
				"north": {"uv": [6.875, 12.25, 5.625, 12.5], "texture": "#vindicator"},
				"east": {"uv": [6.875, 12.5, 6.75, 12.25], "rotation": 180, "texture": "#vindicator"},
				"south": {"uv": [5.625, 12.25, 6.875, 12.5], "texture": "#vindicator"},
				"west": {"uv": [5.625, 12.25, 5.75, 12.5], "texture": "#vindicator"},
				"up": {"uv": [5.625, 12.375, 6.875, 12.25], "texture": "#vindicator"},
				"down": {"uv": [5.625, 12.375, 6.875, 12.5], "texture": "#vindicator"}
			}
		},
		{
			"name": "Box16",
			"from": [6.5625, 3.375, 7.9375],
			"to": [7.1875, 3.5, 8.0625],
			"rotation": {"angle": 0, "axis": "y", "origin": [0.9375, 0, -0.25]},
			"faces": {
				"north": {"uv": [6.25, 12.5, 5.625, 12.625], "texture": "#vindicator"},
				"east": {"uv": [6.25, 12.625, 6.125, 12.5], "rotation": 180, "texture": "#vindicator"},
				"south": {"uv": [5.625, 12.5, 6.25, 12.625], "texture": "#vindicator"},
				"west": {"uv": [5.625, 12.5, 5.75, 12.625], "texture": "#vindicator"},
				"up": {"uv": [5.625, 12.625, 6.25, 12.5], "texture": "#vindicator"},
				"down": {"uv": [5.625, 12.5, 6.25, 12.625], "texture": "#vindicator"}
			}
		},
		{
			"name": "Box17",
			"from": [6.5625, 3.25, 7.9375],
			"to": [6.9375, 3.375, 8.0625],
			"rotation": {"angle": 0, "axis": "y", "origin": [0.9375, 0, -0.25]},
			"faces": {
				"north": {"uv": [6, 12.625, 5.625, 12.75], "texture": "#vindicator"},
				"east": {"uv": [6, 12.75, 5.875, 12.625], "rotation": 180, "texture": "#vindicator"},
				"south": {"uv": [5.625, 12.625, 6, 12.75], "texture": "#vindicator"},
				"west": {"uv": [5.625, 12.625, 5.75, 12.75], "texture": "#vindicator"},
				"up": {"uv": [5.625, 12.75, 6, 12.625], "texture": "#vindicator"},
				"down": {"uv": [5.625, 12.625, 6, 12.75], "texture": "#vindicator"}
			}
		},
		{
			"name": "Box18",
			"from": [6.6875, 6.375, 7.9375],
			"to": [9.5625, 6.5, 8.0625],
			"rotation": {"angle": 0, "axis": "y", "origin": [0.9375, 0, -0.25]},
			"faces": {
				"north": {"uv": [8.625, 9.5, 5.75, 9.625], "texture": "#vindicator"},
				"east": {"uv": [8.625, 9.625, 8.5, 9.5], "rotation": 180, "texture": "#vindicator"},
				"south": {"uv": [5.75, 9.5, 8.625, 9.625], "texture": "#vindicator"},
				"west": {"uv": [5.75, 9.5, 5.875, 9.625], "texture": "#vindicator"},
				"up": {"uv": [5.75, 9.625, 8.625, 9.5], "texture": "#vindicator"},
				"down": {"uv": [5.75, 9.5, 8.625, 9.625], "texture": "#vindicator"}
			}
		},
		{
			"name": "Box19",
			"from": [6.6875, 3.75, 7.9375],
			"to": [7.6875, 4, 8.0625],
			"rotation": {"angle": 0, "axis": "y", "origin": [0.9375, 0, -0.25]},
			"faces": {
				"north": {"uv": [6.75, 12, 5.75, 12.25], "texture": "#vindicator"},
				"east": {"uv": [6.75, 12.25, 6.625, 12], "rotation": 180, "texture": "#vindicator"},
				"south": {"uv": [5.75, 12, 6.75, 12.25], "texture": "#vindicator"},
				"west": {"uv": [5.75, 12, 5.875, 12.25], "texture": "#vindicator"},
				"up": {"uv": [5.75, 12.125, 6.75, 12], "texture": "#vindicator"},
				"down": {"uv": [5.75, 12.125, 6.75, 12.25], "texture": "#vindicator"}
			}
		},
		{
			"name": "Box20",
			"from": [6.8125, 6.5, 7.9375],
			"to": [6.9375, 7.375, 8.0625],
			"rotation": {"angle": 0, "axis": "y", "origin": [0.9375, 0, -0.25]},
			"faces": {
				"north": {"uv": [6, 8.625, 5.875, 9.5], "texture": "#vindicator"},
				"east": {"uv": [6, 9.5, 5.875, 8.625], "rotation": 180, "texture": "#vindicator"},
				"south": {"uv": [5.875, 8.625, 6, 9.5], "texture": "#vindicator"},
				"west": {"uv": [5.875, 8.625, 6, 9.5], "texture": "#vindicator"},
				"up": {"uv": [5.875, 8.75, 6, 8.625], "texture": "#vindicator"},
				"down": {"uv": [5.875, 9.375, 6, 9.5], "texture": "#vindicator"}
			}
		},
		{
			"name": "Box21",
			"from": [6.9375, 6.5, 7.9375],
			"to": [7.0625, 7.25, 8.0625],
			"rotation": {"angle": 0, "axis": "y", "origin": [0.9375, 0, -0.25]},
			"faces": {
				"north": {"uv": [6.125, 8.75, 6, 9.5], "texture": "#vindicator"},
				"east": {"uv": [6.125, 9.5, 6, 8.75], "rotation": 180, "texture": "#vindicator"},
				"south": {"uv": [6, 8.75, 6.125, 9.5], "texture": "#vindicator"},
				"west": {"uv": [6, 8.75, 6.125, 9.5], "texture": "#vindicator"},
				"up": {"uv": [6, 8.875, 6.125, 8.75], "texture": "#vindicator"},
				"down": {"uv": [6, 9.375, 6.125, 9.5], "texture": "#vindicator"}
			}
		},
		{
			"name": "Box22",
			"from": [7.0625, 6.5, 7.9375],
			"to": [7.1875, 7.125, 8.0625],
			"rotation": {"angle": 0, "axis": "y", "origin": [0.9375, 0, -0.25]},
			"faces": {
				"north": {"uv": [6.25, 8.875, 6.125, 9.5], "texture": "#vindicator"},
				"east": {"uv": [6.25, 9.5, 6.125, 8.875], "rotation": 180, "texture": "#vindicator"},
				"south": {"uv": [6.125, 8.875, 6.25, 9.5], "texture": "#vindicator"},
				"west": {"uv": [6.125, 8.875, 6.25, 9.5], "texture": "#vindicator"},
				"up": {"uv": [6.125, 9, 6.25, 8.875], "texture": "#vindicator"},
				"down": {"uv": [6.125, 9.375, 6.25, 9.5], "texture": "#vindicator"}
			}
		},
		{
			"name": "Box23",
			"from": [7.1875, 6.5, 7.9375],
			"to": [7.3125, 7, 8.0625],
			"rotation": {"angle": 0, "axis": "y", "origin": [0.9375, 0, -0.25]},
			"faces": {
				"north": {"uv": [6.375, 9, 6.25, 9.5], "texture": "#vindicator"},
				"east": {"uv": [6.375, 9.5, 6.25, 9], "rotation": 180, "texture": "#vindicator"},
				"south": {"uv": [6.25, 9, 6.375, 9.5], "texture": "#vindicator"},
				"west": {"uv": [6.25, 9, 6.375, 9.5], "texture": "#vindicator"},
				"up": {"uv": [6.25, 9.125, 6.375, 9], "texture": "#vindicator"},
				"down": {"uv": [6.25, 9.375, 6.375, 9.5], "texture": "#vindicator"}
			}
		},
		{
			"name": "Box24",
			"from": [7.1875, 4.25, 7.9375],
			"to": [7.3125, 4.375, 8.0625],
			"rotation": {"angle": 0, "axis": "y", "origin": [0.9375, 0, -0.25]},
			"faces": {
				"north": {"uv": [6.375, 11.625, 6.25, 11.75], "texture": "#vindicator"},
				"east": {"uv": [6.375, 11.75, 6.25, 11.625], "rotation": 180, "texture": "#vindicator"},
				"south": {"uv": [6.25, 11.625, 6.375, 11.75], "texture": "#vindicator"},
				"west": {"uv": [6.25, 11.625, 6.375, 11.75], "texture": "#vindicator"},
				"up": {"uv": [6.25, 11.75, 6.375, 11.625], "texture": "#vindicator"},
				"down": {"uv": [6.25, 11.625, 6.375, 11.75], "texture": "#vindicator"}
			}
		},
		{
			"name": "Box25",
			"from": [7.3125, 6.5, 7.9375],
			"to": [9.5625, 6.875, 8.0625],
			"rotation": {"angle": 0, "axis": "y", "origin": [0.9375, 0, -0.25]},
			"faces": {
				"north": {"uv": [8.625, 9.125, 6.375, 9.5], "texture": "#vindicator"},
				"east": {"uv": [8.625, 9.5, 8.5, 9.125], "rotation": 180, "texture": "#vindicator"},
				"south": {"uv": [6.375, 9.125, 8.625, 9.5], "texture": "#vindicator"},
				"west": {"uv": [6.375, 9.125, 6.5, 9.5], "texture": "#vindicator"},
				"up": {"uv": [6.375, 9.25, 8.625, 9.125], "texture": "#vindicator"},
				"down": {"uv": [6.375, 9.375, 8.625, 9.5], "texture": "#vindicator"}
			}
		},
		{
			"name": "Box26",
			"from": [7.4375, 3.375, 7.9375],
			"to": [7.9375, 3.5, 8.0625],
			"rotation": {"angle": 0, "axis": "y", "origin": [0.9375, 0, -0.25]},
			"faces": {
				"north": {"uv": [7, 12.5, 6.5, 12.625], "texture": "#vindicator"},
				"east": {"uv": [7, 12.625, 6.875, 12.5], "rotation": 180, "texture": "#vindicator"},
				"south": {"uv": [6.5, 12.5, 7, 12.625], "texture": "#vindicator"},
				"west": {"uv": [6.5, 12.5, 6.625, 12.625], "texture": "#vindicator"},
				"up": {"uv": [6.5, 12.625, 7, 12.5], "texture": "#vindicator"},
				"down": {"uv": [6.5, 12.5, 7, 12.625], "texture": "#vindicator"}
			}
		},
		{
			"name": "Box27",
			"from": [7.5625, 3.125, 7.9375],
			"to": [7.9375, 3.375, 8.0625],
			"rotation": {"angle": 0, "axis": "y", "origin": [0.9375, 0, -0.25]},
			"faces": {
				"north": {"uv": [7, 12.625, 6.625, 12.875], "texture": "#vindicator"},
				"east": {"uv": [7, 12.875, 6.875, 12.625], "rotation": 180, "texture": "#vindicator"},
				"south": {"uv": [6.625, 12.625, 7, 12.875], "texture": "#vindicator"},
				"west": {"uv": [6.625, 12.625, 6.75, 12.875], "texture": "#vindicator"},
				"up": {"uv": [6.625, 12.75, 7, 12.625], "texture": "#vindicator"},
				"down": {"uv": [6.625, 12.75, 7, 12.875], "texture": "#vindicator"}
			}
		},
		{
			"name": "Box28",
			"from": [7.6875, 2.875, 7.9375],
			"to": [7.8125, 3.875, 8.0625],
			"rotation": {"angle": 0, "axis": "y", "origin": [0.9375, 0, -0.25]},
			"faces": {
				"north": {"uv": [6.875, 12.125, 6.75, 13.125], "texture": "#vindicator"},
				"east": {"uv": [6.875, 13.125, 6.75, 12.125], "rotation": 180, "texture": "#vindicator"},
				"south": {"uv": [6.75, 12.125, 6.875, 13.125], "texture": "#vindicator"},
				"west": {"uv": [6.75, 12.125, 6.875, 13.125], "texture": "#vindicator"},
				"up": {"uv": [6.75, 12.25, 6.875, 12.125], "texture": "#vindicator"},
				"down": {"uv": [6.75, 13, 6.875, 13.125], "texture": "#vindicator"}
			}
		},
		{
			"name": "Box29",
			"from": [7.8125, 2.625, 7.9375],
			"to": [7.9375, 3.625, 8.0625],
			"rotation": {"angle": 0, "axis": "y", "origin": [0.9375, 0, -0.25]},
			"faces": {
				"north": {"uv": [7, 12.375, 6.875, 13.375], "texture": "#vindicator"},
				"east": {"uv": [7, 13.375, 6.875, 12.375], "rotation": 180, "texture": "#vindicator"},
				"south": {"uv": [6.875, 12.375, 7, 13.375], "texture": "#vindicator"},
				"west": {"uv": [6.875, 12.375, 7, 13.375], "texture": "#vindicator"},
				"up": {"uv": [6.875, 12.5, 7, 12.375], "texture": "#vindicator"},
				"down": {"uv": [6.875, 13.25, 7, 13.375], "texture": "#vindicator"}
			}
		},
		{
			"name": "Box30",
			"from": [7.9375, 2.75, 7.9375],
			"to": [8.0625, 3.25, 8.0625],
			"rotation": {"angle": 0, "axis": "y", "origin": [0.9375, 0, -0.25]},
			"faces": {
				"north": {"uv": [7.125, 12.75, 7, 13.25], "texture": "#vindicator"},
				"east": {"uv": [7.125, 13.25, 7, 12.75], "rotation": 180, "texture": "#vindicator"},
				"south": {"uv": [7, 12.75, 7.125, 13.25], "texture": "#vindicator"},
				"west": {"uv": [7, 12.75, 7.125, 13.25], "texture": "#vindicator"},
				"up": {"uv": [7, 12.875, 7.125, 12.75], "texture": "#vindicator"},
				"down": {"uv": [7, 13.125, 7.125, 13.25], "texture": "#vindicator"}
			}
		},
		{
			"name": "Box31",
			"from": [8.6875, 2.125, 7.875],
			"to": [9.1875, 5.625, 8.125],
			"rotation": {"angle": 0, "axis": "y", "origin": [0.9375, 0, -0.25]},
			"faces": {
				"north": {"uv": [8.25, 10.375, 7.75, 13.875], "texture": "#vindicator"},
				"east": {"uv": [8.25, 10.375, 8.125, 13.875], "texture": "#vindicator"},
				"south": {"uv": [7.75, 10.375, 8.25, 13.875], "texture": "#vindicator"},
				"west": {"uv": [7.75, 10.375, 7.875, 13.875], "texture": "#vindicator"},
				"up": {"uv": [7.75, 10.5, 8.25, 10.375], "texture": "#vindicator"},
				"down": {"uv": [7.75, 13.75, 8.25, 13.875], "texture": "#vindicator"}
			}
		},
		{
			"name": "Box32",
			"from": [8.8125, 1.75, 7.75],
			"to": [9.5625, 1.875, 8.25],
			"rotation": {"angle": 0, "axis": "y", "origin": [0.9375, 0, -0.25]},
			"faces": {
				"north": {"uv": [8.625, 14.125, 7.875, 14.25], "texture": "#vindicator"},
				"east": {"uv": [8.625, 14.25, 8.5, 14.125], "rotation": 180, "texture": "#vindicator"},
				"south": {"uv": [7.875, 14.125, 8.625, 14.25], "texture": "#vindicator"},
				"west": {"uv": [7.875, 14.125, 8, 14.25], "texture": "#vindicator"},
				"up": {"uv": [7.875, 14.25, 8.625, 14.125], "texture": "#vindicator"},
				"down": {"uv": [7.875, 14.125, 8.625, 14.25], "texture": "#vindicator"}
			}
		},
		{
			"name": "Box33",
			"from": [8.9375, 1.625, 7.75],
			"to": [9.4375, 1.75, 8.25],
			"rotation": {"angle": 0, "axis": "y", "origin": [0.9375, 0, -0.25]},
			"faces": {
				"north": {"uv": [8.5, 14.25, 8, 14.375], "texture": "#vindicator"},
				"east": {"uv": [8.5, 14.375, 8.375, 14.25], "rotation": 180, "texture": "#vindicator"},
				"south": {"uv": [8, 14.25, 8.5, 14.375], "texture": "#vindicator"},
				"west": {"uv": [8, 14.25, 8.125, 14.375], "texture": "#vindicator"},
				"up": {"uv": [8, 14.375, 8.5, 14.25], "texture": "#vindicator"},
				"down": {"uv": [8, 14.25, 8.5, 14.375], "texture": "#vindicator"}
			}
		},
		{
			"name": "Box34",
			"from": [9.1875, 1.875, 7.75],
			"to": [9.6875, 2.125, 8.25],
			"rotation": {"angle": 0, "axis": "y", "origin": [0.9375, 0, -0.25]},
			"faces": {
				"north": {"uv": [8.75, 13.875, 8.25, 14.125], "texture": "#vindicator"},
				"east": {"uv": [8.75, 14.125, 8.625, 13.875], "rotation": 180, "texture": "#vindicator"},
				"south": {"uv": [8.25, 13.875, 8.75, 14.125], "texture": "#vindicator"},
				"west": {"uv": [8.25, 13.875, 8.375, 14.125], "texture": "#vindicator"},
				"up": {"uv": [8.25, 14, 8.75, 13.875], "texture": "#vindicator"},
				"down": {"uv": [8.25, 14, 8.75, 14.125], "texture": "#vindicator"}
			}
		},
		{
			"name": "Box35",
			"from": [9.4375, 2.125, 7.75],
			"to": [9.6875, 2.375, 8.25],
			"rotation": {"angle": 0, "axis": "y", "origin": [0.9375, 0, -0.25]},
			"faces": {
				"north": {"uv": [8.75, 13.625, 8.5, 13.875], "texture": "#vindicator"},
				"east": {"uv": [8.75, 13.875, 8.625, 13.625], "rotation": 180, "texture": "#vindicator"},
				"south": {"uv": [8.5, 13.625, 8.75, 13.875], "texture": "#vindicator"},
				"west": {"uv": [8.5, 13.625, 8.625, 13.875], "texture": "#vindicator"},
				"up": {"uv": [8.5, 13.75, 8.75, 13.625], "texture": "#vindicator"},
				"down": {"uv": [8.5, 13.75, 8.75, 13.875], "texture": "#vindicator"}
			}
		},
		{
			"name": "Box13",
			"from": [7.3125, 5.625, 7.75],
			"to": [9.5625, 6.875, 8.25],
			"rotation": {"angle": 0, "axis": "y", "origin": [0.9375, 0, -0.25]},
			"faces": {
				"north": {"uv": [8.625, 9.125, 6.375, 10.375], "texture": "#vindicator"},
				"east": {"uv": [8.625, 9.125, 8.5, 10.375], "texture": "#vindicator"},
				"south": {"uv": [6.375, 9.125, 8.625, 10.375], "texture": "#vindicator"},
				"west": {"uv": [6.375, 9.125, 6.5, 10.375], "texture": "#vindicator"},
				"up": {"uv": [6.375, 9.25, 8.625, 9.125], "texture": "#vindicator"},
				"down": {"uv": [6.375, 10.25, 8.625, 10.375], "texture": "#vindicator"}
			}
		},
		{
			"name": "Box13",
			"from": [7.0625, 5.5, 7.8125],
			"to": [7.6875, 6.75, 8.1875],
			"rotation": {"angle": 0, "axis": "y", "origin": [0.9375, 0, -0.25]},
			"faces": {
				"north": {"uv": [6.75, 9.25, 6.125, 10.5], "texture": "#vindicator"},
				"east": {"uv": [6.75, 9.25, 6.625, 10.5], "texture": "#vindicator"},
				"south": {"uv": [6.125, 9.25, 6.75, 10.5], "texture": "#vindicator"},
				"west": {"uv": [6.125, 9.25, 6.25, 10.5], "texture": "#vindicator"},
				"up": {"uv": [6.125, 9.375, 6.75, 9.25], "texture": "#vindicator"},
				"down": {"uv": [6.125, 10.375, 6.75, 10.5], "texture": "#vindicator"}
			}
		},
		{
			"name": "Box13",
			"from": [6.8125, 5.375, 7.8125],
			"to": [7.4375, 6.625, 8.1875],
			"rotation": {"angle": 0, "axis": "y", "origin": [0.9375, 0, -0.25]},
			"faces": {
				"north": {"uv": [6.5, 9.375, 5.875, 10.625], "texture": "#vindicator"},
				"east": {"uv": [6.5, 9.375, 6.375, 10.625], "texture": "#vindicator"},
				"south": {"uv": [5.875, 9.375, 6.5, 10.625], "texture": "#vindicator"},
				"west": {"uv": [5.875, 9.375, 6, 10.625], "texture": "#vindicator"},
				"up": {"uv": [5.875, 9.5, 6.5, 9.375], "texture": "#vindicator"},
				"down": {"uv": [5.875, 10.5, 6.5, 10.625], "texture": "#vindicator"}
			}
		},
		{
			"name": "Box13",
			"from": [6.6875, 5.125, 7.875],
			"to": [7.3125, 6.5, 8.125],
			"rotation": {"angle": 0, "axis": "y", "origin": [0.9375, 0, -0.25]},
			"faces": {
				"north": {"uv": [6.375, 9.5, 5.75, 10.875], "texture": "#vindicator"},
				"east": {"uv": [6.375, 9.5, 6.25, 10.875], "texture": "#vindicator"},
				"south": {"uv": [5.75, 9.5, 6.375, 10.875], "texture": "#vindicator"},
				"west": {"uv": [5.75, 9.5, 5.875, 10.875], "texture": "#vindicator"},
				"up": {"uv": [5.75, 9.625, 6.375, 9.5], "texture": "#vindicator"},
				"down": {"uv": [5.75, 10.75, 6.375, 10.875], "texture": "#vindicator"}
			}
		},
		{
			"name": "Box13",
			"from": [6.5625, 4.875, 7.875],
			"to": [7.1875, 6.375, 8.125],
			"rotation": {"angle": 0, "axis": "y", "origin": [0.9375, 0, -0.25]},
			"faces": {
				"north": {"uv": [6.25, 9.625, 5.625, 11.125], "texture": "#vindicator"},
				"east": {"uv": [6.25, 9.625, 6.125, 11.125], "texture": "#vindicator"},
				"south": {"uv": [5.625, 9.625, 6.25, 11.125], "texture": "#vindicator"},
				"west": {"uv": [5.625, 9.625, 5.75, 11.125], "texture": "#vindicator"},
				"up": {"uv": [5.625, 9.75, 6.25, 9.625], "texture": "#vindicator"},
				"down": {"uv": [5.625, 11, 6.25, 11.125], "texture": "#vindicator"}
			}
		},
		{
			"name": "Box13",
			"from": [6.4375, 4.75, 7.875],
			"to": [6.6875, 6.125, 8.125],
			"rotation": {"angle": 0, "axis": "y", "origin": [0.9375, 0, -0.25]},
			"faces": {
				"north": {"uv": [5.75, 9.875, 5.5, 11.25], "texture": "#vindicator"},
				"east": {"uv": [5.75, 9.875, 5.625, 11.25], "texture": "#vindicator"},
				"south": {"uv": [5.5, 9.875, 5.75, 11.25], "texture": "#vindicator"},
				"west": {"uv": [5.5, 9.875, 5.625, 11.25], "texture": "#vindicator"},
				"up": {"uv": [5.5, 10, 5.75, 9.875], "texture": "#vindicator"},
				"down": {"uv": [5.5, 11.125, 5.75, 11.25], "texture": "#vindicator"}
			}
		},
		{
			"name": "Box13",
			"from": [6.3125, 4.5, 7.875],
			"to": [6.6875, 5.5, 8.125],
			"rotation": {"angle": 0, "axis": "y", "origin": [0.9375, 0, -0.25]},
			"faces": {
				"north": {"uv": [5.75, 10.5, 5.375, 11.5], "texture": "#vindicator"},
				"east": {"uv": [5.75, 10.5, 5.625, 11.5], "texture": "#vindicator"},
				"south": {"uv": [5.375, 10.5, 5.75, 11.5], "texture": "#vindicator"},
				"west": {"uv": [5.375, 10.5, 5.5, 11.5], "texture": "#vindicator"},
				"up": {"uv": [5.375, 10.625, 5.75, 10.5], "texture": "#vindicator"},
				"down": {"uv": [5.375, 11.375, 5.75, 11.5], "texture": "#vindicator"}
			}
		},
		{
			"name": "Box13",
			"from": [6.4375, 4.25, 7.875],
			"to": [6.8125, 4.5, 8.125],
			"rotation": {"angle": 0, "axis": "y", "origin": [0.9375, 0, -0.25]},
			"faces": {
				"north": {"uv": [5.875, 11.5, 5.5, 11.75], "texture": "#vindicator"},
				"east": {"uv": [5.875, 11.5, 5.75, 11.75], "texture": "#vindicator"},
				"south": {"uv": [5.5, 11.5, 5.875, 11.75], "texture": "#vindicator"},
				"west": {"uv": [5.5, 11.5, 5.625, 11.75], "texture": "#vindicator"},
				"up": {"uv": [5.5, 11.625, 5.875, 11.5], "texture": "#vindicator"},
				"down": {"uv": [5.5, 11.625, 5.875, 11.75], "texture": "#vindicator"}
			}
		},
		{
			"name": "Box13",
			"from": [6.5625, 4.125, 7.875],
			"to": [6.9375, 4.25, 8.125],
			"rotation": {"angle": 0, "axis": "y", "origin": [0.9375, 0, -0.25]},
			"faces": {
				"north": {"uv": [6, 11.75, 5.625, 11.875], "texture": "#vindicator"},
				"east": {"uv": [6, 11.75, 5.875, 11.875], "texture": "#vindicator"},
				"south": {"uv": [5.625, 11.75, 6, 11.875], "texture": "#vindicator"},
				"west": {"uv": [5.625, 11.75, 5.75, 11.875], "texture": "#vindicator"},
				"up": {"uv": [5.625, 11.875, 6, 11.75], "texture": "#vindicator"},
				"down": {"uv": [5.625, 11.75, 6, 11.875], "texture": "#vindicator"}
			}
		},
		{
			"name": "Box13",
			"from": [6.6875, 4, 7.875],
			"to": [7.0625, 4.125, 8.125],
			"rotation": {"angle": 0, "axis": "y", "origin": [0.9375, 0, -0.25]},
			"faces": {
				"north": {"uv": [6.125, 11.875, 5.75, 12], "texture": "#vindicator"},
				"east": {"uv": [6.125, 11.875, 6, 12], "texture": "#vindicator"},
				"south": {"uv": [5.75, 11.875, 6.125, 12], "texture": "#vindicator"},
				"west": {"uv": [5.75, 11.875, 5.875, 12], "texture": "#vindicator"},
				"up": {"uv": [5.75, 12, 6.125, 11.875], "texture": "#vindicator"},
				"down": {"uv": [5.75, 11.875, 6.125, 12], "texture": "#vindicator"}
			}
		},
		{
			"name": "Box13",
			"from": [6.9375, 3.875, 7.875],
			"to": [7.1875, 4, 8.125],
			"rotation": {"angle": 0, "axis": "y", "origin": [0.9375, 0, -0.25]},
			"faces": {
				"north": {"uv": [6.25, 12, 6, 12.125], "texture": "#vindicator"},
				"east": {"uv": [6.25, 12, 6.125, 12.125], "texture": "#vindicator"},
				"south": {"uv": [6, 12, 6.25, 12.125], "texture": "#vindicator"},
				"west": {"uv": [6, 12, 6.125, 12.125], "texture": "#vindicator"},
				"up": {"uv": [6, 12.125, 6.25, 12], "texture": "#vindicator"},
				"down": {"uv": [6, 12, 6.25, 12.125], "texture": "#vindicator"}
			}
		},
		{
			"name": "Box13",
			"from": [7.0625, 3.75, 7.875],
			"to": [7.3125, 3.875, 8.125],
			"rotation": {"angle": 0, "axis": "y", "origin": [0.9375, 0, -0.25]},
			"faces": {
				"north": {"uv": [6.375, 12.125, 6.125, 12.25], "texture": "#vindicator"},
				"east": {"uv": [6.375, 12.125, 6.25, 12.25], "texture": "#vindicator"},
				"south": {"uv": [6.125, 12.125, 6.375, 12.25], "texture": "#vindicator"},
				"west": {"uv": [6.125, 12.125, 6.25, 12.25], "texture": "#vindicator"},
				"up": {"uv": [6.125, 12.25, 6.375, 12.125], "texture": "#vindicator"},
				"down": {"uv": [6.125, 12.125, 6.375, 12.25], "texture": "#vindicator"}
			}
		},
		{
			"name": "Box13",
			"from": [7.1875, 3.625, 7.875],
			"to": [7.4375, 3.75, 8.125],
			"rotation": {"angle": 0, "axis": "y", "origin": [0.9375, 0, -0.25]},
			"faces": {
				"north": {"uv": [6.5, 12.25, 6.25, 12.375], "texture": "#vindicator"},
				"east": {"uv": [6.5, 12.25, 6.375, 12.375], "texture": "#vindicator"},
				"south": {"uv": [6.25, 12.25, 6.5, 12.375], "texture": "#vindicator"},
				"west": {"uv": [6.25, 12.25, 6.375, 12.375], "texture": "#vindicator"},
				"up": {"uv": [6.25, 12.375, 6.5, 12.25], "texture": "#vindicator"},
				"down": {"uv": [6.25, 12.25, 6.5, 12.375], "texture": "#vindicator"}
			}
		},
		{
			"name": "Box13",
			"from": [7.3125, 3.5, 7.875],
			"to": [7.5625, 3.625, 8.125],
			"rotation": {"angle": 0, "axis": "y", "origin": [0.9375, 0, -0.25]},
			"faces": {
				"north": {"uv": [6.625, 12.375, 6.375, 12.5], "texture": "#vindicator"},
				"east": {"uv": [6.625, 12.375, 6.5, 12.5], "texture": "#vindicator"},
				"south": {"uv": [6.375, 12.375, 6.625, 12.5], "texture": "#vindicator"},
				"west": {"uv": [6.375, 12.375, 6.5, 12.5], "texture": "#vindicator"},
				"up": {"uv": [6.375, 12.5, 6.625, 12.375], "texture": "#vindicator"},
				"down": {"uv": [6.375, 12.375, 6.625, 12.5], "texture": "#vindicator"}
			}
		},
		{
			"name": "Box31",
			"from": [8.8125, 2.125, 7.75],
			"to": [9.0625, 5.625, 8.25],
			"rotation": {"angle": 0, "axis": "y", "origin": [0.9375, 0, -0.25]},
			"faces": {
				"north": {"uv": [8.125, 10.375, 7.875, 13.875], "texture": "#vindicator"},
				"east": {"uv": [8.125, 10.375, 8, 13.875], "texture": "#vindicator"},
				"south": {"uv": [7.875, 10.375, 8.125, 13.875], "texture": "#vindicator"},
				"west": {"uv": [7.875, 10.375, 8, 13.875], "texture": "#vindicator"},
				"up": {"uv": [7.875, 10.5, 8.125, 10.375], "texture": "#vindicator"},
				"down": {"uv": [7.875, 13.75, 8.125, 13.875], "texture": "#vindicator"}
			}
		},
		{
			"name": "Box32",
			"from": [8.6875, 1.875, 7.75],
			"to": [9.1875, 2.125, 8.25],
			"rotation": {"angle": 0, "axis": "y", "origin": [0.9375, 0, -0.25]},
			"faces": {
				"north": {"uv": [8.25, 13.875, 7.75, 14.125], "texture": "#vindicator"},
				"east": {"uv": [8.25, 13.875, 8.125, 14.125], "texture": "#vindicator"},
				"south": {"uv": [7.75, 13.875, 8.25, 14.125], "texture": "#vindicator"},
				"west": {"uv": [7.75, 13.875, 7.875, 14.125], "texture": "#vindicator"},
				"up": {"uv": [7.75, 14, 8.25, 13.875], "texture": "#vindicator"},
				"down": {"uv": [7.75, 14, 8.25, 14.125], "texture": "#vindicator"}
			}
		},
		{
			"name": "Box13",
			"from": [7.1875, 5.75, 7.75],
			"to": [7.3125, 6.75, 8.25],
			"rotation": {"angle": 0, "axis": "y", "origin": [0.9375, 0, -0.25]},
			"faces": {
				"north": {"uv": [6.375, 9.25, 6.25, 10.25], "texture": "#vindicator"},
				"east": {"uv": [6.375, 9.25, 6.25, 10.25], "texture": "#vindicator"},
				"south": {"uv": [6.25, 9.25, 6.375, 10.25], "texture": "#vindicator"},
				"west": {"uv": [6.25, 9.25, 6.375, 10.25], "texture": "#vindicator"},
				"up": {"uv": [6.25, 9.375, 6.375, 9.25], "texture": "#vindicator"},
				"down": {"uv": [6.25, 10.125, 6.375, 10.25], "texture": "#vindicator"}
			}
		},
		{
			"name": "Box13",
			"from": [6.6875, 5.5, 7.8125],
			"to": [6.8125, 6.5, 8.1875],
			"rotation": {"angle": 0, "axis": "y", "origin": [0.9375, 0, -0.25]},
			"faces": {
				"north": {"uv": [5.875, 9.5, 5.75, 10.5], "texture": "#vindicator"},
				"east": {"uv": [5.875, 9.5, 5.75, 10.5], "texture": "#vindicator"},
				"south": {"uv": [5.75, 9.5, 5.875, 10.5], "texture": "#vindicator"},
				"west": {"uv": [5.75, 9.5, 5.875, 10.5], "texture": "#vindicator"},
				"up": {"uv": [5.75, 9.625, 5.875, 9.5], "texture": "#vindicator"},
				"down": {"uv": [5.75, 10.375, 5.875, 10.5], "texture": "#vindicator"}
			}
		},
		{
			"name": "Box13",
			"from": [6.5625, 5.625, 7.8125],
			"to": [6.6875, 6.375, 8.1875],
			"rotation": {"angle": 0, "axis": "y", "origin": [0.9375, 0, -0.25]},
			"faces": {
				"north": {"uv": [5.75, 9.625, 5.625, 10.375], "texture": "#vindicator"},
				"east": {"uv": [5.75, 9.625, 5.625, 10.375], "texture": "#vindicator"},
				"south": {"uv": [5.625, 9.625, 5.75, 10.375], "texture": "#vindicator"},
				"west": {"uv": [5.625, 9.625, 5.75, 10.375], "texture": "#vindicator"},
				"up": {"uv": [5.625, 9.75, 5.75, 9.625], "texture": "#vindicator"},
				"down": {"uv": [5.625, 10.25, 5.75, 10.375], "texture": "#vindicator"}
			}
		},
		{
			"name": "Box13",
			"from": [6.6875, 4.625, 7.875],
			"to": [7.0625, 4.875, 8.125],
			"rotation": {"angle": 0, "axis": "y", "origin": [0.9375, 0, -0.25]},
			"faces": {
				"north": {"uv": [6.125, 11.125, 5.75, 11.375], "texture": "#vindicator"},
				"east": {"uv": [6.125, 11.125, 6, 11.375], "texture": "#vindicator"},
				"south": {"uv": [5.75, 11.125, 6.125, 11.375], "texture": "#vindicator"},
				"west": {"uv": [5.75, 11.125, 5.875, 11.375], "texture": "#vindicator"},
				"up": {"uv": [5.75, 11.25, 6.125, 11.125], "texture": "#vindicator"},
				"down": {"uv": [5.75, 11.25, 6.125, 11.375], "texture": "#vindicator"}
			}
		},
		{
			"name": "Box13",
			"from": [6.6875, 4.25, 7.875],
			"to": [6.9375, 4.625, 8.125],
			"rotation": {"angle": 0, "axis": "y", "origin": [0.9375, 0, -0.25]},
			"faces": {
				"north": {"uv": [6, 11.375, 5.75, 11.75], "texture": "#vindicator"},
				"east": {"uv": [6, 11.375, 5.875, 11.75], "texture": "#vindicator"},
				"south": {"uv": [5.75, 11.375, 6, 11.75], "texture": "#vindicator"},
				"west": {"uv": [5.75, 11.375, 5.875, 11.75], "texture": "#vindicator"},
				"up": {"uv": [5.75, 11.5, 6, 11.375], "texture": "#vindicator"},
				"down": {"uv": [5.75, 11.625, 6, 11.75], "texture": "#vindicator"}
			}
		}
	],
	"gui_light": "front",
	"display": {
		"thirdperson_righthand": {
			"rotation": [0, -90, 0],
			"translation": [-0.1, 7, -1],
			"scale": [2.4, 2.4, 2.4]
		},
		"thirdperson_lefthand": {
			"rotation": [0, 90, 0],
			"translation": [-0.1, 7, -1],
			"scale": [2.4, 2.4, 2.4]
		},
		"firstperson_righthand": {
			"rotation": [0, -90, 0],
			"translation": [2.6, 12, -3.508],
			"scale": [2.8, 2.8, 2.8]
		},
		"firstperson_lefthand": {
			"rotation": [0, 90, 0],
			"translation": [2.6, 12, -3.508],
			"scale": [2.8, 2.8, 2.8]
		},
		"ground": {
			"rotation": [0, 0, 45],
			"translation": [-2.75, 1.5, -0.25]
		},
		"gui": {
			"rotation": [0, 0, -45],
			"translation": [5.05, 6.45, 0],
			"scale": [2.3, 2.3, 2.3]
		},
		"head": {
			"rotation": [0, 0, 45],
			"translation": [-4.75, 17.5, 0],
			"scale": [2, 2, 2]
		},
		"fixed": {
			"rotation": [0, 0, 90],
			"translation": [-14.5, 0.5, -0.75],
			"scale": [4, 4, 4]
		}
	}
}