{
	"credit": "105050 / 77093HWF9W8PQPG0S",
	"texture_size": [128, 128],
	"textures": {
		"0": "elitecreatures:mad_hatter_animated_weapon_set/madhatter_texture_01",
		"1": "elitecreatures:mad_hatter_animated_weapon_set/madhatter_animation_01",
		"2": "elitecreatures:mad_hatter_animated_weapon_set/madhatter_animation_02",
		"3": "elitecreatures:mad_hatter_animated_weapon_set/madhatter_animation_03",
		"4": "elitecreatures:mad_hatter_animated_weapon_set/madhatter_animation_04",
		"particle": "elitecreatures:mad_hatter_animated_weapon_set/madhatter_texture_01"
	},
	"elements": [
		{
			"from": [4, 13, 3.5],
			"to": [12, 15, 12.5],
			"rotation": {"angle": 0, "axis": "y", "origin": [0, 9, 16]},
			"faces": {
				"north": {"uv": [0.5, 3.25, 1.5, 3.5], "texture": "#0"},
				"east": {"uv": [0.5625, 3, 1.6875, 3.25], "texture": "#0"},
				"south": {"uv": [0, 1.125, 1, 1.375], "texture": "#0"},
				"west": {"uv": [0.5, 3.5, 1.625, 3.75], "texture": "#0"},
				"up": {"uv": [0, 0, 1, 1.125], "texture": "#0"},
				"down": {"uv": [0, 0, 1, 1.125], "texture": "#0"}
			}
		},
		{
			"from": [7.25, 3, 7.25],
			"to": [8.75, 10, 8.75],
			"rotation": {"angle": 0, "axis": "y", "origin": [8, 10.81499, 8]},
			"faces": {
				"north": {"uv": [0.5625, 3.875, 0.375, 4.75], "texture": "#0"},
				"east": {"uv": [0.5625, 3.875, 0.375, 4.75], "texture": "#0"},
				"south": {"uv": [0.5625, 3.875, 0.375, 4.75], "texture": "#0"},
				"west": {"uv": [0.5625, 3.875, 0.375, 4.75], "texture": "#0"},
				"up": {"uv": [2.25, 2.75, 2.4375, 2.5625], "texture": "#0"},
				"down": {"uv": [2.25, 2.75, 2.4375, 2.5625], "texture": "#0"}
			}
		},
		{
			"from": [4.75, 15, 4.1],
			"to": [11.25, 20, 10.1],
			"rotation": {"angle": 0, "axis": "y", "origin": [8, 22.85104, 9.60193]},
			"faces": {
				"north": {"uv": [1.8125, 0, 1, 0.625], "texture": "#0"},
				"east": {"uv": [2.5625, 0, 1.8125, 0.625], "texture": "#0"},
				"south": {"uv": [1.5625, 3.75, 0.75, 4.375], "texture": "#0"},
				"west": {"uv": [1.8125, 0, 2.5625, 0.625], "texture": "#0"},
				"up": {"uv": [1, 1.375, 1.8125, 0.625], "texture": "#0"},
				"down": {"uv": [1, 1.375, 1.8125, 0.625], "texture": "#0"}
			}
		},
		{
			"from": [8, 13.5, -0.5],
			"to": [8, 20.5, 6.5],
			"rotation": {"angle": -22.5, "axis": "x", "origin": [8, 17, 3]},
			"faces": {
				"north": {"uv": [0, 0, 14, 0], "rotation": 90, "texture": "#4"},
				"east": {"uv": [7, 14, 0, 7], "rotation": 180, "texture": "#4"},
				"south": {"uv": [0, 0, 14, 0], "rotation": 270, "texture": "#4"},
				"west": {"uv": [7, 14, 0, 7], "rotation": 180, "texture": "#4"},
				"up": {"uv": [0, 0, 14, 0], "rotation": 270, "texture": "#4"},
				"down": {"uv": [0, 0, 14, 0], "rotation": 270, "texture": "#4"}
			}
		},
		{
			"from": [8, 13.5, -0.5],
			"to": [8, 20.5, 6.5],
			"rotation": {"angle": 45, "axis": "x", "origin": [8, 17, 3]},
			"faces": {
				"north": {"uv": [0, 0, 14, 0], "rotation": 90, "texture": "#4"},
				"east": {"uv": [14, 14, 7, 7], "rotation": 270, "texture": "#4"},
				"south": {"uv": [0, 0, 14, 0], "rotation": 270, "texture": "#4"},
				"west": {"uv": [14, 14, 7, 7], "rotation": 270, "texture": "#4"},
				"up": {"uv": [0, 0, 14, 0], "rotation": 270, "texture": "#4"},
				"down": {"uv": [0, 0, 14, 0], "rotation": 270, "texture": "#4"}
			}
		},
		{
			"from": [8, 13.5, -0.5],
			"to": [8, 20.5, 6.5],
			"rotation": {"angle": 22.5, "axis": "x", "origin": [8, 17, 3]},
			"faces": {
				"north": {"uv": [0, 0, 14, 0], "rotation": 90, "texture": "#4"},
				"east": {"uv": [14, 7, 7, 0], "rotation": 270, "texture": "#4"},
				"south": {"uv": [0, 0, 14, 0], "rotation": 270, "texture": "#4"},
				"west": {"uv": [14, 7, 7, 0], "rotation": 270, "texture": "#4"},
				"up": {"uv": [0, 0, 14, 0], "rotation": 270, "texture": "#4"},
				"down": {"uv": [0, 0, 14, 0], "rotation": 270, "texture": "#4"}
			}
		},
		{
			"from": [8, 13.5, -0.5],
			"to": [8, 20.5, 6.5],
			"rotation": {"angle": 0, "axis": "y", "origin": [8, 17, 3]},
			"faces": {
				"north": {"uv": [0, 0, 14, 0], "rotation": 90, "texture": "#4"},
				"east": {"uv": [7, 7, 0, 0], "rotation": 270, "texture": "#4"},
				"south": {"uv": [0, 0, 14, 0], "rotation": 270, "texture": "#4"},
				"west": {"uv": [7, 7, 0, 0], "rotation": 270, "texture": "#4"},
				"up": {"uv": [0, 0, 14, 0], "rotation": 270, "texture": "#4"},
				"down": {"uv": [0, 0, 14, 0], "rotation": 270, "texture": "#4"}
			}
		},
		{
			"from": [8, -7.5, -0.5],
			"to": [8, -0.5, 6.5],
			"rotation": {"angle": 22.5, "axis": "x", "origin": [8, -4, 3]},
			"faces": {
				"north": {"uv": [14, 0, 0, 0], "rotation": 90, "texture": "#4"},
				"east": {"uv": [7, 7, 0, 14], "rotation": 180, "texture": "#4"},
				"south": {"uv": [14, 0, 0, 0], "rotation": 270, "texture": "#4"},
				"west": {"uv": [7, 7, 0, 14], "rotation": 180, "texture": "#4"},
				"up": {"uv": [14, 0, 0, 0], "rotation": 270, "texture": "#4"},
				"down": {"uv": [14, 0, 0, 0], "rotation": 270, "texture": "#4"}
			}
		},
		{
			"from": [8, -7.5, -0.5],
			"to": [8, -0.5, 6.5],
			"rotation": {"angle": -45, "axis": "x", "origin": [8, -4, 3]},
			"faces": {
				"north": {"uv": [14, 0, 0, 0], "rotation": 90, "texture": "#4"},
				"east": {"uv": [7, 14, 14, 7], "rotation": 270, "texture": "#4"},
				"south": {"uv": [14, 0, 0, 0], "rotation": 270, "texture": "#4"},
				"west": {"uv": [7, 14, 14, 7], "rotation": 270, "texture": "#4"},
				"up": {"uv": [14, 0, 0, 0], "rotation": 270, "texture": "#4"},
				"down": {"uv": [14, 0, 0, 0], "rotation": 270, "texture": "#4"}
			}
		},
		{
			"from": [8, -7.5, -0.5],
			"to": [8, -0.5, 6.5],
			"rotation": {"angle": -22.5, "axis": "x", "origin": [8, -4, 3]},
			"faces": {
				"north": {"uv": [14, 0, 0, 0], "rotation": 90, "texture": "#4"},
				"east": {"uv": [7, 7, 14, 0], "rotation": 270, "texture": "#4"},
				"south": {"uv": [14, 0, 0, 0], "rotation": 270, "texture": "#4"},
				"west": {"uv": [7, 7, 14, 0], "rotation": 270, "texture": "#4"},
				"up": {"uv": [14, 0, 0, 0], "rotation": 270, "texture": "#4"},
				"down": {"uv": [14, 0, 0, 0], "rotation": 270, "texture": "#4"}
			}
		},
		{
			"from": [8, -7.5, -0.5],
			"to": [8, -0.5, 6.5],
			"rotation": {"angle": 0, "axis": "y", "origin": [8, -4, 3]},
			"faces": {
				"north": {"uv": [14, 0, 0, 0], "rotation": 90, "texture": "#4"},
				"east": {"uv": [0, 7, 7, 0], "rotation": 270, "texture": "#4"},
				"south": {"uv": [14, 0, 0, 0], "rotation": 270, "texture": "#4"},
				"west": {"uv": [0, 7, 7, 0], "rotation": 270, "texture": "#4"},
				"up": {"uv": [14, 0, 0, 0], "rotation": 270, "texture": "#4"},
				"down": {"uv": [14, 0, 0, 0], "rotation": 270, "texture": "#4"}
			}
		},
		{
			"from": [5.5, 14.6624, 6.79016],
			"to": [10.5, 19.6624, 8.79016],
			"rotation": {"angle": -22.5, "axis": "x", "origin": [8, 22.85104, 9.60193]},
			"faces": {
				"north": {"uv": [3.1875, 0, 2.5625, 0.625], "texture": "#0"},
				"east": {"uv": [3.4375, 0, 3.1875, 0.625], "texture": "#0"},
				"south": {"uv": [3.1875, 0, 2.5625, 0.625], "texture": "#0"},
				"west": {"uv": [3.1875, 0, 3.4375, 0.625], "texture": "#0"},
				"up": {"uv": [1.125, 1.625, 1.75, 1.375], "texture": "#0"},
				"down": {"uv": [1.125, 1.625, 1.75, 1.375], "texture": "#0"}
			}
		},
		{
			"from": [5.75, 15.65155, 15.19654],
			"to": [10.25, 21.15155, 18.19654],
			"rotation": {"angle": -22.5, "axis": "x", "origin": [8, 19.45104, 12.30193]},
			"faces": {
				"north": {"uv": [1.6875, 1.625, 1.125, 2.3125], "texture": "#0"},
				"east": {"uv": [1.5, 2.3125, 1.125, 3], "texture": "#0"},
				"south": {"uv": [1.6875, 1.625, 1.125, 2.3125], "texture": "#0"},
				"west": {"uv": [1.125, 2.3125, 1.5, 3], "texture": "#0"},
				"up": {"uv": [0.5625, 3, 1.125, 2.625], "texture": "#0"},
				"down": {"uv": [0.5625, 3, 1.125, 2.625], "texture": "#0"}
			}
		},
		{
			"from": [5.5, 18.07185, 16.69604],
			"to": [10.5, 21.07185, 19.69604],
			"rotation": {"angle": 22.5, "axis": "x", "origin": [8, 19.45104, 12.30193]},
			"faces": {
				"north": {"uv": [2.25, 2.5625, 1.625, 2.9375], "texture": "#0"},
				"east": {"uv": [4.25, 1, 3.875, 1.375], "texture": "#0"},
				"south": {"uv": [3.125, 1.375, 2.5, 1.75], "texture": "#0"},
				"west": {"uv": [3.875, 1, 4.25, 1.375], "texture": "#0"},
				"up": {"uv": [3.25, 1.375, 3.875, 1], "texture": "#0"},
				"down": {"uv": [2.5, 1.75, 3.125, 1.375], "texture": "#0"}
			}
		},
		{
			"from": [5.85, 14.56663, 13.06159],
			"to": [10.15, 17.56663, 14.06159],
			"rotation": {"angle": -45, "axis": "x", "origin": [8, 19.45104, 12.30193]},
			"faces": {
				"north": {"uv": [2.25, 2.0625, 1.6875, 2.4375], "texture": "#0"},
				"east": {"uv": [1.625, 2.3125, 1.5, 2.6875], "texture": "#0"},
				"south": {"uv": [2.25, 2.0625, 1.6875, 2.4375], "texture": "#0"},
				"west": {"uv": [1.625, 2.3125, 1.5, 2.6875], "texture": "#0"},
				"up": {"uv": [1.6875, 2.5625, 2.25, 2.4375], "texture": "#0"},
				"down": {"uv": [1.6875, 2.5625, 2.25, 2.4375], "texture": "#0"}
			}
		},
		{
			"from": [5.85, 14.56663, 14.06159],
			"to": [10.15, 17.56663, 15.06159],
			"rotation": {"angle": -45, "axis": "x", "origin": [8, 19.45104, 12.30193]},
			"faces": {
				"north": {"uv": [2.25, 2.0625, 1.6875, 2.4375], "texture": "#0"},
				"east": {"uv": [1.625, 2.3125, 1.5, 2.6875], "texture": "#0"},
				"south": {"uv": [2.25, 2.0625, 1.6875, 2.4375], "texture": "#0"},
				"west": {"uv": [1.625, 2.3125, 1.5, 2.6875], "texture": "#0"},
				"up": {"uv": [1.6875, 2.5625, 2.25, 2.4375], "texture": "#0"},
				"down": {"uv": [1.6875, 2.5625, 2.25, 2.4375], "texture": "#0"}
			}
		},
		{
			"from": [5.85, 17.56663, 14.06159],
			"to": [10.15, 20.56663, 15.06159],
			"rotation": {"angle": -45, "axis": "x", "origin": [8, 19.45104, 12.30193]},
			"faces": {
				"north": {"uv": [2.25, 2.0625, 1.6875, 2.4375], "texture": "#0"},
				"east": {"uv": [1.625, 2.3125, 1.5, 2.6875], "texture": "#0"},
				"south": {"uv": [2.25, 2.0625, 1.6875, 2.4375], "texture": "#0"},
				"west": {"uv": [1.625, 2.3125, 1.5, 2.6875], "texture": "#0"},
				"up": {"uv": [1.6875, 2.5625, 2.25, 2.4375], "texture": "#0"},
				"down": {"uv": [1.6875, 2.5625, 2.25, 2.4375], "texture": "#0"}
			}
		},
		{
			"from": [5.85, 17.56663, 13.06159],
			"to": [10.15, 20.56663, 14.06159],
			"rotation": {"angle": -45, "axis": "x", "origin": [8, 19.45104, 12.30193]},
			"faces": {
				"north": {"uv": [2.25, 2.0625, 1.6875, 2.4375], "texture": "#0"},
				"east": {"uv": [1.625, 2.3125, 1.5, 2.6875], "texture": "#0"},
				"south": {"uv": [2.25, 2.0625, 1.6875, 2.4375], "texture": "#0"},
				"west": {"uv": [1.625, 2.3125, 1.5, 2.6875], "texture": "#0"},
				"up": {"uv": [1.6875, 2.5625, 2.25, 2.4375], "texture": "#0"},
				"down": {"uv": [1.6875, 2.5625, 2.25, 2.4375], "texture": "#0"}
			}
		},
		{
			"from": [4.5, 20.32385, 11.04718],
			"to": [11.5, 24.32385, 15.04718],
			"rotation": {"angle": 22.5, "axis": "x", "origin": [8, 21.45104, 11.30193]},
			"faces": {
				"north": {"uv": [6.125, 0.5, 5.25, 1], "texture": "#0"},
				"east": {"uv": [4.8125, 0, 4.3125, 0.5], "texture": "#0"},
				"south": {"uv": [4.3125, 0.5, 3.4375, 1], "texture": "#0"},
				"west": {"uv": [4.3125, 0, 4.8125, 0.5], "texture": "#0"},
				"up": {"uv": [3.4375, 0.5, 4.3125, 0], "texture": "#0"},
				"down": {"uv": [3.4375, 1, 4.3125, 0.5], "texture": "#0"}
			}
		},
		{
			"from": [5.65, 20.63766, 9.38175],
			"to": [10.35, 25.13766, 17.38175],
			"rotation": {"angle": -22.5, "axis": "x", "origin": [8, 21.45104, 11.30193]},
			"faces": {
				"north": {"uv": [0.5625, 2.625, 0, 3.1875], "texture": "#0"},
				"east": {"uv": [0, 2.625, 0.5625, 1.625], "rotation": 270, "texture": "#0"},
				"south": {"uv": [0.5625, 2.625, 0, 3.1875], "texture": "#0"},
				"west": {"uv": [0, 1.625, 0.5625, 2.625], "rotation": 270, "texture": "#0"},
				"up": {"uv": [0.5625, 2.625, 1.125, 1.625], "rotation": 180, "texture": "#0"},
				"down": {"uv": [0.5625, 2.625, 1.125, 1.625], "rotation": 180, "texture": "#0"}
			}
		},
		{
			"from": [5, 15.71152, 6.30986],
			"to": [11, 21.71152, 11.80986],
			"rotation": {"angle": 45, "axis": "x", "origin": [8, 20.45104, 10.30193]},
			"faces": {
				"north": {"uv": [3.25, 1.75, 2.5, 2.5], "texture": "#0"},
				"east": {"uv": [2.5, 0.625, 1.8125, 1.375], "texture": "#0"},
				"south": {"uv": [3.25, 0.625, 2.5, 1.375], "texture": "#0"},
				"west": {"uv": [1.8125, 0.625, 2.5, 1.375], "texture": "#0"},
				"up": {"uv": [1.75, 2.0625, 2.5, 1.375], "texture": "#0"},
				"down": {"uv": [1.75, 2.0625, 2.5, 1.375], "texture": "#0"}
			}
		},
		{
			"from": [6, 10.5, 6],
			"to": [10, 12, 10],
			"rotation": {"angle": 0, "axis": "y", "origin": [8, 12.125, 8]},
			"faces": {
				"north": {"uv": [0, 3.6875, 0.5, 3.875], "texture": "#0"},
				"east": {"uv": [0, 3.6875, 0.5, 3.875], "texture": "#0"},
				"south": {"uv": [0, 3.6875, 0.5, 3.875], "texture": "#0"},
				"west": {"uv": [0, 3.6875, 0.5, 3.875], "texture": "#0"},
				"up": {"uv": [0, 3.1875, 0.5, 3.6875], "texture": "#0"},
				"down": {"uv": [0, 3.1875, 0.5, 3.6875], "texture": "#0"}
			}
		},
		{
			"from": [7.5, 15.71152, 4.30986],
			"to": [8.5, 17.71152, 6.30986],
			"rotation": {"angle": 45, "axis": "x", "origin": [8, 20.45104, 10.30193]},
			"faces": {
				"north": {"uv": [1.625, 2.6875, 1.5, 2.9375], "texture": "#0"},
				"east": {"uv": [2.5, 2.3125, 2.25, 2.5625], "texture": "#0"},
				"south": {"uv": [1.625, 2.6875, 1.5, 2.9375], "texture": "#0"},
				"west": {"uv": [2.5, 2.3125, 2.25, 2.5625], "texture": "#0"},
				"up": {"uv": [1.5, 2.9375, 1.625, 2.6875], "texture": "#0"},
				"down": {"uv": [1.5, 2.9375, 1.625, 2.6875], "texture": "#0"}
			}
		},
		{
			"from": [7.5, 19.72436, 4.35524],
			"to": [8.5, 21.72436, 6.35524],
			"rotation": {"angle": 45, "axis": "x", "origin": [8, 20.45104, 10.30193]},
			"faces": {
				"north": {"uv": [3.375, 0.625, 3.25, 0.875], "texture": "#0"},
				"east": {"uv": [2.5, 2.0625, 2.25, 2.3125], "texture": "#0"},
				"south": {"uv": [3.375, 0.625, 3.25, 0.875], "texture": "#0"},
				"west": {"uv": [2.5, 2.0625, 2.25, 2.3125], "texture": "#0"},
				"up": {"uv": [3.25, 0.875, 3.375, 0.625], "texture": "#0"},
				"down": {"uv": [3.25, 0.875, 3.375, 0.625], "texture": "#0"}
			}
		},
		{
			"from": [7.5, 25.12252, 11.12776],
			"to": [8.5, 27.12252, 13.12776],
			"rotation": {"angle": -22.5, "axis": "x", "origin": [8, 21.45104, 11.30193]},
			"faces": {
				"north": {"uv": [1.625, 2.6875, 1.5, 2.9375], "texture": "#0"},
				"east": {"uv": [2.25, 2.5625, 2.5, 2.3125], "rotation": 90, "texture": "#0"},
				"south": {"uv": [1.625, 2.6875, 1.5, 2.9375], "rotation": 180, "texture": "#0"},
				"west": {"uv": [2.25, 2.5625, 2.5, 2.3125], "rotation": 270, "texture": "#0"},
				"up": {"uv": [1.5, 2.9375, 1.625, 2.6875], "texture": "#0"},
				"down": {"uv": [1.5, 2.9375, 1.625, 2.6875], "rotation": 180, "texture": "#0"}
			}
		},
		{
			"from": [7.5, 26.4, 13.9],
			"to": [8.5, 28.4, 15.9],
			"rotation": {"angle": 0, "axis": "y", "origin": [8, 21.45104, 11.30193]},
			"faces": {
				"north": {"uv": [3.375, 0.625, 3.25, 0.875], "texture": "#0"},
				"east": {"uv": [2.25, 2.3125, 2.5, 2.0625], "rotation": 90, "texture": "#0"},
				"south": {"uv": [3.375, 0.625, 3.25, 0.875], "rotation": 180, "texture": "#0"},
				"west": {"uv": [2.25, 2.3125, 2.5, 2.0625], "rotation": 270, "texture": "#0"},
				"up": {"uv": [3.25, 0.875, 3.375, 0.625], "texture": "#0"},
				"down": {"uv": [3.25, 0.875, 3.375, 0.625], "rotation": 180, "texture": "#0"}
			}
		},
		{
			"from": [7.5, 20.42252, 17.32776],
			"to": [8.5, 22.42252, 19.32776],
			"rotation": {"angle": -22.5, "axis": "x", "origin": [8, 21.45104, 11.30193]},
			"faces": {
				"north": {"uv": [1.625, 2.6875, 1.5, 2.9375], "rotation": 180, "texture": "#0"},
				"east": {"uv": [2.5, 2.3125, 2.25, 2.5625], "rotation": 180, "texture": "#0"},
				"south": {"uv": [1.625, 2.6875, 1.5, 2.9375], "rotation": 180, "texture": "#0"},
				"west": {"uv": [2.5, 2.3125, 2.25, 2.5625], "rotation": 180, "texture": "#0"},
				"up": {"uv": [1.5, 2.9375, 1.625, 2.6875], "texture": "#0"},
				"down": {"uv": [1.5, 2.9375, 1.625, 2.6875], "texture": "#0"}
			}
		},
		{
			"from": [7, 9, 7],
			"to": [9, 13, 9],
			"rotation": {"angle": 0, "axis": "y", "origin": [8, 12.125, 8]},
			"faces": {
				"north": {"uv": [4.3125, 0.5, 4.5625, 1], "texture": "#0"},
				"east": {"uv": [4.3125, 0.5, 4.5625, 1], "texture": "#0"},
				"south": {"uv": [4.3125, 0.5, 4.5625, 1], "texture": "#0"},
				"west": {"uv": [4.3125, 0.5, 4.5625, 1], "texture": "#0"},
				"up": {"uv": [4.3125, 1, 4.5625, 1.25], "texture": "#0"},
				"down": {"uv": [4.3125, 1, 4.5625, 1.25], "texture": "#0"}
			}
		},
		{
			"from": [4, -2, 3.5],
			"to": [12, 0, 12.5],
			"rotation": {"angle": 0, "axis": "y", "origin": [0, 4, 16]},
			"faces": {
				"north": {"uv": [0.5, 3.5, 1.5, 3.25], "texture": "#0"},
				"east": {"uv": [0.5625, 3.25, 1.6875, 3], "texture": "#0"},
				"south": {"uv": [0, 1.375, 1, 1.125], "texture": "#0"},
				"west": {"uv": [0.5, 3.75, 1.625, 3.5], "texture": "#0"},
				"up": {"uv": [0, 1.125, 1, 0], "texture": "#0"},
				"down": {"uv": [0, 1.125, 1, 0], "texture": "#0"}
			}
		},
		{
			"from": [7.5, -9.42252, 17.32776],
			"to": [8.5, -7.42252, 19.32776],
			"rotation": {"angle": 22.5, "axis": "x", "origin": [8, -8.45104, 11.30193]},
			"faces": {
				"north": {"uv": [1.625, 2.9375, 1.5, 2.6875], "rotation": 180, "texture": "#0"},
				"east": {"uv": [2.5, 2.5625, 2.25, 2.3125], "rotation": 180, "texture": "#0"},
				"south": {"uv": [1.625, 2.9375, 1.5, 2.6875], "rotation": 180, "texture": "#0"},
				"west": {"uv": [2.5, 2.5625, 2.25, 2.3125], "rotation": 180, "texture": "#0"},
				"up": {"uv": [1.5, 2.6875, 1.625, 2.9375], "texture": "#0"},
				"down": {"uv": [1.5, 2.6875, 1.625, 2.9375], "texture": "#0"}
			}
		},
		{
			"from": [7.5, -15.4, 13.9],
			"to": [8.5, -13.4, 15.9],
			"rotation": {"angle": 0, "axis": "y", "origin": [8, -8.45104, 11.30193]},
			"faces": {
				"north": {"uv": [3.375, 0.875, 3.25, 0.625], "texture": "#0"},
				"east": {"uv": [2.5, 2.3125, 2.25, 2.0625], "rotation": 90, "texture": "#0"},
				"south": {"uv": [3.375, 0.875, 3.25, 0.625], "rotation": 180, "texture": "#0"},
				"west": {"uv": [2.5, 2.3125, 2.25, 2.0625], "rotation": 270, "texture": "#0"},
				"up": {"uv": [3.25, 0.625, 3.375, 0.875], "rotation": 180, "texture": "#0"},
				"down": {"uv": [3.25, 0.625, 3.375, 0.875], "texture": "#0"}
			}
		},
		{
			"from": [7.5, -14.12252, 11.12776],
			"to": [8.5, -12.12252, 13.12776],
			"rotation": {"angle": 22.5, "axis": "x", "origin": [8, -8.45104, 11.30193]},
			"faces": {
				"north": {"uv": [1.625, 2.9375, 1.5, 2.6875], "texture": "#0"},
				"east": {"uv": [2.5, 2.5625, 2.25, 2.3125], "rotation": 90, "texture": "#0"},
				"south": {"uv": [1.625, 2.9375, 1.5, 2.6875], "rotation": 180, "texture": "#0"},
				"west": {"uv": [2.5, 2.5625, 2.25, 2.3125], "rotation": 270, "texture": "#0"},
				"up": {"uv": [1.5, 2.6875, 1.625, 2.9375], "rotation": 180, "texture": "#0"},
				"down": {"uv": [1.5, 2.6875, 1.625, 2.9375], "texture": "#0"}
			}
		},
		{
			"from": [7.5, -8.72436, 4.35524],
			"to": [8.5, -6.72436, 6.35524],
			"rotation": {"angle": -45, "axis": "x", "origin": [8, -7.45104, 10.30193]},
			"faces": {
				"north": {"uv": [3.375, 0.875, 3.25, 0.625], "texture": "#0"},
				"east": {"uv": [2.5, 2.3125, 2.25, 2.0625], "texture": "#0"},
				"south": {"uv": [3.375, 0.875, 3.25, 0.625], "texture": "#0"},
				"west": {"uv": [2.5, 2.3125, 2.25, 2.0625], "texture": "#0"},
				"up": {"uv": [3.25, 0.625, 3.375, 0.875], "texture": "#0"},
				"down": {"uv": [3.25, 0.625, 3.375, 0.875], "texture": "#0"}
			}
		},
		{
			"from": [7.5, -4.71152, 4.30986],
			"to": [8.5, -2.71152, 6.30986],
			"rotation": {"angle": -45, "axis": "x", "origin": [8, -7.45104, 10.30193]},
			"faces": {
				"north": {"uv": [1.625, 2.9375, 1.5, 2.6875], "texture": "#0"},
				"east": {"uv": [2.5, 2.5625, 2.25, 2.3125], "texture": "#0"},
				"south": {"uv": [1.625, 2.9375, 1.5, 2.6875], "texture": "#0"},
				"west": {"uv": [2.5, 2.5625, 2.25, 2.3125], "texture": "#0"},
				"up": {"uv": [1.5, 2.6875, 1.625, 2.9375], "texture": "#0"},
				"down": {"uv": [1.5, 2.6875, 1.625, 2.9375], "texture": "#0"}
			}
		},
		{
			"from": [5, -8.71152, 6.30986],
			"to": [11, -2.71152, 11.80986],
			"rotation": {"angle": -45, "axis": "x", "origin": [8, -7.45104, 10.30193]},
			"faces": {
				"north": {"uv": [3.25, 2.5, 2.5, 1.75], "texture": "#0"},
				"east": {"uv": [2.5, 1.375, 1.8125, 0.625], "texture": "#0"},
				"south": {"uv": [3.25, 1.375, 2.5, 0.625], "texture": "#0"},
				"west": {"uv": [1.8125, 1.375, 2.5, 0.625], "texture": "#0"},
				"up": {"uv": [1.75, 1.375, 2.5, 2.0625], "texture": "#0"},
				"down": {"uv": [1.75, 1.375, 2.5, 2.0625], "texture": "#0"}
			}
		},
		{
			"from": [5.65, -12.13766, 9.38175],
			"to": [10.35, -7.63766, 17.38175],
			"rotation": {"angle": 22.5, "axis": "x", "origin": [8, -8.45104, 11.30193]},
			"faces": {
				"north": {"uv": [0.5625, 3.1875, 0, 2.625], "texture": "#0"},
				"east": {"uv": [0.5625, 2.625, 0, 1.625], "rotation": 270, "texture": "#0"},
				"south": {"uv": [0.5625, 3.1875, 0, 2.625], "texture": "#0"},
				"west": {"uv": [0.5625, 1.625, 0, 2.625], "rotation": 270, "texture": "#0"},
				"up": {"uv": [0.5625, 1.625, 1.125, 2.625], "rotation": 180, "texture": "#0"},
				"down": {"uv": [0.5625, 1.625, 1.125, 2.625], "rotation": 180, "texture": "#0"}
			}
		},
		{
			"from": [4.5, -11.32385, 11.04718],
			"to": [11.5, -7.32385, 15.04718],
			"rotation": {"angle": -22.5, "axis": "x", "origin": [8, -8.45104, 11.30193]},
			"faces": {
				"north": {"uv": [6.125, 1, 5.25, 0.5], "texture": "#0"},
				"east": {"uv": [4.8125, 0.5, 4.3125, 0], "texture": "#0"},
				"south": {"uv": [4.3125, 1, 3.4375, 0.5], "texture": "#0"},
				"west": {"uv": [4.3125, 0.5, 4.8125, 0], "texture": "#0"},
				"up": {"uv": [3.4375, 0.5, 4.3125, 1], "texture": "#0"},
				"down": {"uv": [3.4375, 0, 4.3125, 0.5], "texture": "#0"}
			}
		},
		{
			"from": [5.85, -4.56663, 13.06159],
			"to": [10.15, -1.56663, 14.06159],
			"rotation": {"angle": 45, "axis": "x", "origin": [8, -6.45104, 12.30193]},
			"faces": {
				"north": {"uv": [2.25, 2.4375, 1.6875, 2.0625], "texture": "#0"},
				"east": {"uv": [1.625, 2.6875, 1.5, 2.3125], "texture": "#0"},
				"south": {"uv": [2.25, 2.4375, 1.6875, 2.0625], "texture": "#0"},
				"west": {"uv": [1.625, 2.6875, 1.5, 2.3125], "texture": "#0"},
				"up": {"uv": [1.6875, 2.4375, 2.25, 2.5625], "texture": "#0"},
				"down": {"uv": [1.6875, 2.4375, 2.25, 2.5625], "texture": "#0"}
			}
		},
		{
			"from": [5.75, -8.15155, 15.19654],
			"to": [10.25, -2.65155, 18.19654],
			"rotation": {"angle": 22.5, "axis": "x", "origin": [8, -6.45104, 12.30193]},
			"faces": {
				"north": {"uv": [1.6875, 2.3125, 1.125, 1.625], "texture": "#0"},
				"east": {"uv": [1.5, 3, 1.125, 2.3125], "texture": "#0"},
				"south": {"uv": [1.6875, 2.3125, 1.125, 1.625], "texture": "#0"},
				"west": {"uv": [1.125, 3, 1.5, 2.3125], "texture": "#0"},
				"up": {"uv": [0.5625, 2.625, 1.125, 3], "texture": "#0"},
				"down": {"uv": [0.5625, 2.625, 1.125, 3], "texture": "#0"}
			}
		},
		{
			"from": [7.5, -5, 2.1],
			"to": [8.5, -3, 4.1],
			"rotation": {"angle": 0, "axis": "y", "origin": [8, -9.85104, 9.60193]},
			"faces": {
				"north": {"uv": [3.375, 0.875, 3.25, 0.625], "texture": "#0"},
				"east": {"uv": [2.5, 2.3125, 2.25, 2.0625], "texture": "#0"},
				"south": {"uv": [3.375, 0.875, 3.25, 0.625], "texture": "#0"},
				"west": {"uv": [2.5, 2.3125, 2.25, 2.0625], "texture": "#0"},
				"up": {"uv": [3.25, 0.625, 3.375, 0.875], "texture": "#0"},
				"down": {"uv": [3.25, 0.625, 3.375, 0.875], "texture": "#0"}
			}
		},
		{
			"from": [7.5, 16, 2.1],
			"to": [8.5, 18, 4.1],
			"rotation": {"angle": 0, "axis": "y", "origin": [8, 25.85104, 9.60193]},
			"faces": {
				"north": {"uv": [3.375, 0.625, 3.25, 0.875], "texture": "#0"},
				"east": {"uv": [2.5, 2.0625, 2.25, 2.3125], "texture": "#0"},
				"south": {"uv": [3.375, 0.625, 3.25, 0.875], "texture": "#0"},
				"west": {"uv": [2.5, 2.0625, 2.25, 2.3125], "texture": "#0"},
				"up": {"uv": [3.25, 0.875, 3.375, 0.625], "texture": "#0"},
				"down": {"uv": [3.25, 0.875, 3.375, 0.625], "texture": "#0"}
			}
		},
		{
			"from": [5.5, -8.07185, 16.69604],
			"to": [10.5, -5.07185, 19.69604],
			"rotation": {"angle": -22.5, "axis": "x", "origin": [8, -6.45104, 12.30193]},
			"faces": {
				"north": {"uv": [2.25, 2.9375, 1.625, 2.5625], "texture": "#0"},
				"east": {"uv": [4.25, 1.375, 3.875, 1], "texture": "#0"},
				"south": {"uv": [3.125, 1.75, 2.5, 1.375], "texture": "#0"},
				"west": {"uv": [3.875, 1.375, 4.25, 1], "texture": "#0"},
				"up": {"uv": [2.5, 1.375, 3.125, 1.75], "texture": "#0"},
				"down": {"uv": [3.25, 1, 3.875, 1.375], "texture": "#0"}
			}
		},
		{
			"from": [4.75, -7, 4.1],
			"to": [11.25, -2, 10.1],
			"rotation": {"angle": 0, "axis": "y", "origin": [8, -9.85104, 9.60193]},
			"faces": {
				"north": {"uv": [1.8125, 0.625, 1, 0], "texture": "#0"},
				"east": {"uv": [2.5625, 0.625, 1.8125, 0], "texture": "#0"},
				"south": {"uv": [1.5625, 4.375, 0.75, 3.75], "texture": "#0"},
				"west": {"uv": [1.8125, 0.625, 2.5625, 0], "texture": "#0"},
				"up": {"uv": [1, 0.625, 1.8125, 1.375], "texture": "#0"},
				"down": {"uv": [1, 0.625, 1.8125, 1.375], "texture": "#0"}
			}
		},
		{
			"from": [5.5, -6.6624, 6.79016],
			"to": [10.5, -1.6624, 8.79016],
			"rotation": {"angle": 22.5, "axis": "x", "origin": [8, -9.85104, 9.60193]},
			"faces": {
				"north": {"uv": [3.1875, 0.625, 2.5625, 0], "texture": "#0"},
				"east": {"uv": [3.4375, 0.625, 3.1875, 0], "texture": "#0"},
				"south": {"uv": [3.1875, 0.625, 2.5625, 0], "texture": "#0"},
				"west": {"uv": [3.1875, 0.625, 3.4375, 0], "texture": "#0"},
				"up": {"uv": [1.125, 1.375, 1.75, 1.625], "texture": "#0"},
				"down": {"uv": [1.125, 1.375, 1.75, 1.625], "texture": "#0"}
			}
		},
		{
			"from": [5.85, -4.56663, 14.06159],
			"to": [10.15, -1.56663, 15.06159],
			"rotation": {"angle": 45, "axis": "x", "origin": [8, -6.45104, 12.30193]},
			"faces": {
				"north": {"uv": [2.25, 2.4375, 1.6875, 2.0625], "texture": "#0"},
				"east": {"uv": [1.625, 2.6875, 1.5, 2.3125], "texture": "#0"},
				"south": {"uv": [2.25, 2.4375, 1.6875, 2.0625], "texture": "#0"},
				"west": {"uv": [1.625, 2.6875, 1.5, 2.3125], "texture": "#0"},
				"up": {"uv": [1.6875, 2.4375, 2.25, 2.5625], "texture": "#0"},
				"down": {"uv": [1.6875, 2.4375, 2.25, 2.5625], "texture": "#0"}
			}
		},
		{
			"from": [5.85, -7.56663, 13.06159],
			"to": [10.15, -4.56663, 14.06159],
			"rotation": {"angle": 45, "axis": "x", "origin": [8, -6.45104, 12.30193]},
			"faces": {
				"north": {"uv": [2.25, 2.4375, 1.6875, 2.0625], "texture": "#0"},
				"east": {"uv": [1.625, 2.6875, 1.5, 2.3125], "texture": "#0"},
				"south": {"uv": [2.25, 2.4375, 1.6875, 2.0625], "texture": "#0"},
				"west": {"uv": [1.625, 2.6875, 1.5, 2.3125], "texture": "#0"},
				"up": {"uv": [1.6875, 2.4375, 2.25, 2.5625], "texture": "#0"},
				"down": {"uv": [1.6875, 2.4375, 2.25, 2.5625], "texture": "#0"}
			}
		},
		{
			"from": [5.85, -7.56663, 14.06159],
			"to": [10.15, -4.56663, 15.06159],
			"rotation": {"angle": 45, "axis": "x", "origin": [8, -6.45104, 12.30193]},
			"faces": {
				"north": {"uv": [2.25, 2.4375, 1.6875, 2.0625], "texture": "#0"},
				"east": {"uv": [1.625, 2.6875, 1.5, 2.3125], "texture": "#0"},
				"south": {"uv": [2.25, 2.4375, 1.6875, 2.0625], "texture": "#0"},
				"west": {"uv": [1.625, 2.6875, 1.5, 2.3125], "texture": "#0"},
				"up": {"uv": [1.6875, 2.4375, 2.25, 2.5625], "texture": "#0"},
				"down": {"uv": [1.6875, 2.4375, 2.25, 2.5625], "texture": "#0"}
			}
		},
		{
			"from": [7, 0, 7],
			"to": [9, 4, 9],
			"rotation": {"angle": 0, "axis": "y", "origin": [0, 7, 16]},
			"faces": {
				"north": {"uv": [4.3125, 1, 4.5625, 0.5], "texture": "#0"},
				"east": {"uv": [4.3125, 1, 4.5625, 0.5], "texture": "#0"},
				"south": {"uv": [4.3125, 1, 4.5625, 0.5], "texture": "#0"},
				"west": {"uv": [4.3125, 1, 4.5625, 0.5], "texture": "#0"},
				"up": {"uv": [4.3125, 1.25, 4.5625, 1], "texture": "#0"},
				"down": {"uv": [4.3125, 1.25, 4.5625, 1], "texture": "#0"}
			}
		},
		{
			"from": [7.75, 6.5, 18],
			"to": [8.25, 16, 18.5],
			"rotation": {"angle": 0, "axis": "y", "origin": [8, 19, 12.15]},
			"faces": {
				"north": {"uv": [6.25, 0.4375, 6.3125, 1.625], "texture": "#0"},
				"east": {"uv": [6.25, 0.4375, 6.3125, 1.625], "texture": "#0"},
				"south": {"uv": [6.25, 0.4375, 6.3125, 1.625], "texture": "#0"},
				"west": {"uv": [6.25, 0.4375, 6.3125, 1.625], "texture": "#0"},
				"up": {"uv": [6.25, 0.4375, 6.3125, 0.5], "texture": "#0"},
				"down": {"uv": [6.25, 0.4375, 6.3125, 0.5], "texture": "#0"}
			}
		},
		{
			"from": [7.75, -3, 18],
			"to": [8.25, 6.5, 18.5],
			"rotation": {"angle": 0, "axis": "y", "origin": [8, -3, 12.15]},
			"faces": {
				"north": {"uv": [6.25, 1.625, 6.3125, 0.4375], "texture": "#0"},
				"east": {"uv": [6.25, 1.625, 6.3125, 0.4375], "texture": "#0"},
				"south": {"uv": [6.25, 1.625, 6.3125, 0.4375], "texture": "#0"},
				"west": {"uv": [6.25, 1.625, 6.3125, 0.4375], "texture": "#0"},
				"up": {"uv": [6.25, 0.5, 6.3125, 0.4375], "texture": "#0"},
				"down": {"uv": [6.25, 0.5, 6.3125, 0.4375], "texture": "#0"}
			}
		},
		{
			"from": [6, 1, 6],
			"to": [10, 2.5, 10],
			"rotation": {"angle": 0, "axis": "y", "origin": [0, 7, 16]},
			"faces": {
				"north": {"uv": [0, 3.875, 0.5, 3.6875], "texture": "#0"},
				"east": {"uv": [0, 3.875, 0.5, 3.6875], "texture": "#0"},
				"south": {"uv": [0, 3.875, 0.5, 3.6875], "texture": "#0"},
				"west": {"uv": [0, 3.875, 0.5, 3.6875], "texture": "#0"},
				"up": {"uv": [0, 3.6875, 0.5, 3.1875], "texture": "#0"},
				"down": {"uv": [0, 3.6875, 0.5, 3.1875], "texture": "#0"}
			}
		},
		{
			"from": [4.9, 19.5, 0.98219],
			"to": [11.1, 21, 6.98219],
			"rotation": {"angle": -22.5, "axis": "x", "origin": [8.01781, 22.13746, 4.3]},
			"faces": {
				"north": {"uv": [3.25, 2.125, 4, 2.3125], "texture": "#0"},
				"east": {"uv": [3.25, 2.125, 4, 2.3125], "texture": "#0"},
				"south": {"uv": [3.25, 2.125, 4, 2.3125], "texture": "#0"},
				"west": {"uv": [3.25, 2.125, 4, 2.3125], "texture": "#0"},
				"up": {"uv": [3.25, 1.375, 4, 2.125], "rotation": 90, "texture": "#0"},
				"down": {"uv": [3.25, 1.375, 4, 2.125], "rotation": 270, "texture": "#0"}
			}
		},
		{
			"from": [5.5, 21, 1.48219],
			"to": [10.5, 26.5, 6.48219],
			"rotation": {"angle": -22.5, "axis": "x", "origin": [8.01781, 22.13746, 4.3]},
			"faces": {
				"north": {"uv": [4, 1.375, 4.625, 2.0625], "texture": "#0"},
				"east": {"uv": [4, 1.375, 4.625, 2.0625], "texture": "#0"},
				"south": {"uv": [4, 1.375, 4.625, 2.0625], "texture": "#0"},
				"west": {"uv": [4, 1.375, 4.625, 2.0625], "texture": "#0"},
				"up": {"uv": [4, 2.0625, 4.625, 2.6875], "rotation": 90, "texture": "#0"},
				"down": {"uv": [4, 2.0625, 4.625, 2.6875], "rotation": 270, "texture": "#0"}
			}
		},
		{
			"from": [5.31781, 21, 1.48219],
			"to": [5.31781, 23, 6.48219],
			"rotation": {"angle": -22.5, "axis": "x", "origin": [8.01781, 22.13746, 4.3]},
			"faces": {
				"north": {"uv": [4.625, 1.375, 4, 2.0625], "texture": "#0"},
				"east": {"uv": [4.625, 1.8125, 4, 2.0625], "texture": "#0"},
				"south": {"uv": [4.625, 1.375, 4, 2.0625], "texture": "#0"},
				"west": {"uv": [4.625, 1.8125, 4, 2.0625], "texture": "#0"},
				"up": {"uv": [4, 2.6875, 4.625, 2.0625], "rotation": 90, "texture": "#0"},
				"down": {"uv": [4, 2.6875, 4.625, 2.0625], "rotation": 270, "texture": "#0"}
			}
		},
		{
			"from": [5.41781, 22.50287, 2.62131],
			"to": [5.41781, 25.50287, 5.12131],
			"rotation": {"angle": 0, "axis": "y", "origin": [8.01781, 22.13746, 4.3]},
			"faces": {
				"north": {"uv": [4.625, 1.375, 4, 2.0625], "texture": "#0"},
				"east": {"uv": [2.375, 3.8125, 2.0625, 4.1875], "texture": "#0"},
				"south": {"uv": [4.625, 1.375, 4, 2.0625], "texture": "#0"},
				"west": {"uv": [2.375, 3.8125, 2.0625, 4.1875], "texture": "#0"},
				"up": {"uv": [4, 2.6875, 4.625, 2.0625], "rotation": 90, "texture": "#0"},
				"down": {"uv": [4, 2.6875, 4.625, 2.0625], "rotation": 270, "texture": "#0"}
			}
		},
		{
			"from": [5.31781, 22.50287, 2.62131],
			"to": [5.31781, 25.50287, 5.12131],
			"rotation": {"angle": 0, "axis": "y", "origin": [8.01781, 22.13746, 4.3]},
			"faces": {
				"north": {"uv": [4.625, 1.375, 4, 2.0625], "texture": "#0"},
				"east": {"uv": [2.5, 3.0625, 3.125, 3.875], "texture": "#0"},
				"south": {"uv": [4.625, 1.375, 4, 2.0625], "texture": "#0"},
				"west": {"uv": [3.125, 3.0625, 2.5, 3.875], "texture": "#0"},
				"up": {"uv": [4, 2.6875, 4.625, 2.0625], "rotation": 90, "texture": "#0"},
				"down": {"uv": [4, 2.6875, 4.625, 2.0625], "rotation": 270, "texture": "#0"}
			}
		},
		{
			"from": [10.68219, 22.50287, 2.62131],
			"to": [10.68219, 25.50287, 5.12131],
			"rotation": {"angle": 0, "axis": "y", "origin": [7.98219, 22.13746, 4.3]},
			"faces": {
				"north": {"uv": [4, 1.375, 4.625, 2.0625], "texture": "#0"},
				"east": {"uv": [2.5, 3.0625, 3.125, 3.875], "texture": "#0"},
				"south": {"uv": [4, 1.375, 4.625, 2.0625], "texture": "#0"},
				"west": {"uv": [3.125, 3.0625, 2.5, 3.875], "texture": "#0"},
				"up": {"uv": [4, 2.0625, 4.625, 2.6875], "rotation": 90, "texture": "#0"},
				"down": {"uv": [4, 2.0625, 4.625, 2.6875], "rotation": 270, "texture": "#0"}
			}
		},
		{
			"from": [10.68219, 21, 1.48219],
			"to": [10.68219, 23, 6.48219],
			"rotation": {"angle": -22.5, "axis": "x", "origin": [7.98219, 22.13746, 4.3]},
			"faces": {
				"north": {"uv": [4, 1.375, 4.625, 2.0625], "texture": "#0"},
				"east": {"uv": [4, 1.8125, 4.625, 2.0625], "texture": "#0"},
				"south": {"uv": [4, 1.375, 4.625, 2.0625], "texture": "#0"},
				"west": {"uv": [4, 1.8125, 4.625, 2.0625], "texture": "#0"},
				"up": {"uv": [4, 2.0625, 4.625, 2.6875], "rotation": 90, "texture": "#0"},
				"down": {"uv": [4, 2.0625, 4.625, 2.6875], "rotation": 270, "texture": "#0"}
			}
		},
		{
			"from": [10.58219, 22.50287, 2.62131],
			"to": [10.58219, 25.50287, 5.12131],
			"rotation": {"angle": 0, "axis": "y", "origin": [7.98219, 22.13746, 4.3]},
			"faces": {
				"north": {"uv": [4, 1.375, 4.625, 2.0625], "texture": "#0"},
				"east": {"uv": [2.0625, 3.8125, 2.375, 4.1875], "texture": "#0"},
				"south": {"uv": [4, 1.375, 4.625, 2.0625], "texture": "#0"},
				"west": {"uv": [2.0625, 3.8125, 2.375, 4.1875], "texture": "#0"},
				"up": {"uv": [4, 2.0625, 4.625, 2.6875], "rotation": 90, "texture": "#0"},
				"down": {"uv": [4, 2.0625, 4.625, 2.6875], "rotation": 270, "texture": "#0"}
			}
		},
		{
			"from": [1.25, 12.5, 1.25],
			"to": [14.75, 12.5, 14.75],
			"rotation": {"angle": 0, "axis": "y", "origin": [8, 10.81499, 8]},
			"faces": {
				"north": {"uv": [0, 0, 5.75, 0], "texture": "#1"},
				"east": {"uv": [0, 0, 5.75, 0], "texture": "#1"},
				"south": {"uv": [0, 0, 5.75, 0], "texture": "#1"},
				"west": {"uv": [0, 0, 5.75, 0], "texture": "#1"},
				"up": {"uv": [6.75, 6.75, 0, 0], "texture": "#1"},
				"down": {"uv": [6.75, 6.75, 0, 0], "texture": "#1"}
			}
		},
		{
			"from": [1.25, 12.5, 1.25],
			"to": [14.75, 12.5, 14.75],
			"rotation": {"angle": -22.5, "axis": "y", "origin": [8, 10.81499, 8]},
			"faces": {
				"north": {"uv": [0, 0, 5.75, 0], "texture": "#1"},
				"east": {"uv": [0, 0, 5.75, 0], "texture": "#1"},
				"south": {"uv": [0, 0, 5.75, 0], "texture": "#1"},
				"west": {"uv": [0, 0, 5.75, 0], "texture": "#1"},
				"up": {"uv": [13.5, 6.75, 6.75, 0], "texture": "#1"},
				"down": {"uv": [13.5, 6.75, 6.75, 0], "texture": "#1"}
			}
		},
		{
			"from": [1.25, 12.5, 1.25],
			"to": [14.75, 12.5, 14.75],
			"rotation": {"angle": -45, "axis": "y", "origin": [8, 10.81499, 8]},
			"faces": {
				"north": {"uv": [0, 0, 5.75, 0], "texture": "#1"},
				"east": {"uv": [0, 0, 5.75, 0], "texture": "#1"},
				"south": {"uv": [0, 0, 5.75, 0], "texture": "#1"},
				"west": {"uv": [0, 0, 5.75, 0], "texture": "#1"},
				"up": {"uv": [13.5, 13.5, 6.75, 6.75], "texture": "#1"},
				"down": {"uv": [13.5, 13.5, 6.75, 6.75], "texture": "#1"}
			}
		},
		{
			"from": [1.25, 12.5, 1.25],
			"to": [14.75, 12.5, 14.75],
			"rotation": {"angle": 22.5, "axis": "y", "origin": [8, 10.81499, 8]},
			"faces": {
				"north": {"uv": [0, 0, 5.75, 0], "texture": "#1"},
				"east": {"uv": [0, 0, 5.75, 0], "texture": "#1"},
				"south": {"uv": [0, 0, 5.75, 0], "texture": "#1"},
				"west": {"uv": [0, 0, 5.75, 0], "texture": "#1"},
				"up": {"uv": [6.75, 13.5, 0, 6.75], "rotation": 270, "texture": "#1"},
				"down": {"uv": [6.75, 13.5, 0, 6.75], "rotation": 270, "texture": "#1"}
			}
		},
		{
			"from": [1.25, 0.5, 1.25],
			"to": [14.75, 0.5, 14.75],
			"rotation": {"angle": 0, "axis": "y", "origin": [8, -1.18501, 8]},
			"faces": {
				"north": {"uv": [0, 0, 5.75, 0], "texture": "#1"},
				"east": {"uv": [0, 0, 5.75, 0], "texture": "#1"},
				"south": {"uv": [0, 0, 5.75, 0], "texture": "#1"},
				"west": {"uv": [0, 0, 5.75, 0], "texture": "#1"},
				"up": {"uv": [6.75, 6.75, 0, 0], "texture": "#1"},
				"down": {"uv": [6.75, 6.75, 0, 0], "texture": "#1"}
			}
		},
		{
			"from": [1.25, 0.5, 1.25],
			"to": [14.75, 0.5, 14.75],
			"rotation": {"angle": -22.5, "axis": "y", "origin": [8, -1.18501, 8]},
			"faces": {
				"north": {"uv": [0, 0, 5.75, 0], "texture": "#1"},
				"east": {"uv": [0, 0, 5.75, 0], "texture": "#1"},
				"south": {"uv": [0, 0, 5.75, 0], "texture": "#1"},
				"west": {"uv": [0, 0, 5.75, 0], "texture": "#1"},
				"up": {"uv": [13.5, 6.75, 6.75, 0], "texture": "#1"},
				"down": {"uv": [13.5, 6.75, 6.75, 0], "texture": "#1"}
			}
		},
		{
			"from": [1.25, 0.5, 1.25],
			"to": [14.75, 0.5, 14.75],
			"rotation": {"angle": -45, "axis": "y", "origin": [8, -1.18501, 8]},
			"faces": {
				"north": {"uv": [0, 0, 5.75, 0], "texture": "#1"},
				"east": {"uv": [0, 0, 5.75, 0], "texture": "#1"},
				"south": {"uv": [0, 0, 5.75, 0], "texture": "#1"},
				"west": {"uv": [0, 0, 5.75, 0], "texture": "#1"},
				"up": {"uv": [13.5, 13.5, 6.75, 6.75], "texture": "#1"},
				"down": {"uv": [13.5, 13.5, 6.75, 6.75], "texture": "#1"}
			}
		},
		{
			"from": [1.25, 0.5, 1.25],
			"to": [14.75, 0.5, 14.75],
			"rotation": {"angle": 22.5, "axis": "y", "origin": [8, -1.18501, 8]},
			"faces": {
				"north": {"uv": [0, 0, 5.75, 0], "texture": "#1"},
				"east": {"uv": [0, 0, 5.75, 0], "texture": "#1"},
				"south": {"uv": [0, 0, 5.75, 0], "texture": "#1"},
				"west": {"uv": [0, 0, 5.75, 0], "texture": "#1"},
				"up": {"uv": [6.75, 13.5, 0, 6.75], "rotation": 270, "texture": "#1"},
				"down": {"uv": [6.75, 13.5, 0, 6.75], "rotation": 270, "texture": "#1"}
			}
		},
		{
			"from": [8, 1.3, 2],
			"to": [8, 11.8, 18],
			"rotation": {"angle": 45, "axis": "z", "origin": [8, 6.425, 2.25]},
			"faces": {
				"north": {"uv": [4.5, 0.8125, 4.5, 1.625], "texture": "#0"},
				"east": {"uv": [14.0625, 0.9375, 12.0625, 2], "texture": "#0"},
				"south": {"uv": [4.5, 0.8125, 4.5, 1.625], "texture": "#0"},
				"west": {"uv": [12.0625, 0.9375, 14.0625, 2], "texture": "#0"},
				"up": {"uv": [4.5, 0.8125, 6.5, 0.8125], "rotation": 90, "texture": "#0"},
				"down": {"uv": [4.5, 0.8125, 6.5, 0.8125], "rotation": 270, "texture": "#0"}
			}
		},
		{
			"from": [8, 7.3, -13.25],
			"to": [8, 12.8, -8.75],
			"rotation": {"angle": 0, "axis": "y", "origin": [8, 16.12627, 2.56668]},
			"faces": {
				"north": {"uv": [0, 0, 0, 1.375], "texture": "#2"},
				"east": {"uv": [9, 0, 0, 11], "texture": "#2"},
				"south": {"uv": [0, 0, 0, 1.375], "texture": "#2"},
				"west": {"uv": [0, 0, 9, 11], "texture": "#2"},
				"up": {"uv": [0, 1.125, 0, 0], "texture": "#2"},
				"down": {"uv": [0, 0, 0, 1.125], "texture": "#2"}
			}
		},
		{
			"from": [4, 16, 5.75],
			"to": [4, 21.5, 10.25],
			"rotation": {"angle": 0, "axis": "y", "origin": [12, 24.75, 6.25]},
			"faces": {
				"north": {"uv": [0, 0, 0, 22], "texture": "#3"},
				"east": {"uv": [0, 0, 9, 11], "texture": "#3"},
				"south": {"uv": [0, 0, 0, 22], "texture": "#3"},
				"west": {"uv": [9, 0, 0, 11], "texture": "#3"},
				"up": {"uv": [0, 18, 0, 0], "texture": "#3"},
				"down": {"uv": [0, 0, 0, 18], "texture": "#3"}
			}
		},
		{
			"from": [12, 16, 5.75],
			"to": [12, 21.5, 10.25],
			"rotation": {"angle": 0, "axis": "y", "origin": [4, 24.75, 6.25]},
			"faces": {
				"north": {"uv": [0, 0, 0, 22], "texture": "#3"},
				"east": {"uv": [0, 0, 9, 11], "texture": "#3"},
				"south": {"uv": [0, 0, 0, 22], "texture": "#3"},
				"west": {"uv": [9, 0, 0, 11], "texture": "#3"},
				"up": {"uv": [0, 18, 0, 0], "texture": "#3"},
				"down": {"uv": [0, 0, 0, 18], "texture": "#3"}
			}
		},
		{
			"from": [8, 2.8, -13],
			"to": [8, 9.8, 2],
			"rotation": {"angle": 45, "axis": "z", "origin": [8, 6.425, 2.25]},
			"faces": {
				"north": {"uv": [1.6875, 1.625, 1.125, 2.3125], "texture": "#0"},
				"east": {"uv": [12.25, 0, 10.375, 0.875], "texture": "#0"},
				"south": {"uv": [1.6875, 1.625, 1.125, 2.3125], "texture": "#0"},
				"west": {"uv": [10.375, 0, 12.25, 0.875], "texture": "#0"},
				"up": {"uv": [0.5625, 3, 1.125, 2.625], "texture": "#0"},
				"down": {"uv": [0.5625, 3, 1.125, 2.625], "texture": "#0"}
			}
		},
		{
			"from": [8, 2.8, -13],
			"to": [8, 9.8, 2],
			"rotation": {"angle": -45, "axis": "z", "origin": [8, 6.425, 2.25]},
			"faces": {
				"north": {"uv": [1.6875, 1.625, 1.125, 2.3125], "texture": "#0"},
				"east": {"uv": [12.25, 0, 10.375, 0.875], "texture": "#0"},
				"south": {"uv": [1.6875, 1.625, 1.125, 2.3125], "texture": "#0"},
				"west": {"uv": [10.375, 0, 12.25, 0.875], "texture": "#0"},
				"up": {"uv": [0.5625, 3, 1.125, 2.625], "texture": "#0"},
				"down": {"uv": [0.5625, 3, 1.125, 2.625], "texture": "#0"}
			}
		},
		{
			"from": [8, 1.3, 2],
			"to": [8, 11.8, 18],
			"rotation": {"angle": -45, "axis": "z", "origin": [8, 6.425, 2.25]},
			"faces": {
				"north": {"uv": [4.5, 0.8125, 4.5, 1.625], "texture": "#0"},
				"east": {"uv": [14.0625, 0.9375, 12.0625, 2], "texture": "#0"},
				"south": {"uv": [4.5, 0.8125, 4.5, 1.625], "texture": "#0"},
				"west": {"uv": [12.0625, 0.9375, 14.0625, 2], "texture": "#0"},
				"up": {"uv": [4.5, 0.8125, 6.5, 0.8125], "rotation": 90, "texture": "#0"},
				"down": {"uv": [4.5, 0.8125, 6.5, 0.8125], "rotation": 270, "texture": "#0"}
			}
		}
	],
	"gui_light": "front",
	"display": {
		"thirdperson_righthand": {
			"translation": [0, -1, 1.25],
			"scale": [0.65, 0.65, 0.65]
		},
		"thirdperson_lefthand": {
			"translation": [0, -1, 1.25],
			"scale": [0.65, 0.65, 0.65]
		},
		"firstperson_righthand": {
			"rotation": [12, 0, 0],
			"translation": [2.25, 5, 1],
			"scale": [0.26602, 0.26602, 0.26602]
		},
		"firstperson_lefthand": {
			"rotation": [12, 0, 0],
			"translation": [2.25, 5, 1],
			"scale": [0.26602, 0.26602, 0.26602]
		},
		"ground": {
			"rotation": [45, 0, 0],
			"translation": [0, 9, 0],
			"scale": [0.45, 0.45, 0.45]
		},
		"gui": {
			"rotation": [90, 45, -90],
			"translation": [-0.75, 0.75, -1.5],
			"scale": [0.38477, 0.38477, 0.38477]
		},
		"head": {
			"scale": [0, 0, 0]
		},
		"fixed": {
			"rotation": [0, -90, 0],
			"translation": [0, 1.75, -5.25],
			"scale": [1.3, 1.3, 1.3]
		}
	},
	"groups": [
		0,
		1,
		{
			"name": "group",
			"origin": [8, -12, 8],
			"color": 0,
			"children": []
		},
		{
			"name": "group",
			"origin": [8, 5.81499, 8],
			"color": 0,
			"children": []
		},
		2,
		{
			"name": "group",
			"origin": [8, -12, 8],
			"color": 0,
			"children": [3, 4, 5, 6, 7, 8, 9, 10]
		},
		11,
		12,
		13,
		14,
		15,
		16,
		17,
		18,
		19,
		20,
		21,
		22,
		23,
		24,
		25,
		26,
		27,
		28,
		29,
		30,
		31,
		32,
		33,
		34,
		35,
		36,
		37,
		38,
		39,
		40,
		41,
		42,
		43,
		44,
		45,
		46,
		47,
		48,
		49,
		50,
		{
			"name": "group",
			"origin": [8.31781, 26.13746, 4],
			"color": 0,
			"children": []
		},
		{
			"name": "group",
			"origin": [7.75, 8.5, -7.65],
			"color": 0,
			"children": [51, 52, 53, 54, 55, 56, 57, 58]
		},
		{
			"name": "group",
			"origin": [8, 5.81499, 8],
			"color": 0,
			"children": [59, 60, 61, 62]
		},
		{
			"name": "group",
			"origin": [8, 5.81499, 8],
			"color": 0,
			"children": [63, 64, 65, 66]
		},
		67,
		68,
		69,
		70,
		71,
		72,
		73
	]
}