{"credit":"MadewithBlockbench","texture_size":[128,128],"textures":{"0":"elitecreatures:mad_hatter_animated_weapon_set/madhatter_texture_01","1":"elitecreatures:mad_hatter_animated_weapon_set/madhatter_animation_01","4":"elitecreatures:mad_hatter_animated_weapon_set/madhatter_animation_04","particle":"elitecreatures:mad_hatter_animated_weapon_set/madhatter_texture_01"},"elements":[{"from":[10.79398,-0.25692,7.50193],"to":[12.79398,1.74308,8.50193],"rotation":{"angle":0,"axis":"y","origin":[6.96594,7.06942,8]},"faces":{"north":{"uv":[2.25,2.3125,2.5,2.5625],"texture":"#0"},"east":{"uv":[1.625,2.6875,1.5,2.9375],"texture":"#0"},"south":{"uv":[2.5,2.3125,2.25,2.5625],"texture":"#0"},"west":{"uv":[1.625,2.6875,1.5,2.9375],"texture":"#0"},"up":{"uv":[1.5,2.9375,1.625,2.6875],"rotation":90,"texture":"#0"},"down":{"uv":[1.5,2.9375,1.625,2.6875],"rotation":270,"texture":"#0"}}},{"from":[5.29398,-0.25692,5.00193],"to":[10.79398,5.74308,11.00193],"rotation":{"angle":0,"axis":"y","origin":[6.96594,7.06942,8]},"faces":{"north":{"uv":[1.8125,0.625,2.5,1.375],"texture":"#0"},"east":{"uv":[3.25,1.75,2.5,2.5],"texture":"#0"},"south":{"uv":[2.5,0.625,1.8125,1.375],"texture":"#0"},"west":{"uv":[3.25,0.625,2.5,1.375],"texture":"#0"},"up":{"uv":[1.75,2.0625,2.5,1.375],"rotation":90,"texture":"#0"},"down":{"uv":[1.75,2.0625,2.5,1.375],"rotation":270,"texture":"#0"}}},{"from":[10.74859,3.75592,7.50193],"to":[12.74859,5.75592,8.50193],"rotation":{"angle":0,"axis":"y","origin":[6.96594,7.06942,8]},"faces":{"north":{"uv":[2.25,2.0625,2.5,2.3125],"texture":"#0"},"east":{"uv":[3.375,0.625,3.25,0.875],"texture":"#0"},"south":{"uv":[2.5,2.0625,2.25,2.3125],"texture":"#0"},"west":{"uv":[3.375,0.625,3.25,0.875],"texture":"#0"},"up":{"uv":[3.25,0.875,3.375,0.625],"rotation":90,"texture":"#0"},"down":{"uv":[3.25,0.875,3.375,0.625],"rotation":270,"texture":"#0"}}},{"from":[3.74859,5.4,11],"to":[5.74859,7.4,12],"rotation":{"angle":0,"axis":"y","origin":[6.96594,7.06942,8]},"faces":{"north":{"uv":[2.25,2.0625,2.5,2.3125],"texture":"#0"},"east":{"uv":[3.375,0.625,3.25,0.875],"texture":"#0"},"south":{"uv":[2.5,2.0625,2.25,2.3125],"texture":"#0"},"west":{"uv":[3.375,0.625,3.25,0.875],"texture":"#0"},"up":{"uv":[3.25,0.875,3.375,0.625],"rotation":90,"texture":"#0"},"down":{"uv":[3.25,0.875,3.375,0.625],"rotation":270,"texture":"#0"}}},{"from":[3.79398,1.5,11],"to":[5.79398,3.5,12],"rotation":{"angle":0,"axis":"y","origin":[6.96594,7.06942,8]},"faces":{"north":{"uv":[2.25,2.3125,2.5,2.5625],"texture":"#0"},"east":{"uv":[1.625,2.6875,1.5,2.9375],"texture":"#0"},"south":{"uv":[2.5,2.3125,2.25,2.5625],"texture":"#0"},"west":{"uv":[1.625,2.6875,1.5,2.9375],"texture":"#0"},"up":{"uv":[1.5,2.9375,1.625,2.6875],"rotation":90,"texture":"#0"},"down":{"uv":[1.5,2.9375,1.625,2.6875],"rotation":270,"texture":"#0"}}},{"from":[3.79398,1.5,4],"to":[5.79398,3.5,5],"rotation":{"angle":0,"axis":"y","origin":[6.96594,7.06942,8]},"faces":{"north":{"uv":[2.25,2.3125,2.5,2.5625],"texture":"#0"},"east":{"uv":[1.5,2.6875,1.625,2.9375],"texture":"#0"},"south":{"uv":[2.5,2.3125,2.25,2.5625],"texture":"#0"},"west":{"uv":[1.5,2.6875,1.625,2.9375],"texture":"#0"},"up":{"uv":[1.625,2.9375,1.5,2.6875],"rotation":90,"texture":"#0"},"down":{"uv":[1.625,2.9375,1.5,2.6875],"rotation":270,"texture":"#0"}}},{"from":[3.74859,5.4,4],"to":[5.74859,7.4,5],"rotation":{"angle":0,"axis":"y","origin":[6.96594,7.06942,8]},"faces":{"north":{"uv":[2.25,2.0625,2.5,2.3125],"texture":"#0"},"east":{"uv":[3.25,0.625,3.375,0.875],"texture":"#0"},"south":{"uv":[2.5,2.0625,2.25,2.3125],"texture":"#0"},"west":{"uv":[3.25,0.625,3.375,0.875],"texture":"#0"},"up":{"uv":[3.375,0.875,3.25,0.625],"rotation":90,"texture":"#0"},"down":{"uv":[3.375,0.875,3.25,0.625],"rotation":270,"texture":"#0"}}},{"from":[5.33133,4.77579,5.65193],"to":[9.83133,10.77579,10.35193],"rotation":{"angle":22.5,"axis":"z","origin":[6.96594,7.06942,8]},"faces":{"north":{"uv":[0,1.875,0.5625,2.625],"rotation":180,"texture":"#0"},"east":{"uv":[0.5625,2.625,1.15,1.875],"texture":"#0"},"south":{"uv":[0.5625,1.875,0,2.625],"rotation":180,"texture":"#0"},"west":{"uv":[0.5625,2.625,1.15,1.875],"texture":"#0"},"up":{"uv":[0.5875,2.625,0,3.1875],"rotation":90,"texture":"#0"},"down":{"uv":[0.5875,2.625,0,3.1875],"rotation":90,"texture":"#0"}}},{"from":[4,5.82317,4.50193],"to":[8,9.82317,11.50193],"rotation":{"angle":0,"axis":"y","origin":[6.96594,7.06942,8]},"faces":{"north":{"uv":[4.3125,0,4.8125,0.5],"rotation":270,"texture":"#0"},"east":{"uv":[3.4375,0.5,4.3125,0],"rotation":180,"texture":"#0"},"south":{"uv":[4.8125,0,4.3125,0.5],"rotation":90,"texture":"#0"},"west":{"uv":[3.4375,1,4.3125,0.5],"texture":"#0"},"up":{"uv":[4.3125,0.5,3.4375,1],"rotation":90,"texture":"#0"},"down":{"uv":[6.125,0.5,5.25,1],"rotation":90,"texture":"#0"}}},{"from":[9.81619,5.5218,7.50193],"to":[11.81619,7.5218,8.50193],"rotation":{"angle":22.5,"axis":"z","origin":[6.96594,7.06942,8]},"faces":{"north":{"uv":[2.5,2.5625,2.25,2.3125],"rotation":180,"texture":"#0"},"east":{"uv":[1.5,2.9375,1.625,2.6875],"rotation":180,"texture":"#0"},"south":{"uv":[2.25,2.5625,2.5,2.3125],"rotation":180,"texture":"#0"},"west":{"uv":[1.5,2.9375,1.625,2.6875],"rotation":180,"texture":"#0"},"up":{"uv":[1.625,2.6875,1.5,2.9375],"rotation":270,"texture":"#0"},"down":{"uv":[1.625,2.6875,1.5,2.9375],"rotation":90,"texture":"#0"}}},{"from":[0.81011,8.63889,5.75193],"to":[6.31011,11.63889,10.25193],"rotation":{"angle":-22.5,"axis":"z","origin":[6.96594,7.06942,8]},"faces":{"north":{"uv":[1.125,2.3125,1.5,3],"rotation":270,"texture":"#0"},"east":{"uv":[0.5625,3,1.125,2.625],"rotation":180,"texture":"#0"},"south":{"uv":[1.5,2.3125,1.125,3],"rotation":90,"texture":"#0"},"west":{"uv":[0.5625,3,1.125,2.625],"texture":"#0"},"up":{"uv":[1.6875,1.625,1.125,2.3125],"rotation":90,"texture":"#0"},"down":{"uv":[1.6875,1.625,1.125,2.3125],"rotation":90,"texture":"#0"}}},{"from":[2.98356,12.19269,5.50193],"to":[5.98356,15.19269,10.50193],"rotation":{"angle":22.5,"axis":"z","origin":[6.96594,7.06942,8]},"faces":{"north":{"uv":[4.25,1.375,3.875,1],"rotation":90,"texture":"#0"},"east":{"uv":[3.875,1,3.25,1.375],"texture":"#0"},"south":{"uv":[3.875,1.375,4.25,1],"rotation":270,"texture":"#0"},"west":{"uv":[3.125,1.375,2.5,1.75],"rotation":180,"texture":"#0"},"up":{"uv":[2.5,1.75,3.125,1.375],"rotation":270,"texture":"#0"},"down":{"uv":[1.625,2.9375,2.25,2.5625],"rotation":270,"texture":"#0"}}},{"from":[0.41166,6.10308,5.85193],"to":[3.41166,7.10308,10.15193],"rotation":{"angle":-45,"axis":"z","origin":[6.96594,7.06942,8]},"faces":{"north":{"uv":[1.625,2.3125,1.5,2.6875],"rotation":270,"texture":"#0"},"east":{"uv":[1.6875,2.5625,2.25,2.4375],"rotation":180,"texture":"#0"},"south":{"uv":[1.625,2.3125,1.5,2.6875],"rotation":90,"texture":"#0"},"west":{"uv":[1.6875,2.5625,2.25,2.4375],"texture":"#0"},"up":{"uv":[2.25,2.0625,1.6875,2.4375],"rotation":90,"texture":"#0"},"down":{"uv":[2.25,2.0625,1.6875,2.4375],"rotation":90,"texture":"#0"}}},{"from":[5.96292,-0.1908,3.5],"to":[13.96292,1.8092,12.5],"rotation":{"angle":-22.5,"axis":"z","origin":[6.96594,7.06942,8]},"faces":{"north":{"uv":[0.5,3.5,1.5,3.25],"texture":"#0"},"east":{"uv":[0.5625,3.25,1.6875,3],"texture":"#0"},"south":{"uv":[0,1.375,1,1.125],"texture":"#0"},"west":{"uv":[0.5,3.75,1.625,3.5],"texture":"#0"},"up":{"uv":[1,0,0,1.125],"rotation":180,"texture":"#0"},"down":{"uv":[1,0,0,1.125],"rotation":180,"texture":"#0"}}},{"from":[3.7817,0,9.9385],"to":[5.7817,6,10.9385],"rotation":{"angle":22.5,"axis":"y","origin":[6.96594,7.06942,8]},"faces":{"north":{"uv":[0,5.625,0.25,6.375],"texture":"#0"},"east":{"uv":[0.375,5.625,0.5,6.375],"texture":"#0"},"south":{"uv":[0,5.625,0.25,6.375],"texture":"#0"},"west":{"uv":[0.375,5.625,0.5,6.375],"texture":"#0"},"up":{"uv":[1.6875,4,1.5625,3.75],"rotation":90,"texture":"#0"},"down":{"uv":[1.6875,4,1.5625,3.75],"rotation":270,"texture":"#0"}}},{"from":[3.7817,0,5.0615],"to":[5.7817,6,6.0615],"rotation":{"angle":-22.5,"axis":"y","origin":[6.96594,7.06942,8]},"faces":{"north":{"uv":[0.25,5.625,0,6.375],"texture":"#0"},"east":{"uv":[0.5,5.625,0.375,6.375],"texture":"#0"},"south":{"uv":[0.25,5.625,0,6.375],"texture":"#0"},"west":{"uv":[0.5,5.625,0.375,6.375],"texture":"#0"},"up":{"uv":[1.5625,4,1.6875,3.75],"rotation":90,"texture":"#0"},"down":{"uv":[1.5625,4,1.6875,3.75],"rotation":270,"texture":"#0"}}},{"from":[5,7.5,8],"to":[10,20.5,8],"rotation":{"angle":0,"axis":"y","origin":[6.96594,7.06942,8]},"faces":{"north":{"uv":[13.3125,6.4375,13.9375,8.0625],"texture":"#0"},"east":{"uv":[4.3125,0.5,4.5625,0.625],"texture":"#0"},"south":{"uv":[13.9375,6.4375,13.3125,8.0625],"texture":"#0"},"west":{"uv":[4.3125,0.5,4.5625,0.625],"texture":"#0"},"up":{"uv":[4.3125,1,4.5625,1.25],"rotation":90,"texture":"#0"},"down":{"uv":[4.3125,1,4.5625,1.25],"rotation":270,"texture":"#0"}}},{"from":[5,7.54647,7.2664],"to":[10,20.54647,7.2664],"rotation":{"angle":-22.5,"axis":"x","origin":[6.96594,7.06942,8]},"faces":{"north":{"uv":[13.3125,6.4375,13.9375,8.0625],"texture":"#0"},"east":{"uv":[4.3125,0.5,4.5625,0.625],"texture":"#0"},"south":{"uv":[13.9375,6.4375,13.3125,8.0625],"texture":"#0"},"west":{"uv":[4.3125,0.5,4.5625,0.625],"texture":"#0"},"up":{"uv":[4.3125,1,4.5625,1.25],"rotation":90,"texture":"#0"},"down":{"uv":[4.3125,1,4.5625,1.25],"rotation":270,"texture":"#0"}}},{"from":[5,7.54647,8.7336],"to":[10,20.54647,8.7336],"rotation":{"angle":22.5,"axis":"x","origin":[6.96594,7.06942,8]},"faces":{"north":{"uv":[13.3125,6.4375,13.9375,8.0625],"texture":"#0"},"east":{"uv":[4.5625,0.5,4.3125,0.625],"texture":"#0"},"south":{"uv":[13.9375,6.4375,13.3125,8.0625],"texture":"#0"},"west":{"uv":[4.5625,0.5,4.3125,0.625],"texture":"#0"},"up":{"uv":[4.5625,1,4.3125,1.25],"rotation":90,"texture":"#0"},"down":{"uv":[4.5625,1,4.3125,1.25],"rotation":270,"texture":"#0"}}},{"from":[3.5,-6.5,5.48219],"to":[8.5,-1,10.48219],"rotation":{"angle":-45,"axis":"z","origin":[8,-3.25,7.98219]},"faces":{"north":{"uv":[4,2.0625,4.625,1.375],"texture":"#0"},"east":{"uv":[4,2.0625,4.625,1.375],"texture":"#0"},"south":{"uv":[4,2.0625,4.625,1.375],"texture":"#0"},"west":{"uv":[4,2.0625,4.625,1.375],"texture":"#0"},"up":{"uv":[4.625,2.0625,4,2.6875],"rotation":270,"texture":"#0"},"down":{"uv":[4.625,2.0625,4,2.6875],"rotation":90,"texture":"#0"}}},{"from":[3.25,-8.03501,8],"to":[16.75,5.46499,8],"rotation":{"angle":0,"axis":"y","origin":[10,-1.28501,9.7]},"faces":{"north":{"uv":[6.75,6.75,0,0],"rotation":270,"texture":"#1"},"east":{"uv":[0,0,5.75,0],"rotation":90,"texture":"#1"},"south":{"uv":[6.75,6.75,0,0],"rotation":270,"texture":"#1"},"west":{"uv":[0,0,5.75,0],"rotation":270,"texture":"#1"},"up":{"uv":[0,0,5.75,0],"texture":"#1"},"down":{"uv":[0,0,5.75,0],"rotation":180,"texture":"#1"}}},{"from":[3.25,-8.03501,8],"to":[16.75,5.46499,8],"rotation":{"angle":22.5,"axis":"z","origin":[10,-1.28501,9.7]},"faces":{"north":{"uv":[13.5,6.75,6.75,0],"rotation":270,"texture":"#1"},"east":{"uv":[0,0,5.75,0],"rotation":90,"texture":"#1"},"south":{"uv":[13.5,6.75,6.75,0],"rotation":270,"texture":"#1"},"west":{"uv":[0,0,5.75,0],"rotation":270,"texture":"#1"},"up":{"uv":[0,0,5.75,0],"texture":"#1"},"down":{"uv":[0,0,5.75,0],"rotation":180,"texture":"#1"}}},{"from":[3.25,-8.03501,8],"to":[16.75,5.46499,8],"rotation":{"angle":45,"axis":"z","origin":[10,-1.28501,9.7]},"faces":{"north":{"uv":[13.5,13.5,6.75,6.75],"rotation":270,"texture":"#1"},"east":{"uv":[0,0,5.75,0],"rotation":90,"texture":"#1"},"south":{"uv":[13.5,13.5,6.75,6.75],"rotation":270,"texture":"#1"},"west":{"uv":[0,0,5.75,0],"rotation":270,"texture":"#1"},"up":{"uv":[0,0,5.75,0],"texture":"#1"},"down":{"uv":[0,0,5.75,0],"rotation":180,"texture":"#1"}}},{"from":[3.25,-8.03501,8],"to":[16.75,5.46499,8],"rotation":{"angle":-22.5,"axis":"z","origin":[10,-1.28501,9.7]},"faces":{"north":{"uv":[6.75,13.5,0,6.75],"rotation":180,"texture":"#1"},"east":{"uv":[0,0,5.75,0],"rotation":90,"texture":"#1"},"south":{"uv":[6.75,13.5,0,6.75],"rotation":180,"texture":"#1"},"west":{"uv":[0,0,5.75,0],"rotation":270,"texture":"#1"},"up":{"uv":[0,0,5.75,0],"texture":"#1"},"down":{"uv":[0,0,5.75,0],"rotation":180,"texture":"#1"}}},{"from":[6.7,1,7],"to":[13.7,8,7],"rotation":{"angle":-22.5,"axis":"z","origin":[10.2,4.5,7]},"faces":{"north":{"uv":[7,14,0,7],"rotation":270,"texture":"#4"},"east":{"uv":[0,0,14,0],"rotation":90,"texture":"#4"},"south":{"uv":[7,14,0,7],"rotation":90,"texture":"#4"},"west":{"uv":[0,0,14,0],"rotation":270,"texture":"#4"},"up":{"uv":[0,0,14,0],"texture":"#4"},"down":{"uv":[0,0,14,0],"rotation":180,"texture":"#4"}}},{"from":[6.7,1,7],"to":[13.7,8,7],"rotation":{"angle":45,"axis":"z","origin":[10.2,4.5,7]},"faces":{"north":{"uv":[14,14,7,7],"texture":"#4"},"east":{"uv":[0,0,14,0],"rotation":90,"texture":"#4"},"south":{"uv":[14,14,7,7],"rotation":180,"texture":"#4"},"west":{"uv":[0,0,14,0],"rotation":270,"texture":"#4"},"up":{"uv":[0,0,14,0],"texture":"#4"},"down":{"uv":[0,0,14,0],"rotation":180,"texture":"#4"}}},{"from":[6.7,1,7],"to":[13.7,8,7],"rotation":{"angle":22.5,"axis":"z","origin":[10.2,4.5,7]},"faces":{"north":{"uv":[14,7,7,0],"texture":"#4"},"east":{"uv":[0,0,14,0],"rotation":90,"texture":"#4"},"south":{"uv":[14,7,7,0],"rotation":180,"texture":"#4"},"west":{"uv":[0,0,14,0],"rotation":270,"texture":"#4"},"up":{"uv":[0,0,14,0],"texture":"#4"},"down":{"uv":[0,0,14,0],"rotation":180,"texture":"#4"}}},{"from":[6.7,1,7],"to":[13.7,8,7],"rotation":{"angle":0,"axis":"y","origin":[10.2,4.5,7]},"faces":{"north":{"uv":[7,7,0,0],"texture":"#4"},"east":{"uv":[0,0,14,0],"rotation":90,"texture":"#4"},"south":{"uv":[7,7,0,0],"rotation":180,"texture":"#4"},"west":{"uv":[0,0,14,0],"rotation":270,"texture":"#4"},"up":{"uv":[0,0,14,0],"texture":"#4"},"down":{"uv":[0,0,14,0],"rotation":180,"texture":"#4"}}},{"from":[6.7,1,9],"to":[13.7,8,9],"rotation":{"angle":-22.5,"axis":"z","origin":[10.2,4.5,9]},"faces":{"north":{"uv":[7,7,0,14],"rotation":90,"texture":"#4"},"east":{"uv":[0,0,14,0],"rotation":90,"texture":"#4"},"south":{"uv":[7,7,0,14],"rotation":270,"texture":"#4"},"west":{"uv":[0,0,14,0],"rotation":270,"texture":"#4"},"up":{"uv":[0,0,14,0],"texture":"#4"},"down":{"uv":[0,0,14,0],"rotation":180,"texture":"#4"}}},{"from":[6.7,1,9],"to":[13.7,8,9],"rotation":{"angle":45,"axis":"z","origin":[10.2,4.5,9]},"faces":{"north":{"uv":[7,14,14,7],"rotation":180,"texture":"#4"},"east":{"uv":[0,0,14,0],"rotation":90,"texture":"#4"},"south":{"uv":[7,14,14,7],"texture":"#4"},"west":{"uv":[0,0,14,0],"rotation":270,"texture":"#4"},"up":{"uv":[0,0,14,0],"texture":"#4"},"down":{"uv":[0,0,14,0],"rotation":180,"texture":"#4"}}},{"from":[6.7,1,9],"to":[13.7,8,9],"rotation":{"angle":22.5,"axis":"z","origin":[10.2,4.5,9]},"faces":{"north":{"uv":[7,7,14,0],"rotation":180,"texture":"#4"},"east":{"uv":[0,0,14,0],"rotation":90,"texture":"#4"},"south":{"uv":[7,7,14,0],"texture":"#4"},"west":{"uv":[0,0,14,0],"rotation":270,"texture":"#4"},"up":{"uv":[0,0,14,0],"texture":"#4"},"down":{"uv":[0,0,14,0],"rotation":180,"texture":"#4"}}},{"from":[6.7,1,9],"to":[13.7,8,9],"rotation":{"angle":0,"axis":"y","origin":[10.2,4.5,9]},"faces":{"north":{"uv":[0,7,7,0],"rotation":180,"texture":"#4"},"east":{"uv":[0,0,14,0],"rotation":90,"texture":"#4"},"south":{"uv":[0,7,7,0],"texture":"#4"},"west":{"uv":[0,0,14,0],"rotation":270,"texture":"#4"},"up":{"uv":[0,0,14,0],"texture":"#4"},"down":{"uv":[0,0,14,0],"rotation":180,"texture":"#4"}}}],"gui_light":"front","display":{"thirdperson_righthand":{"rotation":[-90,0,0],"translation":[2.75,-2,0],"scale":[0.7,0.7,0.7]},"thirdperson_lefthand":{"rotation":[-90,180,0],"translation":[2.75,-2,0],"scale":[0.7,0.7,0.7]},"firstperson_righthand":{"rotation":[-45,-80,0],"translation":[1.5,5,-0.5],"scale":[0.53359,0.53359,0.53359]},"firstperson_lefthand":{"rotation":[-45,100,0],"translation":[1.5,5,-0.5],"scale":[0.53359,0.53359,0.53359]},"ground":{"translation":[0,11.25,0],"scale":[0.6,0.6,0.6]},"gui":{"rotation":[-180,-60.5,-180],"translation":[-0.25,0.75,-1.5],"scale":[0.5332,0.5332,0.5332]},"head":{"scale":[0,0,0]},"fixed":{"rotation":[0,-90,0],"translation":[0,6.75,-5.25],"scale":[1.35,1.35,1.35]}},"groups":[{"name":"group","origin":[8,6.2,18.70193],"color":0,"children":[0,1,2,3,4,5,6,7,8,9,10,11,12]},13,14,15,16,17,18,19,{"name":"group","origin":[8,5.81499,8],"color":0,"children":[20,21,22,23,{"name":"group","origin":[8,-12,8],"color":0,"children":[24,25,26,27,28,29,30,31]}]}]}