{"credit":"Made with Blockbench","textures":{"0":"adventure_time:crossbow_2_0","1":"adventure_time:crossbow_2_1"},"elements":[{"from":[-1.4,2,9.799999999999999],"to":[9.85,2,10.1],"faces":{"north":{"uv":[0.0,0.0,2.38,0.0],"texture":"#0"},"east":{"uv":[0.0,0.0,0.06,0.0],"texture":"#0"},"south":{"uv":[0.0,0.0,2.38,0.0],"texture":"#0"},"west":{"uv":[0.0,0.0,0.06,0.0],"texture":"#0"},"up":{"uv":[9.38,2.06,7.0,2.0],"texture":"#0"},"down":{"uv":[9.62,2.25,7.25,2.31],"texture":"#0"}},"rotation":{"origin":[-1.6500000000000004,2,9.95],"axis":"y","angle":-45,"rescale":false}},{"from":[-0.2937962659713875,0.9009733970252451,11.706225621566851],"to":[0.27275669402861524,2.7175263570252457,13.60223278956685],"faces":{"north":{"uv":[8.25,1.0,8.38,1.44],"texture":"#0"},"east":{"uv":[1.5,6.75,2.0,7.19],"texture":"#0"},"south":{"uv":[8.25,1.5,8.38,1.94],"texture":"#0"},"west":{"uv":[6.75,2.25,7.25,2.69],"texture":"#0"},"up":{"uv":[6.38,8.5,6.25,8.0],"texture":"#0"},"down":{"uv":[6.62,8.0,6.5,8.5],"texture":"#0"}},"rotation":{"origin":[8,1.8092498770252452,7.75],"axis":"y","angle":-22.5,"rescale":false}},{"from":[0.9847998063132462,0.6759733970252468,3.7237420713629685],"to":[4.130806974313241,2.9425263570252462,4.990295031362971],"faces":{"north":{"uv":[5.0,4.75,5.81,5.31],"texture":"#0"},"east":{"uv":[1.0,7.25,1.31,7.81],"texture":"#0"},"south":{"uv":[5.25,0.0,6.06,0.56],"texture":"#0"},"west":{"uv":[7.25,1.25,7.56,1.81],"texture":"#0"},"up":{"uv":[7.06,0.31,6.25,0.0],"texture":"#0"},"down":{"uv":[1.81,6.25,1.0,6.56],"texture":"#0"}},"rotation":{"origin":[8,1.8092498770252452,7.75],"axis":"y","angle":22.5,"rescale":false}},{"from":[1.1327574964409965,0.8009733970252452,1.5091254156413454],"to":[3.0287646644409953,2.8175263570252453,2.2756783756413466],"faces":{"north":{"uv":[6.5,5.25,7.0,5.75],"texture":"#0"},"east":{"uv":[7.75,4.5,7.94,5.0],"texture":"#0"},"south":{"uv":[5.5,6.5,6.0,7.0],"texture":"#0"},"west":{"uv":[5.0,7.75,5.19,8.25],"texture":"#0"},"up":{"uv":[8.25,5.19,7.75,5.0],"texture":"#0"},"down":{"uv":[8.25,5.25,7.75,5.44],"texture":"#0"}},"rotation":{"origin":[8,1.8092498770252452,7.75],"axis":"y","angle":45,"rescale":false}},{"from":[2.3000000000000007,0.5999999999999996,4.200000000000003],"to":[6.799999999999999,3.099999999999999,4.200000000000003],"faces":{"north":{"uv":[3.5,1.0,4.62,1.62],"texture":"#0"},"east":{"uv":[0.0,0.0,0.0,0.62],"texture":"#0"},"south":{"uv":[3.5,1.75,4.62,2.38],"texture":"#0"},"west":{"uv":[0.0,0.0,0.0,0.62],"texture":"#0"},"up":{"uv":[1.12,0.0,0.0,0.0],"texture":"#0"},"down":{"uv":[1.12,0.0,0.0,0.0],"texture":"#0"}}},{"from":[2.6045189565270963,0.42597339702524695,5.401299740956691],"to":[5.950526124527096,3.1925263570252462,7.1678527009566935],"faces":{"north":{"uv":[3.5,4.0,4.31,4.69],"texture":"#0"},"east":{"uv":[6.0,3.75,6.44,4.44],"texture":"#0"},"south":{"uv":[2.5,4.5,3.31,5.19],"texture":"#0"},"west":{"uv":[4.0,6.0,4.44,6.69],"texture":"#0"},"up":{"uv":[0.81,6.19,0.0,5.75],"texture":"#0"},"down":{"uv":[1.81,5.75,1.0,6.19],"texture":"#0"}}},{"from":[5.014555310069009,1.7533378610607264,5.225],"to":[5.714555310069009,3.1533378610607268,7.275],"faces":{"north":{"uv":[3.5,8.0,3.69,8.38],"texture":"#0"},"east":{"uv":[2.0,7.0,2.5,7.38],"texture":"#0"},"south":{"uv":[3.75,8.0,3.94,8.38],"texture":"#0"},"west":{"uv":[3.5,7.0,4.0,7.38],"texture":"#0"},"up":{"uv":[5.44,8.25,5.25,7.75],"texture":"#0"},"down":{"uv":[7.94,5.5,7.75,6.0],"texture":"#0"}},"rotation":{"origin":[5.214555310069009,3.778337861060726,6.25],"axis":"z","angle":45,"rescale":false}},{"from":[5.12115322661513,3.0523652531496333,18.03366619438101],"to":[6.033071357815132,3.0523652531496333,20.262799403981006],"faces":{"north":{"uv":[0.0,0.0,0.25,0.0],"texture":"#0"},"east":{"uv":[0.0,0.0,0.56,0.0],"texture":"#0"},"south":{"uv":[0.0,0.0,0.25,0.0],"texture":"#0"},"west":{"uv":[0.0,0.0,0.56,0.0],"texture":"#0"},"up":{"uv":[1.75,7.81,1.5,7.25],"texture":"#0"},"down":{"uv":[2.0,7.25,1.75,7.81],"texture":"#0"}},"rotation":{"origin":[7.75,2.927933105130594,19],"axis":"z","angle":22.5,"rescale":false}},{"from":[5.15,2,9.799999999999999],"to":[17.4,2,10.1],"faces":{"north":{"uv":[0.0,0.0,2.38,0.0],"texture":"#0"},"east":{"uv":[0.0,0.0,0.06,0.0],"texture":"#0"},"south":{"uv":[0.0,0.0,2.38,0.0],"texture":"#0"},"west":{"uv":[0.0,0.0,0.06,0.0],"texture":"#0"},"up":{"uv":[9.62,2.56,7.25,2.5],"texture":"#0"},"down":{"uv":[9.62,2.75,7.25,2.81],"texture":"#0"}},"rotation":{"origin":[17.65,2,9.95],"axis":"y","angle":45,"rescale":false}},{"from":[6,-0.35000000000000003,5.25],"to":[7,2.699999999999999,7.25],"faces":{"north":{"uv":[2.75,1.0,3.0,1.75],"texture":"#0"},"east":{"uv":[2.5,3.75,3.0,4.5],"texture":"#0"},"south":{"uv":[7.0,1.25,7.25,2.0],"texture":"#0"},"west":{"uv":[4.0,4.75,4.5,5.5],"texture":"#0"},"up":{"uv":[7.75,6.75,7.5,6.25],"texture":"#0"},"down":{"uv":[7.75,6.75,7.5,7.25],"texture":"#0"}}},{"from":[6.1161466816,2.385853283199268,18.03366619438101],"to":[7.2813754048,3.3231024735992745,20.262799403981006],"faces":{"north":{"uv":[2.0,8.0,2.31,8.25],"texture":"#0"},"east":{"uv":[6.25,0.5,6.81,0.75],"texture":"#0"},"south":{"uv":[3.0,8.0,3.31,8.25],"texture":"#0"},"west":{"uv":[7.25,3.0,7.81,3.25],"texture":"#0"},"up":{"uv":[7.31,6.31,7.0,5.75],"texture":"#0"},"down":{"uv":[6.31,7.0,6.0,7.56],"texture":"#0"}}},{"from":[6.149999999999998,1.25,4.024999999999999],"to":[7.599999999999998,2.0999999999999996,4.474999999999999],"faces":{"north":{"uv":[8.0,3.5,8.38,3.69],"texture":"#0"},"east":{"uv":[8.5,0.75,8.62,0.94],"texture":"#0"},"south":{"uv":[5.5,8.0,5.88,8.19],"texture":"#0"},"west":{"uv":[1.0,8.5,1.12,8.69],"texture":"#0"},"up":{"uv":[5.38,8.38,5.0,8.25],"texture":"#0"},"down":{"uv":[8.62,5.0,8.25,5.12],"texture":"#0"}},"rotation":{"origin":[6.599999999999998,1.3749999999999996,4.299999999999999],"axis":"z","angle":-22.5,"rescale":false}},{"from":[6.166808799999998,1.7525768031992652,18.28697678638101],"to":[6.166808799999998,2.132542691199268,18.81892902958101],"faces":{"north":{"uv":[0.0,0.0,0.0,0.12],"texture":"#0"},"east":{"uv":[8.5,1.5,8.62,1.62],"texture":"#0"},"south":{"uv":[0.0,0.0,0.0,0.12],"texture":"#0"},"west":{"uv":[1.75,8.5,1.88,8.62],"texture":"#0"},"up":{"uv":[0.0,0.12,0.0,0.0],"texture":"#0"},"down":{"uv":[0.0,0.0,0.0,0.12],"texture":"#0"}}},{"from":[6.166808799999998,1.7525768031992652,19.47753656878101],"to":[6.166808799999998,2.132542691199268,20.009488811981008],"faces":{"north":{"uv":[0.0,0.0,0.0,0.12],"texture":"#0"},"east":{"uv":[8.5,1.75,8.62,1.88],"texture":"#0"},"south":{"uv":[0.0,0.0,0.0,0.12],"texture":"#0"},"west":{"uv":[2.0,8.5,2.12,8.62],"texture":"#0"},"up":{"uv":[0.0,0.12,0.0,0.0],"texture":"#0"},"down":{"uv":[0.0,0.0,0.0,0.12],"texture":"#0"}}},{"from":[6.2174709184,1.372610915199259,18.13499043118101],"to":[7.230713286399999,3.272440355199269,20.16147516718101],"faces":{"north":{"uv":[2.0,7.5,2.25,8.0],"texture":"#0"},"east":{"uv":[6.5,1.75,7.0,2.25],"texture":"#0"},"south":{"uv":[2.25,7.5,2.5,8.0],"texture":"#0"},"west":{"uv":[2.0,6.5,2.5,7.0],"texture":"#0"},"up":{"uv":[3.75,8.0,3.5,7.5],"texture":"#0"},"down":{"uv":[4.0,7.5,3.75,8.0],"texture":"#0"}}},{"from":[6.293999999999999,-5.152999999999993,17.045000000000005],"to":[6.293999999999999,2.5869999999999873,24.785000000000004],"faces":{"north":{"uv":[15.5,15.5,16.0,16.0],"texture":"#1","rotation":90},"east":{"uv":[0.0,15.0,15.0,0.0],"texture":"#1","rotation":90},"south":{"uv":[15.5,15.5,16.0,16.0],"texture":"#1","rotation":90},"west":{"uv":[0.0,0.0,15.0,15.0],"texture":"#1","rotation":90},"up":{"uv":[15.5,15.5,16.0,16.0],"texture":"#1","rotation":180},"down":{"uv":[15.5,15.5,16.0,16.0],"texture":"#1"}},"rotation":{"origin":[6.293999999999999,-1.2829999999999966,20.915000000000006],"axis":"y","angle":22.5,"rescale":false}},{"from":[6.356791744,0.4228900441502036,18.922777033001655],"to":[7.116723520000001,1.4361324121502004,19.556053513001654],"faces":{"north":{"uv":[2.25,8.25,2.44,8.5],"texture":"#0"},"east":{"uv":[2.5,8.25,2.69,8.5],"texture":"#0"},"south":{"uv":[2.75,8.25,2.94,8.5],"texture":"#0"},"west":{"uv":[3.0,8.25,3.19,8.5],"texture":"#0"},"up":{"uv":[8.44,6.44,8.25,6.25],"texture":"#0"},"down":{"uv":[6.94,8.25,6.75,8.44],"texture":"#0"}},"rotation":{"origin":[7.75,2.927933105130594,19],"axis":"x","angle":-22.5,"rescale":false}},{"from":[6.356791744,0.5363425169095506,18.717844985418726],"to":[7.116723520000001,1.5495848849095473,19.351121465418725],"faces":{"north":{"uv":[2.75,1.75,2.94,2.0],"texture":"#0"},"east":{"uv":[5.75,3.75,5.94,4.0],"texture":"#0"},"south":{"uv":[7.0,0.5,7.19,0.75],"texture":"#0"},"west":{"uv":[2.0,8.25,2.19,8.5],"texture":"#0"},"up":{"uv":[6.19,8.44,6.0,8.25],"texture":"#0"},"down":{"uv":[8.44,6.0,8.25,6.19],"texture":"#0"}},"rotation":{"origin":[7.75,2.927933105130594,19],"axis":"x","angle":22.5,"rescale":false}},{"from":[6.356791744,1.3011590086079532,19.602719231603338],"to":[7.116723520000001,1.833111251807956,21.27456913880334],"faces":{"north":{"uv":[8.0,8.25,8.19,8.38],"texture":"#0"},"east":{"uv":[6.75,8.0,7.19,8.12],"texture":"#0"},"south":{"uv":[8.25,8.25,8.44,8.38],"texture":"#0"},"west":{"uv":[8.0,6.75,8.44,6.88],"texture":"#0"},"up":{"uv":[8.19,0.44,8.0,0.0],"texture":"#0"},"down":{"uv":[0.44,8.0,0.25,8.44],"texture":"#0"}},"rotation":{"origin":[7.75,2.927933105130594,19],"axis":"x","angle":-22.5,"rescale":false}},{"from":[6.356791744,1.4146114813673,16.99932935961704],"to":[7.116723520000001,1.9465637245673029,18.67117926681704],"faces":{"north":{"uv":[8.5,0.0,8.69,0.12],"texture":"#0"},"east":{"uv":[8.0,7.0,8.44,7.12],"texture":"#0"},"south":{"uv":[0.25,8.5,0.44,8.62],"texture":"#0"},"west":{"uv":[7.25,8.0,7.69,8.12],"texture":"#0"},"up":{"uv":[0.69,8.44,0.5,8.0],"texture":"#0"},"down":{"uv":[0.94,8.0,0.75,8.44],"texture":"#0"}},"rotation":{"origin":[7.75,2.927933105130594,19],"axis":"x","angle":22.5,"rescale":false}},{"from":[7,-0.25,5.25],"to":[9,2.5,7.25],"faces":{"north":{"uv":[3.0,5.25,3.5,5.94],"texture":"#0"},"east":{"uv":[2.0,5.75,2.5,6.44],"texture":"#0"},"south":{"uv":[5.75,2.25,6.25,2.94],"texture":"#0"},"west":{"uv":[5.75,3.0,6.25,3.69],"texture":"#0"},"up":{"uv":[7.0,6.25,6.5,5.75],"texture":"#0"},"down":{"uv":[6.5,6.5,6.0,7.0],"texture":"#0"}}},{"from":[7,2.799999999999999,0],"to":[9,2.799999999999999,4],"faces":{"north":{"uv":[0.0,0.0,0.5,0.0],"texture":"#0"},"east":{"uv":[0.0,0.0,1.0,0.0],"texture":"#0"},"south":{"uv":[0.0,0.0,0.5,0.0],"texture":"#0"},"west":{"uv":[0.0,0.0,1.0,0.0],"texture":"#0"},"up":{"uv":[2.0,5.75,1.5,4.75],"texture":"#0"},"down":{"uv":[2.5,4.75,2.0,5.75],"texture":"#0"}},"rotation":{"origin":[8,2.799999999999999,2],"axis":"z","angle":45,"rescale":false}},{"from":[7,2.799999999999999,0],"to":[9,2.799999999999999,4],"faces":{"north":{"uv":[0.0,0.0,0.5,0.0],"texture":"#0"},"east":{"uv":[0.0,0.0,1.0,0.0],"texture":"#0"},"south":{"uv":[0.0,0.0,0.5,0.0],"texture":"#0"},"west":{"uv":[0.0,0.0,1.0,0.0],"texture":"#0"},"up":{"uv":[5.25,3.25,4.75,2.25],"texture":"#0"},"down":{"uv":[4.0,4.75,3.5,5.75],"texture":"#0"}},"rotation":{"origin":[8,2.799999999999999,2],"axis":"z","angle":-45,"rescale":false}},{"from":[7,2.799999999999999,16.599999999999998],"to":[9,2.799999999999999,18.599999999999998],"faces":{"north":{"uv":[0.0,0.0,0.5,0.0],"texture":"#0"},"east":{"uv":[0.0,0.0,0.5,0.0],"texture":"#0"},"south":{"uv":[0.0,0.0,0.5,0.0],"texture":"#0"},"west":{"uv":[0.0,0.0,0.5,0.0],"texture":"#0"},"up":{"uv":[6.75,2.75,6.25,2.25],"texture":"#0"},"down":{"uv":[6.75,2.75,6.25,3.25],"texture":"#0"}},"rotation":{"origin":[8,2.799999999999999,17.599999999999998],"axis":"z","angle":45,"rescale":false}},{"from":[7,2.799999999999999,16.599999999999998],"to":[9,2.799999999999999,18.599999999999998],"faces":{"north":{"uv":[0.0,0.0,0.5,0.0],"texture":"#0"},"east":{"uv":[0.0,0.0,0.5,0.0],"texture":"#0"},"south":{"uv":[0.0,0.0,0.5,0.0],"texture":"#0"},"west":{"uv":[0.0,0.0,0.5,0.0],"texture":"#0"},"up":{"uv":[6.75,3.75,6.25,3.25],"texture":"#0"},"down":{"uv":[7.0,1.25,6.5,1.75],"texture":"#0"}},"rotation":{"origin":[8,2.799999999999999,17.599999999999998],"axis":"z","angle":-45,"rescale":false}},{"from":[7.15,-4.6525474738243755,15.327624497734977],"to":[8.85,0.04745252617562379,18.17762449773497],"faces":{"north":{"uv":[4.5,4.0,4.94,5.19],"texture":"#0"},"east":{"uv":[1.0,2.0,1.69,3.19],"texture":"#0"},"south":{"uv":[4.75,0.0,5.19,1.19],"texture":"#0"},"west":{"uv":[1.75,2.0,2.44,3.19],"texture":"#0"},"up":{"uv":[4.94,6.69,4.5,6.0],"texture":"#0"},"down":{"uv":[6.44,4.5,6.0,5.19],"texture":"#0"}},"rotation":{"origin":[8,-5.802547473824376,14.177624497734984],"axis":"x","angle":-22.5,"rescale":false}},{"from":[7.15,-4.299999999999992,8.29999999999999],"to":[8.85,-3.049999999999992,14.79999999999999],"faces":{"north":{"uv":[7.0,7.25,7.44,7.56],"texture":"#0"},"east":{"uv":[4.75,1.25,6.38,1.56],"texture":"#0"},"south":{"uv":[0.0,7.5,0.44,7.81],"texture":"#0"},"west":{"uv":[4.75,1.75,6.38,2.06],"texture":"#0"},"up":{"uv":[3.44,4.38,3.0,2.75],"texture":"#0"},"down":{"uv":[1.44,3.25,1.0,4.88],"texture":"#0"}}},{"from":[7.15,1.9000000000000001,20.700000000000003],"to":[8.85,3.9000000000000004,27.49999999999999],"faces":{"north":{"uv":[6.75,2.75,7.19,3.25],"texture":"#0"},"east":{"uv":[1.0,1.0,2.69,1.5],"texture":"#0"},"south":{"uv":[3.0,6.75,3.44,7.25],"texture":"#0"},"west":{"uv":[1.0,1.5,2.69,2.0],"texture":"#0"},"up":{"uv":[2.94,3.69,2.5,2.0],"texture":"#0"},"down":{"uv":[3.44,1.0,3.0,2.69],"texture":"#0"}},"rotation":{"origin":[8,2.7,13.699999999999998],"axis":"x","angle":22.5,"rescale":false}},{"from":[7.15,3.7477591200900853,26.465366887539894],"to":[8.85,4.747759120090086,28.26536688753988],"faces":{"north":{"uv":[5.25,3.0,5.69,3.25],"texture":"#0"},"east":{"uv":[4.5,5.25,4.94,5.5],"texture":"#0"},"south":{"uv":[7.75,0.5,8.19,0.75],"texture":"#0"},"west":{"uv":[7.75,1.75,8.19,2.0],"texture":"#0"},"up":{"uv":[7.19,3.69,6.75,3.25],"texture":"#0"},"down":{"uv":[4.44,6.75,4.0,7.19],"texture":"#0"}},"rotation":{"origin":[8,4.5477591200900855,14.465366887539888],"axis":"x","angle":22.5,"rescale":false}},{"from":[7.2307132864,1.4316578010245773,17.7133575308843],"to":[8.769286713599998,2.9515213530245803,19.2332210828843],"faces":{"north":{"uv":[7.25,3.75,7.62,4.12],"texture":"#0"},"east":{"uv":[4.0,7.25,4.38,7.62],"texture":"#0"},"south":{"uv":[7.25,4.25,7.62,4.62],"texture":"#0"},"west":{"uv":[4.5,7.25,4.88,7.62],"texture":"#0"},"up":{"uv":[7.62,5.12,7.25,4.75],"texture":"#0"},"down":{"uv":[5.38,7.25,5.0,7.62],"texture":"#0"}},"rotation":{"origin":[8,2.927933105130594,19],"axis":"x","angle":-45,"rescale":false}},{"from":[7.25,0,4],"to":[8.75,2,23],"faces":{"north":{"uv":[4.5,6.75,4.88,7.25],"texture":"#0"},"east":{"uv":[0.0,0.0,4.75,0.5],"texture":"#0"},"south":{"uv":[5.0,6.75,5.38,7.25],"texture":"#0"},"west":{"uv":[0.0,0.5,4.75,1.0],"texture":"#0"},"up":{"uv":[0.38,5.75,0.0,1.0],"texture":"#0"},"down":{"uv":[0.88,1.0,0.5,5.75],"texture":"#0"}}},{"from":[7.4,-3.049999999999992,8.54999999999999],"to":[8.6,-8.076872504148014e-15,10.04999999999999],"faces":{"north":{"uv":[6.5,6.25,6.81,7.0],"texture":"#0"},"east":{"uv":[5.0,6.0,5.38,6.75],"texture":"#0"},"south":{"uv":[0.0,6.75,0.31,7.5],"texture":"#0"},"west":{"uv":[6.0,5.25,6.38,6.0],"texture":"#0"},"up":{"uv":[8.06,1.62,7.75,1.25],"texture":"#0"},"down":{"uv":[8.06,3.75,7.75,4.12],"texture":"#0"}}},{"from":[7.75,2.549999999999999,6.999999999999998],"to":[8.25,3.049999999999999,18.6],"faces":{"north":{"uv":[8.5,1.25,8.62,1.38],"texture":"#0"},"east":{"uv":[5.25,0.75,8.12,0.88],"texture":"#0"},"south":{"uv":[1.5,8.5,1.62,8.62],"texture":"#0"},"west":{"uv":[5.25,1.0,8.12,1.12],"texture":"#0"},"up":{"uv":[2.62,8.12,2.5,5.25],"texture":"#0"},"down":{"uv":[2.88,5.25,2.75,8.12],"texture":"#0"}}},{"from":[7.85,2.6499999999999986,1.4000000953674299],"to":[8.15,2.9499999999999993,7.000000095367431],"faces":{"north":{"uv":[8.5,3.0,8.56,3.06],"texture":"#0"},"east":{"uv":[6.25,7.75,7.62,7.81],"texture":"#0"},"south":{"uv":[3.25,8.5,3.31,8.56],"texture":"#0"},"west":{"uv":[7.75,6.5,9.12,6.56],"texture":"#0"},"up":{"uv":[7.81,8.12,7.75,6.75],"texture":"#0"},"down":{"uv":[0.06,8.0,0.0,9.38],"texture":"#0"}}},{"from":[8.400000000000002,1.25,4.024999999999999],"to":[9.850000000000001,2.0999999999999996,4.474999999999999],"faces":{"north":{"uv":[8.0,5.5,8.38,5.69],"texture":"#0"},"east":{"uv":[8.5,1.0,8.62,1.19],"texture":"#0"},"south":{"uv":[8.0,5.75,8.38,5.94],"texture":"#0"},"west":{"uv":[1.25,8.5,1.38,8.69],"texture":"#0"},"up":{"uv":[8.62,5.38,8.25,5.25],"texture":"#0"},"down":{"uv":[5.88,8.25,5.5,8.38],"texture":"#0"}},"rotation":{"origin":[9.400000000000002,1.3749999999999996,4.299999999999999],"axis":"z","angle":22.5,"rescale":false}},{"from":[8.718624595200001,2.385853283199268,18.03366619438101],"to":[9.8838533184,3.3231024735992745,20.262799403981006],"faces":{"north":{"uv":[8.0,3.0,8.31,3.25],"texture":"#0"},"east":{"uv":[7.25,3.25,7.81,3.5],"texture":"#0"},"south":{"uv":[8.0,3.25,8.31,3.5],"texture":"#0"},"west":{"uv":[7.25,3.5,7.81,3.75],"texture":"#0"},"up":{"uv":[6.81,7.56,6.5,7.0],"texture":"#0"},"down":{"uv":[7.31,6.5,7.0,7.06],"texture":"#0"}}},{"from":[8.769286713600001,1.372610915199259,18.13499043118101],"to":[9.7825290816,3.272440355199269,20.16147516718101],"faces":{"north":{"uv":[7.5,5.25,7.75,5.75],"texture":"#0"},"east":{"uv":[3.5,6.5,4.0,7.0],"texture":"#0"},"south":{"uv":[5.5,7.5,5.75,8.0],"texture":"#0"},"west":{"uv":[6.5,3.75,7.0,4.25],"texture":"#0"},"up":{"uv":[6.0,8.0,5.75,7.5],"texture":"#0"},"down":{"uv":[7.75,5.75,7.5,6.25],"texture":"#0"}}},{"from":[8.883276480000001,0.4228900441502036,18.922777033001655],"to":[9.643208256,1.4361324121502004,19.556053513001654],"faces":{"north":{"uv":[3.25,8.25,3.44,8.5],"texture":"#0"},"east":{"uv":[8.25,3.75,8.44,4.0],"texture":"#0"},"south":{"uv":[4.0,8.25,4.19,8.5],"texture":"#0"},"west":{"uv":[8.25,4.0,8.44,4.25],"texture":"#0"},"up":{"uv":[7.19,8.44,7.0,8.25],"texture":"#0"},"down":{"uv":[7.44,8.25,7.25,8.44],"texture":"#0"}},"rotation":{"origin":[8.25,2.927933105130594,19],"axis":"x","angle":-22.5,"rescale":false}},{"from":[8.883276480000001,0.5363425169095506,18.717844985418726],"to":[9.643208256,1.5495848849095473,19.351121465418725],"faces":{"north":{"uv":[4.25,8.25,4.44,8.5],"texture":"#0"},"east":{"uv":[8.25,4.25,8.44,4.5],"texture":"#0"},"south":{"uv":[8.25,4.5,8.44,4.75],"texture":"#0"},"west":{"uv":[8.25,4.75,8.44,5.0],"texture":"#0"},"up":{"uv":[7.69,8.44,7.5,8.25],"texture":"#0"},"down":{"uv":[7.94,8.25,7.75,8.44],"texture":"#0"}},"rotation":{"origin":[8.25,2.927933105130594,19],"axis":"x","angle":22.5,"rescale":false}},{"from":[8.883276480000001,1.3011590086079532,19.602719231603338],"to":[9.643208256,1.833111251807956,21.27456913880334],"faces":{"north":{"uv":[8.5,0.25,8.69,0.38],"texture":"#0"},"east":{"uv":[8.0,7.25,8.44,7.38],"texture":"#0"},"south":{"uv":[0.5,8.5,0.69,8.62],"texture":"#0"},"west":{"uv":[8.0,7.5,8.44,7.62],"texture":"#0"},"up":{"uv":[1.19,8.44,1.0,8.0],"texture":"#0"},"down":{"uv":[1.44,8.0,1.25,8.44],"texture":"#0"}},"rotation":{"origin":[8.25,2.927933105130594,19],"axis":"x","angle":-22.5,"rescale":false}},{"from":[8.883276480000001,1.4146114813673,16.99932935961704],"to":[9.643208256,1.9465637245673029,18.67117926681704],"faces":{"north":{"uv":[8.5,0.5,8.69,0.62],"texture":"#0"},"east":{"uv":[8.0,7.75,8.44,7.88],"texture":"#0"},"south":{"uv":[0.75,8.5,0.94,8.62],"texture":"#0"},"west":{"uv":[8.0,8.0,8.44,8.12],"texture":"#0"},"up":{"uv":[1.69,8.44,1.5,8.0],"texture":"#0"},"down":{"uv":[1.94,8.0,1.75,8.44],"texture":"#0"}},"rotation":{"origin":[8.25,2.927933105130594,19],"axis":"x","angle":22.5,"rescale":false}},{"from":[9,-0.35000000000000003,5.25],"to":[10,2.699999999999999,7.25],"faces":{"north":{"uv":[7.0,3.75,7.25,4.5],"texture":"#0"},"east":{"uv":[1.0,5.0,1.5,5.75],"texture":"#0"},"south":{"uv":[7.0,4.5,7.25,5.25],"texture":"#0"},"west":{"uv":[5.25,2.25,5.75,3.0],"texture":"#0"},"up":{"uv":[7.75,7.75,7.5,7.25],"texture":"#0"},"down":{"uv":[8.0,0.0,7.75,0.5],"texture":"#0"}}},{"from":[9.200000000000001,0.5999999999999996,4.200000000000003],"to":[13.7,3.099999999999999,4.200000000000003],"faces":{"north":{"uv":[3.5,2.5,4.62,3.12],"texture":"#0"},"east":{"uv":[0.0,0.0,0.0,0.62],"texture":"#0"},"south":{"uv":[3.5,3.25,4.62,3.88],"texture":"#0"},"west":{"uv":[0.0,0.0,0.0,0.62],"texture":"#0"},"up":{"uv":[1.12,0.0,0.0,0.0],"texture":"#0"},"down":{"uv":[1.12,0.0,0.0,0.0],"texture":"#0"}}},{"from":[9.8331912,1.7525768031992652,18.28697678638101],"to":[9.8331912,2.132542691199268,18.81892902958101],"faces":{"north":{"uv":[0.0,0.0,0.0,0.12],"texture":"#0"},"east":{"uv":[2.25,8.5,2.38,8.62],"texture":"#0"},"south":{"uv":[0.0,0.0,0.0,0.12],"texture":"#0"},"west":{"uv":[2.5,8.5,2.62,8.62],"texture":"#0"},"up":{"uv":[0.0,0.12,0.0,0.0],"texture":"#0"},"down":{"uv":[0.0,0.0,0.0,0.12],"texture":"#0"}}},{"from":[9.8331912,1.7525768031992652,19.47753656878101],"to":[9.8331912,2.132542691199268,20.009488811981008],"faces":{"north":{"uv":[0.0,0.0,0.0,0.12],"texture":"#0"},"east":{"uv":[2.75,8.5,2.88,8.62],"texture":"#0"},"south":{"uv":[0.0,0.0,0.0,0.12],"texture":"#0"},"west":{"uv":[3.0,8.5,3.12,8.62],"texture":"#0"},"up":{"uv":[0.0,0.12,0.0,0.0],"texture":"#0"},"down":{"uv":[0.0,0.0,0.0,0.12],"texture":"#0"}}},{"from":[9.906,-2.4869999999999948,12.315000000000003],"to":[9.906,5.252999999999989,20.055000000000017],"faces":{"north":{"uv":[15.5,15.5,16.0,16.0],"texture":"#1","rotation":90},"east":{"uv":[0.0,0.0,15.0,15.0],"texture":"#1","rotation":90},"south":{"uv":[15.5,15.5,16.0,16.0],"texture":"#1","rotation":90},"west":{"uv":[0.0,15.0,15.0,0.0],"texture":"#1","rotation":90},"up":{"uv":[16.0,16.0,15.5,15.5],"texture":"#1","rotation":180},"down":{"uv":[16.0,16.0,15.5,15.5],"texture":"#1"}},"rotation":{"origin":[9.906,1.3830000000000036,16.185000000000002],"axis":"y","angle":22.5,"rescale":false}},{"from":[9.96692864218487,3.0523652531496333,18.03366619438101],"to":[10.878846773384872,3.0523652531496333,20.262799403981006],"faces":{"north":{"uv":[0.0,0.0,0.25,0.0],"texture":"#0"},"east":{"uv":[0.0,0.0,0.56,0.0],"texture":"#0"},"south":{"uv":[0.0,0.0,0.25,0.0],"texture":"#0"},"west":{"uv":[0.0,0.0,0.56,0.0],"texture":"#0"},"up":{"uv":[3.25,7.81,3.0,7.25],"texture":"#0"},"down":{"uv":[3.5,7.25,3.25,7.81],"texture":"#0"}},"rotation":{"origin":[8.25,2.927933105130594,19],"axis":"z","angle":-22.5,"rescale":false}},{"from":[10.049473875472904,0.42597339702524695,5.401299740956691],"to":[13.395481043472904,3.1925263570252462,7.1678527009566935],"faces":{"north":{"uv":[1.5,3.25,2.31,3.94],"texture":"#0"},"east":{"uv":[3.5,5.75,3.94,6.44],"texture":"#0"},"south":{"uv":[1.5,4.0,2.31,4.69],"texture":"#0"},"west":{"uv":[3.0,6.0,3.44,6.69],"texture":"#0"},"up":{"uv":[4.81,5.94,4.0,5.5],"texture":"#0"},"down":{"uv":[5.81,5.5,5.0,5.94],"texture":"#0"}}},{"from":[10.28544468993099,1.7533378610607264,5.225],"to":[10.98544468993099,3.1533378610607268,7.275],"faces":{"north":{"uv":[4.5,8.0,4.69,8.38],"texture":"#0"},"east":{"uv":[7.0,5.25,7.5,5.62],"texture":"#0"},"south":{"uv":[8.0,4.5,8.19,4.88],"texture":"#0"},"west":{"uv":[5.5,7.0,6.0,7.38],"texture":"#0"},"up":{"uv":[6.19,8.25,6.0,7.75],"texture":"#0"},"down":{"uv":[7.94,6.0,7.75,6.5],"texture":"#0"}},"rotation":{"origin":[10.78544468993099,3.778337861060726,6.25],"axis":"z","angle":-45,"rescale":false}},{"from":[11.869193025686759,0.6759733970252468,3.7237420713629685],"to":[15.015200193686754,2.9425263570252462,4.990295031362971],"faces":{"north":{"uv":[4.75,3.25,5.56,3.81],"texture":"#0"},"east":{"uv":[7.25,0.0,7.56,0.56],"texture":"#0"},"south":{"uv":[5.0,4.0,5.81,4.56],"texture":"#0"},"west":{"uv":[0.5,7.25,0.81,7.81],"texture":"#0"},"up":{"uv":[6.31,6.31,5.5,6.0],"texture":"#0"},"down":{"uv":[0.81,6.25,0.0,6.56],"texture":"#0"}},"rotation":{"origin":[8,1.8092498770252452,7.75],"axis":"y","angle":-22.5,"rescale":false}},{"from":[12.971235335559005,0.8009733970252452,1.5091254156413454],"to":[14.867242503559003,2.8175263570252453,2.2756783756413466],"faces":{"north":{"uv":[6.5,4.25,7.0,4.75],"texture":"#0"},"east":{"uv":[4.0,7.75,4.19,8.25],"texture":"#0"},"south":{"uv":[6.5,4.75,7.0,5.25],"texture":"#0"},"west":{"uv":[4.25,7.75,4.44,8.25],"texture":"#0"},"up":{"uv":[8.25,4.44,7.75,4.25],"texture":"#0"},"down":{"uv":[5.0,7.75,4.5,7.94],"texture":"#0"}},"rotation":{"origin":[8,1.8092498770252452,7.75],"axis":"y","angle":-45,"rescale":false}},{"from":[15.727243305971385,0.9009733970252451,11.706225621566851],"to":[16.293796265971388,2.7175263570252457,13.60223278956685],"faces":{"north":{"uv":[8.25,0.0,8.38,0.44],"texture":"#0"},"east":{"uv":[0.5,6.75,1.0,7.19],"texture":"#0"},"south":{"uv":[8.25,0.5,8.38,0.94],"texture":"#0"},"west":{"uv":[1.0,6.75,1.5,7.19],"texture":"#0"},"up":{"uv":[4.88,8.5,4.75,8.0],"texture":"#0"},"down":{"uv":[8.12,6.0,8.0,6.5],"texture":"#0"}},"rotation":{"origin":[8,1.8092498770252452,7.75],"axis":"y","angle":22.5,"rescale":false}}],"display":{"thirdperson_righthand":{"translation":[0,6.5,-4.25],"scale":[0.66,0.66,0.66]},"thirdperson_lefthand":{"translation":[0,6.5,-4.25],"scale":[0.66,0.66,0.66]},"firstperson_righthand":{"rotation":[0,-3.75,0],"translation":[10,7.5,-10.25],"scale":[0.91,0.91,0.91]},"firstperson_lefthand":{"rotation":[0,-3.75,0],"translation":[10,7.5,-10.25],"scale":[0.91,0.91,0.91]},"ground":{"rotation":[45,0,0],"translation":[0,6.75,0],"scale":[0.32,0.32,0.32]},"gui":{"rotation":[109.65,53.64,-65.47],"translation":[-1,5.5,0],"scale":[0.76,0.76,0.76]},"head":{"translation":[0,-28.5,13.5],"scale":[1.76,1.76,1.76]},"fixed":{"rotation":[-57.5,-90,0],"translation":[7.25,4.5,-10]}},"gui_light":"front"}