{
	"credit": "Made with Blockbench",
	"textures": {
		"1": "dragonstone_guardians:fire",
		"2": "dragonstone_guardians:texture",
		"particle": "dragonstone_guardians:fire"
	},
	"elements": [
		{
			"from": [7.2581, -1.19128, 7.0016],
			"to": [9.42386, 0.97448, 8.9984],
			"rotation": {"angle": -45, "axis": "z", "origin": [8, 0.23257, 8]},
			"faces": {
				"north": {"uv": [10.375, 6, 9.5, 6.875], "texture": "#2"},
				"east": {"uv": [8.875, 9.5, 8, 10.375], "texture": "#2"},
				"south": {"uv": [10.375, 7, 9.5, 7.875], "texture": "#2"},
				"west": {"uv": [7.875, 9.5, 7, 10.375], "texture": "#2"},
				"up": {"uv": [9.5, 8.875, 10.375, 8], "texture": "#2"},
				"down": {"uv": [9.5, 9, 10.375, 9.875], "texture": "#2"}
			}
		},
		{
			"from": [5.21426, 0.41719, 7.4409],
			"to": [7.4261, 1.64599, 8.5591],
			"rotation": {"angle": 22.5, "axis": "z", "origin": [8, 0.23257, 8]},
			"faces": {
				"north": {"uv": [11.375, 3.5, 10.5, 4], "texture": "#2"},
				"east": {"uv": [13, 4.5, 12.5, 5], "texture": "#2"},
				"south": {"uv": [8.875, 10.5, 8, 11], "texture": "#2"},
				"west": {"uv": [10.5, 5.5, 10, 6], "texture": "#2"},
				"up": {"uv": [10.5, 8.5, 11.375, 8], "texture": "#2"},
				"down": {"uv": [10.5, 8.5, 11.375, 9], "texture": "#2"}
			}
		},
		{
			"from": [5.03074, -2.37365, 7.4793],
			"to": [6.06754, -0.73781, 8.5207],
			"rotation": {"angle": -22.5, "axis": "z", "origin": [8, 0.23257, 8]},
			"faces": {
				"north": {"uv": [13.375, 4, 13, 4.625], "texture": "#2"},
				"east": {"uv": [13.375, 5, 13, 5.625], "texture": "#2"},
				"south": {"uv": [5.375, 13, 5, 13.625], "texture": "#2"},
				"west": {"uv": [4.875, 13, 4.5, 13.625], "texture": "#2"},
				"up": {"uv": [14, 3.375, 14.375, 3], "texture": "#2"},
				"down": {"uv": [3.5, 14, 3.875, 14.375], "texture": "#2"}
			}
		},
		{
			"from": [4.52828, -1.47817, 7.5177],
			"to": [5.37308, 0.15767, 8.4823],
			"rotation": {"angle": -22.5, "axis": "z", "origin": [8, 0.23257, 8]},
			"faces": {
				"north": {"uv": [13.375, 8, 13, 8.625], "texture": "#2"},
				"east": {"uv": [13.375, 9.5, 13, 10.125], "texture": "#2"},
				"south": {"uv": [9.875, 13, 9.5, 13.625], "texture": "#2"},
				"west": {"uv": [8.875, 13, 8.5, 13.625], "texture": "#2"},
				"up": {"uv": [5, 14.375, 5.375, 14], "texture": "#2"},
				"down": {"uv": [14, 5, 14.375, 5.375], "texture": "#2"}
			}
		},
		{
			"from": [5.30721, 0.30583, 7.5561],
			"to": [6.36705, 1.15063, 8.4439],
			"rotation": {"angle": 0, "axis": "y", "origin": [8, 0.23257, 8]},
			"faces": {
				"north": {"uv": [14, 2, 13.5, 2.375], "texture": "#2"},
				"east": {"uv": [14.375, 5.5, 14, 5.875], "texture": "#2"},
				"south": {"uv": [14, 2.5, 13.5, 2.875], "texture": "#2"},
				"west": {"uv": [5.875, 14, 5.5, 14.375], "texture": "#2"},
				"up": {"uv": [13.5, 3.375, 14, 3], "texture": "#2"},
				"down": {"uv": [13.5, 3.5, 14, 3.875], "texture": "#2"}
			}
		},
		{
			"from": [2.67008, -4.30217, 8],
			"to": [13.32992, 2.33911, 8],
			"rotation": {"angle": 0, "axis": "y", "origin": [8, 0.23257, 8]},
			"faces": {
				"north": {"uv": [8.4875, 0, 4.0125, 2.75], "texture": "#2"},
				"east": {"uv": [0, 0, 0, 2.75], "texture": "#2"},
				"south": {"uv": [8.4875, 0, 4.0125, 2.75], "texture": "#2"},
				"west": {"uv": [0, 0, 0, 2.75], "texture": "#2"},
				"up": {"uv": [0, 0, 4.5, 0], "texture": "#2"},
				"down": {"uv": [0, 0, 4.5, 0], "texture": "#2"}
			}
		},
		{
			"from": [3.68097, 0.8804, 7.5561],
			"to": [4.93281, 1.5332, 8.4439],
			"rotation": {"angle": 22.5, "axis": "z", "origin": [8, 0.23257, 8]},
			"faces": {
				"north": {"uv": [15, 2.5, 14.5, 2.75], "texture": "#2"},
				"east": {"uv": [14.875, 5.5, 14.5, 5.75], "texture": "#2"},
				"south": {"uv": [3.5, 14.5, 3, 14.75], "texture": "#2"},
				"west": {"uv": [5.875, 14.5, 5.5, 14.75], "texture": "#2"},
				"up": {"uv": [7.5, 13.875, 8, 13.5], "texture": "#2"},
				"down": {"uv": [8, 13.5, 8.5, 13.875], "texture": "#2"}
			}
		},
		{
			"from": [6.93386, 0.89495, 7.49005],
			"to": [8.7617, 2.12375, 8.50995],
			"rotation": {"angle": 45, "axis": "z", "origin": [8, 0.23257, 8]},
			"faces": {
				"north": {"uv": [12.25, 2.5, 11.5, 3], "texture": "#2"},
				"east": {"uv": [13.875, 8.5, 13.5, 9], "texture": "#2"},
				"south": {"uv": [12.25, 9, 11.5, 9.5], "texture": "#2"},
				"west": {"uv": [13.875, 8, 13.5, 8.5], "texture": "#2"},
				"up": {"uv": [12.5, 2.875, 13.25, 2.5], "texture": "#2"},
				"down": {"uv": [4.5, 12.5, 5.25, 12.875], "texture": "#2"}
			}
		},
		{
			"from": [6.54063, 0.0633, 7.20896],
			"to": [7.52367, 2.76666, 8.79104],
			"rotation": {"angle": -22.5, "axis": "z", "origin": [8, 0.23257, 8]},
			"faces": {
				"north": {"uv": [6.875, 11, 6.5, 12.125], "texture": "#2"},
				"east": {"uv": [9.625, 10, 9, 11.125], "texture": "#2"},
				"south": {"uv": [8.375, 11, 8, 12.125], "texture": "#2"},
				"west": {"uv": [10.625, 4, 10, 5.125], "texture": "#2"},
				"up": {"uv": [10, 13.625, 10.375, 13], "texture": "#2"},
				"down": {"uv": [10.5, 13, 10.875, 13.625], "texture": "#2"}
			}
		},
		{
			"from": [8.47633, 0.0633, 7.20896],
			"to": [9.45937, 2.76666, 8.79104],
			"rotation": {"angle": 22.5, "axis": "z", "origin": [8, 0.23257, 8]},
			"faces": {
				"north": {"uv": [6.5, 11, 6.875, 12.125], "texture": "#2"},
				"east": {"uv": [10, 4, 10.625, 5.125], "texture": "#2"},
				"south": {"uv": [8, 11, 8.375, 12.125], "texture": "#2"},
				"west": {"uv": [9, 10, 9.625, 11.125], "texture": "#2"},
				"up": {"uv": [10.375, 13.625, 10, 13], "texture": "#2"},
				"down": {"uv": [10.875, 13, 10.5, 13.625], "texture": "#2"}
			}
		},
		{
			"from": [7.2383, 0.89495, 7.49005],
			"to": [9.06614, 2.12375, 8.50995],
			"rotation": {"angle": -45, "axis": "z", "origin": [8, 0.23257, 8]},
			"faces": {
				"north": {"uv": [11.5, 2.5, 12.25, 3], "texture": "#2"},
				"east": {"uv": [13.5, 8, 13.875, 8.5], "texture": "#2"},
				"south": {"uv": [11.5, 9, 12.25, 9.5], "texture": "#2"},
				"west": {"uv": [13.5, 8.5, 13.875, 9], "texture": "#2"},
				"up": {"uv": [13.25, 2.875, 12.5, 2.5], "texture": "#2"},
				"down": {"uv": [5.25, 12.5, 4.5, 12.875], "texture": "#2"}
			}
		},
		{
			"from": [8.5739, 0.41719, 7.4409],
			"to": [10.78574, 1.64599, 8.5591],
			"rotation": {"angle": -22.5, "axis": "z", "origin": [8, 0.23257, 8]},
			"faces": {
				"north": {"uv": [10.5, 3.5, 11.375, 4], "texture": "#2"},
				"east": {"uv": [10, 5.5, 10.5, 6], "texture": "#2"},
				"south": {"uv": [8, 10.5, 8.875, 11], "texture": "#2"},
				"west": {"uv": [12.5, 4.5, 13, 5], "texture": "#2"},
				"up": {"uv": [11.375, 8.5, 10.5, 8], "texture": "#2"},
				"down": {"uv": [11.375, 8.5, 10.5, 9], "texture": "#2"}
			}
		},
		{
			"from": [9.63295, 0.30583, 7.5561],
			"to": [10.69279, 1.15063, 8.4439],
			"rotation": {"angle": 0, "axis": "y", "origin": [8, 0.23257, 8]},
			"faces": {
				"north": {"uv": [13.5, 2, 14, 2.375], "texture": "#2"},
				"east": {"uv": [5.5, 14, 5.875, 14.375], "texture": "#2"},
				"south": {"uv": [13.5, 2.5, 14, 2.875], "texture": "#2"},
				"west": {"uv": [14, 5.5, 14.375, 5.875], "texture": "#2"},
				"up": {"uv": [14, 3.375, 13.5, 3], "texture": "#2"},
				"down": {"uv": [14, 3.5, 13.5, 3.875], "texture": "#2"}
			}
		},
		{
			"from": [10.62692, -1.47817, 7.5177],
			"to": [11.47172, 0.15767, 8.4823],
			"rotation": {"angle": 22.5, "axis": "z", "origin": [8, 0.23257, 8]},
			"faces": {
				"north": {"uv": [13, 8, 13.375, 8.625], "texture": "#2"},
				"east": {"uv": [8.5, 13, 8.875, 13.625], "texture": "#2"},
				"south": {"uv": [9.5, 13, 9.875, 13.625], "texture": "#2"},
				"west": {"uv": [13, 9.5, 13.375, 10.125], "texture": "#2"},
				"up": {"uv": [5.375, 14.375, 5, 14], "texture": "#2"},
				"down": {"uv": [14.375, 5, 14, 5.375], "texture": "#2"}
			}
		},
		{
			"from": [9.93246, -2.37365, 7.4793],
			"to": [10.96926, -0.73781, 8.5207],
			"rotation": {"angle": 22.5, "axis": "z", "origin": [8, 0.23257, 8]},
			"faces": {
				"north": {"uv": [13, 4, 13.375, 4.625], "texture": "#2"},
				"east": {"uv": [4.5, 13, 4.875, 13.625], "texture": "#2"},
				"south": {"uv": [5, 13, 5.375, 13.625], "texture": "#2"},
				"west": {"uv": [13, 5, 13.375, 5.625], "texture": "#2"},
				"up": {"uv": [14.375, 3.375, 14, 3], "texture": "#2"},
				"down": {"uv": [3.875, 14, 3.5, 14.375], "texture": "#2"}
			}
		},
		{
			"from": [11.06719, 0.8804, 7.5561],
			"to": [12.31903, 1.5332, 8.4439],
			"rotation": {"angle": -22.5, "axis": "z", "origin": [8, 0.23257, 8]},
			"faces": {
				"north": {"uv": [14.5, 2.5, 15, 2.75], "texture": "#2"},
				"east": {"uv": [5.5, 14.5, 5.875, 14.75], "texture": "#2"},
				"south": {"uv": [3, 14.5, 3.5, 14.75], "texture": "#2"},
				"west": {"uv": [14.5, 5.5, 14.875, 5.75], "texture": "#2"},
				"up": {"uv": [8, 13.875, 7.5, 13.5], "texture": "#2"},
				"down": {"uv": [8.5, 13.5, 8, 13.875], "texture": "#2"}
			}
		},
		{
			"from": [9.7702, 2.00278, 7.12141],
			"to": [10.33054, 2.56311, 8.87859],
			"rotation": {"angle": 45, "axis": "z", "origin": [8, 0.23257, 8]},
			"faces": {
				"north": {"uv": [10.75, 14.5, 10.5, 14.75], "texture": "#2"},
				"east": {"uv": [14.25, 9.5, 13.5, 9.75], "texture": "#2"},
				"south": {"uv": [14.75, 10.5, 14.5, 10.75], "texture": "#2"},
				"west": {"uv": [14.25, 9, 13.5, 9.25], "texture": "#2"},
				"up": {"uv": [9, 14.25, 9.25, 13.5], "texture": "#2"},
				"down": {"uv": [13.5, 10, 13.75, 10.75], "texture": "#2"}
			}
		},
		{
			"from": [1.52641, -2.73932, 7.94],
			"to": [11.12641, 6.86068, 8.06],
			"rotation": {"angle": 45, "axis": "z", "origin": [8, 0.23257, 8]},
			"faces": {
				"north": {"uv": [0, 16, 16, 0], "rotation": 270, "texture": "#1"},
				"east": {"uv": [0.5, 0.5, 0, 0], "rotation": 90, "texture": "#1"},
				"south": {"uv": [16, 16, 0, 0], "rotation": 90, "texture": "#1"},
				"west": {"uv": [0.5, 0.5, 0, 0], "rotation": 90, "texture": "#1"},
				"up": {"uv": [0, 0.625, 0.5, 0], "rotation": 90, "texture": "#1"},
				"down": {"uv": [0, 0.625, 0.5, 0], "rotation": 90, "texture": "#1"}
			}
		},
		{
			"from": [4.87359, -2.73932, 7.94],
			"to": [14.47359, 6.86068, 8.06],
			"rotation": {"angle": -45, "axis": "z", "origin": [8, 0.23257, 8]},
			"faces": {
				"north": {"uv": [0, 0, 16, 16], "rotation": 270, "texture": "#1"},
				"east": {"uv": [0.5, 0, 0, 0.5], "rotation": 90, "texture": "#1"},
				"south": {"uv": [16, 0, 0, 16], "rotation": 90, "texture": "#1"},
				"west": {"uv": [0.5, 0, 0, 0.5], "rotation": 90, "texture": "#1"},
				"up": {"uv": [0, 0, 0.5, 0.625], "rotation": 90, "texture": "#1"},
				"down": {"uv": [0, 0, 0.5, 0.625], "rotation": 90, "texture": "#1"}
			}
		},
		{
			"from": [10.69932, 0.34262, 7.5177],
			"to": [11.54412, 1.97846, 8.4823],
			"rotation": {"angle": -45, "axis": "z", "origin": [8, 0.23257, 8]},
			"faces": {
				"north": {"uv": [5.5, 13, 5.875, 13.625], "texture": "#2"},
				"east": {"uv": [6, 13, 6.375, 13.625], "texture": "#2"},
				"south": {"uv": [13, 6, 13.375, 6.625], "texture": "#2"},
				"west": {"uv": [6.5, 13, 6.875, 13.625], "texture": "#2"},
				"up": {"uv": [14.375, 3.875, 14, 3.5], "texture": "#2"},
				"down": {"uv": [4.875, 14, 4.5, 14.375], "texture": "#2"}
			}
		},
		{
			"from": [9.13464, -3.279, 7.5561],
			"to": [9.78744, -2.21916, 8.4439],
			"rotation": {"angle": 22.5, "axis": "z", "origin": [8, 0.23257, 8]},
			"faces": {
				"north": {"uv": [14, 7.5, 14.25, 8], "texture": "#2"},
				"east": {"uv": [13.5, 1.5, 13.875, 2], "texture": "#2"},
				"south": {"uv": [8, 14, 8.25, 14.5], "texture": "#2"},
				"west": {"uv": [2, 13.5, 2.375, 14], "texture": "#2"},
				"up": {"uv": [4.75, 14.875, 4.5, 14.5], "texture": "#2"},
				"down": {"uv": [14.75, 4.5, 14.5, 4.875], "texture": "#2"}
			}
		},
		{
			"from": [7.70445, -4.31375, 7.5945],
			"to": [8.31885, -3.44591, 8.4055],
			"rotation": {"angle": 45, "axis": "z", "origin": [8, 0.23257, 8]},
			"faces": {
				"north": {"uv": [6, 14.375, 6.25, 14.75], "texture": "#2"},
				"east": {"uv": [6, 13.875, 6.375, 14.25], "texture": "#2"},
				"south": {"uv": [14.5, 6, 14.75, 6.375], "texture": "#2"},
				"west": {"uv": [14, 5.875, 14.375, 6.25], "texture": "#2"},
				"up": {"uv": [6.75, 14.75, 6.5, 14.375], "texture": "#2"},
				"down": {"uv": [14.75, 6.5, 14.5, 6.875], "texture": "#2"}
			}
		},
		{
			"from": [4.45588, 0.34262, 7.5177],
			"to": [5.30068, 1.97846, 8.4823],
			"rotation": {"angle": 45, "axis": "z", "origin": [8, 0.23257, 8]},
			"faces": {
				"north": {"uv": [5.875, 13, 5.5, 13.625], "texture": "#2"},
				"east": {"uv": [6.875, 13, 6.5, 13.625], "texture": "#2"},
				"south": {"uv": [13.375, 6, 13, 6.625], "texture": "#2"},
				"west": {"uv": [6.375, 13, 6, 13.625], "texture": "#2"},
				"up": {"uv": [14, 3.875, 14.375, 3.5], "texture": "#2"},
				"down": {"uv": [4.5, 14, 4.875, 14.375], "texture": "#2"}
			}
		},
		{
			"from": [6.21256, -3.279, 7.5561],
			"to": [6.86536, -2.21916, 8.4439],
			"rotation": {"angle": -22.5, "axis": "z", "origin": [8, 0.23257, 8]},
			"faces": {
				"north": {"uv": [14.25, 7.5, 14, 8], "texture": "#2"},
				"east": {"uv": [2.375, 13.5, 2, 14], "texture": "#2"},
				"south": {"uv": [8.25, 14, 8, 14.5], "texture": "#2"},
				"west": {"uv": [13.875, 1.5, 13.5, 2], "texture": "#2"},
				"up": {"uv": [4.5, 14.875, 4.75, 14.5], "texture": "#2"},
				"down": {"uv": [14.5, 4.5, 14.75, 4.875], "texture": "#2"}
			}
		},
		{
			"from": [7.68115, -4.31375, 7.5945],
			"to": [8.29555, -3.44591, 8.4055],
			"rotation": {"angle": -45, "axis": "z", "origin": [8, 0.23257, 8]},
			"faces": {
				"north": {"uv": [6.25, 14.375, 6, 14.75], "texture": "#2"},
				"east": {"uv": [14.375, 5.875, 14, 6.25], "texture": "#2"},
				"south": {"uv": [14.75, 6, 14.5, 6.375], "texture": "#2"},
				"west": {"uv": [6.375, 13.875, 6, 14.25], "texture": "#2"},
				"up": {"uv": [6.5, 14.75, 6.75, 14.375], "texture": "#2"},
				"down": {"uv": [14.5, 6.5, 14.75, 6.875], "texture": "#2"}
			}
		},
		{
			"from": [10.23886, -11.32108, 7.328],
			"to": [10.60366, -10.95628, 8.672],
			"rotation": {"angle": -45, "axis": "z", "origin": [8.06553, -8.69028, 8]},
			"faces": {
				"north": {"uv": [11.125, 14.5, 11, 14.625], "texture": "#2"},
				"east": {"uv": [15.125, 7, 14.5, 7.125], "texture": "#2"},
				"south": {"uv": [14.625, 11, 14.5, 11.125], "texture": "#2"},
				"west": {"uv": [7.625, 14.5, 7, 14.625], "texture": "#2"},
				"up": {"uv": [14.75, 7.625, 14.875, 7], "texture": "#2"},
				"down": {"uv": [8.25, 14, 8.375, 14.625], "texture": "#2"}
			}
		},
		{
			"from": [8.49743, -10.65485, 7.296],
			"to": [9.93743, -10.01485, 8.704],
			"rotation": {"angle": -45, "axis": "z", "origin": [8.06553, -8.69028, 8]},
			"faces": {
				"north": {"uv": [12.75, 8, 12, 8.375], "texture": "#2"},
				"east": {"uv": [12.75, 10, 12, 10.375], "texture": "#2"},
				"south": {"uv": [12.75, 9.5, 12, 9.875], "texture": "#2"},
				"west": {"uv": [12.75, 8.5, 12, 8.875], "texture": "#2"},
				"up": {"uv": [1.5, 11.25, 2.25, 10.5], "texture": "#2"},
				"down": {"uv": [2.5, 10.5, 3.25, 11.25], "texture": "#2"}
			}
		},
		{
			"from": [9.29743, -10.01485, 7.296],
			"to": [9.93743, -9.21485, 8.704],
			"rotation": {"angle": -45, "axis": "z", "origin": [8.06553, -8.69028, 8]},
			"faces": {
				"north": {"uv": [14.375, 2.5, 14, 2.875], "texture": "#2"},
				"east": {"uv": [11.75, 12, 11, 12.375], "texture": "#2"},
				"south": {"uv": [3.375, 14, 3, 14.375], "texture": "#2"},
				"west": {"uv": [12.75, 10.5, 12, 10.875], "texture": "#2"},
				"up": {"uv": [12, 12.25, 12.375, 11.5], "texture": "#2"},
				"down": {"uv": [12.5, 3.5, 12.875, 4.25], "texture": "#2"}
			}
		},
		{
			"from": [8.00839, -10.79305, 7.36],
			"to": [8.64839, -9.67305, 8.64],
			"rotation": {"angle": -22.5, "axis": "z", "origin": [8.06553, -8.69028, 8]},
			"faces": {
				"north": {"uv": [13.875, 0.5, 13.5, 1], "texture": "#2"},
				"east": {"uv": [12.625, 6.5, 12, 7], "texture": "#2"},
				"south": {"uv": [1.875, 13.5, 1.5, 14], "texture": "#2"},
				"west": {"uv": [12.625, 1.5, 12, 2], "texture": "#2"},
				"up": {"uv": [2.5, 13.625, 2.875, 13], "texture": "#2"},
				"down": {"uv": [3, 13, 3.375, 13.625], "texture": "#2"}
			}
		},
		{
			"from": [6.47732, -11.70935, 7.36],
			"to": [7.11732, -9.94935, 8.64],
			"rotation": {"angle": 22.5, "axis": "z", "origin": [8.06553, -8.69028, 8]},
			"faces": {
				"north": {"uv": [10.375, 11.5, 10, 12.375], "texture": "#2"},
				"east": {"uv": [11.125, 7, 10.5, 7.875], "texture": "#2"},
				"south": {"uv": [10.875, 11.5, 10.5, 12.375], "texture": "#2"},
				"west": {"uv": [7.625, 10.5, 7, 11.375], "texture": "#2"},
				"up": {"uv": [13, 3.625, 13.375, 3], "texture": "#2"},
				"down": {"uv": [3.5, 13, 3.875, 13.625], "texture": "#2"}
			}
		},
		{
			"from": [6.5634, -13.62638, 8],
			"to": [9.4366, -9.37198, 8],
			"rotation": {"angle": 0, "axis": "y", "origin": [8, -11.49918, 8]},
			"faces": {
				"north": {"uv": [8.375, 3, 7, 5.125], "texture": "#2"},
				"east": {"uv": [0, 0, 0, 2.125], "texture": "#2"},
				"south": {"uv": [8.375, 3, 7, 5.125], "texture": "#2"},
				"west": {"uv": [0, 0, 0, 2.125], "texture": "#2"},
				"up": {"uv": [0, 0, 1.5, 0], "texture": "#2"},
				"down": {"uv": [0, 0, 1.5, 0], "texture": "#2"}
			}
		},
		{
			"from": [5.5384, 2.19862, 8],
			"to": [8.9116, 29.70302, 8],
			"rotation": {"angle": 0, "axis": "y", "origin": [7.225, 19.45082, 8]},
			"faces": {
				"north": {"uv": [14.4875, 16, 4.7625, 14.7625], "rotation": 90, "texture": "#2"},
				"east": {"uv": [0, 0, 0, 2.125], "texture": "#2"},
				"south": {"uv": [14.4875, 14.7625, 4.7625, 16], "rotation": 90, "texture": "#2"},
				"west": {"uv": [0, 0, 0, 2.125], "texture": "#2"},
				"up": {"uv": [0, 0, 1.5, 0], "rotation": 180, "texture": "#2"},
				"down": {"uv": [0, 0, 1.5, 0], "rotation": 180, "texture": "#2"}
			}
		},
		{
			"from": [6.36503, -3.01736, 7.50808],
			"to": [9.68023, 0.23384, 8.49192],
			"rotation": {"angle": -45, "axis": "z", "origin": [8.02263, -1.39176, 8]},
			"faces": {
				"north": {"uv": [10.125, 0, 8.5, 1.625], "rotation": 180, "texture": "#2"},
				"east": {"uv": [0.25, 11.5, 0, 13.125], "rotation": 180, "texture": "#2"},
				"south": {"uv": [10.125, 2, 8.5, 3.625], "rotation": 180, "texture": "#2"},
				"west": {"uv": [11.75, 0, 11.5, 1.625], "rotation": 180, "texture": "#2"},
				"up": {"uv": [11.5, 2, 13.125, 2.25], "rotation": 180, "texture": "#2"},
				"down": {"uv": [1.5, 11.75, 3.125, 11.5], "rotation": 180, "texture": "#2"}
			}
		},
		{
			"from": [5.6704, -0.40948, 7.792],
			"to": [6.4256, 2.58572, 8.208],
			"rotation": {"angle": 22.5, "axis": "z", "origin": [7.584, 2.40012, 8.03392]},
			"faces": {
				"north": {"uv": [3.875, 10.5, 3.5, 12], "texture": "#2"},
				"east": {"uv": [11.75, 6.5, 11.5, 8], "texture": "#2"},
				"south": {"uv": [10.875, 5.5, 10.5, 7], "texture": "#2"},
				"west": {"uv": [0.75, 11.5, 0.5, 13], "texture": "#2"},
				"up": {"uv": [5, 14.75, 5.375, 14.5], "texture": "#2"},
				"down": {"uv": [14.5, 5, 14.875, 5.25], "texture": "#2"}
			}
		},
		{
			"from": [6.0544, 0.96232, 7.792],
			"to": [6.9376, 3.59802, 8.208],
			"rotation": {"angle": -22.5, "axis": "z", "origin": [8.096, 2.17192, 8.03392]},
			"faces": {
				"north": {"uv": [9, 4, 8.5, 5.375], "texture": "#2"},
				"east": {"uv": [11.75, 9.5, 11.5, 10.875], "texture": "#2"},
				"south": {"uv": [10.5, 10, 10, 11.375], "texture": "#2"},
				"west": {"uv": [9.75, 11.5, 9.5, 12.875], "texture": "#2"},
				"up": {"uv": [14, 8.75, 14.5, 8.5], "texture": "#2"},
				"down": {"uv": [9.5, 14, 10, 14.25], "texture": "#2"}
			}
		},
		{
			"from": [7.55807, 3.57251, 7.792],
			"to": [8.44127, 4.76821, 8.208],
			"rotation": {"angle": -45, "axis": "z", "origin": [7.99967, 4.89036, 8]},
			"faces": {
				"north": {"uv": [4, 12, 3.5, 12.625], "texture": "#2"},
				"east": {"uv": [2.75, 14, 2.5, 14.625], "texture": "#2"},
				"south": {"uv": [6.5, 12, 6, 12.625], "texture": "#2"},
				"west": {"uv": [14.25, 1.5, 14, 2.125], "texture": "#2"},
				"up": {"uv": [10, 14.25, 10.5, 14], "texture": "#2"},
				"down": {"uv": [14, 10, 14.5, 10.25], "texture": "#2"}
			}
		},
		{
			"from": [8.2624, 4.59162, 7.75808],
			"to": [8.8256, 5.15482, 8.24192],
			"rotation": {"angle": 45, "axis": "z", "origin": [8, 4.32922, 8.032]},
			"faces": {
				"north": {"uv": [9, 14.5, 9.25, 14.75], "texture": "#2"},
				"east": {"uv": [14.5, 9, 14.75, 9.25], "texture": "#2"},
				"south": {"uv": [9.5, 14.5, 9.75, 14.75], "texture": "#2"},
				"west": {"uv": [14.5, 9.5, 14.75, 9.75], "texture": "#2"},
				"up": {"uv": [10.25, 14.75, 10, 14.5], "texture": "#2"},
				"down": {"uv": [14.75, 10, 14.5, 10.25], "texture": "#2"}
			}
		},
		{
			"from": [7.55873, 3.57251, 7.792],
			"to": [8.44193, 4.76821, 8.208],
			"rotation": {"angle": 45, "axis": "z", "origin": [8.00033, 4.89036, 8]},
			"faces": {
				"north": {"uv": [3.5, 12, 4, 12.625], "texture": "#2"},
				"east": {"uv": [14, 1.5, 14.25, 2.125], "texture": "#2"},
				"south": {"uv": [6, 12, 6.5, 12.625], "texture": "#2"},
				"west": {"uv": [2.5, 14, 2.75, 14.625], "texture": "#2"},
				"up": {"uv": [10.5, 14.25, 10, 14], "texture": "#2"},
				"down": {"uv": [14.5, 10, 14, 10.25], "texture": "#2"}
			}
		},
		{
			"from": [9.0624, 0.96232, 7.792],
			"to": [9.9456, 3.59802, 8.208],
			"rotation": {"angle": 22.5, "axis": "z", "origin": [7.904, 2.17192, 8.03392]},
			"faces": {
				"north": {"uv": [8.5, 4, 9, 5.375], "texture": "#2"},
				"east": {"uv": [9.5, 11.5, 9.75, 12.875], "texture": "#2"},
				"south": {"uv": [10, 10, 10.5, 11.375], "texture": "#2"},
				"west": {"uv": [11.5, 9.5, 11.75, 10.875], "texture": "#2"},
				"up": {"uv": [14.5, 8.75, 14, 8.5], "texture": "#2"},
				"down": {"uv": [10, 14, 9.5, 14.25], "texture": "#2"}
			}
		},
		{
			"from": [9.5744, -0.40948, 7.792],
			"to": [10.3296, 2.58572, 8.208],
			"rotation": {"angle": -22.5, "axis": "z", "origin": [8.416, 2.40012, 8.03392]},
			"faces": {
				"north": {"uv": [3.5, 10.5, 3.875, 12], "texture": "#2"},
				"east": {"uv": [0.5, 11.5, 0.75, 13], "texture": "#2"},
				"south": {"uv": [10.5, 5.5, 10.875, 7], "texture": "#2"},
				"west": {"uv": [11.5, 6.5, 11.75, 8], "texture": "#2"},
				"up": {"uv": [5.375, 14.75, 5, 14.5], "texture": "#2"},
				"down": {"uv": [14.875, 5, 14.5, 5.25], "texture": "#2"}
			}
		},
		{
			"from": [8.48607, 3.79044, 7.805],
			"to": [9.56927, 5.37764, 8.195],
			"rotation": {"angle": 0, "axis": "y", "origin": [8.65981, 6.26242, 7.997]},
			"faces": {
				"north": {"uv": [7.5, 12.25, 7, 11.5], "rotation": 180, "texture": "#2"},
				"east": {"uv": [13.75, 5.75, 13.5, 5], "rotation": 180, "texture": "#2"},
				"south": {"uv": [8, 12.25, 7.5, 11.5], "rotation": 180, "texture": "#2"},
				"west": {"uv": [13.75, 6.75, 13.5, 6], "rotation": 180, "texture": "#2"},
				"up": {"uv": [0.5, 14.5, 1, 14.75], "rotation": 180, "texture": "#2"},
				"down": {"uv": [14.5, 0.75, 15, 0.5], "rotation": 180, "texture": "#2"}
			}
		},
		{
			"from": [7.79886, 5.01017, 7.7984],
			"to": [8.68206, 6.06457, 8.2016],
			"rotation": {"angle": 45, "axis": "z", "origin": [8.65981, 6.26242, 8]},
			"faces": {
				"north": {"uv": [13, 6.5, 12.5, 6], "rotation": 180, "texture": "#2"},
				"east": {"uv": [13.75, 14.5, 13.5, 14], "rotation": 180, "texture": "#2"},
				"south": {"uv": [7, 13, 6.5, 12.5], "rotation": 180, "texture": "#2"},
				"west": {"uv": [14.25, 14.5, 14, 14], "rotation": 180, "texture": "#2"},
				"up": {"uv": [0, 14.5, 0.5, 14.75], "rotation": 180, "texture": "#2"},
				"down": {"uv": [14.5, 0.25, 15, 0], "rotation": 180, "texture": "#2"}
			}
		},
		{
			"from": [8.00204, 4.35803, 7.808],
			"to": [8.88524, 7.86523, 8.192],
			"rotation": {"angle": 0, "axis": "y", "origin": [8.65981, 6.26242, 8]},
			"faces": {
				"north": {"uv": [6, 10.75, 5.5, 9], "rotation": 180, "texture": "#2"},
				"east": {"uv": [10.75, 10.75, 10.5, 9], "rotation": 180, "texture": "#2"},
				"south": {"uv": [6.5, 10.75, 6, 9], "rotation": 180, "texture": "#2"},
				"west": {"uv": [11.25, 2.75, 11, 1], "rotation": 180, "texture": "#2"},
				"up": {"uv": [14, 8, 14.5, 8.25], "rotation": 180, "texture": "#2"},
				"down": {"uv": [8.5, 14.25, 9, 14], "rotation": 180, "texture": "#2"}
			}
		},
		{
			"from": [9.07417, 7.25284, 7.7984],
			"to": [9.95737, 8.30724, 8.2016],
			"rotation": {"angle": 45, "axis": "z", "origin": [8.65981, 6.26242, 8]},
			"faces": {
				"north": {"uv": [13, 5.5, 12.5, 5], "rotation": 180, "texture": "#2"},
				"east": {"uv": [14.25, 12.5, 14, 12], "rotation": 180, "texture": "#2"},
				"south": {"uv": [13, 6, 12.5, 5.5], "rotation": 180, "texture": "#2"},
				"west": {"uv": [12.75, 14.5, 12.5, 14], "rotation": 180, "texture": "#2"},
				"up": {"uv": [14, 12.5, 14.5, 12.75], "rotation": 180, "texture": "#2"},
				"down": {"uv": [13, 14.25, 13.5, 14], "rotation": 180, "texture": "#2"}
			}
		},
		{
			"from": [6.81977, -9.7735, 7.50808],
			"to": [9.13497, -7.5223, 8.49192],
			"rotation": {"angle": -45, "axis": "z", "origin": [7.97737, -8.6479, 8]},
			"faces": {
				"north": {"uv": [10.125, 0, 8.5, 1.625], "rotation": 180, "texture": "#2"},
				"east": {"uv": [0.25, 11.5, 0, 13.125], "rotation": 180, "texture": "#2"},
				"south": {"uv": [10.125, 2, 8.5, 3.625], "rotation": 180, "texture": "#2"},
				"west": {"uv": [11.75, 0, 11.5, 1.625], "rotation": 180, "texture": "#2"},
				"up": {"uv": [11.5, 2, 13.125, 2.25], "rotation": 180, "texture": "#2"},
				"down": {"uv": [1.5, 11.75, 3.125, 11.5], "rotation": 180, "texture": "#2"}
			}
		},
		{
			"from": [5.56686, -7.71836, 7.5484],
			"to": [6.45006, -6.66396, 8.4516],
			"rotation": {"angle": -45, "axis": "z", "origin": [8, -8.41628, 8]},
			"faces": {
				"north": {"uv": [13, 5, 12.5, 5.5], "texture": "#2"},
				"east": {"uv": [12.75, 14, 12.5, 14.5], "texture": "#2"},
				"south": {"uv": [13, 5.5, 12.5, 6], "texture": "#2"},
				"west": {"uv": [14.25, 12, 14, 12.5], "texture": "#2"},
				"up": {"uv": [14, 12.75, 14.5, 12.5], "texture": "#2"},
				"down": {"uv": [13, 14, 13.5, 14.25], "texture": "#2"}
			}
		},
		{
			"from": [6.24768, -6.86634, 7.5484],
			"to": [7.30208, -5.98314, 8.4516],
			"rotation": {"angle": -45, "axis": "z", "origin": [8, -8.41628, 8]},
			"faces": {
				"north": {"uv": [13, 5.5, 12.5, 5], "rotation": 270, "texture": "#2"},
				"east": {"uv": [13, 14.25, 13.5, 14], "rotation": 90, "texture": "#2"},
				"south": {"uv": [13, 6, 12.5, 5.5], "rotation": 90, "texture": "#2"},
				"west": {"uv": [14, 12.5, 14.5, 12.75], "rotation": 90, "texture": "#2"},
				"up": {"uv": [14.25, 12.5, 14, 12], "rotation": 90, "texture": "#2"},
				"down": {"uv": [12.75, 14.5, 12.5, 14], "rotation": 90, "texture": "#2"}
			}
		},
		{
			"from": [7.70633, -9.40701, 7.558],
			"to": [8.58953, -5.89981, 8.442],
			"rotation": {"angle": -22.5, "axis": "z", "origin": [8.14793, -7.65341, 8]},
			"faces": {
				"north": {"uv": [5.5, 9, 6, 10.75], "texture": "#2"},
				"east": {"uv": [10.5, 9, 10.75, 10.75], "texture": "#2"},
				"south": {"uv": [6, 9, 6.5, 10.75], "texture": "#2"},
				"west": {"uv": [11, 1, 11.25, 2.75], "texture": "#2"},
				"up": {"uv": [14.5, 8.25, 14, 8], "texture": "#2"},
				"down": {"uv": [9, 14, 8.5, 14.25], "texture": "#2"}
			}
		},
		{
			"from": [7.41047, -9.40701, 7.558],
			"to": [8.29367, -5.89981, 8.442],
			"rotation": {"angle": 22.5, "axis": "z", "origin": [7.85207, -7.65341, 8]},
			"faces": {
				"north": {"uv": [6, 9, 5.5, 10.75], "texture": "#2"},
				"east": {"uv": [11.25, 1, 11, 2.75], "texture": "#2"},
				"south": {"uv": [6.5, 9, 6, 10.75], "texture": "#2"},
				"west": {"uv": [10.75, 9, 10.5, 10.75], "texture": "#2"},
				"up": {"uv": [14, 8.25, 14.5, 8], "texture": "#2"},
				"down": {"uv": [8.5, 14, 9, 14.25], "texture": "#2"}
			}
		},
		{
			"from": [7.02872, -4.52791, 7.424],
			"to": [7.66872, -3.40791, 8.576],
			"rotation": {"angle": -22.5, "axis": "z", "origin": [8.06553, -4.79028, 8]},
			"faces": {
				"north": {"uv": [13.375, 1.5, 13, 2], "texture": "#2"},
				"east": {"uv": [12.625, 0, 12, 0.5], "texture": "#2"},
				"south": {"uv": [13.375, 10.5, 13, 11], "texture": "#2"},
				"west": {"uv": [11.625, 11.5, 11, 12], "texture": "#2"},
				"up": {"uv": [12.5, 13.125, 12.875, 12.5], "texture": "#2"},
				"down": {"uv": [13, 0, 13.375, 0.625], "texture": "#2"}
			}
		},
		{
			"from": [7.59267, -5.66759, 7.424],
			"to": [8.16867, -4.65959, 8.576],
			"rotation": {"angle": -22.5, "axis": "z", "origin": [8.06553, -4.79028, 8]},
			"faces": {
				"north": {"uv": [6.75, 13.875, 6.5, 14.375], "texture": "#2"},
				"east": {"uv": [12.625, 1, 12, 1.5], "texture": "#2"},
				"south": {"uv": [14.25, 6.5, 14, 7], "texture": "#2"},
				"west": {"uv": [12.625, 0.5, 12, 1], "texture": "#2"},
				"up": {"uv": [12, 14.125, 12.25, 13.5], "texture": "#2"},
				"down": {"uv": [13.5, 12, 13.75, 12.625], "texture": "#2"}
			}
		},
		{
			"from": [7.48724, -4.30466, 7.36],
			"to": [8.12724, -3.82466, 8.64],
			"rotation": {"angle": -45, "axis": "z", "origin": [8.06553, -4.79028, 8]},
			"faces": {
				"north": {"uv": [14.875, 3.5, 14.5, 3.75], "texture": "#2"},
				"east": {"uv": [14.125, 13, 13.5, 13.25], "texture": "#2"},
				"south": {"uv": [14.875, 4, 14.5, 4.25], "texture": "#2"},
				"west": {"uv": [13.125, 13.5, 12.5, 13.75], "texture": "#2"},
				"up": {"uv": [0.5, 13.625, 0.875, 13], "texture": "#2"},
				"down": {"uv": [1, 13, 1.375, 13.625], "texture": "#2"}
			}
		},
		{
			"from": [7.00724, -4.94466, 7.36],
			"to": [8.12724, -4.30466, 8.64],
			"rotation": {"angle": -45, "axis": "z", "origin": [8.06553, -4.79028, 8]},
			"faces": {
				"north": {"uv": [0.5, 13.5, 0, 13.875], "texture": "#2"},
				"east": {"uv": [2.125, 13, 1.5, 13.375], "texture": "#2"},
				"south": {"uv": [14, 0, 13.5, 0.375], "texture": "#2"},
				"west": {"uv": [13.625, 1, 13, 1.375], "texture": "#2"},
				"up": {"uv": [1.5, 12.625, 2, 12], "texture": "#2"},
				"down": {"uv": [2, 12, 2.5, 12.625], "texture": "#2"}
			}
		},
		{
			"from": [8.3964, -5.20576, 7.3664],
			"to": [8.9724, -4.77376, 8.6336],
			"rotation": {"angle": -45, "axis": "z", "origin": [8.06553, -4.79028, 8]},
			"faces": {
				"north": {"uv": [8.75, 14.5, 8.5, 14.75], "texture": "#2"},
				"east": {"uv": [0.625, 14, 0, 14.25], "texture": "#2"},
				"south": {"uv": [14.75, 8.5, 14.5, 8.75], "texture": "#2"},
				"west": {"uv": [14.125, 13.5, 13.5, 13.75], "texture": "#2"},
				"up": {"uv": [14, 0.625, 14.25, 0], "texture": "#2"},
				"down": {"uv": [1, 14, 1.25, 14.625], "texture": "#2"}
			}
		},
		{
			"from": [7.9644, -5.78176, 7.3664],
			"to": [8.9724, -5.20576, 8.6336],
			"rotation": {"angle": -45, "axis": "z", "origin": [8.06553, -4.79028, 8]},
			"faces": {
				"north": {"uv": [14.5, 7, 14, 7.25], "texture": "#2"},
				"east": {"uv": [2.125, 14, 1.5, 14.25], "texture": "#2"},
				"south": {"uv": [8, 14, 7.5, 14.25], "texture": "#2"},
				"west": {"uv": [14.625, 1, 14, 1.25], "texture": "#2"},
				"up": {"uv": [2.5, 12.625, 3, 12], "texture": "#2"},
				"down": {"uv": [3, 12, 3.5, 12.625], "texture": "#2"}
			}
		},
		{
			"from": [8.33128, -4.52791, 7.424],
			"to": [8.97128, -3.40791, 8.576],
			"rotation": {"angle": 22.5, "axis": "z", "origin": [7.93447, -4.79028, 8]},
			"faces": {
				"north": {"uv": [13, 1.5, 13.375, 2], "texture": "#2"},
				"east": {"uv": [11, 11.5, 11.625, 12], "texture": "#2"},
				"south": {"uv": [13, 10.5, 13.375, 11], "texture": "#2"},
				"west": {"uv": [12, 0, 12.625, 0.5], "texture": "#2"},
				"up": {"uv": [12.875, 13.125, 12.5, 12.5], "texture": "#2"},
				"down": {"uv": [13.375, 0, 13, 0.625], "texture": "#2"}
			}
		},
		{
			"from": [7.83133, -5.66759, 7.424],
			"to": [8.40733, -4.65959, 8.576],
			"rotation": {"angle": 22.5, "axis": "z", "origin": [7.93447, -4.79028, 8]},
			"faces": {
				"north": {"uv": [6.5, 13.875, 6.75, 14.375], "texture": "#2"},
				"east": {"uv": [12, 0.5, 12.625, 1], "texture": "#2"},
				"south": {"uv": [14, 6.5, 14.25, 7], "texture": "#2"},
				"west": {"uv": [12, 1, 12.625, 1.5], "texture": "#2"},
				"up": {"uv": [12.25, 14.125, 12, 13.5], "texture": "#2"},
				"down": {"uv": [13.75, 12, 13.5, 12.625], "texture": "#2"}
			}
		},
		{
			"from": [7.59267, -3.41759, 7.424],
			"to": [8.16867, -2.40959, 8.576],
			"rotation": {"angle": -22.5, "axis": "z", "origin": [8.06553, -2.54028, 8]},
			"faces": {
				"north": {"uv": [6.75, 13.875, 6.5, 14.375], "texture": "#2"},
				"east": {"uv": [12.625, 1, 12, 1.5], "texture": "#2"},
				"south": {"uv": [14.25, 6.5, 14, 7], "texture": "#2"},
				"west": {"uv": [12.625, 0.5, 12, 1], "texture": "#2"},
				"up": {"uv": [12, 14.125, 12.25, 13.5], "texture": "#2"},
				"down": {"uv": [13.5, 12, 13.75, 12.625], "texture": "#2"}
			}
		},
		{
			"from": [8.3964, -2.95576, 7.3664],
			"to": [8.9724, -2.52376, 8.6336],
			"rotation": {"angle": -45, "axis": "z", "origin": [8.06553, -2.54028, 8]},
			"faces": {
				"north": {"uv": [8.75, 14.5, 8.5, 14.75], "texture": "#2"},
				"east": {"uv": [0.625, 14, 0, 14.25], "texture": "#2"},
				"south": {"uv": [14.75, 8.5, 14.5, 8.75], "texture": "#2"},
				"west": {"uv": [14.125, 13.5, 13.5, 13.75], "texture": "#2"},
				"up": {"uv": [14, 0.625, 14.25, 0], "texture": "#2"},
				"down": {"uv": [1, 14, 1.25, 14.625], "texture": "#2"}
			}
		},
		{
			"from": [7.9644, -3.53176, 7.3664],
			"to": [8.9724, -2.95576, 8.6336],
			"rotation": {"angle": -45, "axis": "z", "origin": [8.06553, -2.54028, 8]},
			"faces": {
				"north": {"uv": [14.5, 7, 14, 7.25], "texture": "#2"},
				"east": {"uv": [2.125, 14, 1.5, 14.25], "texture": "#2"},
				"south": {"uv": [8, 14, 7.5, 14.25], "texture": "#2"},
				"west": {"uv": [14.625, 1, 14, 1.25], "texture": "#2"},
				"up": {"uv": [2.5, 12.625, 3, 12], "texture": "#2"},
				"down": {"uv": [3, 12, 3.5, 12.625], "texture": "#2"}
			}
		},
		{
			"from": [7.83133, -3.41759, 7.424],
			"to": [8.40733, -2.40959, 8.576],
			"rotation": {"angle": 22.5, "axis": "z", "origin": [7.93447, -2.54028, 8]},
			"faces": {
				"north": {"uv": [6.5, 13.875, 6.75, 14.375], "texture": "#2"},
				"east": {"uv": [12, 0.5, 12.625, 1], "texture": "#2"},
				"south": {"uv": [14, 6.5, 14.25, 7], "texture": "#2"},
				"west": {"uv": [12, 1, 12.625, 1.5], "texture": "#2"},
				"up": {"uv": [12.25, 14.125, 12, 13.5], "texture": "#2"},
				"down": {"uv": [13.75, 12, 13.5, 12.625], "texture": "#2"}
			}
		},
		{
			"from": [7.35161, -10.79305, 7.36],
			"to": [7.99161, -9.67305, 8.64],
			"rotation": {"angle": 22.5, "axis": "z", "origin": [7.93447, -8.69028, 8]},
			"faces": {
				"north": {"uv": [13.5, 0.5, 13.875, 1], "texture": "#2"},
				"east": {"uv": [12, 1.5, 12.625, 2], "texture": "#2"},
				"south": {"uv": [1.5, 13.5, 1.875, 14], "texture": "#2"},
				"west": {"uv": [12, 6.5, 12.625, 7], "texture": "#2"},
				"up": {"uv": [2.875, 13.625, 2.5, 13], "texture": "#2"},
				"down": {"uv": [3.375, 13, 3, 13.625], "texture": "#2"}
			}
		},
		{
			"from": [8.88268, -11.70935, 7.36],
			"to": [9.52268, -9.94935, 8.64],
			"rotation": {"angle": -22.5, "axis": "z", "origin": [7.93447, -8.69028, 8]},
			"faces": {
				"north": {"uv": [10, 11.5, 10.375, 12.375], "texture": "#2"},
				"east": {"uv": [7, 10.5, 7.625, 11.375], "texture": "#2"},
				"south": {"uv": [10.5, 11.5, 10.875, 12.375], "texture": "#2"},
				"west": {"uv": [10.5, 7, 11.125, 7.875], "texture": "#2"},
				"up": {"uv": [13.375, 3.625, 13, 3], "texture": "#2"},
				"down": {"uv": [3.875, 13, 3.5, 13.625], "texture": "#2"}
			}
		},
		{
			"from": [10.23886, -2.24372, 7.328],
			"to": [10.60366, -1.87892, 8.672],
			"rotation": {"angle": 45, "axis": "z", "origin": [8.06553, -4.50972, 8]},
			"faces": {
				"north": {"uv": [11.125, 14.625, 11, 14.5], "texture": "#2"},
				"east": {"uv": [15.125, 7.125, 14.5, 7], "texture": "#2"},
				"south": {"uv": [14.625, 11.125, 14.5, 11], "texture": "#2"},
				"west": {"uv": [7.625, 14.625, 7, 14.5], "texture": "#2"},
				"up": {"uv": [8.25, 14.625, 8.375, 14], "texture": "#2"},
				"down": {"uv": [14.75, 7, 14.875, 7.625], "texture": "#2"}
			}
		}
	],
	"gui_light": "front",
	"display": {
		"thirdperson_righthand": {
			"rotation": [0, -90, 0],
			"translation": [0, 10.25, 1.25],
			"scale": [0.91, 0.91, 0.91]
		},
		"thirdperson_lefthand": {
			"rotation": [0, 90, 0],
			"translation": [0, 10.25, 1.25],
			"scale": [0.91, 0.91, 0.91]
		},
		"firstperson_righthand": {
			"rotation": [-30.25, -88, -12.5],
			"translation": [11.75, 4.5, -12]
		},
		"firstperson_lefthand": {
			"rotation": [-12.5, 90, 0],
			"translation": [14.25, 4.75, -14.25]
		},
		"ground": {
			"rotation": [76, 0, 0],
			"translation": [0, -0.25, 2],
			"scale": [0.53, 0.53, 0.53]
		},
		"gui": {
			"rotation": [0, 0, 45],
			"scale": [0.51, 0.51, 0.51]
		},
		"head": {
			"rotation": [0, 0, 139.25],
			"translation": [2, -17.5, 8.75],
			"scale": [1.21, 1.21, 1.21]
		},
		"fixed": {
			"rotation": [-180, 0, -180],
			"translation": [0, 3.5, -0.75],
			"scale": [1.25, 1.25, 1.25]
		}
	},
	"groups": [
		{
			"name": "blade",
			"origin": [7.35935, -12.70972, 8],
			"color": 0,
			"nbt": "{}",
			"children": [
				{
					"name": "group",
					"origin": [10.61114, 3.45779, 7.968],
					"color": 0,
					"nbt": "{}",
					"children": [0, 1, 2, 3, 4, 5, 6, 7, 8, 9, 10, 11, 12, 13, 14, 15, 16, 17, 18, 19, 20, 21, 22, 23, 24]
				},
				25,
				26,
				27,
				28,
				29,
				30,
				31,
				32,
				33,
				34,
				35,
				36,
				37,
				38,
				39,
				40,
				41,
				42,
				43,
				44,
				45,
				46,
				47,
				48,
				49,
				50,
				51,
				52,
				53,
				54,
				55,
				56,
				57,
				58,
				59,
				60,
				61,
				62,
				63
			]
		}
	]
}