{
	"credit": "Made by PolygonMC",
	"texture_size": [24, 24],
	"textures": {
		"1": "akiraset:animation_2",
		"2": "akiraset:bow",
		"3": "akiraset:animation_1",
		"particle": "akiraset:bow"
	},
	"elements": [
		{
			"from": [7.4, 11.15, 7],
			"to": [8.6, 11.65, 9],
			"rotation": {"angle": 22.5, "axis": "x", "origin": [8, 11.4, 8]},
			"faces": {
				"north": {"uv": [13.33333, 6.66667, 14.16667, 7], "texture": "#2"},
				"east": {"uv": [13.33333, 1.33333, 14.66667, 1.66667], "texture": "#2"},
				"south": {"uv": [7.33333, 13.33333, 8.16667, 13.66667], "texture": "#2"},
				"west": {"uv": [13.33333, 2, 14.66667, 2.33333], "texture": "#2"},
				"up": {"uv": [11.5, 4, 10.66667, 2.66667], "texture": "#2"},
				"down": {"uv": [11.5, 4, 10.66667, 5.33333], "texture": "#2"}
			}
		},
		{
			"from": [7.5, 10.45, 7.5],
			"to": [8.5, 11.45, 8.5],
			"rotation": {"angle": 0, "axis": "y", "origin": [7.5, 11.65, 7.5]},
			"faces": {
				"north": {"uv": [12.66667, 10.66667, 13.33333, 11.33333], "texture": "#2"},
				"east": {"uv": [12.66667, 11.33333, 13.33333, 12], "texture": "#2"},
				"south": {"uv": [12.66667, 12, 13.33333, 12.66667], "texture": "#2"},
				"west": {"uv": [12.66667, 12.66667, 13.33333, 13.33333], "texture": "#2"},
				"up": {"uv": [14, 0.66667, 13.33333, 0], "texture": "#2"},
				"down": {"uv": [14, 0.66667, 13.33333, 1.33333], "texture": "#2"}
			}
		},
		{
			"from": [7.5, 6.5, 7.5],
			"to": [8.5, 7, 8.5],
			"rotation": {"angle": 0, "axis": "y", "origin": [7.5, 6.3, 7.5]},
			"faces": {
				"north": {"uv": [6.66667, 14, 7.33333, 14.33333], "texture": "#2"},
				"east": {"uv": [7.33333, 14, 8, 14.33333], "texture": "#2"},
				"south": {"uv": [14, 7.33333, 14.66667, 7.66667], "texture": "#2"},
				"west": {"uv": [8, 14, 8.66667, 14.33333], "texture": "#2"},
				"up": {"uv": [6.66667, 14, 6, 13.33333], "texture": "#2"},
				"down": {"uv": [7.33333, 13.33333, 6.66667, 14], "texture": "#2"}
			}
		},
		{
			"from": [7.5, 9, 7.5],
			"to": [8.5, 9.5, 8.5],
			"rotation": {"angle": 0, "axis": "y", "origin": [7.5, 8.8, 7.5]},
			"faces": {
				"north": {"uv": [13.33333, 8.66667, 14, 9], "texture": "#2"},
				"east": {"uv": [13.33333, 9.33333, 14, 9.66667], "texture": "#2"},
				"south": {"uv": [10, 13.33333, 10.66667, 13.66667], "texture": "#2"},
				"west": {"uv": [13.33333, 10, 14, 10.33333], "texture": "#2"},
				"up": {"uv": [9.33333, 10.66667, 8.66667, 10], "texture": "#2"},
				"down": {"uv": [5.33333, 10.66667, 4.66667, 11.33333], "texture": "#2"}
			}
		},
		{
			"from": [7.5, 11.45, 7.5],
			"to": [8.5, 12.45, 8.5],
			"rotation": {"angle": 0, "axis": "y", "origin": [7.5, 12.65, 7.5]},
			"faces": {
				"north": {"uv": [4.66667, 12.66667, 5.33333, 13.33333], "texture": "#2"},
				"east": {"uv": [5.33333, 12.66667, 6, 13.33333], "texture": "#2"},
				"south": {"uv": [6, 12.66667, 6.66667, 13.33333], "texture": "#2"},
				"west": {"uv": [6.66667, 12.66667, 7.33333, 13.33333], "texture": "#2"},
				"up": {"uv": [13.33333, 7.33333, 12.66667, 6.66667], "texture": "#2"},
				"down": {"uv": [8, 12.66667, 7.33333, 13.33333], "texture": "#2"}
			}
		},
		{
			"from": [7.6, 5.5, 7.6],
			"to": [8.4, 10.5, 8.4],
			"rotation": {"angle": 0, "axis": "y", "origin": [7.5, 6.8, 7.5]},
			"faces": {
				"north": {"uv": [5.33333, 8, 5.83333, 11.33333], "texture": "#2"},
				"east": {"uv": [6, 8, 6.5, 11.33333], "texture": "#2"},
				"south": {"uv": [6.66667, 8, 7.16667, 11.33333], "texture": "#2"},
				"west": {"uv": [8, 8, 8.5, 11.33333], "texture": "#2"},
				"up": {"uv": [13.83333, 7.83333, 13.33333, 7.33333], "texture": "#2"},
				"down": {"uv": [13.83333, 8, 13.33333, 8.5], "texture": "#2"}
			}
		},
		{
			"from": [7.425, 12.05, 7],
			"to": [8.575, 14.05, 9],
			"rotation": {"angle": -45, "axis": "x", "origin": [8, 13.05, 8]},
			"faces": {
				"north": {"uv": [9.33333, 8, 10.16667, 9.33333], "texture": "#2"},
				"east": {"uv": [4.66667, 6.66667, 6, 8], "texture": "#2"},
				"south": {"uv": [9.33333, 9.33333, 10.16667, 10.66667], "texture": "#2"},
				"west": {"uv": [6, 6.66667, 7.33333, 8], "texture": "#2"},
				"up": {"uv": [11.5, 1.33333, 10.66667, 0], "texture": "#2"},
				"down": {"uv": [11.5, 1.33333, 10.66667, 2.66667], "texture": "#2"}
			}
		},
		{
			"from": [7.225, 12.3, 7.25],
			"to": [8.775, 13.8, 8.75],
			"rotation": {"angle": -45, "axis": "x", "origin": [8, 13.05, 8]},
			"faces": {
				"north": {"uv": [10.66667, 6.66667, 11.66667, 7.66667], "texture": "#2"},
				"east": {"uv": [10.66667, 8, 11.66667, 9], "texture": "#2"},
				"south": {"uv": [8.66667, 10.66667, 9.66667, 11.66667], "texture": "#2"},
				"west": {"uv": [10.66667, 9.33333, 11.66667, 10.33333], "texture": "#2"},
				"up": {"uv": [11, 11.66667, 10, 10.66667], "texture": "#2"},
				"down": {"uv": [5.66667, 11.33333, 4.66667, 12.33333], "texture": "#2"}
			}
		},
		{
			"from": [7.5, 13.36066, 8.66421],
			"to": [8.5, 14.86066, 10.16421],
			"rotation": {"angle": -45, "axis": "x", "origin": [8, 14.11066, 9.41421]},
			"faces": {
				"north": {"uv": [10.66667, 12, 11.33333, 13], "texture": "#2"},
				"east": {"uv": [6, 11.33333, 7, 12.33333], "texture": "#2"},
				"south": {"uv": [11.33333, 12, 12, 13], "texture": "#2"},
				"west": {"uv": [7.33333, 11.33333, 8.33333, 12.33333], "texture": "#2"},
				"up": {"uv": [12.66667, 13, 12, 12], "texture": "#2"},
				"down": {"uv": [13.33333, 0, 12.66667, 1], "texture": "#2"}
			}
		},
		{
			"from": [7.75, 9.34289, 5.87868],
			"to": [8.25, 10.34289, 6.87868],
			"rotation": {"angle": -45, "axis": "x", "origin": [7.75, 9.34289, 5.87868]},
			"faces": {
				"north": {"uv": [10.66667, 13.33333, 11, 14], "texture": "#2"},
				"east": {"uv": [12.66667, 7.33333, 13.33333, 8], "texture": "#2"},
				"south": {"uv": [13.33333, 10.66667, 13.66667, 11.33333], "texture": "#2"},
				"west": {"uv": [8, 12.66667, 8.66667, 13.33333], "texture": "#2"},
				"up": {"uv": [11.66667, 14, 11.33333, 13.33333], "texture": "#2"},
				"down": {"uv": [13.66667, 11.33333, 13.33333, 12], "texture": "#2"}
			}
		},
		{
			"from": [7.75, 4.6253, 10.01059],
			"to": [8.25, 5.6253, 12.01059],
			"rotation": {"angle": -45, "axis": "x", "origin": [-0.575, 3.49645, -1.37132]},
			"faces": {
				"north": {"uv": [12, 13.33333, 12.33333, 14], "texture": "#2"},
				"east": {"uv": [11.33333, 10.66667, 12.66667, 11.33333], "texture": "#2"},
				"south": {"uv": [13.33333, 12, 13.66667, 12.66667], "texture": "#2"},
				"west": {"uv": [11.33333, 11.33333, 12.66667, 12], "texture": "#2"},
				"up": {"uv": [13, 9.33333, 12.66667, 8], "texture": "#2"},
				"down": {"uv": [13, 9.33333, 12.66667, 10.66667], "texture": "#2"}
			}
		},
		{
			"from": [7.755, 10.05, 5.17157],
			"to": [8.245, 13.05, 6.17157],
			"rotation": {"angle": 0, "axis": "x", "origin": [-0.245, 4.46421, -2.24264]},
			"faces": {
				"north": {"uv": [12.66667, 1.33333, 13, 3.33333], "texture": "#2"},
				"east": {"uv": [8.66667, 8, 9.33333, 10], "texture": "#2"},
				"south": {"uv": [12.66667, 3.33333, 13, 5.33333], "texture": "#2"},
				"west": {"uv": [7.33333, 9.33333, 8, 11.33333], "texture": "#2"},
				"up": {"uv": [13, 14, 12.66667, 13.33333], "texture": "#2"},
				"down": {"uv": [13.66667, 12.66667, 13.33333, 13.33333], "texture": "#2"}
			}
		},
		{
			"from": [7.75, 14.46421, 8.70711],
			"to": [8.25, 16.46421, 9.70711],
			"rotation": {"angle": -45, "axis": "x", "origin": [7.75, 14.46421, 8.70711]},
			"faces": {
				"north": {"uv": [13.33333, 2.66667, 13.66667, 4], "texture": "#2"},
				"east": {"uv": [12, 0, 12.66667, 1.33333], "texture": "#2"},
				"south": {"uv": [13.33333, 4, 13.66667, 5.33333], "texture": "#2"},
				"west": {"uv": [12, 1.33333, 12.66667, 2.66667], "texture": "#2"},
				"up": {"uv": [13.66667, 14, 13.33333, 13.33333], "texture": "#2"},
				"down": {"uv": [14.33333, 0, 14, 0.66667], "texture": "#2"}
			}
		},
		{
			"from": [7.725, 15.61096, 7.63752],
			"to": [8.275, 19.61096, 8.63752],
			"rotation": {"angle": 22.5, "axis": "x", "origin": [8, 16.61096, 8.13752]},
			"faces": {
				"north": {"uv": [12, 2.66667, 12.33333, 5.33333], "texture": "#2"},
				"east": {"uv": [7.33333, 6.66667, 8, 9.33333], "texture": "#2"},
				"south": {"uv": [12, 6.66667, 12.33333, 9.33333], "texture": "#2"},
				"west": {"uv": [4.66667, 8, 5.33333, 10.66667], "texture": "#2"},
				"up": {"uv": [14.33333, 1.33333, 14, 0.66667], "texture": "#2"},
				"down": {"uv": [14.33333, 2.66667, 14, 3.33333], "texture": "#2"}
			}
		},
		{
			"from": [7.725, 19.36587, 10.94408],
			"to": [8.275, 21.36587, 11.94408],
			"rotation": {"angle": 22.5, "axis": "x", "origin": [8, 18.36587, 9.44408]},
			"faces": {
				"north": {"uv": [4.66667, 13.33333, 5, 14.66667], "texture": "#2"},
				"east": {"uv": [12, 9.33333, 12.66667, 10.66667], "texture": "#2"},
				"south": {"uv": [5.33333, 13.33333, 5.66667, 14.66667], "texture": "#2"},
				"west": {"uv": [10, 12, 10.66667, 13.33333], "texture": "#2"},
				"up": {"uv": [14.33333, 5.33333, 14, 4.66667], "texture": "#2"},
				"down": {"uv": [6.33333, 14, 6, 14.66667], "texture": "#2"}
			}
		},
		{
			"from": [7.75, 19.37737, 8.86273],
			"to": [8.25, 20.37737, 12.86273],
			"rotation": {"angle": -22.5, "axis": "x", "origin": [8, 19.87737, 10.86273]},
			"faces": {
				"north": {"uv": [14, 3.33333, 14.33333, 4], "texture": "#2"},
				"east": {"uv": [8, 6.66667, 10.66667, 7.33333], "texture": "#2"},
				"south": {"uv": [14, 4, 14.33333, 4.66667], "texture": "#2"},
				"west": {"uv": [8, 7.33333, 10.66667, 8], "texture": "#2"},
				"up": {"uv": [9, 14.66667, 8.66667, 12], "texture": "#2"},
				"down": {"uv": [9.66667, 12, 9.33333, 14.66667], "texture": "#2"}
			}
		},
		{
			"from": [8, -2.75, 11.5],
			"to": [8, 18.75, 18.25],
			"rotation": {"angle": 0, "axis": "y", "origin": [8, 2.5, -0.25]},
			"faces": {
				"north": {"uv": [0, 0, 0, 14.33333], "texture": "#2"},
				"east": {"uv": [4.5, 0, 0, 14.33333], "texture": "#2"},
				"south": {"uv": [0, 0, 0, 14.33333], "texture": "#2"},
				"west": {"uv": [0, 0, 4.5, 14.33333], "texture": "#2"},
				"up": {"uv": [0, 4.5, 0, 0], "texture": "#2"},
				"down": {"uv": [0, 0, 0, 4.5], "texture": "#2"}
			}
		},
		{
			"from": [8, 15.5, 8],
			"to": [8, 19.25, 17],
			"rotation": {"angle": -45, "axis": "x", "origin": [8, 15.5, 8]},
			"faces": {
				"north": {"uv": [0, 0, 0, 2.5], "texture": "#2"},
				"east": {"uv": [10.66667, 0, 4.66667, 2.5], "texture": "#2"},
				"south": {"uv": [0, 0, 0, 2.5], "texture": "#2"},
				"west": {"uv": [4.66667, 0, 10.66667, 2.5], "texture": "#2"},
				"up": {"uv": [0, 6, 0, 0], "texture": "#2"},
				"down": {"uv": [0, 0, 0, 6], "texture": "#2"}
			}
		},
		{
			"from": [8, 10.25, -1],
			"to": [8, 14, 8],
			"rotation": {"angle": 0, "axis": "x", "origin": [8, 10.25, -1]},
			"faces": {
				"north": {"uv": [0, 0, 0, 2.5], "texture": "#2"},
				"east": {"uv": [10.66667, 2.66667, 4.66667, 5.16667], "texture": "#2"},
				"south": {"uv": [0, 0, 0, 2.5], "texture": "#2"},
				"west": {"uv": [4.66667, 2.66667, 10.66667, 5.16667], "texture": "#2"},
				"up": {"uv": [0, 6, 0, 0], "texture": "#2"},
				"down": {"uv": [0, 0, 0, 6], "texture": "#2"}
			}
		},
		{
			"from": [7.5, 3.55, 7.5],
			"to": [8.5, 4.55, 8.5],
			"rotation": {"angle": 0, "axis": "y", "origin": [7.5, 3.35, 7.5]},
			"faces": {
				"north": {"uv": [4.66667, 13.33333, 5.33333, 12.66667], "texture": "#2"},
				"east": {"uv": [5.33333, 13.33333, 6, 12.66667], "texture": "#2"},
				"south": {"uv": [6, 13.33333, 6.66667, 12.66667], "texture": "#2"},
				"west": {"uv": [6.66667, 13.33333, 7.33333, 12.66667], "texture": "#2"},
				"up": {"uv": [8, 13.33333, 7.33333, 12.66667], "texture": "#2"},
				"down": {"uv": [13.33333, 6.66667, 12.66667, 7.33333], "texture": "#2"}
			}
		},
		{
			"from": [7.425, 1.95, 7],
			"to": [8.575, 3.95, 9],
			"rotation": {"angle": 45, "axis": "x", "origin": [8, 2.95, 8]},
			"faces": {
				"north": {"uv": [9.33333, 9.33333, 10.16667, 8], "texture": "#2"},
				"east": {"uv": [4.66667, 8, 6, 6.66667], "texture": "#2"},
				"south": {"uv": [9.33333, 10.66667, 10.16667, 9.33333], "texture": "#2"},
				"west": {"uv": [6, 8, 7.33333, 6.66667], "texture": "#2"},
				"up": {"uv": [11.5, 2.66667, 10.66667, 1.33333], "texture": "#2"},
				"down": {"uv": [11.5, 0, 10.66667, 1.33333], "texture": "#2"}
			}
		},
		{
			"from": [7.225, 2.2, 7.25],
			"to": [8.775, 3.7, 8.75],
			"rotation": {"angle": 45, "axis": "x", "origin": [8, 2.95, 8]},
			"faces": {
				"north": {"uv": [10.66667, 7.66667, 11.66667, 6.66667], "texture": "#2"},
				"east": {"uv": [10.66667, 9, 11.66667, 8], "texture": "#2"},
				"south": {"uv": [8.66667, 11.66667, 9.66667, 10.66667], "texture": "#2"},
				"west": {"uv": [10.66667, 10.33333, 11.66667, 9.33333], "texture": "#2"},
				"up": {"uv": [5.66667, 12.33333, 4.66667, 11.33333], "texture": "#2"},
				"down": {"uv": [11, 10.66667, 10, 11.66667], "texture": "#2"}
			}
		},
		{
			"from": [7.5, 1.13934, 8.66421],
			"to": [8.5, 2.63934, 10.16421],
			"rotation": {"angle": 45, "axis": "x", "origin": [8, 1.88934, 9.41421]},
			"faces": {
				"north": {"uv": [10.66667, 13, 11.33333, 12], "texture": "#2"},
				"east": {"uv": [6, 12.33333, 7, 11.33333], "texture": "#2"},
				"south": {"uv": [11.33333, 13, 12, 12], "texture": "#2"},
				"west": {"uv": [7.33333, 12.33333, 8.33333, 11.33333], "texture": "#2"},
				"up": {"uv": [13.33333, 1, 12.66667, 0], "texture": "#2"},
				"down": {"uv": [12.66667, 12, 12, 13], "texture": "#2"}
			}
		},
		{
			"from": [7.75, 5.65711, 5.87868],
			"to": [8.25, 6.65711, 6.87868],
			"rotation": {"angle": 45, "axis": "x", "origin": [7.75, 6.65711, 5.87868]},
			"faces": {
				"north": {"uv": [10.66667, 14, 11, 13.33333], "texture": "#2"},
				"east": {"uv": [12.66667, 8, 13.33333, 7.33333], "texture": "#2"},
				"south": {"uv": [13.33333, 11.33333, 13.66667, 10.66667], "texture": "#2"},
				"west": {"uv": [8, 13.33333, 8.66667, 12.66667], "texture": "#2"},
				"up": {"uv": [13.66667, 12, 13.33333, 11.33333], "texture": "#2"},
				"down": {"uv": [11.66667, 13.33333, 11.33333, 14], "texture": "#2"}
			}
		},
		{
			"from": [7.75, 10.3747, 10.01059],
			"to": [8.25, 11.3747, 12.01059],
			"rotation": {"angle": 45, "axis": "x", "origin": [-0.575, 12.50355, -1.37132]},
			"faces": {
				"north": {"uv": [12, 14, 12.33333, 13.33333], "texture": "#2"},
				"east": {"uv": [11.33333, 11.33333, 12.66667, 10.66667], "texture": "#2"},
				"south": {"uv": [13.33333, 12.66667, 13.66667, 12], "texture": "#2"},
				"west": {"uv": [11.33333, 12, 12.66667, 11.33333], "texture": "#2"},
				"up": {"uv": [13, 10.66667, 12.66667, 9.33333], "texture": "#2"},
				"down": {"uv": [13, 8, 12.66667, 9.33333], "texture": "#2"}
			}
		},
		{
			"from": [7.755, 2.95, 5.17157],
			"to": [8.245, 5.95, 6.17157],
			"rotation": {"angle": 0, "axis": "x", "origin": [-0.245, 11.53579, -2.24264]},
			"faces": {
				"north": {"uv": [12.66667, 3.33333, 13, 1.33333], "texture": "#2"},
				"east": {"uv": [8.66667, 10, 9.33333, 8], "texture": "#2"},
				"south": {"uv": [12.66667, 5.33333, 13, 3.33333], "texture": "#2"},
				"west": {"uv": [7.33333, 11.33333, 8, 9.33333], "texture": "#2"},
				"up": {"uv": [13.66667, 13.33333, 13.33333, 12.66667], "texture": "#2"},
				"down": {"uv": [13, 13.33333, 12.66667, 14], "texture": "#2"}
			}
		},
		{
			"from": [7.5, 4.55, 7.5],
			"to": [8.5, 5.55, 8.5],
			"rotation": {"angle": 0, "axis": "y", "origin": [7.5, 4.35, 7.5]},
			"faces": {
				"north": {"uv": [12.66667, 11.33333, 13.33333, 10.66667], "texture": "#2"},
				"east": {"uv": [12.66667, 12, 13.33333, 11.33333], "texture": "#2"},
				"south": {"uv": [12.66667, 12.66667, 13.33333, 12], "texture": "#2"},
				"west": {"uv": [12.66667, 13.33333, 13.33333, 12.66667], "texture": "#2"},
				"up": {"uv": [14, 1.33333, 13.33333, 0.66667], "texture": "#2"},
				"down": {"uv": [14, 0, 13.33333, 0.66667], "texture": "#2"}
			}
		},
		{
			"from": [7.4, 4.35, 7],
			"to": [8.6, 4.85, 9],
			"rotation": {"angle": -22.5, "axis": "x", "origin": [8, 4.6, 8]},
			"faces": {
				"north": {"uv": [13.33333, 7, 14.16667, 6.66667], "texture": "#2"},
				"east": {"uv": [13.33333, 1.66667, 14.66667, 1.33333], "texture": "#2"},
				"south": {"uv": [7.33333, 13.66667, 8.16667, 13.33333], "texture": "#2"},
				"west": {"uv": [13.33333, 2.33333, 14.66667, 2], "texture": "#2"},
				"up": {"uv": [11.5, 5.33333, 10.66667, 4], "texture": "#2"},
				"down": {"uv": [11.5, 2.66667, 10.66667, 4], "texture": "#2"}
			}
		},
		{
			"from": [7.75, -0.46421, 8.70711],
			"to": [8.25, 1.53579, 9.70711],
			"rotation": {"angle": 45, "axis": "x", "origin": [7.75, 1.53579, 8.70711]},
			"faces": {
				"north": {"uv": [13.33333, 4, 13.66667, 2.66667], "texture": "#2"},
				"east": {"uv": [12, 1.33333, 12.66667, 0], "texture": "#2"},
				"south": {"uv": [13.33333, 5.33333, 13.66667, 4], "texture": "#2"},
				"west": {"uv": [12, 2.66667, 12.66667, 1.33333], "texture": "#2"},
				"up": {"uv": [14.33333, 0.66667, 14, 0], "texture": "#2"},
				"down": {"uv": [13.66667, 13.33333, 13.33333, 14], "texture": "#2"}
			}
		},
		{
			"from": [7.725, -3.61096, 7.63752],
			"to": [8.275, 0.38904, 8.63752],
			"rotation": {"angle": -22.5, "axis": "x", "origin": [8, -0.61096, 8.13752]},
			"faces": {
				"north": {"uv": [12, 5.33333, 12.33333, 2.66667], "texture": "#2"},
				"east": {"uv": [7.33333, 9.33333, 8, 6.66667], "texture": "#2"},
				"south": {"uv": [12, 9.33333, 12.33333, 6.66667], "texture": "#2"},
				"west": {"uv": [4.66667, 10.66667, 5.33333, 8], "texture": "#2"},
				"up": {"uv": [14.33333, 3.33333, 14, 2.66667], "texture": "#2"},
				"down": {"uv": [14.33333, 0.66667, 14, 1.33333], "texture": "#2"}
			}
		},
		{
			"from": [7.75, -4.37737, 8.86273],
			"to": [8.25, -3.37737, 12.86273],
			"rotation": {"angle": 22.5, "axis": "x", "origin": [8, -3.87737, 10.86273]},
			"faces": {
				"north": {"uv": [14, 4, 14.33333, 3.33333], "texture": "#2"},
				"east": {"uv": [8, 7.33333, 10.66667, 6.66667], "texture": "#2"},
				"south": {"uv": [14, 4.66667, 14.33333, 4], "texture": "#2"},
				"west": {"uv": [8, 8, 10.66667, 7.33333], "texture": "#2"},
				"up": {"uv": [9.66667, 14.66667, 9.33333, 12], "texture": "#2"},
				"down": {"uv": [9, 12, 8.66667, 14.66667], "texture": "#2"}
			}
		},
		{
			"from": [7.725, -5.36587, 10.94408],
			"to": [8.275, -3.36587, 11.94408],
			"rotation": {"angle": -22.5, "axis": "x", "origin": [8, -2.36587, 9.44408]},
			"faces": {
				"north": {"uv": [4.66667, 14.66667, 5, 13.33333], "texture": "#2"},
				"east": {"uv": [12, 10.66667, 12.66667, 9.33333], "texture": "#2"},
				"south": {"uv": [5.33333, 14.66667, 5.66667, 13.33333], "texture": "#2"},
				"west": {"uv": [10, 13.33333, 10.66667, 12], "texture": "#2"},
				"up": {"uv": [6.33333, 14.66667, 6, 14], "texture": "#2"},
				"down": {"uv": [14.33333, 4.66667, 14, 5.33333], "texture": "#2"}
			}
		},
		{
			"from": [8, -3.25, 8],
			"to": [8, 0.5, 17],
			"rotation": {"angle": 45, "axis": "x", "origin": [8, 0.5, 8]},
			"faces": {
				"north": {"uv": [0, 2.5, 0, 0], "texture": "#2"},
				"east": {"uv": [10.66667, 2.5, 4.66667, 0], "texture": "#2"},
				"south": {"uv": [0, 2.5, 0, 0], "texture": "#2"},
				"west": {"uv": [4.66667, 2.5, 10.66667, 0], "texture": "#2"},
				"up": {"uv": [0, 6, 0, 0], "texture": "#2"},
				"down": {"uv": [0, 0, 0, 6], "texture": "#2"}
			}
		},
		{
			"from": [8, 2, -1],
			"to": [8, 5.75, 8],
			"rotation": {"angle": 0, "axis": "x", "origin": [8, 5.75, -1]},
			"faces": {
				"north": {"uv": [0, 2.5, 0, 0], "texture": "#2"},
				"east": {"uv": [10.66667, 5.16667, 4.66667, 2.66667], "texture": "#2"},
				"south": {"uv": [0, 2.5, 0, 0], "texture": "#2"},
				"west": {"uv": [4.66667, 5.16667, 10.66667, 2.66667], "texture": "#2"},
				"up": {"uv": [0, 6, 0, 0], "texture": "#2"},
				"down": {"uv": [0, 0, 0, 6], "texture": "#2"}
			}
		},
		{
			"from": [8, 7.125, -3.375],
			"to": [8, 8.875, 11.625],
			"rotation": {"angle": -45, "axis": "z", "origin": [8, 8, 4.125]},
			"faces": {
				"north": {"uv": [0, 0, 0, 1.16667], "texture": "#2"},
				"east": {"uv": [4.66667, 6.5, 14.66667, 5.33333], "rotation": 180, "texture": "#2"},
				"south": {"uv": [0, 0, 0, 1.16667], "texture": "#2"},
				"west": {"uv": [4.66667, 5.33333, 14.66667, 6.5], "texture": "#2"},
				"up": {"uv": [0, 10, 0, 0], "texture": "#2"},
				"down": {"uv": [0, 0, 0, 10], "texture": "#2"}
			}
		},
		{
			"from": [8, 7.125, -3.375],
			"to": [8, 8.875, 11.625],
			"rotation": {"angle": 45, "axis": "z", "origin": [8, 8, 4.125]},
			"faces": {
				"north": {"uv": [0, 0, 0, 1.16667], "texture": "#2"},
				"east": {"uv": [4.66667, 6.5, 14.66667, 5.33333], "rotation": 180, "texture": "#2"},
				"south": {"uv": [0, 0, 0, 1.16667], "texture": "#2"},
				"west": {"uv": [4.66667, 5.33333, 14.66667, 6.5], "texture": "#2"},
				"up": {"uv": [0, 10, 0, 0], "texture": "#2"},
				"down": {"uv": [0, 0, 0, 10], "texture": "#2"}
			}
		},
		{
			"from": [7.85, 11, 6.25],
			"to": [7.85, 14, 12.25],
			"rotation": {"angle": -45, "axis": "x", "origin": [7.85, 11, 4]},
			"faces": {
				"west": {"uv": [0, 0, 12, 6], "texture": "#1"}
			}
		},
		{
			"from": [7.85, 2, 6.25],
			"to": [7.85, 5, 12.25],
			"rotation": {"angle": 45, "axis": "x", "origin": [7.85, 5, 4]},
			"faces": {
				"west": {"uv": [0, 6, 12, 0], "texture": "#1"}
			}
		},
		{
			"from": [8.15, 2, 6.25],
			"to": [8.15, 5, 12.25],
			"rotation": {"angle": 45, "axis": "x", "origin": [8.15, 5, 4]},
			"faces": {
				"east": {"uv": [12, 6, 0, 0], "texture": "#1"}
			}
		},
		{
			"from": [8.15, 11, 6.25],
			"to": [8.15, 14, 12.25],
			"rotation": {"angle": -45, "axis": "x", "origin": [8.15, 11, 4]},
			"faces": {
				"east": {"uv": [12, 0, 0, 6], "texture": "#1"}
			}
		},
		{
			"from": [6, 6, 1],
			"to": [10, 10, 1],
			"rotation": {"angle": 45, "axis": "z", "origin": [8, 8, 1]},
			"faces": {
				"north": {"uv": [0, 0, 16, 16], "rotation": 270, "texture": "#3"},
				"east": {"uv": [0, 2.66667, 0, 0], "rotation": 180, "texture": "#3"},
				"south": {"uv": [0, 0, 16, 16], "rotation": 90, "texture": "#3"},
				"west": {"uv": [0, 0, 0, 2.66667], "texture": "#3"},
				"up": {"uv": [0, 0, 0, 2.66667], "rotation": 90, "texture": "#3"},
				"down": {"uv": [0, 0, 0, 2.66667], "rotation": 90, "texture": "#3"}
			}
		}
	],
	"gui_light": "front",
	"display": {
		"thirdperson_righthand": {
			"translation": [0, -2, 0.75]
		},
		"thirdperson_lefthand": {
			"translation": [0, -2, 0.75]
		},
		"firstperson_righthand": {
			"rotation": [20, 19, 0],
			"translation": [0.75, 2.5, -0.5]
		},
		"firstperson_lefthand": {
			"rotation": [20, -20, 0],
			"translation": [2, 2.5, 0.25]
		},
		"ground": {
			"rotation": [35, 0, 0],
			"translation": [0, 16.25, 0]
		},
		"gui": {
			"rotation": [-90, 135, 90],
			"translation": [-2, 1.75, 0],
			"scale": [0.75, 0.75, 0.75]
		},
		"head": {
			"scale": [0, 0, 0]
		},
		"fixed": {
			"rotation": [0, -90, 0],
			"translation": [-1.25, 0, -1.5],
			"scale": [2.5, 2.5, 2.5]
		}
	}
}