{
	"credit": "Made by PolygonMC",
	"texture_size": [24, 24],
	"textures": {
		"1": "akiraset:animation_1",
		"2": "akiraset:shield",
		"3": "akiraset:chest_animation",
		"particle": "akiraset:shield"
	},
	"elements": [
		{
			"from": [9.96522, 8.53661, 8.875],
			"to": [10.46522, 10.53661, 10.075],
			"rotation": {"angle": -22.5, "axis": "z", "origin": [8, 6, 8]},
			"faces": {
				"north": {"uv": [10.66667, 11.33333, 11, 12.66667], "texture": "#2"},
				"east": {"uv": [8.66667, 4, 9.5, 5.33333], "texture": "#2"},
				"south": {"uv": [11.33333, 8.66667, 11.66667, 10], "texture": "#2"},
				"west": {"uv": [8.66667, 5.33333, 9.5, 6.66667], "texture": "#2"},
				"up": {"uv": [4.16667, 13, 3.33333, 12.66667], "rotation": 90, "texture": "#2"},
				"down": {"uv": [13.5, 4, 12.66667, 4.33333], "rotation": 270, "texture": "#2"}
			}
		},
		{
			"from": [10.45, 8.01967, 9],
			"to": [11.45, 9.01967, 10],
			"rotation": {"angle": 0, "axis": "x", "origin": [8, 6, 8]},
			"faces": {
				"north": {"uv": [12, 0.66667, 12.66667, 1.33333], "texture": "#2"},
				"east": {"uv": [11.33333, 10, 12, 10.66667], "texture": "#2"},
				"south": {"uv": [11.33333, 11.33333, 12, 12], "texture": "#2"},
				"west": {"uv": [12, 0, 12.66667, 0.66667], "texture": "#2"},
				"up": {"uv": [2, 12.66667, 1.33333, 12], "rotation": 90, "texture": "#2"},
				"down": {"uv": [12.66667, 1.33333, 12, 2], "rotation": 270, "texture": "#2"}
			}
		},
		{
			"from": [4.55, 8.01967, 9],
			"to": [5.55, 9.01967, 10],
			"rotation": {"angle": 0, "axis": "x", "origin": [8, 6, 8]},
			"faces": {
				"north": {"uv": [12.66667, 0.66667, 12, 1.33333], "texture": "#2"},
				"east": {"uv": [12.66667, 0, 12, 0.66667], "texture": "#2"},
				"south": {"uv": [12, 11.33333, 11.33333, 12], "texture": "#2"},
				"west": {"uv": [12, 10, 11.33333, 10.66667], "texture": "#2"},
				"up": {"uv": [2, 12, 1.33333, 12.66667], "rotation": 90, "texture": "#2"},
				"down": {"uv": [12.66667, 2, 12, 1.33333], "rotation": 270, "texture": "#2"}
			}
		},
		{
			"from": [5.53478, 8.53661, 8.875],
			"to": [6.03478, 10.53661, 10.075],
			"rotation": {"angle": 22.5, "axis": "z", "origin": [8, 6, 8]},
			"faces": {
				"north": {"uv": [11, 11.33333, 10.66667, 12.66667], "texture": "#2"},
				"east": {"uv": [9.5, 5.33333, 8.66667, 6.66667], "texture": "#2"},
				"south": {"uv": [11.66667, 8.66667, 11.33333, 10], "texture": "#2"},
				"west": {"uv": [9.5, 4, 8.66667, 5.33333], "texture": "#2"},
				"up": {"uv": [4.16667, 12.66667, 3.33333, 13], "rotation": 90, "texture": "#2"},
				"down": {"uv": [13.5, 4.33333, 12.66667, 4], "rotation": 270, "texture": "#2"}
			}
		},
		{
			"from": [8.95, 8.01967, 9],
			"to": [9.45, 9.01967, 10],
			"rotation": {"angle": 0, "axis": "x", "origin": [8, 6, 8]},
			"faces": {
				"north": {"uv": [8, 12.66667, 8.33333, 13.33333], "texture": "#2"},
				"east": {"uv": [2, 12, 2.66667, 12.66667], "texture": "#2"},
				"south": {"uv": [6.66667, 12.66667, 7, 13.33333], "texture": "#2"},
				"west": {"uv": [12, 2, 12.66667, 2.66667], "texture": "#2"},
				"up": {"uv": [9.33333, 13, 8.66667, 12.66667], "rotation": 90, "texture": "#2"},
				"down": {"uv": [13.33333, 8.66667, 12.66667, 9], "rotation": 270, "texture": "#2"}
			}
		},
		{
			"from": [6.45, 8.01967, 9],
			"to": [6.95, 9.01967, 10],
			"rotation": {"angle": 0, "axis": "x", "origin": [8, 6, 8]},
			"faces": {
				"north": {"uv": [10, 12.66667, 10.33333, 13.33333], "texture": "#2"},
				"east": {"uv": [12, 3.33333, 12.66667, 4], "texture": "#2"},
				"south": {"uv": [12.66667, 9.33333, 13, 10], "texture": "#2"},
				"west": {"uv": [12, 4, 12.66667, 4.66667], "texture": "#2"},
				"up": {"uv": [13.33333, 10.33333, 12.66667, 10], "rotation": 90, "texture": "#2"},
				"down": {"uv": [11.33333, 12.66667, 10.66667, 13], "rotation": 270, "texture": "#2"}
			}
		},
		{
			"from": [5.45, 8.11967, 9.1],
			"to": [10.45, 8.91967, 9.9],
			"rotation": {"angle": 0, "axis": "x", "origin": [8, 6, 8]},
			"faces": {
				"north": {"uv": [8, 3.33333, 11.33333, 3.83333], "texture": "#2"},
				"east": {"uv": [12.66667, 5.33333, 13.16667, 5.83333], "texture": "#2"},
				"south": {"uv": [8, 2.66667, 11.33333, 3.16667], "texture": "#2"},
				"west": {"uv": [6, 12.66667, 6.5, 13.16667], "texture": "#2"},
				"up": {"uv": [8.5, 7.33333, 8, 4], "rotation": 90, "texture": "#2"},
				"down": {"uv": [8.5, 7.33333, 8, 10.66667], "rotation": 270, "texture": "#2"}
			}
		},
		{
			"from": [5.3951, 8.6049, 5.925],
			"to": [7.3951, 10.6049, 7.075],
			"rotation": {"angle": -45, "axis": "z", "origin": [8, 8, 8]},
			"faces": {
				"north": {"uv": [8, 1.33333, 9.33333, 2.66667], "texture": "#2"},
				"east": {"uv": [8.66667, 6.66667, 9.5, 8], "texture": "#2"},
				"south": {"uv": [8, 0, 9.33333, 1.33333], "texture": "#2"},
				"west": {"uv": [8.66667, 8, 9.5, 9.33333], "texture": "#2"},
				"up": {"uv": [10.16667, 1.33333, 9.33333, 0], "rotation": 90, "texture": "#2"},
				"down": {"uv": [10.16667, 1.33333, 9.33333, 2.66667], "rotation": 270, "texture": "#2"}
			}
		},
		{
			"from": [5.6451, 8.8549, 5.725],
			"to": [7.1451, 10.3549, 7.275],
			"rotation": {"angle": -45, "axis": "z", "origin": [8, 8, 8]},
			"faces": {
				"north": {"uv": [10, 8, 11, 9], "texture": "#2"},
				"east": {"uv": [4.66667, 10, 5.66667, 11], "texture": "#2"},
				"south": {"uv": [10, 5.33333, 11, 6.33333], "texture": "#2"},
				"west": {"uv": [10, 6.66667, 11, 7.66667], "texture": "#2"},
				"up": {"uv": [11, 10.33333, 10, 9.33333], "rotation": 90, "texture": "#2"},
				"down": {"uv": [11.66667, 0, 10.66667, 1], "rotation": 270, "texture": "#2"}
			}
		},
		{
			"from": [10.58731, 8.81954, 6],
			"to": [12.08731, 10.31954, 7],
			"rotation": {"angle": 45, "axis": "z", "origin": [8, 8, 8]},
			"faces": {
				"north": {"uv": [10.66667, 1.33333, 11.66667, 2.33333], "texture": "#2"},
				"east": {"uv": [11.33333, 3.33333, 12, 4.33333], "texture": "#2"},
				"south": {"uv": [1.33333, 10.66667, 2.33333, 11.66667], "texture": "#2"},
				"west": {"uv": [4.66667, 11.33333, 5.33333, 12.33333], "texture": "#2"},
				"up": {"uv": [12, 5.66667, 11.33333, 4.66667], "rotation": 90, "texture": "#2"},
				"down": {"uv": [6, 11.33333, 5.33333, 12.33333], "rotation": 270, "texture": "#2"}
			}
		},
		{
			"from": [7.18046, 11.08731, 6.25],
			"to": [8.18046, 12.08731, 6.75],
			"rotation": {"angle": -45, "axis": "z", "origin": [8, 8, 8]},
			"faces": {
				"north": {"uv": [1.33333, 12.66667, 2, 13.33333], "texture": "#2"},
				"east": {"uv": [13.33333, 3.33333, 13.66667, 4], "texture": "#2"},
				"south": {"uv": [12.66667, 0.66667, 13.33333, 1.33333], "texture": "#2"},
				"west": {"uv": [4, 13.33333, 4.33333, 14], "texture": "#2"},
				"up": {"uv": [5, 14, 4.66667, 13.33333], "rotation": 90, "texture": "#2"},
				"down": {"uv": [5.66667, 13.33333, 5.33333, 14], "rotation": 270, "texture": "#2"}
			}
		},
		{
			"from": [14.75864, 8.89086, 6.25],
			"to": [15.75864, 9.89086, 6.75],
			"rotation": {"angle": 45, "axis": "z", "origin": [7.55, 5.45, 8]},
			"faces": {
				"north": {"uv": [12.66667, 0, 13.33333, 0.66667], "texture": "#2"},
				"east": {"uv": [13.33333, 1.33333, 13.66667, 2], "texture": "#2"},
				"south": {"uv": [12, 12, 12.66667, 12.66667], "texture": "#2"},
				"west": {"uv": [13.33333, 2, 13.66667, 2.66667], "texture": "#2"},
				"up": {"uv": [13.66667, 3.33333, 13.33333, 2.66667], "rotation": 90, "texture": "#2"},
				"down": {"uv": [3.66667, 13.33333, 3.33333, 14], "rotation": 270, "texture": "#2"}
			}
		},
		{
			"from": [14.95863, 3.30913, 6.25],
			"to": [15.95863, 4.30913, 6.75],
			"rotation": {"angle": -45, "axis": "z", "origin": [8, 8, 8]},
			"faces": {
				"north": {"uv": [12, 10, 12.66667, 10.66667], "texture": "#2"},
				"east": {"uv": [12.66667, 12.66667, 13, 13.33333], "texture": "#2"},
				"south": {"uv": [10, 12, 10.66667, 12.66667], "texture": "#2"},
				"west": {"uv": [0, 13.33333, 0.33333, 14], "texture": "#2"},
				"up": {"uv": [13.66667, 0.66667, 13.33333, 0], "rotation": 90, "texture": "#2"},
				"down": {"uv": [1, 13.33333, 0.66667, 14], "rotation": 270, "texture": "#2"}
			}
		},
		{
			"from": [10.01776, -0.23744, 6.255],
			"to": [11.01776, 10.76256, 6.745],
			"rotation": {"angle": 0, "axis": "x", "origin": [8, 8, 8]},
			"faces": {
				"north": {"uv": [6.66667, 4.66667, 7.33333, 12], "texture": "#2"},
				"east": {"uv": [7.33333, 0, 7.66667, 7.33333], "texture": "#2"},
				"south": {"uv": [6, 4.66667, 6.66667, 12], "texture": "#2"},
				"west": {"uv": [7.33333, 7.33333, 7.66667, 14.66667], "texture": "#2"},
				"up": {"uv": [12.33333, 13.33333, 12, 12.66667], "rotation": 90, "texture": "#2"},
				"down": {"uv": [13, 12, 12.66667, 12.66667], "rotation": 270, "texture": "#2"}
			}
		},
		{
			"from": [9.92133, 10.68744, 6.255],
			"to": [10.92133, 13.68744, 6.745],
			"rotation": {"angle": 0, "axis": "x", "origin": [7.55, 5.45, 8]},
			"faces": {
				"north": {"uv": [2, 8.66667, 2.66667, 10.66667], "texture": "#2"},
				"east": {"uv": [2.66667, 8.66667, 3, 10.66667], "texture": "#2"},
				"south": {"uv": [1.33333, 8.66667, 2, 10.66667], "texture": "#2"},
				"west": {"uv": [2.66667, 10.66667, 3, 12.66667], "texture": "#2"},
				"up": {"uv": [13, 11.33333, 12.66667, 10.66667], "rotation": 90, "texture": "#2"},
				"down": {"uv": [13, 11.33333, 12.66667, 12], "rotation": 270, "texture": "#2"}
			}
		},
		{
			"from": [7.81954, 11.08731, 6.25],
			"to": [8.81954, 12.08731, 6.75],
			"rotation": {"angle": 45, "axis": "z", "origin": [8, 8, 8]},
			"faces": {
				"north": {"uv": [2, 12.66667, 1.33333, 13.33333], "texture": "#2"},
				"east": {"uv": [4.33333, 13.33333, 4, 14], "texture": "#2"},
				"south": {"uv": [13.33333, 0.66667, 12.66667, 1.33333], "texture": "#2"},
				"west": {"uv": [13.66667, 3.33333, 13.33333, 4], "texture": "#2"},
				"up": {"uv": [5, 13.33333, 4.66667, 14], "rotation": 90, "texture": "#2"},
				"down": {"uv": [5.66667, 14, 5.33333, 13.33333], "rotation": 270, "texture": "#2"}
			}
		},
		{
			"from": [4.98224, -0.23744, 6.255],
			"to": [5.98224, 10.76256, 6.745],
			"rotation": {"angle": 0, "axis": "x", "origin": [8, 8, 8]},
			"faces": {
				"north": {"uv": [7.33333, 4.66667, 6.66667, 12], "texture": "#2"},
				"east": {"uv": [7.66667, 7.33333, 7.33333, 14.66667], "texture": "#2"},
				"south": {"uv": [6.66667, 4.66667, 6, 12], "texture": "#2"},
				"west": {"uv": [7.66667, 0, 7.33333, 7.33333], "texture": "#2"},
				"up": {"uv": [12.33333, 12.66667, 12, 13.33333], "rotation": 90, "texture": "#2"},
				"down": {"uv": [13, 12.66667, 12.66667, 12], "rotation": 270, "texture": "#2"}
			}
		},
		{
			"from": [0.04137, 3.30913, 6.25],
			"to": [1.04137, 4.30913, 6.75],
			"rotation": {"angle": 45, "axis": "z", "origin": [8, 8, 8]},
			"faces": {
				"north": {"uv": [12.66667, 10, 12, 10.66667], "texture": "#2"},
				"east": {"uv": [0.33333, 13.33333, 0, 14], "texture": "#2"},
				"south": {"uv": [10.66667, 12, 10, 12.66667], "texture": "#2"},
				"west": {"uv": [13, 12.66667, 12.66667, 13.33333], "texture": "#2"},
				"up": {"uv": [13.66667, 0, 13.33333, 0.66667], "rotation": 90, "texture": "#2"},
				"down": {"uv": [1, 14, 0.66667, 13.33333], "rotation": 270, "texture": "#2"}
			}
		},
		{
			"from": [3.91269, 8.81954, 6],
			"to": [5.41269, 10.31954, 7],
			"rotation": {"angle": -45, "axis": "z", "origin": [8, 8, 8]},
			"faces": {
				"north": {"uv": [11.66667, 1.33333, 10.66667, 2.33333], "texture": "#2"},
				"east": {"uv": [5.33333, 11.33333, 4.66667, 12.33333], "texture": "#2"},
				"south": {"uv": [2.33333, 10.66667, 1.33333, 11.66667], "texture": "#2"},
				"west": {"uv": [12, 3.33333, 11.33333, 4.33333], "texture": "#2"},
				"up": {"uv": [12, 4.66667, 11.33333, 5.66667], "rotation": 90, "texture": "#2"},
				"down": {"uv": [6, 12.33333, 5.33333, 11.33333], "rotation": 270, "texture": "#2"}
			}
		},
		{
			"from": [7, 2.96967, 6.25],
			"to": [9, 9.96967, 6.75],
			"rotation": {"angle": 0, "axis": "y", "origin": [8, 8, 8]},
			"faces": {
				"north": {"uv": [6, 0, 7.33333, 4.66667], "texture": "#2"},
				"east": {"uv": [0, 8.66667, 0.33333, 13.33333], "texture": "#2"},
				"south": {"uv": [7.33333, 0, 6, 4.66667], "texture": "#2"},
				"west": {"uv": [0.66667, 8.66667, 1, 13.33333], "texture": "#2"}
			}
		},
		{
			"from": [10.84448, 3.73052, 6.2375],
			"to": [12.26948, 5.15552, 6.7625],
			"rotation": {"angle": -45, "axis": "z", "origin": [8, 8, 8]},
			"faces": {
				"north": {"uv": [9.33333, 10.66667, 10.33333, 11.66667], "texture": "#2"},
				"east": {"uv": [12.66667, 1.33333, 13, 2.33333], "texture": "#2"},
				"south": {"uv": [9.33333, 10.66667, 10.33333, 11.66667], "rotation": 270, "texture": "#2"},
				"west": {"uv": [2, 12.66667, 2.33333, 13.66667], "texture": "#2"},
				"up": {"uv": [3, 13.66667, 2.66667, 12.66667], "rotation": 90, "texture": "#2"},
				"down": {"uv": [13, 2.66667, 12.66667, 3.66667], "rotation": 270, "texture": "#2"}
			}
		},
		{
			"from": [5.475, -2.13033, 6.5],
			"to": [10.525, 10.86967, 6.5],
			"rotation": {"angle": 0, "axis": "y", "origin": [8, 8, 8]},
			"faces": {
				"north": {"uv": [0, 0, 3.33333, 8.66667], "texture": "#2"},
				"east": {"uv": [0, 0, 0, 8.66667], "texture": "#2"},
				"south": {"uv": [3.33333, 0, 0, 8.66667], "texture": "#2"},
				"west": {"uv": [0, 0, 0, 8.66667], "texture": "#2"},
				"up": {"uv": [0, 3.33333, 0, 0], "rotation": 90, "texture": "#2"},
				"down": {"uv": [0, 0, 0, 3.33333], "rotation": 270, "texture": "#2"}
			}
		},
		{
			"from": [8.275, 8.31967, 6.45],
			"to": [12.325, 16.31967, 6.45],
			"rotation": {"angle": 0, "axis": "y", "origin": [7.55, 5.45, 7.95]},
			"faces": {
				"north": {"uv": [3.33333, 0, 6, 5.33333], "texture": "#2"},
				"east": {"uv": [0, 0, 0, 5.33333], "texture": "#2"},
				"south": {"uv": [6, 0, 3.33333, 5.33333], "texture": "#2"},
				"west": {"uv": [0, 0, 0, 5.33333], "texture": "#2"},
				"up": {"uv": [0, 2.66667, 0, 0], "rotation": 90, "texture": "#2"},
				"down": {"uv": [0, 0, 0, 2.66667], "rotation": 270, "texture": "#2"}
			}
		},
		{
			"from": [5.07867, 10.68744, 6.255],
			"to": [6.07867, 13.68744, 6.745],
			"rotation": {"angle": 0, "axis": "x", "origin": [8.45, 5.45, 8]},
			"faces": {
				"north": {"uv": [2.66667, 8.66667, 2, 10.66667], "texture": "#2"},
				"east": {"uv": [3, 10.66667, 2.66667, 12.66667], "texture": "#2"},
				"south": {"uv": [2, 8.66667, 1.33333, 10.66667], "texture": "#2"},
				"west": {"uv": [3, 8.66667, 2.66667, 10.66667], "texture": "#2"},
				"up": {"uv": [13, 10.66667, 12.66667, 11.33333], "rotation": 90, "texture": "#2"},
				"down": {"uv": [13, 12, 12.66667, 11.33333], "rotation": 270, "texture": "#2"}
			}
		},
		{
			"from": [0.24136, 8.89086, 6.25],
			"to": [1.24136, 9.89086, 6.75],
			"rotation": {"angle": -45, "axis": "z", "origin": [8.45, 5.45, 8]},
			"faces": {
				"north": {"uv": [13.33333, 0, 12.66667, 0.66667], "texture": "#2"},
				"east": {"uv": [13.66667, 2, 13.33333, 2.66667], "texture": "#2"},
				"south": {"uv": [12.66667, 12, 12, 12.66667], "texture": "#2"},
				"west": {"uv": [13.66667, 1.33333, 13.33333, 2], "texture": "#2"},
				"up": {"uv": [13.66667, 2.66667, 13.33333, 3.33333], "rotation": 90, "texture": "#2"},
				"down": {"uv": [3.66667, 14, 3.33333, 13.33333], "rotation": 270, "texture": "#2"}
			}
		},
		{
			"from": [3.675, 8.31967, 6.45],
			"to": [7.725, 16.31967, 6.45],
			"rotation": {"angle": 0, "axis": "y", "origin": [8.45, 5.45, 7.95]},
			"faces": {
				"north": {"uv": [6, 0, 3.33333, 5.33333], "texture": "#2"},
				"east": {"uv": [0, 0, 0, 5.33333], "texture": "#2"},
				"south": {"uv": [3.33333, 0, 6, 5.33333], "texture": "#2"},
				"west": {"uv": [0, 0, 0, 5.33333], "texture": "#2"},
				"up": {"uv": [0, 0, 0, 2.66667], "rotation": 90, "texture": "#2"},
				"down": {"uv": [0, 2.66667, 0, 0], "rotation": 270, "texture": "#2"}
			}
		},
		{
			"from": [10.21594, -0.23744, 5.46395],
			"to": [11.76594, 10.76256, 5.46395],
			"rotation": {"angle": -22.5, "axis": "y", "origin": [8, 8, 8]},
			"faces": {
				"north": {"uv": [3.33333, 5.33333, 4.33333, 12.66667], "texture": "#2"},
				"east": {"uv": [0, 0, 0, 7.33333], "texture": "#2"},
				"south": {"uv": [4.33333, 5.33333, 3.33333, 12.66667], "texture": "#2"},
				"west": {"uv": [0, 0, 0, 7.33333], "texture": "#2"},
				"up": {"uv": [0, 1, 0, 0], "rotation": 90, "texture": "#2"},
				"down": {"uv": [0, 0, 0, 1], "rotation": 270, "texture": "#2"}
			}
		},
		{
			"from": [4.23406, -0.23744, 5.46395],
			"to": [5.78406, 10.76256, 5.46395],
			"rotation": {"angle": 22.5, "axis": "y", "origin": [8, 8, 8]},
			"faces": {
				"north": {"uv": [4.33333, 5.33333, 3.33333, 12.66667], "texture": "#2"},
				"east": {"uv": [0, 0, 0, 7.33333], "texture": "#2"},
				"south": {"uv": [3.33333, 5.33333, 4.33333, 12.66667], "texture": "#2"},
				"west": {"uv": [0, 0, 0, 7.33333], "texture": "#2"},
				"up": {"uv": [0, 0, 0, 1], "rotation": 90, "texture": "#2"},
				"down": {"uv": [0, 1, 0, 0], "rotation": 270, "texture": "#2"}
			}
		},
		{
			"from": [7.70377, 9.26712, 6.6],
			"to": [8.30377, 9.86712, 9.1],
			"rotation": {"angle": -45, "axis": "z", "origin": [8, 6, 8]},
			"faces": {
				"north": {"uv": [6, 13.33333, 6.33333, 13.66667], "texture": "#2"},
				"east": {"uv": [13, 7.66667, 11.33333, 7.33333], "texture": "#2"},
				"south": {"uv": [13.33333, 5.33333, 13.66667, 5.66667], "texture": "#2"},
				"west": {"uv": [11.33333, 7.33333, 13, 7.66667], "texture": "#2"},
				"up": {"uv": [13, 7.66667, 11.33333, 7.33333], "rotation": 90, "texture": "#2"},
				"down": {"uv": [13, 7.66667, 11.33333, 7.33333], "rotation": 270, "texture": "#2"}
			}
		},
		{
			"from": [7.69623, 9.26712, 6.6],
			"to": [8.29623, 9.86712, 9.1],
			"rotation": {"angle": 45, "axis": "z", "origin": [8, 6, 8]},
			"faces": {
				"north": {"uv": [6.33333, 13.33333, 6, 13.66667], "texture": "#2"},
				"east": {"uv": [13, 7.33333, 11.33333, 7.66667], "texture": "#2"},
				"south": {"uv": [13.66667, 5.33333, 13.33333, 5.66667], "texture": "#2"},
				"west": {"uv": [11.33333, 7.66667, 13, 7.33333], "texture": "#2"},
				"up": {"uv": [13, 7.33333, 11.33333, 7.66667], "rotation": 90, "texture": "#2"},
				"down": {"uv": [13, 7.33333, 11.33333, 7.66667], "rotation": 270, "texture": "#2"}
			}
		},
		{
			"from": [6, 8.25, 5.6],
			"to": [10, 12.25, 5.6],
			"rotation": {"angle": 45, "axis": "z", "origin": [8, 10.25, 5.6]},
			"faces": {
				"north": {"uv": [0, 0, 16, 16], "rotation": 270, "texture": "#1"},
				"east": {"uv": [0, 2.66667, 0, 0], "rotation": 180, "texture": "#missing"},
				"west": {"uv": [0, 0, 0, 2.66667], "texture": "#missing"},
				"up": {"uv": [0, 0, 0, 2.66667], "rotation": 90, "texture": "#missing"},
				"down": {"uv": [0, 0, 0, 2.66667], "rotation": 90, "texture": "#missing"}
			}
		},
		{
			"from": [8.725, 3.875, 6.35],
			"to": [10.225, 9.375, 6.35],
			"rotation": {"angle": 0, "axis": "y", "origin": [9.475, 6.625, 6.35]},
			"faces": {
				"north": {"uv": [0, 0, 3, 10.99583], "texture": "#3"},
				"east": {"uv": [0, 0, 0, 3.66667], "texture": "#3"},
				"south": {"uv": [3, 0, 0, 10.99583], "texture": "#3"},
				"west": {"uv": [0, 0, 0, 3.66667], "texture": "#3"},
				"up": {"uv": [0, 0, 1, 0], "rotation": 180, "texture": "#3"},
				"down": {"uv": [0, 0, 1, 0], "rotation": 180, "texture": "#3"}
			}
		},
		{
			"from": [5.775, 3.875, 6.35],
			"to": [7.275, 9.375, 6.35],
			"rotation": {"angle": 0, "axis": "y", "origin": [6.525, 6.625, 6.35]},
			"faces": {
				"north": {"uv": [3, 0, 0, 10.99583], "texture": "#3"},
				"east": {"uv": [0, 0, 0, 3.66667], "texture": "#3"},
				"south": {"uv": [0, 0, 3, 10.99583], "texture": "#3"},
				"west": {"uv": [0, 0, 0, 3.66667], "texture": "#3"},
				"up": {"uv": [1, 0, 0, 0], "rotation": 180, "texture": "#3"},
				"down": {"uv": [1, 0, 0, 0], "rotation": 180, "texture": "#3"}
			}
		}
	],
	"gui_light": "front",
	"display": {
		"thirdperson_righthand": {
			"rotation": [35, -35, 0],
			"translation": [0.75, -1.5, -0.75]
		},
		"thirdperson_lefthand": {
			"rotation": [35, -35, 0],
			"translation": [0.75, -1.5, -0.75]
		},
		"firstperson_righthand": {
			"rotation": [0, 0, 10],
			"translation": [-8, 2.5, 6]
		},
		"firstperson_lefthand": {
			"rotation": [0, 0, 10],
			"translation": [-8, 2.5, 6]
		},
		"ground": {
			"rotation": [35, 0, 0],
			"translation": [0, 7.5, 1]
		},
		"gui": {
			"rotation": [0, 180, 0],
			"translation": [-0.25, 0.75, 0],
			"scale": [0.94336, 0.94336, 0.94336]
		},
		"head": {
			"scale": [0, 0, 0]
		},
		"fixed": {
			"translation": [-0.25, 2.5, -1.5],
			"scale": [2.5, 2.5, 2.5]
		}
	}
}