{"credit":"MadebyPolygonMC","texture_size":[20,20],"textures":{"1":"akiraset:sword","2":"akiraset:chest_animation","particle":"akiraset:chest_animation"},"elements":[{"from":[7.4,0,7],"to":[8.6,0.5,9],"rotation":{"angle":-22.5,"axis":"x","origin":[8,0.25,8]},"faces":{"north":{"uv":[11.2,11.2,12.2,11.6],"texture":"#1"},"east":{"uv":[9.6,7.2,11.2,7.6],"texture":"#1"},"south":{"uv":[12,0,13,0.4],"texture":"#1"},"west":{"uv":[7.2,10.4,8.8,10.8],"texture":"#1"},"up":{"uv":[9,1.6,8,0],"texture":"#1"},"down":{"uv":[9,1.6,8,3.2],"texture":"#1"}}},{"from":[7.5,0.2,7.5],"to":[8.5,1.2,8.5],"rotation":{"angle":0,"axis":"y","origin":[7.5,0,7.5]},"faces":{"north":{"uv":[10.4,8,11.2,8.8],"texture":"#1"},"east":{"uv":[10.4,8.8,11.2,9.6],"texture":"#1"},"south":{"uv":[10.4,9.6,11.2,10.4],"texture":"#1"},"west":{"uv":[10.4,10.4,11.2,11.2],"texture":"#1"},"up":{"uv":[12,0.8,11.2,0],"texture":"#1"},"down":{"uv":[12,0.8,11.2,1.6],"texture":"#1"}}},{"from":[7.5,2.2,7.5],"to":[8.5,2.7,8.5],"rotation":{"angle":0,"axis":"y","origin":[7.5,2,7.5]},"faces":{"north":{"uv":[2.4,12,3.2,12.4],"texture":"#1"},"east":{"uv":[12,2.4,12.8,2.8],"texture":"#1"},"south":{"uv":[3.2,12,4,12.4],"texture":"#1"},"west":{"uv":[12,3.2,12.8,3.6],"texture":"#1"},"up":{"uv":[12,2.4,11.2,1.6],"texture":"#1"},"down":{"uv":[12,2.4,11.2,3.2],"texture":"#1"}}},{"from":[7.5,4.7,7.5],"to":[8.5,5.2,8.5],"rotation":{"angle":0,"axis":"y","origin":[7.5,4.5,7.5]},"faces":{"north":{"uv":[12,4,12.8,4.4],"texture":"#1"},"east":{"uv":[12,4.8,12.8,5.2],"texture":"#1"},"south":{"uv":[5.6,12,6.4,12.4],"texture":"#1"},"west":{"uv":[12,5.6,12.8,6],"texture":"#1"},"up":{"uv":[12,4,11.2,3.2],"texture":"#1"},"down":{"uv":[12,4,11.2,4.8],"texture":"#1"}}},{"from":[7.5,6.2,7.5],"to":[8.5,7.2,8.5],"rotation":{"angle":0,"axis":"y","origin":[7.5,7.4,7.5]},"faces":{"north":{"uv":[11.2,4.8,12,5.6],"texture":"#1"},"east":{"uv":[5.6,11.2,6.4,12],"texture":"#1"},"south":{"uv":[11.2,5.6,12,6.4],"texture":"#1"},"west":{"uv":[6.4,11.2,7.2,12],"texture":"#1"},"up":{"uv":[12,7.2,11.2,6.4],"texture":"#1"},"down":{"uv":[8,11.2,7.2,12],"texture":"#1"}}},{"from":[7.6,1.2,7.6],"to":[8.4,6.2,8.4],"rotation":{"angle":0,"axis":"y","origin":[7.5,2.5,7.5]},"faces":{"north":{"uv":[5.6,3.2,6.2,7.2],"texture":"#1"},"east":{"uv":[6.4,3.2,7,7.2],"texture":"#1"},"south":{"uv":[7.2,0,7.8,4],"texture":"#1"},"west":{"uv":[7.2,4,7.8,8],"texture":"#1"},"up":{"uv":[12.6,1.4,12,0.8],"texture":"#1"},"down":{"uv":[12.6,1.6,12,2.2],"texture":"#1"}}},{"from":[7.425,6.8,7],"to":[8.575,8.8,9],"rotation":{"angle":-45,"axis":"x","origin":[8,7.8,8]},"faces":{"north":{"uv":[8,3.2,9,4.8],"texture":"#1"},"east":{"uv":[5.6,0,7.2,1.6],"texture":"#1"},"south":{"uv":[8,4.8,9,6.4],"texture":"#1"},"west":{"uv":[5.6,1.6,7.2,3.2],"texture":"#1"},"up":{"uv":[9,8,8,6.4],"texture":"#1"},"down":{"uv":[8.2,8,7.2,9.6],"texture":"#1"}}},{"from":[7.225,7.05,7.25],"to":[8.775,8.55,8.75],"rotation":{"angle":-45,"axis":"x","origin":[8,7.8,8]},"faces":{"north":{"uv":[2.4,8.8,3.6,10],"texture":"#1"},"east":{"uv":[4,8.8,5.2,10],"texture":"#1"},"south":{"uv":[8.8,8,10,9.2],"texture":"#1"},"west":{"uv":[9.6,0,10.8,1.2],"texture":"#1"},"up":{"uv":[10.8,2.8,9.6,1.6],"texture":"#1"},"down":{"uv":[10.8,3.2,9.6,4.4],"texture":"#1"}}},{"from":[7.5,8.25,8.5],"to":[8.5,9.75,10],"rotation":{"angle":-45,"axis":"x","origin":[8,9,9.25]},"faces":{"north":{"uv":[8.8,9.6,9.6,10.8],"texture":"#1"},"east":{"uv":[9.6,4.8,10.8,6],"texture":"#1"},"south":{"uv":[9.6,9.6,10.4,10.8],"texture":"#1"},"west":{"uv":[5.6,9.6,6.8,10.8],"texture":"#1"},"up":{"uv":[3.2,11.6,2.4,10.4],"texture":"#1"},"down":{"uv":[4,10.4,3.2,11.6],"texture":"#1"}}},{"from":[7.75,9.35355,8.54289],"to":[8.25,10.35355,9.54289],"rotation":{"angle":-45,"axis":"x","origin":[7.75,9.35355,8.54289]},"faces":{"north":{"uv":[6.4,12,6.8,12.8],"texture":"#1"},"east":{"uv":[11.2,7.2,12,8],"texture":"#1"},"south":{"uv":[12,6.4,12.4,7.2],"texture":"#1"},"west":{"uv":[8,11.2,8.8,12],"texture":"#1"},"up":{"uv":[7.6,12.8,7.2,12],"texture":"#1"},"down":{"uv":[12.4,7.2,12,8],"texture":"#1"}}},{"from":[7.75,4.09289,5.87868],"to":[8.25,5.09289,6.87868],"rotation":{"angle":-45,"axis":"x","origin":[7.75,4.09289,5.87868]},"faces":{"north":{"uv":[8,12,8.4,12.8],"texture":"#1"},"east":{"uv":[11.2,8,12,8.8],"texture":"#1"},"south":{"uv":[12,8,12.4,8.8],"texture":"#1"},"west":{"uv":[8.8,11.2,9.6,12],"texture":"#1"},"up":{"uv":[9.2,12.8,8.8,12],"texture":"#1"},"down":{"uv":[12.4,8.8,12,9.6],"texture":"#1"}}},{"from":[7.75,-0.6247,10.01059],"to":[8.25,0.3753,12.01059],"rotation":{"angle":-45,"axis":"x","origin":[-0.575,-1.75355,-1.37132]},"faces":{"north":{"uv":[12,9.6,12.4,10.4],"texture":"#1"},"east":{"uv":[9.6,6.4,11.2,7.2],"texture":"#1"},"south":{"uv":[10.4,12,10.8,12.8],"texture":"#1"},"west":{"uv":[7.2,9.6,8.8,10.4],"texture":"#1"},"up":{"uv":[11.6,10.4,11.2,8.8],"texture":"#1"},"down":{"uv":[10,11.2,9.6,12.8],"texture":"#1"}}},{"from":[7.75,20.35355,8.54289],"to":[8.25,21.35355,9.54289],"rotation":{"angle":-45,"axis":"x","origin":[7.75,20.35355,8.54289]},"faces":{"north":{"uv":[12,10.4,12.4,11.2],"texture":"#1"},"east":{"uv":[10.4,11.2,11.2,12],"texture":"#1"},"south":{"uv":[11.2,12,11.6,12.8],"texture":"#1"},"west":{"uv":[11.2,10.4,12,11.2],"texture":"#1"},"up":{"uv":[12.4,12.8,12,12],"texture":"#1"},"down":{"uv":[13.2,0.8,12.8,1.6],"texture":"#1"}}},{"from":[7.755,10.06066,7.83579],"to":[8.245,21.06066,8.83579],"rotation":{"angle":0,"axis":"x","origin":[-0.245,0.47487,-1.57843]},"faces":{"north":{"uv":[4,0,4.4,8.8],"texture":"#1"},"east":{"uv":[2.4,0,3.2,8.8],"texture":"#1"},"south":{"uv":[4.8,0,5.2,8.8],"texture":"#1"},"west":{"uv":[3.2,0,4,8.8],"texture":"#1"},"up":{"uv":[13.2,2.4,12.8,1.6],"texture":"#1"},"down":{"uv":[2.8,12.8,2.4,13.6],"texture":"#1"}}},{"from":[7.755,4.8,5.17157],"to":[8.245,7.8,6.17157],"rotation":{"angle":0,"axis":"x","origin":[-0.245,-0.78579,-2.24264]},"faces":{"north":{"uv":[4,10.4,4.4,12.8],"texture":"#1"},"east":{"uv":[5.6,7.2,6.4,9.6],"texture":"#1"},"south":{"uv":[4.8,10.4,5.2,12.8],"texture":"#1"},"west":{"uv":[6.4,7.2,7.2,9.6],"texture":"#1"},"up":{"uv":[13.2,3.2,12.8,2.4],"texture":"#1"},"down":{"uv":[3.6,12.8,3.2,13.6],"texture":"#1"}}},{"from":[8,8.025,6.5],"to":[8,28.025,9.5],"rotation":{"angle":0,"axis":"y","origin":[8,4.025,6.5]},"faces":{"north":{"uv":[0,0,0,16],"texture":"#1"},"east":{"uv":[2.4,0,0,16],"texture":"#1"},"south":{"uv":[0,0,0,16],"texture":"#1"},"west":{"uv":[0,0,2.4,16],"texture":"#1"},"up":{"uv":[0,2.4,0,0],"texture":"#1"},"down":{"uv":[0,0,0,2.4],"texture":"#1"}}},{"from":[7.85,8.275,5.65],"to":[7.85,13.775,7.15],"rotation":{"angle":22.5,"axis":"x","origin":[7.85,11.025,6.4]},"faces":{"north":{"uv":[0,0,0,4.4],"texture":"#2"},"south":{"uv":[0,0,0,4.4],"texture":"#2"},"west":{"uv":[0,0,3,11],"texture":"#2"},"up":{"uv":[1.2,0,0,0],"rotation":270,"texture":"#2"},"down":{"uv":[1.2,0,0,0],"rotation":90,"texture":"#2"}}},{"from":[8.15,8.275,5.65],"to":[8.15,13.775,7.15],"rotation":{"angle":22.5,"axis":"x","origin":[8.15,11.025,6.4]},"faces":{"north":{"uv":[0,0,0,4.4],"texture":"#2"},"east":{"uv":[3,0,0,11],"texture":"#2"},"south":{"uv":[0,0,0,4.4],"texture":"#2"},"up":{"uv":[1.2,0,0,0],"rotation":270,"texture":"#2"},"down":{"uv":[1.2,0,0,0],"rotation":90,"texture":"#2"}}}],"gui_light":"front","display":{"thirdperson_righthand":{"translation":[0,1.5,1]},"thirdperson_lefthand":{"translation":[0,1.5,1]},"firstperson_righthand":{"rotation":[-10,0,0],"translation":[-0.5,1.75,1.25]},"firstperson_lefthand":{"rotation":[-10,0,0],"translation":[-0.5,1.75,1.25]},"ground":{"translation":[0,7.5,0]},"gui":{"rotation":[-90,45,90],"translation":[3.5,-3.5,0],"scale":[0.83203,0.83203,0.83203]},"head":{"scale":[0,0,0]},"fixed":{"rotation":[0,-90,0],"translation":[-0.25,-15.75,-1.5],"scale":[2.5,2.5,2.5]}}}