{
	"credit": "Made with Blockbench",
	"texture_size": [32, 32],
	"textures": {
		"0": "elitecreatures:azgad_weapon/azgadtex1",
		"2": "elitecreatures:azgad_weapon/azgadtex2",
		"3": "elitecreatures:azgad_weapon/azgadtex4",
		"4": "elitecreatures:azgad_weapon/fireeye",
		"5": "elitecreatures:azgad_weapon/azgadtex3",
		"particle": "elitecreatures:azgad_weapon/azgadtex1"
	},
	"elements": [
		{
			"from": [13.6, 12, -0.6],
			"to": [21.1, 20, -0.6],
			"rotation": {"angle": -45, "axis": "y", "origin": [12, 4, 0]},
			"faces": {
				"north": {"uv": [16, 0, 12.25, 4], "texture": "#0"},
				"east": {"uv": [0, 0, 0, 5.5], "texture": "#0"},
				"south": {"uv": [12.25, 0, 16, 4], "texture": "#0"},
				"west": {"uv": [0, 0, 0, 5.5], "texture": "#0"},
				"up": {"uv": [0, 0, 4.75, 0], "texture": "#0"},
				"down": {"uv": [0, 0, 4.75, 0], "texture": "#0"}
			}
		},
		{
			"from": [-5.1, 12, -0.6],
			"to": [2.4, 20, -0.6],
			"rotation": {"angle": 45, "axis": "y", "origin": [4, 4, 0]},
			"faces": {
				"north": {"uv": [12.25, 0, 16, 4], "texture": "#0"},
				"east": {"uv": [0, 0, 0, 5.5], "texture": "#0"},
				"south": {"uv": [16, 0, 12.25, 4], "texture": "#0"},
				"west": {"uv": [0, 0, 0, 5.5], "texture": "#0"},
				"up": {"uv": [4.75, 0, 0, 0], "texture": "#0"},
				"down": {"uv": [4.75, 0, 0, 0], "texture": "#0"}
			}
		},
		{
			"from": [9.6, 3, -0.2],
			"to": [18.1, 17, -0.2],
			"rotation": {"angle": -22.5, "axis": "y", "origin": [12, 4, 0]},
			"faces": {
				"north": {"uv": [9.25, 1.5, 5, 8.5], "texture": "#0"},
				"east": {"uv": [0, 0, 0, 5.5], "texture": "#0"},
				"south": {"uv": [5, 1.5, 9.25, 8.5], "texture": "#0"},
				"west": {"uv": [0, 0, 0, 5.5], "texture": "#0"},
				"up": {"uv": [0, 0, 4.75, 0], "texture": "#0"},
				"down": {"uv": [0, 0, 4.75, 0], "texture": "#0"}
			}
		},
		{
			"from": [-2.1, 3, -0.2],
			"to": [6.4, 17, -0.2],
			"rotation": {"angle": 22.5, "axis": "y", "origin": [4, 4, 0]},
			"faces": {
				"north": {"uv": [5, 1.5, 9.25, 8.5], "texture": "#0"},
				"east": {"uv": [0, 0, 0, 5.5], "texture": "#0"},
				"south": {"uv": [9.25, 1.5, 5, 8.5], "texture": "#0"},
				"west": {"uv": [0, 0, 0, 5.5], "texture": "#0"},
				"up": {"uv": [4.75, 0, 0, 0], "texture": "#0"},
				"down": {"uv": [4.75, 0, 0, 0], "texture": "#0"}
			}
		},
		{
			"from": [7.6, 2, -0.1],
			"to": [17.1, 12, -0.1],
			"rotation": {"angle": -22.5, "axis": "y", "origin": [12, 4, 0]},
			"faces": {
				"north": {"uv": [4.75, 5.5, 0, 10.5], "texture": "#0"},
				"east": {"uv": [0, 0, 0, 5.5], "texture": "#0"},
				"south": {"uv": [0, 5.5, 4.75, 10.5], "texture": "#0"},
				"west": {"uv": [0, 0, 0, 5.5], "texture": "#0"},
				"up": {"uv": [0, 0, 4.75, 0], "texture": "#0"},
				"down": {"uv": [0, 0, 4.75, 0], "texture": "#0"}
			}
		},
		{
			"from": [-1.1, 2, -0.1],
			"to": [8.4, 12, -0.1],
			"rotation": {"angle": 22.5, "axis": "y", "origin": [4, 4, 0]},
			"faces": {
				"north": {"uv": [0, 5.5, 4.75, 10.5], "texture": "#0"},
				"east": {"uv": [0, 0, 0, 5.5], "texture": "#0"},
				"south": {"uv": [4.75, 5.5, 0, 10.5], "texture": "#0"},
				"west": {"uv": [0, 0, 0, 5.5], "texture": "#0"},
				"up": {"uv": [4.75, 0, 0, 0], "texture": "#0"},
				"down": {"uv": [4.75, 0, 0, 0], "texture": "#0"}
			}
		},
		{
			"from": [8.6, 8, 0],
			"to": [16.1, 16, 0],
			"rotation": {"angle": -22.5, "axis": "y", "origin": [12, 4, 0]},
			"faces": {
				"north": {"uv": [6, 6, 2, 2], "texture": "#4"},
				"east": {"uv": [0, 0, 0, 5.5], "texture": "#4"},
				"south": {"uv": [6, 2, 2, 6], "texture": "#4"},
				"west": {"uv": [0, 0, 0, 5.5], "texture": "#4"},
				"up": {"uv": [0, 0, 4.75, 0], "texture": "#4"},
				"down": {"uv": [0, 0, 4.75, 0], "texture": "#4"}
			}
		},
		{
			"from": [-0.1, 8, 0],
			"to": [7.4, 16, 0],
			"rotation": {"angle": 22.5, "axis": "y", "origin": [4, 4, 0]},
			"faces": {
				"north": {"uv": [2, 6, 6, 2], "texture": "#4"},
				"east": {"uv": [0, 0, 0, 5.5], "texture": "#4"},
				"south": {"uv": [2, 2, 6, 6], "texture": "#4"},
				"west": {"uv": [0, 0, 0, 5.5], "texture": "#4"},
				"up": {"uv": [4.75, 0, 0, 0], "texture": "#4"},
				"down": {"uv": [4.75, 0, 0, 0], "texture": "#4"}
			}
		},
		{
			"from": [7.6, 10, -0.2],
			"to": [17.1, 19, -0.2],
			"rotation": {"angle": -22.5, "axis": "y", "origin": [12, 4, 0]},
			"faces": {
				"north": {"uv": [4.75, 0, 0, 4.5], "texture": "#0"},
				"east": {"uv": [0, 0, 0, 5.5], "texture": "#0"},
				"south": {"uv": [4.75, 0, 0, 4.5], "texture": "#0"},
				"west": {"uv": [0, 0, 0, 5.5], "texture": "#0"},
				"up": {"uv": [0, 0, 4.75, 0], "texture": "#0"},
				"down": {"uv": [0, 0, 4.75, 0], "texture": "#0"}
			}
		},
		{
			"from": [-1.1, 10, -0.2],
			"to": [8.4, 19, -0.2],
			"rotation": {"angle": 22.5, "axis": "y", "origin": [4, 4, 0]},
			"faces": {
				"north": {"uv": [0, 0, 4.75, 4.5], "texture": "#0"},
				"east": {"uv": [0, 0, 0, 5.5], "texture": "#0"},
				"south": {"uv": [0, 0, 4.75, 4.5], "texture": "#0"},
				"west": {"uv": [0, 0, 0, 5.5], "texture": "#0"},
				"up": {"uv": [4.75, 0, 0, 0], "texture": "#0"},
				"down": {"uv": [4.75, 0, 0, 0], "texture": "#0"}
			}
		},
		{
			"from": [1, 19, 1],
			"to": [15, 19, 15],
			"faces": {
				"north": {"uv": [7, 0, 14, 0], "texture": "#5"},
				"east": {"uv": [7, 0, 13.5, 0], "texture": "#5"},
				"south": {"uv": [7, 0, 14, 0], "texture": "#5"},
				"west": {"uv": [7, 0, 13.5, 0], "texture": "#5"},
				"up": {"uv": [7, 0, 14, 7], "texture": "#5"},
				"down": {"uv": [7, 0, 14, 7], "texture": "#5"}
			}
		},
		{
			"from": [1, 5, 15],
			"to": [15, 19, 15],
			"rotation": {"angle": 0, "axis": "y", "origin": [8, 19, 17.5]},
			"faces": {
				"north": {"uv": [7, 0, 14, 7], "rotation": 180, "texture": "#5"},
				"east": {"uv": [7, 0, 13.5, 0], "rotation": 270, "texture": "#5"},
				"south": {"uv": [7, 0, 14, 7], "texture": "#5"},
				"west": {"uv": [7, 0, 13.5, 0], "rotation": 90, "texture": "#5"},
				"up": {"uv": [7, 0, 14, 0], "rotation": 180, "texture": "#5"},
				"down": {"uv": [7, 0, 14, 0], "texture": "#5"}
			}
		},
		{
			"from": [1, 5, 1],
			"to": [15, 19, 1],
			"rotation": {"angle": 0, "axis": "y", "origin": [8, 19, 17.5]},
			"faces": {
				"north": {"uv": [7, 0, 14, 7], "rotation": 180, "texture": "#5"},
				"east": {"uv": [7, 0, 13.5, 0], "rotation": 270, "texture": "#5"},
				"south": {"uv": [7, 0, 14, 7], "texture": "#5"},
				"west": {"uv": [7, 0, 13.5, 0], "rotation": 90, "texture": "#5"},
				"up": {"uv": [7, 0, 14, 0], "rotation": 180, "texture": "#5"},
				"down": {"uv": [7, 0, 14, 0], "texture": "#5"}
			}
		},
		{
			"from": [1, 5, 1],
			"to": [1, 19, 15],
			"rotation": {"angle": 0, "axis": "y", "origin": [8, 19, 17.5]},
			"faces": {
				"north": {"uv": [7, 0, 13.5, 0], "rotation": 90, "texture": "#5"},
				"east": {"uv": [7, 0, 14, 7], "rotation": 180, "texture": "#5"},
				"south": {"uv": [7, 0, 13.5, 0], "rotation": 270, "texture": "#5"},
				"west": {"uv": [7, 0, 14, 7], "texture": "#5"},
				"up": {"uv": [7, 0, 14, 0], "rotation": 270, "texture": "#5"},
				"down": {"uv": [7, 0, 14, 0], "rotation": 270, "texture": "#5"}
			}
		},
		{
			"from": [15, 5, 1],
			"to": [15, 19, 15],
			"rotation": {"angle": 0, "axis": "y", "origin": [8, 19, 17.5]},
			"faces": {
				"north": {"uv": [7, 0, 13.5, 0], "rotation": 90, "texture": "#5"},
				"east": {"uv": [14, 0, 7, 7], "texture": "#5"},
				"south": {"uv": [7, 0, 13.5, 0], "rotation": 270, "texture": "#5"},
				"west": {"uv": [14, 0, 7, 7], "rotation": 180, "texture": "#5"},
				"up": {"uv": [7, 0, 14, 0], "rotation": 270, "texture": "#5"},
				"down": {"uv": [7, 0, 14, 0], "rotation": 270, "texture": "#5"}
			}
		},
		{
			"from": [5, 19.1, 3],
			"to": [11, 20.1, 14],
			"faces": {
				"north": {"uv": [6.5, 13, 9.5, 13.5], "texture": "#5"},
				"east": {"uv": [7, 6.5, 13, 7], "texture": "#5"},
				"south": {"uv": [6.5, 13, 9.5, 13.5], "texture": "#5"},
				"west": {"uv": [7, 6.5, 13, 7], "texture": "#5"},
				"up": {"uv": [6.5, 12.5, 9.5, 7], "texture": "#5"},
				"down": {"uv": [6.5, 7, 9.5, 12.5], "texture": "#5"}
			}
		},
		{
			"from": [4.9, 19, 3],
			"to": [4.9, 23, 10],
			"faces": {
				"north": {"uv": [0, 0, 0, 2], "texture": "#0"},
				"east": {"uv": [3.5, 14, 0, 16], "texture": "#0"},
				"south": {"uv": [0, 0, 0, 2], "texture": "#0"},
				"west": {"uv": [0, 14, 3.5, 16], "texture": "#0"},
				"up": {"uv": [0, 0, 0, 3.5], "texture": "#0"},
				"down": {"uv": [0, 0, 0, 3.5], "texture": "#0"}
			}
		},
		{
			"from": [3.9, 19, 9],
			"to": [3.9, 23, 14],
			"faces": {
				"north": {"uv": [13.5, 7.25, 13.5, 9.25], "texture": "#0"},
				"east": {"uv": [16, 7.25, 13.5, 9.25], "texture": "#0"},
				"south": {"uv": [13.5, 7.25, 13.5, 9.25], "texture": "#0"},
				"west": {"uv": [13.5, 7.25, 16, 9.25], "texture": "#0"},
				"up": {"uv": [13.5, 7.25, 13.5, 9.75], "texture": "#0"},
				"down": {"uv": [13.5, 7.25, 13.5, 9.75], "texture": "#0"}
			}
		},
		{
			"from": [11.1, 19, 3],
			"to": [11.1, 23, 10],
			"rotation": {"angle": 0, "axis": "y", "origin": [16, 0, 0]},
			"faces": {
				"north": {"uv": [0, 0, 0, 2], "texture": "#0"},
				"east": {"uv": [3.5, 14, 0, 16], "texture": "#0"},
				"south": {"uv": [0, 0, 0, 2], "texture": "#0"},
				"west": {"uv": [0, 14, 3.5, 16], "texture": "#0"},
				"up": {"uv": [0, 0, 0, 3.5], "texture": "#0"},
				"down": {"uv": [0, 0, 0, 3.5], "texture": "#0"}
			}
		},
		{
			"from": [12.1, 19, 9],
			"to": [12.1, 23, 14],
			"rotation": {"angle": 0, "axis": "y", "origin": [16, 0, 0]},
			"faces": {
				"north": {"uv": [13.5, 7.25, 13.5, 9.25], "texture": "#0"},
				"east": {"uv": [16, 7.25, 13.5, 9.25], "texture": "#0"},
				"south": {"uv": [13.5, 7.25, 13.5, 9.25], "texture": "#0"},
				"west": {"uv": [13.5, 7.25, 16, 9.25], "texture": "#0"},
				"up": {"uv": [13.5, 7.25, 13.5, 9.75], "texture": "#0"},
				"down": {"uv": [13.5, 7.25, 13.5, 9.75], "texture": "#0"}
			}
		},
		{
			"from": [8, 6.5, 13.5],
			"to": [8, 11.5, 17.5],
			"rotation": {"angle": 0, "axis": "y", "origin": [8, 22, 21.5]},
			"faces": {
				"north": {"uv": [13.5, 7.25, 13.5, 9.75], "rotation": 180, "texture": "#0"},
				"east": {"uv": [16, 7.25, 13.5, 9.25], "rotation": 270, "texture": "#0"},
				"south": {"uv": [13.5, 7.25, 13.5, 9.75], "texture": "#0"},
				"west": {"uv": [13.5, 7.25, 16, 9.25], "rotation": 90, "texture": "#0"},
				"up": {"uv": [13.5, 7.25, 13.5, 9.25], "rotation": 180, "texture": "#0"},
				"down": {"uv": [13.5, 7.25, 13.5, 9.25], "texture": "#0"}
			}
		},
		{
			"from": [5, 9.5, 13.5],
			"to": [5, 14.5, 17.5],
			"rotation": {"angle": 0, "axis": "y", "origin": [8, 22, 21.5]},
			"faces": {
				"north": {"uv": [13.5, 7.25, 13.5, 9.75], "rotation": 180, "texture": "#0"},
				"east": {"uv": [16, 7.25, 13.5, 9.25], "rotation": 270, "texture": "#0"},
				"south": {"uv": [13.5, 7.25, 13.5, 9.75], "texture": "#0"},
				"west": {"uv": [13.5, 7.25, 16, 9.25], "rotation": 90, "texture": "#0"},
				"up": {"uv": [13.5, 7.25, 13.5, 9.25], "rotation": 180, "texture": "#0"},
				"down": {"uv": [13.5, 7.25, 13.5, 9.25], "texture": "#0"}
			}
		},
		{
			"from": [11, 9.5, 13.5],
			"to": [11, 14.5, 17.5],
			"rotation": {"angle": 0, "axis": "y", "origin": [8, 22, 21.5]},
			"faces": {
				"north": {"uv": [13.5, 7.25, 13.5, 9.75], "rotation": 180, "texture": "#0"},
				"east": {"uv": [16, 7.25, 13.5, 9.25], "rotation": 270, "texture": "#0"},
				"south": {"uv": [13.5, 7.25, 13.5, 9.75], "texture": "#0"},
				"west": {"uv": [13.5, 7.25, 16, 9.25], "rotation": 90, "texture": "#0"},
				"up": {"uv": [13.5, 7.25, 13.5, 9.25], "rotation": 180, "texture": "#0"},
				"down": {"uv": [13.5, 7.25, 13.5, 9.25], "texture": "#0"}
			}
		},
		{
			"from": [8, 11.5, 13.5],
			"to": [8, 18.5, 17.5],
			"rotation": {"angle": 0, "axis": "y", "origin": [8, 22, 21.5]},
			"faces": {
				"north": {"uv": [0, 0, 0, 3.5], "rotation": 180, "texture": "#0"},
				"east": {"uv": [3.5, 14, 0, 16], "rotation": 270, "texture": "#0"},
				"south": {"uv": [0, 0, 0, 3.5], "texture": "#0"},
				"west": {"uv": [0, 14, 3.5, 16], "rotation": 90, "texture": "#0"},
				"up": {"uv": [0, 0, 0, 2], "rotation": 180, "texture": "#0"},
				"down": {"uv": [0, 0, 0, 2], "texture": "#0"}
			}
		},
		{
			"from": [-0.5, 18.7, 1],
			"to": [7.5, 21.7, 1],
			"rotation": {"angle": 22.5, "axis": "y", "origin": [4, 18.2, -1]},
			"faces": {
				"north": {"uv": [0, 10.5, 4, 12], "texture": "#0"},
				"east": {"uv": [0, 10.5, 0, 12], "texture": "#0"},
				"south": {"uv": [4, 10.5, 0, 12], "texture": "#0"},
				"west": {"uv": [0, 10.5, 0, 12], "texture": "#0"},
				"up": {"uv": [0, 0, 4, 0], "texture": "#0"},
				"down": {"uv": [0, 0, 4, 0], "texture": "#0"}
			}
		},
		{
			"from": [8.5, 18.7, 1],
			"to": [16.5, 21.7, 1],
			"rotation": {"angle": -22.5, "axis": "y", "origin": [12, 18.2, -1]},
			"faces": {
				"north": {"uv": [4, 10.5, 0, 12], "texture": "#0"},
				"east": {"uv": [0, 10.5, 0, 12], "texture": "#0"},
				"south": {"uv": [0, 10.5, 4, 12], "texture": "#0"},
				"west": {"uv": [0, 10.5, 0, 12], "texture": "#0"},
				"up": {"uv": [4, 0, 0, 0], "texture": "#0"},
				"down": {"uv": [4, 0, 0, 0], "texture": "#0"}
			}
		},
		{
			"from": [-1.4, 20, 1],
			"to": [8.4, 24, 1],
			"rotation": {"angle": 22.5, "axis": "y", "origin": [8, 21, 2]},
			"faces": {
				"north": {"uv": [0, 12, 5, 14], "texture": "#0"},
				"east": {"uv": [0, 0, 0, 2], "texture": "#0"},
				"south": {"uv": [5, 12, 0, 14], "texture": "#0"},
				"west": {"uv": [0, 0, 0, 2], "texture": "#0"},
				"up": {"uv": [0, 0, 4.9, 0], "texture": "#0"},
				"down": {"uv": [0, 0, 4.9, 0], "texture": "#0"}
			}
		},
		{
			"from": [7.6, 20, 1],
			"to": [17.4, 24, 1],
			"rotation": {"angle": -22.5, "axis": "y", "origin": [8, 21, 2]},
			"faces": {
				"north": {"uv": [5, 12, 0, 14], "texture": "#0"},
				"east": {"uv": [0, 0, 0, 2], "texture": "#0"},
				"south": {"uv": [0, 12, 5, 14], "texture": "#0"},
				"west": {"uv": [0, 0, 0, 2], "texture": "#0"},
				"up": {"uv": [4.9, 0, 0, 0], "texture": "#0"},
				"down": {"uv": [4.9, 0, 0, 0], "texture": "#0"}
			}
		},
		{
			"from": [-3.6, 18, 2.8],
			"to": [6.4, 23, 2.8],
			"rotation": {"angle": 22.5, "axis": "y", "origin": [8, 21.5, 4]},
			"faces": {
				"north": {"uv": [11, 4.25, 16, 6.75], "texture": "#0"},
				"east": {"uv": [0, 0, 0, 2.5], "texture": "#0"},
				"south": {"uv": [16, 4.25, 11, 6.75], "texture": "#0"},
				"west": {"uv": [0, 0, 0, 2.5], "texture": "#0"},
				"up": {"uv": [11, 4.25, 16, 4.25], "texture": "#0"},
				"down": {"uv": [11, 4.25, 16, 4.25], "texture": "#0"}
			}
		},
		{
			"from": [9.6, 18, 2.8],
			"to": [19.6, 23, 2.8],
			"rotation": {"angle": -22.5, "axis": "y", "origin": [8, 21.5, 4]},
			"faces": {
				"north": {"uv": [16, 4.25, 11, 6.75], "texture": "#0"},
				"east": {"uv": [0, 0, 0, 2.5], "texture": "#0"},
				"south": {"uv": [11, 4.25, 16, 6.75], "texture": "#0"},
				"west": {"uv": [0, 0, 0, 2.5], "texture": "#0"},
				"up": {"uv": [16, 4.25, 11, 4.25], "texture": "#0"},
				"down": {"uv": [16, 4.25, 11, 4.25], "texture": "#0"}
			}
		},
		{
			"from": [12, 6, 6],
			"to": [12, 17, 18],
			"rotation": {"angle": 22.5, "axis": "y", "origin": [16, 0, 0]},
			"faces": {
				"north": {"uv": [0, 0, 0, 5.5], "texture": "#3"},
				"east": {"uv": [6, 0, 0, 5.5], "texture": "#3"},
				"south": {"uv": [0, 0, 0, 5.5], "texture": "#3"},
				"west": {"uv": [0, 0, 6, 5.5], "texture": "#3"},
				"up": {"uv": [0, 6, 0, 0], "texture": "#3"},
				"down": {"uv": [0, 0, 0, 6], "texture": "#3"}
			}
		},
		{
			"from": [4, 6, 6],
			"to": [4, 17, 18],
			"rotation": {"angle": -22.5, "axis": "y", "origin": [0, 0, 0]},
			"faces": {
				"north": {"uv": [0, 0, 0, 5.5], "texture": "#3"},
				"east": {"uv": [6, 0, 0, 5.5], "texture": "#3"},
				"south": {"uv": [0, 0, 0, 5.5], "texture": "#3"},
				"west": {"uv": [0, 0, 6, 5.5], "texture": "#3"},
				"up": {"uv": [0, 6, 0, 0], "texture": "#3"},
				"down": {"uv": [0, 0, 0, 6], "texture": "#3"}
			}
		},
		{
			"from": [15, 8, 1],
			"to": [15, 19, 13],
			"rotation": {"angle": 22.5, "axis": "y", "origin": [16, 0, 0]},
			"faces": {
				"north": {"uv": [10, 10, 10, 15.5], "texture": "#0"},
				"east": {"uv": [16, 10.5, 10, 16], "texture": "#0"},
				"south": {"uv": [10, 10, 10, 15.5], "texture": "#0"},
				"west": {"uv": [10, 10.5, 16, 16], "texture": "#0"},
				"up": {"uv": [10, 10, 10, 16], "texture": "#0"},
				"down": {"uv": [10, 10, 10, 16], "texture": "#0"}
			}
		},
		{
			"from": [1, 8, 1],
			"to": [1, 19, 13],
			"rotation": {"angle": -22.5, "axis": "y", "origin": [0, 0, 0]},
			"faces": {
				"north": {"uv": [10, 10, 10, 15.5], "texture": "#0"},
				"east": {"uv": [16, 10.5, 10, 16], "texture": "#0"},
				"south": {"uv": [10, 10, 10, 15.5], "texture": "#0"},
				"west": {"uv": [10, 10.5, 16, 16], "texture": "#0"},
				"up": {"uv": [10, 10, 10, 16], "texture": "#0"},
				"down": {"uv": [10, 10, 10, 16], "texture": "#0"}
			}
		},
		{
			"from": [-3.51257, 7.02276, -2.57481],
			"to": [-0.11257, 8.72276, 4.22519],
			"rotation": {"angle": 0, "axis": "y", "origin": [-2.04238, 7.83026, 2.6401]},
			"faces": {
				"north": {"uv": [6, 10.75, 7.75, 10], "texture": "#0"},
				"east": {"uv": [5, 0.75, 8.5, 0], "texture": "#0"},
				"south": {"uv": [6, 10.75, 7.75, 10], "texture": "#0"},
				"west": {"uv": [5, 1.5, 8.5, 0.75], "texture": "#0"},
				"up": {"uv": [7.75, 14.25, 6, 10.75], "texture": "#0"},
				"down": {"uv": [7.75, 14.25, 6, 10.75], "texture": "#0"}
			}
		},
		{
			"from": [-3.09347, 6.51276, 3.16658],
			"to": [0.30653, 9.06276, 6.56658],
			"rotation": {"angle": -22.5, "axis": "y", "origin": [-2.04238, 7.83026, 2.6401]},
			"faces": {
				"north": {"uv": [7.75, 10.75, 9.5, 9.5], "texture": "#0"},
				"east": {"uv": [9.5, 10.5, 11.25, 9.25], "texture": "#0"},
				"south": {"uv": [7.75, 10.75, 9.5, 9.5], "texture": "#0"},
				"west": {"uv": [6, 9.75, 7.75, 8.5], "texture": "#0"},
				"up": {"uv": [7.75, 12.5, 9.5, 10.75], "rotation": 180, "texture": "#0"},
				"down": {"uv": [7.75, 10.75, 9.5, 12.5], "rotation": 180, "texture": "#0"}
			}
		},
		{
			"from": [-4.53257, 6.17276, 5.75519],
			"to": [-1.13257, 9.40276, 9.15519],
			"rotation": {"angle": 0, "axis": "y", "origin": [-2.04238, 7.83026, 2.6401]},
			"faces": {
				"north": {"uv": [11, 8.75, 12.75, 7.25], "texture": "#0"},
				"east": {"uv": [11, 7.25, 9.5, 9], "rotation": 90, "texture": "#0"},
				"south": {"uv": [11, 8.75, 12.75, 7.25], "texture": "#0"},
				"west": {"uv": [11.75, 1.75, 10.25, 3.5], "rotation": 90, "texture": "#0"},
				"up": {"uv": [10.3, 1.7, 12.05, 0], "rotation": 180, "texture": "#0"},
				"down": {"uv": [10.3, 0, 12.05, 1.7], "rotation": 180, "texture": "#0"}
			}
		},
		{
			"from": [0.77095, 6.00276, 5.63842],
			"to": [4.17095, 9.57276, 9.03842],
			"rotation": {"angle": -45, "axis": "y", "origin": [-2.04238, 7.83026, 2.6401]},
			"faces": {
				"north": {"uv": [7, 3.5, 3.5, 0], "rotation": 90, "texture": "#2"},
				"east": {"uv": [0, 3.5, 3.5, 0], "rotation": 270, "texture": "#2"},
				"south": {"uv": [7, 7, 3.5, 3.5], "rotation": 270, "texture": "#2"},
				"west": {"uv": [0, 3.5, 3.5, 0], "rotation": 270, "texture": "#2"},
				"up": {"uv": [3.5, 7, 0, 3.5], "rotation": 270, "texture": "#2"},
				"down": {"uv": [0, 7, 3.5, 3.5], "rotation": 270, "texture": "#2"}
			}
		},
		{
			"from": [1.15653, 5.83276, 7.58658],
			"to": [4.55653, 9.74276, 10.98658],
			"rotation": {"angle": -22.5, "axis": "y", "origin": [-2.04238, 7.83026, 2.6401]},
			"faces": {
				"north": {"uv": [7.5, 10.5, 3.5, 14], "rotation": 90, "texture": "#2"},
				"east": {"uv": [4, 7, 0, 10.5], "rotation": 270, "texture": "#2"},
				"south": {"uv": [8, 7, 4, 10.5], "rotation": 270, "texture": "#2"},
				"west": {"uv": [4, 7, 0, 10.5], "rotation": 90, "texture": "#2"},
				"up": {"uv": [3.5, 10.5, 0, 14], "rotation": 270, "texture": "#2"},
				"down": {"uv": [0, 10.5, 3.5, 14], "rotation": 270, "texture": "#2"}
			}
		},
		{
			"from": [-1.39384, 7.19276, -3.1505],
			"to": [1.66616, 8.55276, -1.4505],
			"rotation": {"angle": 22.5, "axis": "y", "origin": [-2.04238, 7.83026, 2.6401]},
			"faces": {
				"north": {"uv": [9.75, 14, 8.25, 13.25], "texture": "#0"},
				"east": {"uv": [8.5, 13.25, 7.75, 12.5], "rotation": 270, "texture": "#0"},
				"south": {"uv": [9.75, 14, 8.25, 13.25], "texture": "#0"},
				"west": {"uv": [9.25, 13.25, 8.5, 12.5], "rotation": 270, "texture": "#0"},
				"up": {"uv": [8.25, 14.75, 9.75, 14], "rotation": 180, "texture": "#0"},
				"down": {"uv": [8.25, 14.75, 9.75, 14], "rotation": 180, "texture": "#0"}
			}
		},
		{
			"from": [-8.46946, 7.36276, -3.09198],
			"to": [-5.91946, 8.38276, -0.37198],
			"rotation": {"angle": -45, "axis": "y", "origin": [-2.04238, 7.83026, 2.6401]},
			"faces": {
				"north": {"uv": [8.5, 14.75, 8, 16], "rotation": 270, "texture": "#0"},
				"east": {"uv": [6.75, 14.75, 8, 14.25], "rotation": 180, "texture": "#0"},
				"south": {"uv": [6.75, 14.75, 6.25, 16], "rotation": 270, "texture": "#0"},
				"west": {"uv": [6.75, 14.75, 8, 14.25], "rotation": 180, "texture": "#0"},
				"up": {"uv": [8, 14.75, 6.75, 16], "rotation": 270, "texture": "#0"},
				"down": {"uv": [6.75, 14.75, 8, 16], "rotation": 270, "texture": "#0"}
			}
		},
		{
			"from": [-8.21628, 7.53276, -5.19639],
			"to": [-5.66628, 8.21276, -2.81639],
			"rotation": {"angle": -22.5, "axis": "y", "origin": [-2.04238, 7.83026, 2.6401]},
			"faces": {
				"north": {"uv": [10, 13.5, 9.75, 14.75], "rotation": 90, "texture": "#0"},
				"east": {"uv": [10, 14.75, 9.75, 16], "rotation": 90, "texture": "#0"},
				"south": {"uv": [10, 12.25, 9.75, 13.5], "rotation": 270, "texture": "#0"},
				"west": {"uv": [10, 14.75, 9.75, 16], "rotation": 90, "texture": "#0"},
				"up": {"uv": [9.75, 14.75, 8.5, 16], "rotation": 270, "texture": "#0"},
				"down": {"uv": [9.75, 14.75, 8.5, 16], "rotation": 90, "texture": "#0"}
			}
		},
		{
			"from": [16.11257, 7.02276, -2.57481],
			"to": [19.51257, 8.72276, 4.22519],
			"rotation": {"angle": 0, "axis": "y", "origin": [18.04238, 7.83026, 2.6401]},
			"faces": {
				"north": {"uv": [7.75, 10.75, 6, 10], "texture": "#0"},
				"east": {"uv": [8.5, 1.5, 5, 0.75], "texture": "#0"},
				"south": {"uv": [7.75, 10.75, 6, 10], "texture": "#0"},
				"west": {"uv": [8.5, 0.75, 5, 0], "texture": "#0"},
				"up": {"uv": [6, 14.25, 7.75, 10.75], "texture": "#0"},
				"down": {"uv": [6, 14.25, 7.75, 10.75], "texture": "#0"}
			}
		},
		{
			"from": [15.69347, 6.51276, 3.16658],
			"to": [19.09347, 9.06276, 6.56658],
			"rotation": {"angle": 22.5, "axis": "y", "origin": [18.04238, 7.83026, 2.6401]},
			"faces": {
				"north": {"uv": [9.5, 10.75, 7.75, 9.5], "texture": "#0"},
				"east": {"uv": [7.75, 9.75, 6, 8.5], "texture": "#0"},
				"south": {"uv": [9.5, 10.75, 7.75, 9.5], "texture": "#0"},
				"west": {"uv": [11.25, 10.5, 9.5, 9.25], "texture": "#0"},
				"up": {"uv": [9.5, 12.5, 7.75, 10.75], "rotation": 180, "texture": "#0"},
				"down": {"uv": [9.5, 10.75, 7.75, 12.5], "rotation": 180, "texture": "#0"}
			}
		},
		{
			"from": [17.13257, 6.17276, 5.75519],
			"to": [20.53257, 9.40276, 9.15519],
			"rotation": {"angle": 0, "axis": "y", "origin": [18.04238, 7.83026, 2.6401]},
			"faces": {
				"north": {"uv": [12.75, 8.75, 11, 7.25], "texture": "#0"},
				"east": {"uv": [11.75, 3.5, 10.25, 1.75], "rotation": 90, "texture": "#0"},
				"south": {"uv": [12.75, 8.75, 11, 7.25], "texture": "#0"},
				"west": {"uv": [11, 9, 9.5, 7.25], "rotation": 90, "texture": "#0"},
				"up": {"uv": [12.05, 1.7, 10.3, 0], "rotation": 180, "texture": "#0"},
				"down": {"uv": [12, 0, 10.25, 1.75], "rotation": 180, "texture": "#0"}
			}
		},
		{
			"from": [11.82905, 6.00276, 5.63842],
			"to": [15.22905, 9.57276, 9.03842],
			"rotation": {"angle": 45, "axis": "y", "origin": [18.04238, 7.83026, 2.6401]},
			"faces": {
				"north": {"uv": [7, 0, 3.5, 3.5], "rotation": 90, "texture": "#2"},
				"east": {"uv": [0, 0, 3.5, 3.5], "rotation": 270, "texture": "#2"},
				"south": {"uv": [7, 3.5, 3.5, 7], "rotation": 270, "texture": "#2"},
				"west": {"uv": [0, 0, 3.5, 3.5], "rotation": 270, "texture": "#2"},
				"up": {"uv": [3.5, 3.5, 0, 7], "rotation": 270, "texture": "#2"},
				"down": {"uv": [0, 3.5, 3.5, 7], "rotation": 270, "texture": "#2"}
			}
		},
		{
			"from": [11.44347, 5.83276, 7.58658],
			"to": [14.84347, 9.74276, 10.98658],
			"rotation": {"angle": 22.5, "axis": "y", "origin": [18.04238, 7.83026, 2.6401]},
			"faces": {
				"north": {"uv": [7.5, 14, 3.5, 10.5], "rotation": 90, "texture": "#2"},
				"east": {"uv": [4, 10.5, 0, 7], "rotation": 90, "texture": "#2"},
				"south": {"uv": [8, 10.5, 4, 7], "rotation": 270, "texture": "#2"},
				"west": {"uv": [4, 10.5, 0, 7], "rotation": 270, "texture": "#2"},
				"up": {"uv": [3.5, 14, 0, 10.5], "rotation": 270, "texture": "#2"},
				"down": {"uv": [0, 14, 3.5, 10.5], "rotation": 270, "texture": "#2"}
			}
		},
		{
			"from": [14.33384, 7.19276, -3.1505],
			"to": [17.39384, 8.55276, -1.4505],
			"rotation": {"angle": -22.5, "axis": "y", "origin": [18.04238, 7.83026, 2.6401]},
			"faces": {
				"north": {"uv": [8.25, 14, 9.75, 13.25], "texture": "#0"},
				"east": {"uv": [9.25, 12.5, 8.5, 13.25], "rotation": 270, "texture": "#0"},
				"south": {"uv": [8.25, 14, 9.75, 13.25], "texture": "#0"},
				"west": {"uv": [8.5, 12.5, 7.75, 13.25], "rotation": 270, "texture": "#0"},
				"up": {"uv": [9.75, 14.75, 8.25, 14], "rotation": 180, "texture": "#0"},
				"down": {"uv": [9.75, 14.75, 8.25, 14], "rotation": 180, "texture": "#0"}
			}
		},
		{
			"from": [21.91946, 7.36276, -3.09198],
			"to": [24.46946, 8.38276, -0.37198],
			"rotation": {"angle": 45, "axis": "y", "origin": [18.04238, 7.83026, 2.6401]},
			"faces": {
				"north": {"uv": [8.5, 16, 8, 14.75], "rotation": 270, "texture": "#0"},
				"east": {"uv": [8, 14.75, 6.75, 14.25], "rotation": 180, "texture": "#0"},
				"south": {"uv": [6.75, 16, 6.25, 14.75], "rotation": 270, "texture": "#0"},
				"west": {"uv": [8, 14.75, 6.75, 14.25], "rotation": 180, "texture": "#0"},
				"up": {"uv": [8, 16, 6.75, 14.75], "rotation": 270, "texture": "#0"},
				"down": {"uv": [6.75, 16, 8, 14.75], "rotation": 270, "texture": "#0"}
			}
		},
		{
			"from": [21.66628, 7.53276, -5.19639],
			"to": [24.21628, 8.21276, -2.81639],
			"rotation": {"angle": 22.5, "axis": "y", "origin": [18.04238, 7.83026, 2.6401]},
			"faces": {
				"north": {"uv": [10, 14.75, 9.75, 13.5], "rotation": 90, "texture": "#0"},
				"east": {"uv": [10, 16, 9.75, 14.75], "rotation": 90, "texture": "#0"},
				"south": {"uv": [10, 13.5, 9.75, 12.25], "rotation": 270, "texture": "#0"},
				"west": {"uv": [10, 16, 9.75, 14.75], "rotation": 90, "texture": "#0"},
				"up": {"uv": [9.75, 16, 8.5, 14.75], "rotation": 270, "texture": "#0"},
				"down": {"uv": [9.75, 16, 8.5, 14.75], "rotation": 90, "texture": "#0"}
			}
		}
	],
	"gui_light": "front",
	"display": {
		"thirdperson_righthand": {
			"rotation": [66.01, 0, 0],
			"translation": [0, 1.5, 0.5],
			"scale": [0.28711, 0.28711, 0.28711]
		},
		"thirdperson_lefthand": {
			"rotation": [66.01, 0, 0],
			"translation": [0, 1.5, 0.5],
			"scale": [0, 0, 0]
		},
		"firstperson_righthand": {
			"rotation": [0, 6, 0],
			"translation": [0, 0.75, 0],
			"scale": [0.36914, 0.36914, 0.36914]
		},
		"firstperson_lefthand": {
			"rotation": [0, 6, 0],
			"scale": [0, 0, 0]
		},
		"ground": {
			"translation": [0, 3.5, 0],
			"scale": [0.38477, 0.38477, 0.38477]
		},
		"gui": {
			"rotation": [0, 180, 0],
			"translation": [0, -3, 0],
			"scale": [0.54664, 0.54664, 0.54664]
		},
		"head": {
			"translation": [0, -3.75, 0.5]
		},
		"fixed": {
			"rotation": [-90, 0, 0],
			"translation": [0, 1.75, -7],
			"scale": [1.13086, 1.13086, 1.13086]
		}
	},
	"groups": [
		{
			"name": "group",
			"origin": [8, 8, 8],
			"color": 0,
			"children": []
		},
		0,
		1,
		2,
		3,
		4,
		5,
		6,
		7,
		8,
		9,
		10,
		11,
		12,
		13,
		14,
		15,
		16,
		17,
		18,
		19,
		20,
		21,
		22,
		23,
		24,
		25,
		26,
		27,
		28,
		29,
		30,
		31,
		32,
		33,
		{
			"name": "Horn",
			"origin": [5, 18.5, 4.5],
			"color": 0,
			"children": [34, 35, 36, 37, 38, 39, 40, 41]
		},
		{
			"name": "Horn",
			"origin": [5, 18.5, 4.5],
			"color": 0,
			"children": [42, 43, 44, 45, 46, 47, 48, 49]
		}
	]
}