{
	"credit": "Made with Blockbench",
	"texture_size": [32, 32],
	"textures": {
		"0": "elitecreatures:azgad_weapon/azgadtex7",
		"1": "elitecreatures:azgad_weapon/azgadtex8",
		"2": "elitecreatures:azgad_weapon/azgadtex6",
		"3": "elitecreatures:azgad_weapon/azgadtex1",
		"5": "elitecreatures:azgad_weapon/azgadtex3",
		"6": "elitecreatures:azgad_weapon/azgadtex4",
		"7": "elitecreatures:azgad_weapon/flare",
		"particle": "elitecreatures:azgad_weapon/azgadtex7"
	},
	"elements": [
		{
			"from": [5.8, -6.1, -1],
			"to": [10.4, -2.9, 1],
			"rotation": {"angle": 0, "axis": "y", "origin": [8, -4.27733, 3.75]},
			"faces": {
				"north": {"uv": [11.25, 4.5, 13.5, 3], "texture": "#1"},
				"east": {"uv": [12.5, 6, 13.5, 4.5], "texture": "#1"},
				"south": {"uv": [11.25, 4.5, 13.5, 3], "texture": "#1"},
				"west": {"uv": [12.5, 6, 13.5, 4.5], "texture": "#1"},
				"up": {"uv": [10.25, 6.5, 12.5, 5.5], "texture": "#1"},
				"down": {"uv": [10.25, 6.5, 12.5, 5.5], "texture": "#1"}
			}
		},
		{
			"from": [8.5, 21, -8.5],
			"to": [8.5, 30, 0.5],
			"rotation": {"angle": -45, "axis": "x", "origin": [8.5, 22.5, -1]},
			"faces": {
				"north": {"uv": [0, 0, 0, 4.75], "texture": "#7"},
				"east": {"uv": [9, 7, 0, 16], "texture": "#7"},
				"south": {"uv": [0, 0, 0, 4.75], "texture": "#7"},
				"west": {"uv": [0, 7, 9, 16], "texture": "#7"},
				"up": {"uv": [2.75, 0, 0, 0], "rotation": 90, "texture": "#7"},
				"down": {"uv": [2.75, 0, 0, 0], "rotation": 270, "texture": "#7"}
			}
		},
		{
			"from": [8.5, -14, -8.5],
			"to": [8.5, -5, 0.5],
			"rotation": {"angle": 45, "axis": "x", "origin": [8.5, -6.5, -1]},
			"faces": {
				"north": {"uv": [0, 4.75, 0, 0], "texture": "#7"},
				"east": {"uv": [9, 16, 0, 7], "texture": "#7"},
				"south": {"uv": [0, 4.75, 0, 0], "texture": "#7"},
				"west": {"uv": [0, 16, 9, 7], "texture": "#7"},
				"up": {"uv": [0, 0, 2.75, 0], "rotation": 270, "texture": "#7"},
				"down": {"uv": [0, 0, 2.75, 0], "rotation": 90, "texture": "#7"}
			}
		},
		{
			"from": [4.94135, -6.1, 1.20514],
			"to": [9.94135, -3.1, 7.20514],
			"rotation": {"angle": -22.5, "axis": "y", "origin": [8, -4.27733, 3.75]},
			"faces": {
				"north": {"uv": [13.5, 9, 16, 7.5], "texture": "#1"},
				"east": {"uv": [13, 7.5, 16, 6], "texture": "#1"},
				"south": {"uv": [13.5, 9, 16, 7.5], "texture": "#1"},
				"west": {"uv": [13, 7.5, 16, 6], "texture": "#1"},
				"up": {"uv": [13.5, 5.5, 16, 3], "texture": "#1"},
				"down": {"uv": [13.5, 5.5, 16, 3], "texture": "#1"}
			}
		},
		{
			"from": [6.29745, -6, 1.13197],
			"to": [11.29745, -3, 7.13197],
			"rotation": {"angle": 22.5, "axis": "y", "origin": [8, -4.27733, 3.75]},
			"faces": {
				"north": {"uv": [16, 7.5, 13.5, 9], "texture": "#1"},
				"east": {"uv": [16, 7.5, 13, 6], "texture": "#1"},
				"south": {"uv": [13.5, 9, 16, 7.5], "texture": "#1"},
				"west": {"uv": [16, 7.5, 13, 6], "texture": "#1"},
				"up": {"uv": [16, 6, 13.5, 3], "texture": "#1"},
				"down": {"uv": [16, 6, 13.5, 3], "texture": "#1"}
			}
		},
		{
			"from": [6, -6.98424, 1.56828],
			"to": [10, -3.98424, 6.56828],
			"rotation": {"angle": 22.5, "axis": "x", "origin": [8, -4.27733, 3.75]},
			"faces": {
				"north": {"uv": [8, 3, 10, 1.5], "texture": "#1"},
				"east": {"uv": [7.5, 1.5, 10, 0], "texture": "#1"},
				"south": {"uv": [8, 3, 10, 1.5], "texture": "#1"},
				"west": {"uv": [7.5, 1.5, 10, 0], "texture": "#1"},
				"up": {"uv": [10, 2.5, 12, 0], "texture": "#1"},
				"down": {"uv": [10, 2.5, 12, 0], "texture": "#1"}
			}
		},
		{
			"from": [2.5, -7, 5],
			"to": [13.7, -2.9, 8],
			"rotation": {"angle": 0, "axis": "y", "origin": [8, -4.27733, 3.75]},
			"faces": {
				"north": {"uv": [0, 12.5, 5, 10.5], "texture": "#0"},
				"east": {"uv": [5, 12.5, 6.5, 10.5], "texture": "#0"},
				"south": {"uv": [0, 11.5, 5, 9.5], "texture": "#1"},
				"west": {"uv": [5, 12.5, 6.5, 10.5], "texture": "#0"},
				"up": {"uv": [8.9, 15.5, 14.5, 14], "texture": "#1"},
				"down": {"uv": [8.9, 15.5, 14.5, 14], "texture": "#1"}
			}
		},
		{
			"from": [1.26639, -12.21381, 6.7],
			"to": [3.26639, -10.21381, 8.2],
			"rotation": {"angle": -22.5, "axis": "z", "origin": [8, -4.27733, 3.75]},
			"faces": {
				"north": {"uv": [7.5, 9.5, 6.5, 8.5], "rotation": 270, "texture": "#2"},
				"east": {"uv": [5.5, 9.25, 6.5, 8.5], "rotation": 270, "texture": "#2"},
				"south": {"uv": [6.5, 9.5, 7.5, 8.5], "rotation": 90, "texture": "#2"},
				"west": {"uv": [5.5, 9.25, 6.5, 8.5], "rotation": 270, "texture": "#2"},
				"up": {"uv": [7.25, 7.5, 8, 6.5], "rotation": 90, "texture": "#2"},
				"down": {"uv": [7.25, 7.5, 8, 6.5], "rotation": 90, "texture": "#2"}
			}
		},
		{
			"from": [0.57077, -9.77077, 6.5],
			"to": [5.57077, -7.77077, 8.4],
			"rotation": {"angle": 0, "axis": "y", "origin": [8, -4.27733, 3.75]},
			"faces": {
				"north": {"uv": [2, 11, 1, 8.5], "rotation": 270, "texture": "#2"},
				"east": {"uv": [6, 7.45, 7, 6.5], "rotation": 270, "texture": "#2"},
				"south": {"uv": [1, 11, 2, 8.5], "rotation": 90, "texture": "#2"},
				"west": {"uv": [6, 7.45, 7, 6.5], "rotation": 270, "texture": "#2"},
				"up": {"uv": [0, 11, 0.95, 8.5], "rotation": 90, "texture": "#2"},
				"down": {"uv": [0, 11, 0.95, 8.5], "rotation": 90, "texture": "#2"}
			}
		},
		{
			"from": [5, -3, -1],
			"to": [11, -2, 10],
			"rotation": {"angle": 0, "axis": "y", "origin": [8, -4.27733, 3.75]},
			"faces": {
				"north": {"uv": [9.75, 5.5, 12.75, 6], "texture": "#5"},
				"east": {"uv": [9.25, 0.75, 9.75, 6.25], "rotation": 90, "texture": "#5"},
				"south": {"uv": [9.75, 5.5, 12.75, 6], "texture": "#5"},
				"west": {"uv": [9.25, 6.25, 9.75, 0.75], "rotation": 90, "texture": "#5"},
				"up": {"uv": [4.5, 0, 7.5, 5.5], "texture": "#1"},
				"down": {"uv": [9.75, 0, 12.75, 5.5], "texture": "#5", "cullface": "down"}
			}
		},
		{
			"from": [8.18474, -9.89874, 6.4],
			"to": [10.18474, -7.89874, 8.5],
			"rotation": {"angle": -45, "axis": "z", "origin": [8, -4.27733, 3.75]},
			"faces": {
				"north": {"uv": [5.25, 9.5, 4.25, 8.5], "rotation": 180, "texture": "#2"},
				"east": {"uv": [3.25, 8.5, 2.2, 9.5], "rotation": 180, "texture": "#2"},
				"south": {"uv": [5.25, 8.5, 4.25, 9.5], "texture": "#2"},
				"west": {"uv": [3.25, 8.5, 2.2, 9.5], "rotation": 180, "texture": "#2"},
				"up": {"uv": [4.25, 8.5, 3.25, 9.5], "texture": "#2"},
				"down": {"uv": [4.25, 8.5, 3.25, 9.5], "texture": "#2"}
			}
		},
		{
			"from": [6.66639, -8.51381, 6.3],
			"to": [8.66639, -6.51381, 8.6],
			"rotation": {"angle": -22.5, "axis": "z", "origin": [8, -4.27733, 3.75]},
			"faces": {
				"north": {"uv": [4.75, 9.5, 5.75, 10.5], "rotation": 180, "texture": "#2"},
				"east": {"uv": [3.5, 9.5, 2.25, 10.5], "rotation": 180, "texture": "#2"},
				"south": {"uv": [4.75, 9.5, 5.75, 10.5], "rotation": 180, "texture": "#2"},
				"west": {"uv": [3.5, 9.5, 2.25, 10.5], "rotation": 180, "texture": "#2"},
				"up": {"uv": [3.5, 10.5, 4.75, 9.5], "rotation": 270, "texture": "#2"},
				"down": {"uv": [3.5, 10.5, 4.75, 9.5], "rotation": 270, "texture": "#2"}
			}
		},
		{
			"from": [-2.93292, -5.52157, 7.1],
			"to": [-0.93292, -3.72157, 7.9],
			"rotation": {"angle": 22.5, "axis": "z", "origin": [8, -4.27733, 3.75]},
			"faces": {
				"north": {"uv": [8.9, 7.5, 8, 6.5], "rotation": 270, "texture": "#2"},
				"east": {"uv": [7, 6.5, 8, 6], "rotation": 270, "texture": "#2"},
				"south": {"uv": [8, 7.5, 8.9, 6.5], "rotation": 90, "texture": "#2"},
				"west": {"uv": [7, 6.5, 8, 6], "rotation": 270, "texture": "#2"},
				"up": {"uv": [7, 6, 6, 6.5], "rotation": 180, "texture": "#2"},
				"down": {"uv": [7, 6, 6, 6.5], "rotation": 180, "texture": "#2"}
			}
		},
		{
			"from": [3.34921, -15.63428, 7.2],
			"to": [4.94921, -14.13428, 7.8],
			"rotation": {"angle": -45, "axis": "z", "origin": [8, -4.27733, 3.75]},
			"faces": {
				"north": {"uv": [8.75, 6.5, 8, 5.75], "texture": "#2"},
				"east": {"uv": [9, 5.75, 8.75, 6.5], "rotation": 180, "texture": "#2"},
				"south": {"uv": [8.75, 5.75, 8, 6.5], "rotation": 180, "texture": "#2"},
				"west": {"uv": [9, 5.75, 8.75, 6.5], "rotation": 180, "texture": "#2"},
				"up": {"uv": [8.75, 5.5, 8, 5.75], "texture": "#2"},
				"down": {"uv": [8.75, 5.5, 8, 5.75], "texture": "#2"}
			}
		},
		{
			"from": [12.73361, -12.21381, 6.7],
			"to": [14.73361, -10.21381, 8.2],
			"rotation": {"angle": 22.5, "axis": "z", "origin": [8, -4.27733, 3.75]},
			"faces": {
				"north": {"uv": [7.5, 8.5, 6.5, 9.5], "rotation": 270, "texture": "#2"},
				"east": {"uv": [5.5, 8.5, 6.5, 9.25], "rotation": 270, "texture": "#2"},
				"south": {"uv": [6.5, 8.5, 7.5, 9.5], "rotation": 90, "texture": "#2"},
				"west": {"uv": [5.5, 8.5, 6.5, 9.25], "rotation": 270, "texture": "#2"},
				"up": {"uv": [7.25, 6.5, 8, 7.5], "rotation": 90, "texture": "#2"},
				"down": {"uv": [7.25, 6.5, 8, 7.5], "rotation": 90, "texture": "#2"}
			}
		},
		{
			"from": [10.42923, -9.77077, 6.5],
			"to": [15.42923, -7.77077, 8.4],
			"rotation": {"angle": 0, "axis": "y", "origin": [8, -4.27733, 3.75]},
			"faces": {
				"north": {"uv": [2, 8.5, 1, 11], "rotation": 270, "texture": "#2"},
				"east": {"uv": [6, 6.5, 7, 7.45], "rotation": 270, "texture": "#2"},
				"south": {"uv": [1, 8.5, 2, 11], "rotation": 90, "texture": "#2"},
				"west": {"uv": [6, 6.5, 7, 7.45], "rotation": 270, "texture": "#2"},
				"up": {"uv": [0, 8.5, 0.95, 11], "rotation": 90, "texture": "#2"},
				"down": {"uv": [0, 8.5, 0.95, 11], "rotation": 90, "texture": "#2"}
			}
		},
		{
			"from": [5.81526, -9.89874, 6.4],
			"to": [7.81526, -7.89874, 8.5],
			"rotation": {"angle": 45, "axis": "z", "origin": [8, -4.27733, 3.75]},
			"faces": {
				"north": {"uv": [4.25, 9.5, 5.25, 8.5], "rotation": 180, "texture": "#2"},
				"east": {"uv": [2.2, 8.5, 3.25, 9.5], "rotation": 180, "texture": "#2"},
				"south": {"uv": [4.25, 8.5, 5.25, 9.5], "texture": "#2"},
				"west": {"uv": [2.2, 8.5, 3.25, 9.5], "rotation": 180, "texture": "#2"},
				"up": {"uv": [3.25, 8.5, 4.25, 9.5], "texture": "#2"},
				"down": {"uv": [3.25, 8.5, 4.25, 9.5], "texture": "#2"}
			}
		},
		{
			"from": [7.33361, -8.51381, 6.3],
			"to": [9.33361, -6.51381, 8.6],
			"rotation": {"angle": 22.5, "axis": "z", "origin": [8, -4.27733, 3.75]},
			"faces": {
				"north": {"uv": [5.75, 9.5, 4.75, 10.5], "rotation": 180, "texture": "#2"},
				"east": {"uv": [2.25, 9.5, 3.5, 10.5], "rotation": 180, "texture": "#2"},
				"south": {"uv": [5.75, 9.5, 4.75, 10.5], "rotation": 180, "texture": "#2"},
				"west": {"uv": [2.25, 9.5, 3.5, 10.5], "rotation": 180, "texture": "#2"},
				"up": {"uv": [3.5, 9.5, 4.75, 10.5], "rotation": 270, "texture": "#2"},
				"down": {"uv": [3.5, 9.5, 4.75, 10.5], "rotation": 270, "texture": "#2"}
			}
		},
		{
			"from": [16.93292, -5.52157, 7.1],
			"to": [18.93292, -3.72157, 7.9],
			"rotation": {"angle": -22.5, "axis": "z", "origin": [8, -4.27733, 3.75]},
			"faces": {
				"north": {"uv": [8.9, 6.5, 8, 7.5], "rotation": 270, "texture": "#2"},
				"east": {"uv": [7, 6, 8, 6.5], "rotation": 270, "texture": "#2"},
				"south": {"uv": [8, 6.5, 8.9, 7.5], "rotation": 90, "texture": "#2"},
				"west": {"uv": [7, 6, 8, 6.5], "rotation": 270, "texture": "#2"},
				"up": {"uv": [6, 6, 7, 6.5], "rotation": 180, "texture": "#2"},
				"down": {"uv": [6, 6, 7, 6.5], "rotation": 180, "texture": "#2"}
			}
		},
		{
			"from": [11.05079, -15.63428, 7.2],
			"to": [12.65079, -14.13428, 7.8],
			"rotation": {"angle": 45, "axis": "z", "origin": [8, -4.27733, 3.75]},
			"faces": {
				"north": {"uv": [8, 6.5, 8.75, 5.75], "texture": "#2"},
				"east": {"uv": [8.75, 5.75, 9, 6.5], "rotation": 180, "texture": "#2"},
				"south": {"uv": [8, 5.75, 8.75, 6.5], "rotation": 180, "texture": "#2"},
				"west": {"uv": [8.75, 5.75, 9, 6.5], "rotation": 180, "texture": "#2"},
				"up": {"uv": [8, 5.5, 8.75, 5.75], "texture": "#2"},
				"down": {"uv": [8, 5.5, 8.75, 5.75], "texture": "#2"}
			}
		},
		{
			"from": [7.18189, -10.2528, 6],
			"to": [10.18189, -7.2528, 9],
			"rotation": {"angle": 45, "axis": "z", "origin": [8, -4.27733, 3.75]},
			"faces": {
				"north": {"uv": [12, 3, 13.5, 1.5], "texture": "#0"},
				"east": {"uv": [12, 1.5, 13.5, 0], "texture": "#0"},
				"south": {"uv": [12, 4.5, 13.5, 3], "texture": "#0"},
				"west": {"uv": [12, 1.5, 13.5, 0], "texture": "#0"},
				"up": {"uv": [12, 1.5, 13.5, 0], "texture": "#0"},
				"down": {"uv": [12, 1.5, 13.5, 0], "texture": "#0"}
			}
		},
		{
			"from": [5.88918, -10.18173, 6],
			"to": [8.88918, -7.18173, 9],
			"rotation": {"angle": -45, "axis": "z", "origin": [8, -4.27733, 3.75]},
			"faces": {
				"north": {"uv": [13.5, 3, 12, 1.5], "texture": "#0"},
				"east": {"uv": [13.5, 1.5, 12, 0], "texture": "#0"},
				"south": {"uv": [13.5, 4.5, 12, 3], "texture": "#0"},
				"west": {"uv": [13.5, 1.5, 12, 0], "texture": "#0"},
				"up": {"uv": [13.5, 1.5, 12, 0], "texture": "#0"},
				"down": {"uv": [13.5, 1.5, 12, 0], "texture": "#0"}
			}
		},
		{
			"from": [10, -2, -5],
			"to": [10, 3, 6],
			"rotation": {"angle": 0, "axis": "y", "origin": [8, -4.27733, 3.75]},
			"faces": {
				"north": {"uv": [0, 0, 0, 2.5], "texture": "#1"},
				"east": {"uv": [5, 6, 7.5, 11.5], "rotation": 90, "texture": "#1"},
				"south": {"uv": [0, 0, 0, 2.5], "texture": "#1"},
				"west": {"uv": [5, 11.5, 7.5, 6], "rotation": 90, "texture": "#1"},
				"up": {"uv": [0, 0, 0, 5.5], "texture": "#1"},
				"down": {"uv": [0, 0, 0, 5.5], "texture": "#1"}
			}
		},
		{
			"from": [8, -2, -5],
			"to": [8, 3, 6],
			"rotation": {"angle": 0, "axis": "y", "origin": [8, -4.27733, 3.75]},
			"faces": {
				"north": {"uv": [0, 0, 0, 2.5], "texture": "#1"},
				"east": {"uv": [5, 6, 7.5, 11.5], "rotation": 90, "texture": "#1"},
				"south": {"uv": [0, 0, 0, 2.5], "texture": "#1"},
				"west": {"uv": [5, 11.5, 7.5, 6], "rotation": 90, "texture": "#1"},
				"up": {"uv": [0, 0, 0, 5.5], "texture": "#1"},
				"down": {"uv": [0, 0, 0, 5.5], "texture": "#1"}
			}
		},
		{
			"from": [6, -2, -5],
			"to": [6, 3, 6],
			"rotation": {"angle": 0, "axis": "y", "origin": [8, -4.27733, 3.75]},
			"faces": {
				"north": {"uv": [0, 0, 0, 2.5], "texture": "#1"},
				"east": {"uv": [5, 6, 7.5, 11.5], "rotation": 90, "texture": "#1"},
				"south": {"uv": [0, 0, 0, 2.5], "texture": "#1"},
				"west": {"uv": [5, 11.5, 7.5, 6], "rotation": 90, "texture": "#1"},
				"up": {"uv": [0, 0, 0, 5.5], "texture": "#1"},
				"down": {"uv": [0, 0, 0, 5.5], "texture": "#1"}
			}
		},
		{
			"from": [5.8, 18.9, -1],
			"to": [10.4, 22.1, 1],
			"rotation": {"angle": 0, "axis": "y", "origin": [8, 20.27733, 3.75]},
			"faces": {
				"north": {"uv": [11.25, 3, 13.5, 4.5], "texture": "#1"},
				"east": {"uv": [12.5, 4.5, 13.5, 6], "texture": "#1"},
				"south": {"uv": [11.25, 3, 13.5, 4.5], "texture": "#1"},
				"west": {"uv": [12.5, 4.5, 13.5, 6], "texture": "#1"},
				"up": {"uv": [10.25, 5.5, 12.5, 6.5], "texture": "#1"},
				"down": {"uv": [10.25, 5.5, 12.5, 6.5], "texture": "#1"}
			}
		},
		{
			"from": [4.94135, 19.1, 1.20514],
			"to": [9.94135, 22.1, 7.20514],
			"rotation": {"angle": -22.5, "axis": "y", "origin": [8, 20.27733, 3.75]},
			"faces": {
				"north": {"uv": [13.5, 7.5, 16, 9], "texture": "#1"},
				"east": {"uv": [13, 6, 16, 7.5], "texture": "#1"},
				"south": {"uv": [13.5, 7.5, 16, 9], "texture": "#1"},
				"west": {"uv": [13, 6, 16, 7.5], "texture": "#1"},
				"up": {"uv": [13.5, 3, 16, 5.5], "texture": "#1"},
				"down": {"uv": [13.5, 3, 16, 5.5], "texture": "#1"}
			}
		},
		{
			"from": [6.29745, 19, 1.13197],
			"to": [11.29745, 22, 7.13197],
			"rotation": {"angle": 22.5, "axis": "y", "origin": [8, 20.27733, 3.75]},
			"faces": {
				"north": {"uv": [16, 9, 13.5, 7.5], "texture": "#1"},
				"east": {"uv": [16, 6, 13, 7.5], "texture": "#1"},
				"south": {"uv": [13.5, 7.5, 16, 9], "texture": "#1"},
				"west": {"uv": [16, 6, 13, 7.5], "texture": "#1"},
				"up": {"uv": [16, 3, 13.5, 6], "texture": "#1"},
				"down": {"uv": [16, 3, 13.5, 6], "texture": "#1"}
			}
		},
		{
			"from": [6, 19.98424, 1.56828],
			"to": [10, 22.98424, 6.56828],
			"rotation": {"angle": -22.5, "axis": "x", "origin": [8, 20.27733, 3.75]},
			"faces": {
				"north": {"uv": [8, 1.5, 10, 3], "texture": "#1"},
				"east": {"uv": [7.5, 0, 10, 1.5], "texture": "#1"},
				"south": {"uv": [8, 1.5, 10, 3], "texture": "#1"},
				"west": {"uv": [7.5, 0, 10, 1.5], "texture": "#1"},
				"up": {"uv": [10, 0, 12, 2.5], "texture": "#1"},
				"down": {"uv": [10, 0, 12, 2.5], "texture": "#1"}
			}
		},
		{
			"from": [2.5, 18.9, 5],
			"to": [13.7, 23, 8],
			"rotation": {"angle": 0, "axis": "y", "origin": [8, 20.27733, 3.75]},
			"faces": {
				"north": {"uv": [0, 10.5, 5, 12.5], "texture": "#0"},
				"east": {"uv": [5, 10.5, 6.5, 12.5], "texture": "#0"},
				"south": {"uv": [0, 9.5, 5, 11.5], "texture": "#1"},
				"west": {"uv": [5, 10.5, 6.5, 12.5], "texture": "#0"},
				"up": {"uv": [9, 14, 14, 15.5], "texture": "#1"},
				"down": {"uv": [9, 14, 14, 15.5], "texture": "#1"}
			}
		},
		{
			"from": [1.26639, 26.21381, 6.7],
			"to": [3.26639, 28.21381, 8.2],
			"rotation": {"angle": 22.5, "axis": "z", "origin": [8, 20.27733, 3.75]},
			"faces": {
				"north": {"uv": [6.5, 9.5, 7.5, 8.5], "rotation": 270, "texture": "#2"},
				"east": {"uv": [6.5, 9.25, 5.5, 8.5], "rotation": 270, "texture": "#2"},
				"south": {"uv": [7.5, 9.5, 6.5, 8.5], "rotation": 90, "texture": "#2"},
				"west": {"uv": [6.5, 9.25, 5.5, 8.5], "rotation": 270, "texture": "#2"},
				"up": {"uv": [8, 7.5, 7.25, 6.5], "rotation": 90, "texture": "#2"},
				"down": {"uv": [8, 7.5, 7.25, 6.5], "rotation": 90, "texture": "#2"}
			}
		},
		{
			"from": [0.57077, 23.77077, 6.5],
			"to": [5.57077, 25.77077, 8.4],
			"rotation": {"angle": 0, "axis": "y", "origin": [8, 20.27733, 3.75]},
			"faces": {
				"north": {"uv": [1, 11, 2, 8.5], "rotation": 270, "texture": "#2"},
				"east": {"uv": [7, 7.45, 6, 6.5], "rotation": 270, "texture": "#2"},
				"south": {"uv": [2, 11, 1, 8.5], "rotation": 90, "texture": "#2"},
				"west": {"uv": [7, 7.45, 6, 6.5], "rotation": 270, "texture": "#2"},
				"up": {"uv": [0.95, 11, 0, 8.5], "rotation": 90, "texture": "#2"},
				"down": {"uv": [0.95, 11, 0, 8.5], "rotation": 90, "texture": "#2"}
			}
		},
		{
			"from": [5, 18, -1],
			"to": [11, 19, 10],
			"rotation": {"angle": 0, "axis": "y", "origin": [8, 20.27733, 3.75]},
			"faces": {
				"north": {"uv": [9.75, 6, 12.75, 5.5], "texture": "#5"},
				"east": {"uv": [9.75, 0.75, 9.25, 6.25], "rotation": 90, "texture": "#5"},
				"south": {"uv": [9.75, 6, 12.75, 5.5], "texture": "#5"},
				"west": {"uv": [9.75, 6.25, 9.25, 0.75], "rotation": 90, "texture": "#5"},
				"up": {"uv": [9.75, 5.5, 12.75, 0], "texture": "#5", "cullface": "down"},
				"down": {"uv": [4.5, 5.5, 7.5, 0], "texture": "#1"}
			}
		},
		{
			"from": [8.18474, 23.89874, 6.4],
			"to": [10.18474, 25.89874, 8.5],
			"rotation": {"angle": 45, "axis": "z", "origin": [8, 20.27733, 3.75]},
			"faces": {
				"north": {"uv": [5.25, 8.5, 4.25, 9.5], "rotation": 180, "texture": "#2"},
				"east": {"uv": [3.25, 9.5, 2.2, 8.5], "rotation": 180, "texture": "#2"},
				"south": {"uv": [5.25, 9.5, 4.25, 8.5], "texture": "#2"},
				"west": {"uv": [3.25, 9.5, 2.2, 8.5], "rotation": 180, "texture": "#2"},
				"up": {"uv": [4.25, 9.5, 3.25, 8.5], "texture": "#2"},
				"down": {"uv": [4.25, 9.5, 3.25, 8.5], "texture": "#2"}
			}
		},
		{
			"from": [6.66639, 22.51381, 6.3],
			"to": [8.66639, 24.51381, 8.6],
			"rotation": {"angle": 22.5, "axis": "z", "origin": [8, 20.27733, 3.75]},
			"faces": {
				"north": {"uv": [4.75, 10.5, 5.75, 9.5], "rotation": 180, "texture": "#2"},
				"east": {"uv": [3.5, 10.5, 2.25, 9.5], "rotation": 180, "texture": "#2"},
				"south": {"uv": [4.75, 10.5, 5.75, 9.5], "rotation": 180, "texture": "#2"},
				"west": {"uv": [3.5, 10.5, 2.25, 9.5], "rotation": 180, "texture": "#2"},
				"up": {"uv": [4.75, 10.5, 3.5, 9.5], "rotation": 270, "texture": "#2"},
				"down": {"uv": [4.75, 10.5, 3.5, 9.5], "rotation": 270, "texture": "#2"}
			}
		},
		{
			"from": [-2.93292, 19.72157, 7.1],
			"to": [-0.93292, 21.52157, 7.9],
			"rotation": {"angle": -22.5, "axis": "z", "origin": [8, 20.27733, 3.75]},
			"faces": {
				"north": {"uv": [8, 7.5, 8.9, 6.5], "rotation": 270, "texture": "#2"},
				"east": {"uv": [8, 6.5, 7, 6], "rotation": 270, "texture": "#2"},
				"south": {"uv": [8.9, 7.5, 8, 6.5], "rotation": 90, "texture": "#2"},
				"west": {"uv": [8, 6.5, 7, 6], "rotation": 270, "texture": "#2"},
				"up": {"uv": [7, 6.5, 6, 6], "rotation": 180, "texture": "#2"},
				"down": {"uv": [7, 6.5, 6, 6], "rotation": 180, "texture": "#2"}
			}
		},
		{
			"from": [3.34921, 30.13428, 7.2],
			"to": [4.94921, 31.63428, 7.8],
			"rotation": {"angle": 45, "axis": "z", "origin": [8, 20.27733, 3.75]},
			"faces": {
				"north": {"uv": [8.75, 5.75, 8, 6.5], "texture": "#2"},
				"east": {"uv": [9, 6.5, 8.75, 5.75], "rotation": 180, "texture": "#2"},
				"south": {"uv": [8.75, 6.5, 8, 5.75], "rotation": 180, "texture": "#2"},
				"west": {"uv": [9, 6.5, 8.75, 5.75], "rotation": 180, "texture": "#2"},
				"up": {"uv": [8.75, 5.75, 8, 5.5], "texture": "#2"},
				"down": {"uv": [8.75, 5.75, 8, 5.5], "texture": "#2"}
			}
		},
		{
			"from": [12.73361, 26.21381, 6.7],
			"to": [14.73361, 28.21381, 8.2],
			"rotation": {"angle": -22.5, "axis": "z", "origin": [8, 20.27733, 3.75]},
			"faces": {
				"north": {"uv": [6.5, 8.5, 7.5, 9.5], "rotation": 270, "texture": "#2"},
				"east": {"uv": [6.5, 8.5, 5.5, 9.25], "rotation": 270, "texture": "#2"},
				"south": {"uv": [7.5, 8.5, 6.5, 9.5], "rotation": 90, "texture": "#2"},
				"west": {"uv": [6.5, 8.5, 5.5, 9.25], "rotation": 270, "texture": "#2"},
				"up": {"uv": [8, 6.5, 7.25, 7.5], "rotation": 90, "texture": "#2"},
				"down": {"uv": [8, 6.5, 7.25, 7.5], "rotation": 90, "texture": "#2"}
			}
		},
		{
			"from": [10.42923, 23.77077, 6.5],
			"to": [15.42923, 25.77077, 8.4],
			"rotation": {"angle": 0, "axis": "y", "origin": [8, 20.27733, 3.75]},
			"faces": {
				"north": {"uv": [1, 8.5, 2, 11], "rotation": 270, "texture": "#2"},
				"east": {"uv": [7, 6.5, 6, 7.45], "rotation": 270, "texture": "#2"},
				"south": {"uv": [2, 8.5, 1, 11], "rotation": 90, "texture": "#2"},
				"west": {"uv": [7, 6.5, 6, 7.45], "rotation": 270, "texture": "#2"},
				"up": {"uv": [0.95, 8.5, 0, 11], "rotation": 90, "texture": "#2"},
				"down": {"uv": [0.95, 8.5, 0, 11], "rotation": 90, "texture": "#2"}
			}
		},
		{
			"from": [5.81526, 23.89874, 6.4],
			"to": [7.81526, 25.89874, 8.5],
			"rotation": {"angle": -45, "axis": "z", "origin": [8, 20.27733, 3.75]},
			"faces": {
				"north": {"uv": [4.25, 8.5, 5.25, 9.5], "rotation": 180, "texture": "#2"},
				"east": {"uv": [2.2, 9.5, 3.25, 8.5], "rotation": 180, "texture": "#2"},
				"south": {"uv": [4.25, 9.5, 5.25, 8.5], "texture": "#2"},
				"west": {"uv": [2.2, 9.5, 3.25, 8.5], "rotation": 180, "texture": "#2"},
				"up": {"uv": [3.25, 9.5, 4.25, 8.5], "texture": "#2"},
				"down": {"uv": [3.25, 9.5, 4.25, 8.5], "texture": "#2"}
			}
		},
		{
			"from": [7.33361, 22.51381, 6.3],
			"to": [9.33361, 24.51381, 8.6],
			"rotation": {"angle": -22.5, "axis": "z", "origin": [8, 20.27733, 3.75]},
			"faces": {
				"north": {"uv": [5.75, 10.5, 4.75, 9.5], "rotation": 180, "texture": "#2"},
				"east": {"uv": [2.25, 10.5, 3.5, 9.5], "rotation": 180, "texture": "#2"},
				"south": {"uv": [5.75, 10.5, 4.75, 9.5], "rotation": 180, "texture": "#2"},
				"west": {"uv": [2.25, 10.5, 3.5, 9.5], "rotation": 180, "texture": "#2"},
				"up": {"uv": [4.75, 9.5, 3.5, 10.5], "rotation": 270, "texture": "#2"},
				"down": {"uv": [4.75, 9.5, 3.5, 10.5], "rotation": 270, "texture": "#2"}
			}
		},
		{
			"from": [16.93292, 19.72157, 7.1],
			"to": [18.93292, 21.52157, 7.9],
			"rotation": {"angle": 22.5, "axis": "z", "origin": [8, 20.27733, 3.75]},
			"faces": {
				"north": {"uv": [8, 6.5, 8.9, 7.5], "rotation": 270, "texture": "#2"},
				"east": {"uv": [8, 6, 7, 6.5], "rotation": 270, "texture": "#2"},
				"south": {"uv": [8.9, 6.5, 8, 7.5], "rotation": 90, "texture": "#2"},
				"west": {"uv": [8, 6, 7, 6.5], "rotation": 270, "texture": "#2"},
				"up": {"uv": [6, 6.5, 7, 6], "rotation": 180, "texture": "#2"},
				"down": {"uv": [6, 6.5, 7, 6], "rotation": 180, "texture": "#2"}
			}
		},
		{
			"from": [11.05079, 30.13428, 7.2],
			"to": [12.65079, 31.63428, 7.8],
			"rotation": {"angle": -45, "axis": "z", "origin": [8, 20.27733, 3.75]},
			"faces": {
				"north": {"uv": [8, 5.75, 8.75, 6.5], "texture": "#2"},
				"east": {"uv": [8.75, 6.5, 9, 5.75], "rotation": 180, "texture": "#2"},
				"south": {"uv": [8, 6.5, 8.75, 5.75], "rotation": 180, "texture": "#2"},
				"west": {"uv": [8.75, 6.5, 9, 5.75], "rotation": 180, "texture": "#2"},
				"up": {"uv": [8, 5.75, 8.75, 5.5], "texture": "#2"},
				"down": {"uv": [8, 5.75, 8.75, 5.5], "texture": "#2"}
			}
		},
		{
			"from": [7.18189, 23.2528, 6],
			"to": [10.18189, 26.2528, 9],
			"rotation": {"angle": -45, "axis": "z", "origin": [8, 20.27733, 3.75]},
			"faces": {
				"north": {"uv": [12, 1.5, 13.5, 3], "texture": "#0"},
				"east": {"uv": [12, 0, 13.5, 1.5], "texture": "#0"},
				"south": {"uv": [12, 3, 13.5, 4.5], "texture": "#0"},
				"west": {"uv": [12, 0, 13.5, 1.5], "texture": "#0"},
				"up": {"uv": [12, 0, 13.5, 1.5], "texture": "#0"},
				"down": {"uv": [12, 0, 13.5, 1.5], "texture": "#0"}
			}
		},
		{
			"from": [5.88918, 23.18173, 6],
			"to": [8.88918, 26.18173, 9],
			"rotation": {"angle": 45, "axis": "z", "origin": [8, 20.27733, 3.75]},
			"faces": {
				"north": {"uv": [13.5, 1.5, 12, 3], "texture": "#0"},
				"east": {"uv": [13.5, 0, 12, 1.5], "texture": "#0"},
				"south": {"uv": [13.5, 3, 12, 4.5], "texture": "#0"},
				"west": {"uv": [13.5, 0, 12, 1.5], "texture": "#0"},
				"up": {"uv": [13.5, 0, 12, 1.5], "texture": "#0"},
				"down": {"uv": [13.5, 0, 12, 1.5], "texture": "#0"}
			}
		},
		{
			"from": [10, 13, -5],
			"to": [10, 18, 6],
			"rotation": {"angle": 0, "axis": "y", "origin": [8, 20.27733, 3.75]},
			"faces": {
				"north": {"uv": [0, 2.5, 0, 0], "texture": "#1"},
				"east": {"uv": [7.5, 6, 5, 11.5], "rotation": 90, "texture": "#1"},
				"south": {"uv": [0, 2.5, 0, 0], "texture": "#1"},
				"west": {"uv": [7.5, 11.5, 5, 6], "rotation": 90, "texture": "#1"},
				"up": {"uv": [0, 5.5, 0, 0], "texture": "#1"},
				"down": {"uv": [0, 5.5, 0, 0], "texture": "#1"}
			}
		},
		{
			"from": [8, 13, -5],
			"to": [8, 18, 6],
			"rotation": {"angle": 0, "axis": "y", "origin": [8, 20.27733, 3.75]},
			"faces": {
				"north": {"uv": [0, 2.5, 0, 0], "texture": "#1"},
				"east": {"uv": [7.5, 6, 5, 11.5], "rotation": 90, "texture": "#1"},
				"south": {"uv": [0, 2.5, 0, 0], "texture": "#1"},
				"west": {"uv": [7.5, 11.5, 5, 6], "rotation": 90, "texture": "#1"},
				"up": {"uv": [0, 5.5, 0, 0], "texture": "#1"},
				"down": {"uv": [0, 5.5, 0, 0], "texture": "#1"}
			}
		},
		{
			"from": [6, 13, -5],
			"to": [6, 18, 6],
			"rotation": {"angle": 0, "axis": "y", "origin": [8, 20.27733, 3.75]},
			"faces": {
				"north": {"uv": [0, 2.5, 0, 0], "texture": "#1"},
				"east": {"uv": [7.5, 6, 5, 11.5], "rotation": 90, "texture": "#1"},
				"south": {"uv": [0, 2.5, 0, 0], "texture": "#1"},
				"west": {"uv": [7.5, 11.5, 5, 6], "rotation": 90, "texture": "#1"},
				"up": {"uv": [0, 5.5, 0, 0], "texture": "#1"},
				"down": {"uv": [0, 5.5, 0, 0], "texture": "#1"}
			}
		},
		{
			"from": [8, 18, 6],
			"to": [8, 26, 16],
			"faces": {
				"north": {"uv": [11, 12, 11, 16], "rotation": 180, "texture": "#6"},
				"east": {"uv": [11, 12, 16, 16], "rotation": 180, "texture": "#6"},
				"south": {"uv": [11, 12, 11, 16], "rotation": 180, "texture": "#6"},
				"west": {"uv": [16, 12, 11, 16], "rotation": 180, "texture": "#6"},
				"up": {"uv": [0, 0, 5, 0], "rotation": 270, "texture": "#6"},
				"down": {"uv": [0, 0, 5, 0], "rotation": 90, "texture": "#6"}
			}
		},
		{
			"from": [8, -10, 6],
			"to": [8, -2, 16],
			"rotation": {"angle": 0, "axis": "y", "origin": [0, 16, 0]},
			"faces": {
				"north": {"uv": [11, 16, 11, 12], "rotation": 180, "texture": "#6"},
				"east": {"uv": [11, 16, 16, 12], "rotation": 180, "texture": "#6"},
				"south": {"uv": [11, 16, 11, 12], "rotation": 180, "texture": "#6"},
				"west": {"uv": [16, 16, 11, 12], "rotation": 180, "texture": "#6"},
				"up": {"uv": [5, 0, 0, 0], "rotation": 90, "texture": "#6"},
				"down": {"uv": [5, 0, 0, 0], "rotation": 270, "texture": "#6"}
			}
		},
		{
			"from": [-2, 19, 11],
			"to": [-2, 24, 15],
			"rotation": {"angle": -22.5, "axis": "y", "origin": [8, 16.5, 21]},
			"faces": {
				"north": {"uv": [13.5, 7.25, 13.5, 9.75], "rotation": 180, "texture": "#3"},
				"east": {"uv": [16, 7.25, 13.5, 9.25], "rotation": 270, "texture": "#3"},
				"south": {"uv": [13.5, 7.25, 13.5, 9.75], "texture": "#3"},
				"west": {"uv": [13.5, 7.25, 16, 9.25], "rotation": 90, "texture": "#3"},
				"up": {"uv": [13.5, 7.25, 13.5, 9.25], "rotation": 180, "texture": "#3"},
				"down": {"uv": [13.5, 7.25, 13.5, 9.25], "texture": "#3"}
			}
		},
		{
			"from": [18, 19, 11],
			"to": [18, 24, 15],
			"rotation": {"angle": 22.5, "axis": "y", "origin": [8, 16.5, 21]},
			"faces": {
				"north": {"uv": [13.5, 7.25, 13.5, 9.75], "rotation": 180, "texture": "#3"},
				"east": {"uv": [13.5, 9.25, 16, 7.25], "rotation": 90, "texture": "#3"},
				"south": {"uv": [13.5, 7.25, 13.5, 9.75], "texture": "#3"},
				"west": {"uv": [16, 9.25, 13.5, 7.25], "rotation": 270, "texture": "#3"},
				"up": {"uv": [13.5, 7.25, 13.5, 9.25], "rotation": 180, "texture": "#3"},
				"down": {"uv": [13.5, 7.25, 13.5, 9.25], "texture": "#3"}
			}
		},
		{
			"from": [4.5, 18.76447, 8.13604],
			"to": [4.5, 25.76447, 12.13604],
			"rotation": {"angle": 0, "axis": "y", "origin": [4, 24.46447, 7.13604]},
			"faces": {
				"north": {"uv": [0, 0, 0, 3.5], "rotation": 180, "texture": "#3"},
				"east": {"uv": [3.5, 14, 0, 16], "rotation": 270, "texture": "#3"},
				"south": {"uv": [0, 0, 0, 3.5], "texture": "#3"},
				"west": {"uv": [0, 14, 3.5, 16], "rotation": 90, "texture": "#3"},
				"up": {"uv": [0, 0, 0, 2], "rotation": 180, "texture": "#3"},
				"down": {"uv": [0, 0, 0, 2], "texture": "#3"}
			}
		},
		{
			"from": [11.5, 18.76447, 8.13604],
			"to": [11.5, 25.76447, 12.13604],
			"rotation": {"angle": 0, "axis": "y", "origin": [12, 24.46447, 7.13604]},
			"faces": {
				"north": {"uv": [0, 0, 0, 3.5], "rotation": 180, "texture": "#3"},
				"east": {"uv": [0, 16, 3.5, 14], "rotation": 90, "texture": "#3"},
				"south": {"uv": [0, 0, 0, 3.5], "texture": "#3"},
				"west": {"uv": [3.5, 16, 0, 14], "rotation": 270, "texture": "#3"},
				"up": {"uv": [0, 0, 0, 2], "rotation": 180, "texture": "#3"},
				"down": {"uv": [0, 0, 0, 2], "texture": "#3"}
			}
		},
		{
			"from": [11.5, -9.76447, 8.13604],
			"to": [11.5, -2.76447, 12.13604],
			"rotation": {"angle": 0, "axis": "y", "origin": [12, -8.46447, 7.13604]},
			"faces": {
				"north": {"uv": [0, 3.5, 0, 0], "rotation": 180, "texture": "#3"},
				"east": {"uv": [3.5, 16, 0, 14], "rotation": 90, "texture": "#3"},
				"south": {"uv": [0, 3.5, 0, 0], "texture": "#3"},
				"west": {"uv": [0, 16, 3.5, 14], "rotation": 270, "texture": "#3"},
				"up": {"uv": [0, 2, 0, 0], "texture": "#3"},
				"down": {"uv": [0, 2, 0, 0], "rotation": 180, "texture": "#3"}
			}
		},
		{
			"from": [18, -8, 11],
			"to": [18, -3, 15],
			"rotation": {"angle": 22.5, "axis": "y", "origin": [8, -0.5, 21]},
			"faces": {
				"north": {"uv": [13.5, 9.75, 13.5, 7.25], "rotation": 180, "texture": "#3"},
				"east": {"uv": [16, 9.25, 13.5, 7.25], "rotation": 90, "texture": "#3"},
				"south": {"uv": [13.5, 9.75, 13.5, 7.25], "texture": "#3"},
				"west": {"uv": [13.5, 9.25, 16, 7.25], "rotation": 270, "texture": "#3"},
				"up": {"uv": [13.5, 9.25, 13.5, 7.25], "texture": "#3"},
				"down": {"uv": [13.5, 9.25, 13.5, 7.25], "rotation": 180, "texture": "#3"}
			}
		},
		{
			"from": [4.5, -9.76447, 8.13604],
			"to": [4.5, -2.76447, 12.13604],
			"rotation": {"angle": 0, "axis": "y", "origin": [4, -8.46447, 7.13604]},
			"faces": {
				"north": {"uv": [0, 3.5, 0, 0], "rotation": 180, "texture": "#3"},
				"east": {"uv": [0, 14, 3.5, 16], "rotation": 270, "texture": "#3"},
				"south": {"uv": [0, 3.5, 0, 0], "texture": "#3"},
				"west": {"uv": [3.5, 14, 0, 16], "rotation": 90, "texture": "#3"},
				"up": {"uv": [0, 2, 0, 0], "texture": "#3"},
				"down": {"uv": [0, 2, 0, 0], "rotation": 180, "texture": "#3"}
			}
		},
		{
			"from": [-2, -8, 11],
			"to": [-2, -3, 15],
			"rotation": {"angle": -22.5, "axis": "y", "origin": [8, -0.5, 21]},
			"faces": {
				"north": {"uv": [13.5, 9.75, 13.5, 7.25], "rotation": 180, "texture": "#3"},
				"east": {"uv": [13.5, 7.25, 16, 9.25], "rotation": 270, "texture": "#3"},
				"south": {"uv": [13.5, 9.75, 13.5, 7.25], "texture": "#3"},
				"west": {"uv": [16, 7.25, 13.5, 9.25], "rotation": 90, "texture": "#3"},
				"up": {"uv": [13.5, 9.25, 13.5, 7.25], "texture": "#3"},
				"down": {"uv": [13.5, 9.25, 13.5, 7.25], "rotation": 180, "texture": "#3"}
			}
		}
	],
	"gui_light": "front",
	"display": {
		"thirdperson_righthand": {
			"rotation": [1.58, 0.49, -89.82],
			"translation": [-6.25, -2.25, 3],
			"scale": [0.7, 0.7, 0.7]
		},
		"thirdperson_lefthand": {
			"rotation": [1.58, 0.49, -89.82],
			"translation": [-6.25, -2.25, 3],
			"scale": [0.7, 0.7, 0.7]
		},
		"firstperson_righthand": {
			"rotation": [0, 0, 90],
			"translation": [-7.75, 0.25, 1.5],
			"scale": [0.85156, 0.85156, 0.85156]
		},
		"firstperson_lefthand": {
			"rotation": [0, 0, 90],
			"translation": [-7.75, 0.25, 1.5],
			"scale": [0.85156, 0.85156, 0.85156]
		},
		"ground": {
			"rotation": [45, 0, 0],
			"translation": [0, 5.25, 0],
			"scale": [0.35, 0.35, 0.35]
		},
		"gui": {
			"rotation": [88, 45, -88],
			"translation": [-0.25, 0, -2],
			"scale": [0.41992, 0.41992, 0.41992]
		},
		"head": {
			"rotation": [-135.5, 0, 0],
			"translation": [0, 20.5, 4.75],
			"scale": [0, 0, 0]
		},
		"fixed": {
			"translation": [-0.5, 0, -3],
			"scale": [1.4, 1.4, 1.4]
		}
	},
	"groups": [
		{
			"name": "Left",
			"origin": [0, 0, 0],
			"color": 0,
			"children": [
				{
					"name": "Head",
					"origin": [0, 0, 0],
					"color": 0,
					"children": [
						0,
						1,
						2,
						3,
						4,
						5,
						6,
						{
							"name": "Horn",
							"origin": [5, 18.5, 4.5],
							"color": 0,
							"children": [7, 8, 9, 10, 11, 12, 13]
						},
						{
							"name": "Horn",
							"origin": [5, 18.5, 4.5],
							"color": 0,
							"children": [14, 15, 16, 17, 18, 19]
						},
						20,
						21
					]
				},
				22,
				23,
				24
			]
		},
		{
			"name": "Right",
			"origin": [0, 0, 0],
			"color": 0,
			"children": [
				{
					"name": "Head",
					"origin": [0, 0, 0],
					"color": 0,
					"children": [
						25,
						26,
						27,
						28,
						29,
						{
							"name": "Horn",
							"origin": [5, 18.5, 4.5],
							"color": 0,
							"children": [30, 31, 32, 33, 34, 35, 36]
						},
						{
							"name": "Horn",
							"origin": [5, 18.5, 4.5],
							"color": 0,
							"children": [37, 38, 39, 40, 41, 42]
						},
						43,
						44
					]
				},
				45,
				46,
				47
			]
		},
		48,
		49,
		50,
		51,
		52,
		53,
		54,
		55,
		56,
		57
	]
}