{
    "credit": "Made with Blockbench",
    "texture_size": [
        56,
        56
    ],
    "textures": {
        "2": "draculaset:sword",
        "3": "draculaset:demon_eye",
        "4": "draculaset:paralyzed",
        "5": "draculaset:sleep",
        "6": "draculaset:smoke",
        "7": "draculaset:chest",
        "particle": "draculaset:sword"
    },
    "elements": [
        {
            "from": [
                1.312,
                6.1638,
                3.744
            ],
            "to": [
                14.688,
                7.3798,
                12.256
            ],
            "rotation": {
                "angle": 0,
                "axis": "y",
                "origin": [
                    8,
                    8.5274,
                    8
                ]
            },
            "faces": {
                "north": {
                    "uv": [
                        11.71429,
                        0,
                        15.57143,
                        0.35714
                    ],
                    "texture": "#7"
                },
                "east": {
                    "uv": [
                        11.71429,
                        2.28571,
                        14.14286,
                        2.64286
                    ],
                    "texture": "#7"
                },
                "south": {
                    "uv": [
                        11.71429,
                        0.57143,
                        15.57143,
                        0.92857
                    ],
                    "texture": "#7"
                },
                "west": {
                    "uv": [
                        11.71429,
                        2.85714,
                        14.14286,
                        3.21429
                    ],
                    "texture": "#7"
                },
                "up": {
                    "uv": [
                        7.85714,
                        2.42857,
                        4,
                        0
                    ],
                    "texture": "#7"
                },
                "down": {
                    "uv": [
                        7.85714,
                        2.57143,
                        4,
                        5
                    ],
                    "texture": "#7"
                }
            }
        },
        {
            "from": [
                1.92,
                0.6998,
                4.352
            ],
            "to": [
                14.08,
                2.5238,
                11.648
            ],
            "rotation": {
                "angle": 0,
                "axis": "y",
                "origin": [
                    8,
                    8.5274,
                    8
                ]
            },
            "faces": {
                "north": {
                    "uv": [
                        10,
                        9.42857,
                        13.5,
                        9.92857
                    ],
                    "texture": "#7"
                },
                "east": {
                    "uv": [
                        11.71429,
                        1.14286,
                        13.78571,
                        1.64286
                    ],
                    "texture": "#7"
                },
                "south": {
                    "uv": [
                        0,
                        11.14286,
                        3.5,
                        11.64286
                    ],
                    "texture": "#7"
                },
                "west": {
                    "uv": [
                        11.71429,
                        1.71429,
                        13.78571,
                        2.21429
                    ],
                    "texture": "#7"
                },
                "up": {
                    "uv": [
                        9.78571,
                        9.78571,
                        6.28571,
                        7.71429
                    ],
                    "texture": "#7"
                },
                "down": {
                    "uv": [
                        11.5,
                        0,
                        8,
                        2.07143
                    ],
                    "texture": "#7"
                }
            }
        },
        {
            "from": [
                1.92,
                5.5558,
                4.352
            ],
            "to": [
                14.08,
                7.9878,
                11.648
            ],
            "rotation": {
                "angle": 0,
                "axis": "y",
                "origin": [
                    8,
                    8.5274,
                    8
                ]
            },
            "faces": {
                "north": {
                    "uv": [
                        0,
                        10.28571,
                        3.5,
                        11
                    ],
                    "texture": "#7"
                },
                "east": {
                    "uv": [
                        3.71429,
                        10.28571,
                        5.78571,
                        11
                    ],
                    "texture": "#7"
                },
                "south": {
                    "uv": [
                        9.42857,
                        10.85714,
                        12.92857,
                        11.57143
                    ],
                    "texture": "#7"
                },
                "west": {
                    "uv": [
                        3.71429,
                        11.14286,
                        5.78571,
                        11.85714
                    ],
                    "texture": "#7"
                },
                "up": {
                    "uv": [
                        11.5,
                        4.35714,
                        8,
                        2.28571
                    ],
                    "texture": "#7"
                },
                "down": {
                    "uv": [
                        11.5,
                        4.57143,
                        8,
                        6.64286
                    ],
                    "texture": "#7"
                }
            }
        },
        {
            "from": [
                2.528,
                2.5158,
                4.96
            ],
            "to": [
                13.472,
                5.5558,
                11.04
            ],
            "rotation": {
                "angle": 0,
                "axis": "y",
                "origin": [
                    8,
                    8.5274,
                    8
                ]
            },
            "faces": {
                "north": {
                    "uv": [
                        10,
                        8.57143,
                        13.14286,
                        9.42857
                    ],
                    "texture": "#7"
                },
                "east": {
                    "uv": [
                        8,
                        6.85714,
                        9.71429,
                        7.71429
                    ],
                    "texture": "#7"
                },
                "south": {
                    "uv": [
                        9.42857,
                        10,
                        12.57143,
                        10.85714
                    ],
                    "texture": "#7"
                },
                "west": {
                    "uv": [
                        0,
                        11.71429,
                        1.71429,
                        12.57143
                    ],
                    "texture": "#7"
                },
                "up": {
                    "uv": [
                        9.42857,
                        11.71429,
                        6.28571,
                        10
                    ],
                    "texture": "#7"
                },
                "down": {
                    "uv": [
                        13.14286,
                        6.85714,
                        10,
                        8.57143
                    ],
                    "texture": "#7"
                }
            }
        },
        {
            "from": [
                12.972,
                4.2318,
                6.784
            ],
            "to": [
                14.188,
                4.8398,
                9.216
            ],
            "rotation": {
                "angle": 0,
                "axis": "z",
                "origin": [
                    8,
                    8.5274,
                    8
                ]
            },
            "faces": {
                "north": {
                    "uv": [
                        8.85714,
                        12.28571,
                        9.21429,
                        12.42857
                    ],
                    "texture": "#7"
                },
                "east": {
                    "uv": [
                        7.14286,
                        12.28571,
                        7.85714,
                        12.42857
                    ],
                    "texture": "#7"
                },
                "south": {
                    "uv": [
                        9.42857,
                        12.28571,
                        9.78571,
                        12.42857
                    ],
                    "texture": "#7"
                },
                "west": {
                    "uv": [
                        8,
                        12.28571,
                        8.71429,
                        12.42857
                    ],
                    "texture": "#7"
                },
                "up": {
                    "uv": [
                        12.35714,
                        12.71429,
                        12,
                        12
                    ],
                    "texture": "#7"
                },
                "down": {
                    "uv": [
                        3.78571,
                        12.28571,
                        3.42857,
                        13
                    ],
                    "texture": "#7"
                }
            }
        },
        {
            "from": [
                1.812,
                4.2318,
                6.784
            ],
            "to": [
                3.028,
                4.8398,
                9.216
            ],
            "rotation": {
                "angle": 0,
                "axis": "z",
                "origin": [
                    8,
                    8.5274,
                    8
                ]
            },
            "faces": {
                "north": {
                    "uv": [
                        9.21429,
                        12.28571,
                        8.85714,
                        12.42857
                    ],
                    "texture": "#7"
                },
                "east": {
                    "uv": [
                        8.71429,
                        12.28571,
                        8,
                        12.42857
                    ],
                    "texture": "#7"
                },
                "south": {
                    "uv": [
                        9.78571,
                        12.28571,
                        9.42857,
                        12.42857
                    ],
                    "texture": "#7"
                },
                "west": {
                    "uv": [
                        7.85714,
                        12.28571,
                        7.14286,
                        12.42857
                    ],
                    "texture": "#7"
                },
                "up": {
                    "uv": [
                        12,
                        12.71429,
                        12.35714,
                        12
                    ],
                    "texture": "#7"
                },
                "down": {
                    "uv": [
                        3.42857,
                        12.28571,
                        3.78571,
                        13
                    ],
                    "texture": "#7"
                }
            }
        },
        {
            "from": [
                7.392,
                7.9878,
                7.392
            ],
            "to": [
                8.608,
                12.8518,
                8.608
            ],
            "rotation": {
                "angle": 0,
                "axis": "y",
                "origin": [
                    8,
                    8.5274,
                    8
                ]
            },
            "faces": {
                "north": {
                    "uv": [
                        1.71429,
                        11.71429,
                        2.07143,
                        13.07143
                    ],
                    "texture": "#7"
                },
                "east": {
                    "uv": [
                        2.28571,
                        11.71429,
                        2.64286,
                        13.07143
                    ],
                    "texture": "#7"
                },
                "south": {
                    "uv": [
                        2.85714,
                        11.71429,
                        3.21429,
                        13.07143
                    ],
                    "texture": "#7"
                },
                "west": {
                    "uv": [
                        6,
                        11.71429,
                        6.35714,
                        13.07143
                    ],
                    "texture": "#7"
                },
                "up": {
                    "uv": [
                        4.35714,
                        12.64286,
                        4,
                        12.28571
                    ],
                    "texture": "#7"
                },
                "down": {
                    "uv": [
                        4.92857,
                        12.28571,
                        4.57143,
                        12.64286
                    ],
                    "texture": "#7"
                }
            }
        },
        {
            "from": [
                5.872,
                10.1766,
                7.4224
            ],
            "to": [
                10.128,
                11.3318,
                8.5776
            ],
            "rotation": {
                "angle": 0,
                "axis": "z",
                "origin": [
                    8,
                    8.5274,
                    8
                ]
            },
            "faces": {
                "north": {
                    "uv": [
                        11.71429,
                        5.71429,
                        12.92857,
                        6.07143
                    ],
                    "texture": "#7"
                },
                "east": {
                    "uv": [
                        5.14286,
                        12.28571,
                        5.5,
                        12.64286
                    ],
                    "texture": "#7"
                },
                "south": {
                    "uv": [
                        11.71429,
                        6.28571,
                        12.92857,
                        6.64286
                    ],
                    "texture": "#7"
                },
                "west": {
                    "uv": [
                        6.57143,
                        12.28571,
                        6.92857,
                        12.64286
                    ],
                    "texture": "#7"
                },
                "up": {
                    "uv": [
                        11.71429,
                        5.71429,
                        12.92857,
                        6.07143
                    ],
                    "texture": "#7"
                },
                "down": {
                    "uv": [
                        11.71429,
                        5.71429,
                        12.92857,
                        6.07143
                    ],
                    "texture": "#7"
                }
            }
        },
        {
            "from": [
                1.312,
                1.3078,
                3.744
            ],
            "to": [
                14.688,
                1.9158,
                12.256
            ],
            "rotation": {
                "angle": 0,
                "axis": "y",
                "origin": [
                    8,
                    8.5274,
                    8
                ]
            },
            "faces": {
                "north": {
                    "uv": [
                        11.71429,
                        4.57143,
                        15.57143,
                        4.71429
                    ],
                    "texture": "#7"
                },
                "east": {
                    "uv": [
                        9.42857,
                        12,
                        11.85714,
                        12.14286
                    ],
                    "texture": "#7"
                },
                "south": {
                    "uv": [
                        11.71429,
                        4.85714,
                        15.57143,
                        5
                    ],
                    "texture": "#7"
                },
                "west": {
                    "uv": [
                        12,
                        11.71429,
                        14.42857,
                        11.85714
                    ],
                    "texture": "#7"
                },
                "up": {
                    "uv": [
                        3.85714,
                        7.57143,
                        0,
                        5.14286
                    ],
                    "texture": "#7"
                },
                "down": {
                    "uv": [
                        7.85714,
                        5.14286,
                        4,
                        7.57143
                    ],
                    "texture": "#7"
                }
            }
        },
        {
            "from": [
                1.312,
                0.0918,
                3.744
            ],
            "to": [
                14.688,
                0.6998,
                12.256
            ],
            "rotation": {
                "angle": 0,
                "axis": "y",
                "origin": [
                    8,
                    8.5274,
                    8
                ]
            },
            "faces": {
                "north": {
                    "uv": [
                        11.71429,
                        4.57143,
                        15.57143,
                        4.71429
                    ],
                    "texture": "#7"
                },
                "east": {
                    "uv": [
                        9.42857,
                        12,
                        11.85714,
                        12.14286
                    ],
                    "texture": "#7"
                },
                "south": {
                    "uv": [
                        11.71429,
                        4.85714,
                        15.57143,
                        5
                    ],
                    "texture": "#7"
                },
                "west": {
                    "uv": [
                        12,
                        11.71429,
                        14.42857,
                        11.85714
                    ],
                    "texture": "#7"
                },
                "up": {
                    "uv": [
                        3.85714,
                        7.57143,
                        0,
                        5.14286
                    ],
                    "texture": "#7"
                },
                "down": {
                    "uv": [
                        7.85714,
                        5.14286,
                        4,
                        7.57143
                    ],
                    "texture": "#7"
                }
            }
        },
        {
            "from": [
                2.50378,
                3.60439,
                3.642
            ],
            "to": [
                13.84978,
                4.46239,
                12.358
            ],
            "rotation": {
                "angle": -45,
                "axis": "z",
                "origin": [
                    8.17678,
                    4.03339,
                    8
                ]
            },
            "faces": {
                "north": {
                    "uv": [
                        11.71429,
                        3.42857,
                        14.85714,
                        3.64286
                    ],
                    "texture": "#7"
                },
                "east": {
                    "uv": [
                        11.71429,
                        5.14286,
                        14.21429,
                        5.35714
                    ],
                    "texture": "#7"
                },
                "south": {
                    "uv": [
                        14.85714,
                        3.42857,
                        11.71429,
                        3.64286
                    ],
                    "texture": "#7"
                },
                "west": {
                    "uv": [
                        11.71429,
                        5.42857,
                        14.21429,
                        5.64286
                    ],
                    "texture": "#7"
                },
                "up": {
                    "uv": [
                        3.14286,
                        10.21429,
                        0,
                        7.71429
                    ],
                    "texture": "#7"
                },
                "down": {
                    "uv": [
                        3.14286,
                        7.71429,
                        0,
                        10.21429
                    ],
                    "texture": "#7"
                }
            }
        },
        {
            "from": [
                2.15022,
                3.60439,
                3.592
            ],
            "to": [
                13.49622,
                4.46239,
                12.408
            ],
            "rotation": {
                "angle": 45,
                "axis": "z",
                "origin": [
                    7.82322,
                    4.03339,
                    8
                ]
            },
            "faces": {
                "north": {
                    "uv": [
                        14.85714,
                        3.42857,
                        11.71429,
                        3.64286
                    ],
                    "texture": "#7"
                },
                "east": {
                    "uv": [
                        14.21429,
                        5.42857,
                        11.71429,
                        5.64286
                    ],
                    "texture": "#7"
                },
                "south": {
                    "uv": [
                        11.71429,
                        3.42857,
                        14.85714,
                        3.64286
                    ],
                    "texture": "#7"
                },
                "west": {
                    "uv": [
                        14.21429,
                        5.14286,
                        11.71429,
                        5.35714
                    ],
                    "texture": "#7"
                },
                "up": {
                    "uv": [
                        0,
                        10.21429,
                        3.14286,
                        7.71429
                    ],
                    "texture": "#7"
                },
                "down": {
                    "uv": [
                        0,
                        7.71429,
                        3.14286,
                        10.21429
                    ],
                    "texture": "#7"
                }
            }
        },
        {
            "from": [
                -4.20244,
                -1.341,
                9.69705
            ],
            "to": [
                3.79756,
                6.659,
                9.69705
            ],
            "rotation": {
                "angle": -45,
                "axis": "y",
                "origin": [
                    8,
                    8.5274,
                    8
                ]
            },
            "faces": {
                "north": {
                    "uv": [
                        0,
                        0,
                        16,
                        16
                    ],
                    "texture": "#6",
                    "cullface": "down"
                },
                "south": {
                    "uv": [
                        16,
                        0,
                        0,
                        16
                    ],
                    "texture": "#6",
                    "cullface": "down"
                }
            }
        },
        {
            "from": [
                -4.20244,
                -1.341,
                6.30295
            ],
            "to": [
                3.79756,
                6.659,
                6.30295
            ],
            "rotation": {
                "angle": 45,
                "axis": "y",
                "origin": [
                    8,
                    8.5274,
                    8
                ]
            },
            "faces": {
                "north": {
                    "uv": [
                        0,
                        0,
                        16,
                        16
                    ],
                    "texture": "#6",
                    "cullface": "down"
                },
                "south": {
                    "uv": [
                        16,
                        0,
                        0,
                        16
                    ],
                    "texture": "#6",
                    "cullface": "down"
                }
            }
        },
        {
            "from": [
                -0.5,
                0.909,
                8
            ],
            "to": [
                16.5,
                17.909,
                8
            ],
            "rotation": {
                "angle": 0,
                "axis": "y",
                "origin": [
                    8,
                    8.5274,
                    8
                ]
            },
            "faces": {
                "north": {
                    "uv": [
                        16,
                        0,
                        0,
                        16
                    ],
                    "texture": "#4",
                    "cullface": "down"
                },
                "south": {
                    "uv": [
                        0,
                        0,
                        16,
                        16
                    ],
                    "texture": "#4",
                    "cullface": "down"
                }
            }
        },
        {
            "from": [
                12.20244,
                -1.341,
                9.69705
            ],
            "to": [
                20.20244,
                6.659,
                9.69705
            ],
            "rotation": {
                "angle": 45,
                "axis": "y",
                "origin": [
                    8,
                    8.5274,
                    8
                ]
            },
            "faces": {
                "north": {
                    "uv": [
                        16,
                        0,
                        0,
                        16
                    ],
                    "texture": "#6",
                    "cullface": "down"
                },
                "south": {
                    "uv": [
                        0,
                        0,
                        16,
                        16
                    ],
                    "texture": "#6",
                    "cullface": "down"
                }
            }
        },
        {
            "from": [
                12.20244,
                -1.341,
                6.30295
            ],
            "to": [
                20.20244,
                6.659,
                6.30295
            ],
            "rotation": {
                "angle": -45,
                "axis": "y",
                "origin": [
                    8,
                    8.5274,
                    8
                ]
            },
            "faces": {
                "north": {
                    "uv": [
                        16,
                        0,
                        0,
                        16
                    ],
                    "texture": "#6",
                    "cullface": "down"
                },
                "south": {
                    "uv": [
                        0,
                        0,
                        16,
                        16
                    ],
                    "texture": "#6",
                    "cullface": "down"
                }
            }
        },
        {
            "from": [
                11.9298,
                12.4572,
                10.9
            ],
            "to": [
                13.7798,
                14.3072,
                12.1
            ],
            "rotation": {
                "angle": 45,
                "axis": "z",
                "origin": [
                    8,
                    8.5274,
                    8
                ]
            },
            "faces": {
                "north": {
                    "uv": [
                        7.88889,
                        8.88889,
                        7.11111,
                        9.66667
                    ],
                    "texture": "#2"
                },
                "east": {
                    "uv": [
                        7.55556,
                        10.66667,
                        8,
                        11.44444
                    ],
                    "texture": "#2"
                },
                "south": {
                    "uv": [
                        7.11111,
                        8.88889,
                        7.88889,
                        9.66667
                    ],
                    "texture": "#2"
                },
                "west": {
                    "uv": [
                        7.11111,
                        10.66667,
                        7.55556,
                        11.44444
                    ],
                    "texture": "#2"
                },
                "up": {
                    "uv": [
                        11.44444,
                        6.22222,
                        10.66667,
                        5.77778
                    ],
                    "rotation": 180,
                    "texture": "#2"
                },
                "down": {
                    "uv": [
                        11.44444,
                        8,
                        10.66667,
                        8.44444
                    ],
                    "rotation": 180,
                    "texture": "#2"
                }
            }
        },
        {
            "from": [
                7.075,
                14.46813,
                11
            ],
            "to": [
                8.925,
                16.31813,
                12
            ],
            "rotation": {
                "angle": 0,
                "axis": "y",
                "origin": [
                    8,
                    8.5274,
                    8
                ]
            },
            "faces": {
                "north": {
                    "uv": [
                        7.88889,
                        9.77778,
                        7.11111,
                        10.55556
                    ],
                    "texture": "#2"
                },
                "south": {
                    "uv": [
                        7.11111,
                        9.77778,
                        7.88889,
                        10.55556
                    ],
                    "texture": "#2"
                }
            }
        },
        {
            "from": [
                6.9,
                13.35627,
                10.961
            ],
            "to": [
                9.1,
                14.35627,
                12.039
            ],
            "rotation": {
                "angle": 0,
                "axis": "y",
                "origin": [
                    8,
                    8.5274,
                    8
                ]
            },
            "faces": {
                "north": {
                    "uv": [
                        9.77778,
                        7.11111,
                        10.77778,
                        7.55556
                    ],
                    "texture": "#2"
                },
                "south": {
                    "uv": [
                        9.77778,
                        7.11111,
                        10.77778,
                        7.55556
                    ],
                    "texture": "#2"
                },
                "up": {
                    "uv": [
                        9.88889,
                        10.22222,
                        8.88889,
                        9.77778
                    ],
                    "rotation": 180,
                    "texture": "#2"
                },
                "down": {
                    "uv": [
                        10.77778,
                        8.88889,
                        9.77778,
                        9.33333
                    ],
                    "rotation": 180,
                    "texture": "#2",
                    "cullface": "down"
                }
            }
        },
        {
            "from": [
                6.845,
                9.40627,
                10.961
            ],
            "to": [
                9.155,
                10.50627,
                12.039
            ],
            "rotation": {
                "angle": 0,
                "axis": "y",
                "origin": [
                    8,
                    8.5274,
                    8
                ]
            },
            "faces": {
                "north": {
                    "uv": [
                        10.77778,
                        9.33333,
                        9.77778,
                        9.77778
                    ],
                    "texture": "#2",
                    "cullface": "down"
                },
                "east": {
                    "uv": [
                        12.88889,
                        6.66667,
                        13.33333,
                        7.11111
                    ],
                    "texture": "#2",
                    "cullface": "down"
                },
                "south": {
                    "uv": [
                        9.77778,
                        9.33333,
                        10.77778,
                        9.77778
                    ],
                    "texture": "#2",
                    "cullface": "down"
                },
                "west": {
                    "uv": [
                        6.66667,
                        12.88889,
                        7.11111,
                        13.33333
                    ],
                    "texture": "#2",
                    "cullface": "down"
                },
                "up": {
                    "uv": [
                        11.22222,
                        4.44444,
                        10.22222,
                        4
                    ],
                    "rotation": 180,
                    "texture": "#2",
                    "cullface": "down"
                },
                "down": {
                    "uv": [
                        11.22222,
                        4.44444,
                        10.22222,
                        4.88889
                    ],
                    "rotation": 180,
                    "texture": "#2",
                    "cullface": "down"
                }
            }
        },
        {
            "from": [
                7.83743,
                10.02055,
                11.0875
            ],
            "to": [
                8.79993,
                11.80805,
                11.9125
            ],
            "rotation": {
                "angle": 45,
                "axis": "z",
                "origin": [
                    8,
                    8.5274,
                    8
                ]
            },
            "faces": {
                "north": {
                    "uv": [
                        12,
                        8,
                        11.55556,
                        8.77778
                    ],
                    "texture": "#2",
                    "cullface": "down"
                },
                "east": {
                    "uv": [
                        9.33333,
                        12.44444,
                        9.66667,
                        13.22222
                    ],
                    "texture": "#2",
                    "cullface": "down"
                },
                "south": {
                    "uv": [
                        11.55556,
                        8,
                        12,
                        8.77778
                    ],
                    "texture": "#2",
                    "cullface": "down"
                },
                "west": {
                    "uv": [
                        8.88889,
                        12.44444,
                        9.22222,
                        13.22222
                    ],
                    "texture": "#2",
                    "cullface": "down"
                },
                "down": {
                    "uv": [
                        13.77778,
                        13.33333,
                        13.33333,
                        13.66667
                    ],
                    "rotation": 180,
                    "texture": "#2",
                    "cullface": "down"
                }
            }
        },
        {
            "from": [
                7.69993,
                11.67055,
                10.8125
            ],
            "to": [
                8.93743,
                12.90805,
                12.1875
            ],
            "rotation": {
                "angle": 45,
                "axis": "z",
                "origin": [
                    8,
                    8.5274,
                    8
                ]
            },
            "faces": {
                "north": {
                    "uv": [
                        12.55556,
                        1.77778,
                        12,
                        2.33333
                    ],
                    "texture": "#2",
                    "cullface": "down"
                },
                "east": {
                    "uv": [
                        10.22222,
                        9.77778,
                        10.88889,
                        10.33333
                    ],
                    "texture": "#2",
                    "cullface": "down"
                },
                "south": {
                    "uv": [
                        12,
                        1.77778,
                        12.55556,
                        2.33333
                    ],
                    "texture": "#2",
                    "cullface": "down"
                },
                "west": {
                    "uv": [
                        10.22222,
                        6.22222,
                        10.88889,
                        6.77778
                    ],
                    "texture": "#2",
                    "cullface": "down"
                },
                "up": {
                    "uv": [
                        11.22222,
                        0.66667,
                        10.66667,
                        0
                    ],
                    "rotation": 180,
                    "texture": "#2",
                    "cullface": "down"
                },
                "down": {
                    "uv": [
                        11.22222,
                        0.88889,
                        10.66667,
                        1.55556
                    ],
                    "rotation": 180,
                    "texture": "#2",
                    "cullface": "down"
                }
            }
        },
        {
            "from": [
                4.1217,
                10.31721,
                10.95
            ],
            "to": [
                5.2217,
                11.96721,
                12.05
            ],
            "rotation": {
                "angle": -22.5,
                "axis": "z",
                "origin": [
                    8,
                    8.5274,
                    8
                ]
            },
            "faces": {
                "north": {
                    "uv": [
                        10.66667,
                        10.66667,
                        10.22222,
                        11.44444
                    ],
                    "texture": "#2",
                    "cullface": "down"
                },
                "east": {
                    "uv": [
                        11.11111,
                        2.66667,
                        11.55556,
                        3.44444
                    ],
                    "texture": "#2",
                    "cullface": "down"
                },
                "south": {
                    "uv": [
                        10.22222,
                        10.66667,
                        10.66667,
                        11.44444
                    ],
                    "texture": "#2",
                    "cullface": "down"
                },
                "west": {
                    "uv": [
                        10.66667,
                        10.66667,
                        11.11111,
                        11.44444
                    ],
                    "texture": "#2",
                    "cullface": "down"
                },
                "up": {
                    "uv": [
                        13.33333,
                        4,
                        12.88889,
                        3.55556
                    ],
                    "rotation": 180,
                    "texture": "#2",
                    "cullface": "down"
                }
            }
        },
        {
            "from": [
                3.10054,
                10.22122,
                10.9555
            ],
            "to": [
                4.20054,
                11.87122,
                12.0445
            ],
            "rotation": {
                "angle": -45,
                "axis": "z",
                "origin": [
                    8,
                    8.5274,
                    8
                ]
            },
            "faces": {
                "north": {
                    "uv": [
                        11.55556,
                        6.22222,
                        11.11111,
                        7
                    ],
                    "texture": "#2"
                },
                "east": {
                    "uv": [
                        11.11111,
                        9.33333,
                        11.55556,
                        10.11111
                    ],
                    "texture": "#2",
                    "cullface": "down"
                },
                "south": {
                    "uv": [
                        11.11111,
                        6.22222,
                        11.55556,
                        7
                    ],
                    "texture": "#2"
                },
                "west": {
                    "uv": [
                        11.11111,
                        7.11111,
                        11.55556,
                        7.88889
                    ],
                    "texture": "#2"
                },
                "up": {
                    "uv": [
                        5.77778,
                        13.33333,
                        5.33333,
                        12.88889
                    ],
                    "rotation": 180,
                    "texture": "#2"
                }
            }
        },
        {
            "from": [
                11.79946,
                10.22122,
                10.9555
            ],
            "to": [
                12.89946,
                11.87122,
                12.0445
            ],
            "rotation": {
                "angle": 45,
                "axis": "z",
                "origin": [
                    8,
                    8.5274,
                    8
                ]
            },
            "faces": {
                "north": {
                    "uv": [
                        11.11111,
                        6.22222,
                        11.55556,
                        7
                    ],
                    "texture": "#2"
                },
                "east": {
                    "uv": [
                        11.55556,
                        7.11111,
                        11.11111,
                        7.88889
                    ],
                    "texture": "#2"
                },
                "south": {
                    "uv": [
                        11.55556,
                        6.22222,
                        11.11111,
                        7
                    ],
                    "texture": "#2"
                },
                "west": {
                    "uv": [
                        11.55556,
                        9.33333,
                        11.11111,
                        10.11111
                    ],
                    "texture": "#2",
                    "cullface": "down"
                },
                "up": {
                    "uv": [
                        5.33333,
                        13.33333,
                        5.77778,
                        12.88889
                    ],
                    "rotation": 180,
                    "texture": "#2"
                }
            }
        },
        {
            "from": [
                10.7783,
                10.31721,
                10.95
            ],
            "to": [
                11.8783,
                11.96721,
                12.05
            ],
            "rotation": {
                "angle": 22.5,
                "axis": "z",
                "origin": [
                    8,
                    8.5274,
                    8
                ]
            },
            "faces": {
                "north": {
                    "uv": [
                        10.22222,
                        10.66667,
                        10.66667,
                        11.44444
                    ],
                    "texture": "#2",
                    "cullface": "down"
                },
                "east": {
                    "uv": [
                        11.11111,
                        10.66667,
                        10.66667,
                        11.44444
                    ],
                    "texture": "#2",
                    "cullface": "down"
                },
                "south": {
                    "uv": [
                        10.66667,
                        10.66667,
                        10.22222,
                        11.44444
                    ],
                    "texture": "#2",
                    "cullface": "down"
                },
                "west": {
                    "uv": [
                        11.55556,
                        2.66667,
                        11.11111,
                        3.44444
                    ],
                    "texture": "#2",
                    "cullface": "down"
                },
                "up": {
                    "uv": [
                        12.88889,
                        4,
                        13.33333,
                        3.55556
                    ],
                    "rotation": 180,
                    "texture": "#2",
                    "cullface": "down"
                }
            }
        },
        {
            "from": [
                7.06257,
                11.67055,
                10.8125
            ],
            "to": [
                8.30007,
                12.90805,
                12.1875
            ],
            "rotation": {
                "angle": -45,
                "axis": "z",
                "origin": [
                    8,
                    8.5274,
                    8
                ]
            },
            "faces": {
                "north": {
                    "uv": [
                        12,
                        1.77778,
                        12.55556,
                        2.33333
                    ],
                    "texture": "#2",
                    "cullface": "down"
                },
                "east": {
                    "uv": [
                        10.88889,
                        6.22222,
                        10.22222,
                        6.77778
                    ],
                    "texture": "#2",
                    "cullface": "down"
                },
                "south": {
                    "uv": [
                        12.55556,
                        1.77778,
                        12,
                        2.33333
                    ],
                    "texture": "#2",
                    "cullface": "down"
                },
                "west": {
                    "uv": [
                        10.88889,
                        9.77778,
                        10.22222,
                        10.33333
                    ],
                    "texture": "#2",
                    "cullface": "down"
                },
                "up": {
                    "uv": [
                        10.66667,
                        0.66667,
                        11.22222,
                        0
                    ],
                    "rotation": 180,
                    "texture": "#2",
                    "cullface": "down"
                },
                "down": {
                    "uv": [
                        10.66667,
                        0.88889,
                        11.22222,
                        1.55556
                    ],
                    "rotation": 180,
                    "texture": "#2",
                    "cullface": "down"
                }
            }
        },
        {
            "from": [
                7.20007,
                10.02055,
                11.0875
            ],
            "to": [
                8.16257,
                11.80805,
                11.9125
            ],
            "rotation": {
                "angle": -45,
                "axis": "z",
                "origin": [
                    8,
                    8.5274,
                    8
                ]
            },
            "faces": {
                "north": {
                    "uv": [
                        11.55556,
                        8,
                        12,
                        8.77778
                    ],
                    "texture": "#2",
                    "cullface": "down"
                },
                "east": {
                    "uv": [
                        9.22222,
                        12.44444,
                        8.88889,
                        13.22222
                    ],
                    "texture": "#2",
                    "cullface": "down"
                },
                "south": {
                    "uv": [
                        12,
                        8,
                        11.55556,
                        8.77778
                    ],
                    "texture": "#2",
                    "cullface": "down"
                },
                "west": {
                    "uv": [
                        9.66667,
                        12.44444,
                        9.33333,
                        13.22222
                    ],
                    "texture": "#2",
                    "cullface": "down"
                },
                "down": {
                    "uv": [
                        13.33333,
                        13.33333,
                        13.77778,
                        13.66667
                    ],
                    "rotation": 180,
                    "texture": "#2",
                    "cullface": "down"
                }
            }
        },
        {
            "from": [
                -0.5,
                4.909,
                11.45
            ],
            "to": [
                16.5,
                21.909,
                11.55
            ],
            "rotation": {
                "angle": 0,
                "axis": "y",
                "origin": [
                    8,
                    8.5274,
                    8
                ]
            },
            "faces": {
                "north": {
                    "uv": [
                        16,
                        0,
                        0,
                        16
                    ],
                    "texture": "#4",
                    "cullface": "down"
                },
                "south": {
                    "uv": [
                        0,
                        0,
                        16,
                        16
                    ],
                    "texture": "#4",
                    "cullface": "down"
                }
            }
        },
        {
            "from": [
                -0.5,
                6.20063,
                14.2954
            ],
            "to": [
                16.5,
                23.20063,
                14.3954
            ],
            "rotation": {
                "angle": -22.5,
                "axis": "x",
                "origin": [
                    8,
                    8.5274,
                    8
                ]
            },
            "faces": {
                "south": {
                    "uv": [
                        0,
                        0,
                        16,
                        16
                    ],
                    "texture": "#5",
                    "cullface": "down"
                }
            }
        },
        {
            "from": [
                -0.5,
                8.87941,
                8.07175
            ],
            "to": [
                16.5,
                25.87941,
                8.17175
            ],
            "rotation": {
                "angle": 22.5,
                "axis": "x",
                "origin": [
                    8,
                    8.5274,
                    8
                ]
            },
            "faces": {
                "north": {
                    "uv": [
                        16,
                        0,
                        0,
                        16
                    ],
                    "texture": "#5",
                    "cullface": "down"
                }
            }
        },
        {
            "from": [
                -0.5,
                0.47401,
                7.50339
            ],
            "to": [
                16.5,
                17.47401,
                7.60339
            ],
            "rotation": {
                "angle": 45,
                "axis": "x",
                "origin": [
                    8,
                    8.5274,
                    8
                ]
            },
            "faces": {
                "north": {
                    "uv": [
                        16,
                        0,
                        0,
                        16
                    ],
                    "texture": "#5",
                    "cullface": "down"
                }
            }
        },
        {
            "from": [
                4.80017,
                12.39863,
                11.4
            ],
            "to": [
                12.80017,
                20.39863,
                11.6
            ],
            "rotation": {
                "angle": 45,
                "axis": "z",
                "origin": [
                    8,
                    8.5274,
                    8
                ]
            },
            "faces": {
                "north": {
                    "uv": [
                        0,
                        0,
                        16,
                        16
                    ],
                    "texture": "#6",
                    "cullface": "down"
                },
                "south": {
                    "uv": [
                        16,
                        0,
                        0,
                        16
                    ],
                    "texture": "#6",
                    "cullface": "down"
                }
            }
        },
        {
            "from": [
                3.90694,
                11.69152,
                11.4
            ],
            "to": [
                11.90694,
                19.69152,
                11.6
            ],
            "rotation": {
                "angle": -45,
                "axis": "z",
                "origin": [
                    8,
                    8.5274,
                    8
                ]
            },
            "faces": {
                "north": {
                    "uv": [
                        16,
                        0,
                        0,
                        16
                    ],
                    "texture": "#6",
                    "cullface": "down"
                },
                "south": {
                    "uv": [
                        0,
                        0,
                        16,
                        16
                    ],
                    "texture": "#6",
                    "cullface": "down"
                }
            }
        },
        {
            "from": [
                6,
                9.909,
                11
            ],
            "to": [
                10,
                13.909,
                12
            ],
            "rotation": {
                "angle": 0,
                "axis": "y",
                "origin": [
                    8,
                    8.5274,
                    8
                ]
            },
            "faces": {
                "north": {
                    "uv": [
                        16,
                        0,
                        0,
                        16
                    ],
                    "texture": "#3",
                    "cullface": "down"
                },
                "south": {
                    "uv": [
                        0,
                        0,
                        16,
                        16
                    ],
                    "texture": "#3",
                    "cullface": "down"
                }
            }
        }
    ],
    "gui_light": "front",
    "display": {
        "thirdperson_righthand": {
            "rotation": [
                57.25,
                0,
                0
            ],
            "translation": [
                0,
                2.75,
                1
            ],
            "scale": [
                0.59,
                0.59,
                0.59
            ]
        },
        "thirdperson_lefthand": {
            "rotation": [
                57.25,
                0,
                0
            ],
            "translation": [
                0,
                2.75,
                1
            ],
            "scale": [
                0.59,
                0.59,
                0.59
            ]
        },
        "firstperson_righthand": {
            "translation": [
                1.25,
                2.75,
                0
            ],
            "scale": [
                0.59,
                0.59,
                0.59
            ]
        },
        "firstperson_lefthand": {
            "translation": [
                1.25,
                2.75,
                0
            ],
            "scale": [
                0.59,
                0.59,
                0.59
            ]
        },
        "ground": {
            "translation": [
                0,
                4.25,
                0
            ]
        },
        "gui": {
            "rotation": [
                -180,
                27.25,
                -180
            ],
            "scale": [
                0.66,
                0.66,
                0.66
            ]
        },
        "head": {
            "translation": [
                0,
                -18,
                -0.25
            ],
            "scale": [
                3,
                3,
                3
            ]
        },
        "fixed": {
            "rotation": [
                -90,
                0,
                0
            ],
            "translation": [
                0,
                0,
                -29.5
            ],
            "scale": [
                4,
                4,
                4
            ]
        }
    },
    "groups": [
        {
            "name": "chest",
            "origin": [
                8,
                3,
                8
            ],
            "color": 0,
            "nbt": "{}",
            "children": [
                0,
                1,
                2,
                3,
                4,
                5,
                6,
                7,
                8,
                9,
                10,
                11,
                {
                    "name": "group",
                    "origin": [
                        15,
                        2.659,
                        12.6
                    ],
                    "color": 0,
                    "nbt": "{}",
                    "children": [
                        12,
                        13,
                        14,
                        15,
                        16
                    ]
                },
                {
                    "name": "group",
                    "origin": [
                        8,
                        9.24373,
                        11.5
                    ],
                    "color": 0,
                    "nbt": "{}",
                    "children": [
                        17,
                        18,
                        19,
                        20,
                        21,
                        22,
                        23,
                        24,
                        25,
                        26,
                        27,
                        28,
                        {
                            "name": "group",
                            "origin": [
                                8,
                                -9.591,
                                -4
                            ],
                            "color": 0,
                            "nbt": "{}",
                            "children": [
                                29,
                                30,
                                31,
                                32,
                                33,
                                34,
                                35
                            ]
                        }
                    ]
                }
            ]
        }
    ]
}