{
    "credit": "Made with Blockbench",
    "textures": {
        "0": "draculaset:sword",
        "1": "draculaset:demon_eye",
        "2": "draculaset:paralyzed",
        "3": "draculaset:sleep",
        "4": "draculaset:smoke",
        "5": "draculaset:shield",
        "particle": "draculaset:sword"
    },
    "elements": [
        {
            "from": [
                7.95,
                3.091,
                -2.5
            ],
            "to": [
                8.05,
                20.091,
                14.5
            ],
            "rotation": {
                "angle": 0,
                "axis": "x",
                "origin": [
                    8,
                    11.591,
                    6
                ]
            },
            "faces": {
                "east": {
                    "uv": [
                        16,
                        16,
                        0,
                        0
                    ],
                    "rotation": 90,
                    "texture": "#2",
                    "cullface": "down"
                },
                "west": {
                    "uv": [
                        0,
                        16,
                        16,
                        0
                    ],
                    "rotation": 270,
                    "texture": "#2",
                    "cullface": "down"
                }
            }
        },
        {
            "from": [
                7.95,
                3.091,
                1.5
            ],
            "to": [
                8.05,
                20.091,
                18.5
            ],
            "rotation": {
                "angle": 0,
                "axis": "x",
                "origin": [
                    8,
                    11.591,
                    10
                ]
            },
            "faces": {
                "east": {
                    "uv": [
                        16,
                        0,
                        0,
                        16
                    ],
                    "rotation": 90,
                    "texture": "#2",
                    "cullface": "down"
                },
                "west": {
                    "uv": [
                        0,
                        0,
                        16,
                        16
                    ],
                    "rotation": 270,
                    "texture": "#2",
                    "cullface": "down"
                }
            }
        },
        {
            "from": [
                9.54503,
                2.10854,
                -0.5
            ],
            "to": [
                9.64503,
                19.10854,
                16.5
            ],
            "rotation": {
                "angle": -22.5,
                "axis": "z",
                "origin": [
                    8.25,
                    13.85575,
                    8.97214
                ]
            },
            "faces": {
                "east": {
                    "uv": [
                        16,
                        16,
                        0,
                        0
                    ],
                    "texture": "#3",
                    "cullface": "down"
                }
            }
        },
        {
            "from": [
                6.35497,
                2.10854,
                -0.5
            ],
            "to": [
                6.45497,
                19.10854,
                16.5
            ],
            "rotation": {
                "angle": 22.5,
                "axis": "z",
                "origin": [
                    7.75,
                    13.85575,
                    8.97214
                ]
            },
            "faces": {
                "west": {
                    "uv": [
                        0,
                        16,
                        16,
                        0
                    ],
                    "texture": "#3",
                    "cullface": "down"
                }
            }
        },
        {
            "from": [
                7.9,
                -0.659,
                0
            ],
            "to": [
                8.1,
                7.341,
                8
            ],
            "rotation": {
                "angle": -22.5,
                "axis": "x",
                "origin": [
                    8,
                    3.341,
                    4
                ]
            },
            "faces": {
                "east": {
                    "uv": [
                        16,
                        0,
                        0,
                        16
                    ],
                    "texture": "#4",
                    "cullface": "down"
                },
                "west": {
                    "uv": [
                        0,
                        0,
                        16,
                        16
                    ],
                    "texture": "#4",
                    "cullface": "down"
                }
            }
        },
        {
            "from": [
                7.9,
                -0.659,
                8
            ],
            "to": [
                8.1,
                7.341,
                16
            ],
            "rotation": {
                "angle": 22.5,
                "axis": "x",
                "origin": [
                    8,
                    3.341,
                    12
                ]
            },
            "faces": {
                "east": {
                    "uv": [
                        0,
                        0,
                        16,
                        16
                    ],
                    "texture": "#4",
                    "cullface": "down"
                },
                "west": {
                    "uv": [
                        16,
                        0,
                        0,
                        16
                    ],
                    "texture": "#4",
                    "cullface": "down"
                }
            }
        },
        {
            "from": [
                7.5,
                4.091,
                6
            ],
            "to": [
                7.5,
                8.091,
                10
            ],
            "rotation": {
                "angle": 0,
                "axis": "y",
                "origin": [
                    7.5,
                    3.85575,
                    8.97214
                ]
            },
            "faces": {
                "east": {
                    "uv": [
                        16,
                        16,
                        0,
                        0
                    ],
                    "texture": "#1",
                    "cullface": "down"
                },
                "west": {
                    "uv": [
                        0,
                        16,
                        16,
                        0
                    ],
                    "texture": "#1",
                    "cullface": "down"
                }
            }
        },
        {
            "from": [
                7.45,
                -1.53114,
                4.57193
            ],
            "to": [
                8.55,
                -0.23114,
                5.87193
            ],
            "rotation": {
                "angle": -45,
                "axis": "x",
                "origin": [
                    8,
                    1.49425,
                    8.97214
                ]
            },
            "faces": {
                "north": {
                    "uv": [
                        13.33333,
                        2.22222,
                        12.88889,
                        2.66667
                    ],
                    "rotation": 180,
                    "texture": "#0",
                    "cullface": "down"
                },
                "east": {
                    "uv": [
                        11.11111,
                        8.44444,
                        10.66667,
                        8.88889
                    ],
                    "rotation": 180,
                    "texture": "#0",
                    "cullface": "down"
                },
                "south": {
                    "uv": [
                        13.33333,
                        1.33333,
                        12.88889,
                        1.77778
                    ],
                    "rotation": 180,
                    "texture": "#0",
                    "cullface": "down"
                },
                "west": {
                    "uv": [
                        10.66667,
                        8.44444,
                        11.11111,
                        8.88889
                    ],
                    "rotation": 180,
                    "texture": "#0",
                    "cullface": "down"
                },
                "up": {
                    "uv": [
                        12.88889,
                        3.11111,
                        13.33333,
                        3.55556
                    ],
                    "rotation": 270,
                    "texture": "#0",
                    "cullface": "down"
                },
                "down": {
                    "uv": [
                        12.88889,
                        3.11111,
                        13.33333,
                        2.66667
                    ],
                    "rotation": 90,
                    "texture": "#0",
                    "cullface": "down"
                }
            }
        },
        {
            "from": [
                7.45,
                7.08114,
                1.82193
            ],
            "to": [
                8.55,
                8.38114,
                3.12193
            ],
            "rotation": {
                "angle": 45,
                "axis": "x",
                "origin": [
                    8,
                    5.35575,
                    6.22214
                ]
            },
            "faces": {
                "north": {
                    "uv": [
                        13.33333,
                        2.66667,
                        12.88889,
                        2.22222
                    ],
                    "rotation": 180,
                    "texture": "#0",
                    "cullface": "down"
                },
                "east": {
                    "uv": [
                        11.11111,
                        8.88889,
                        10.66667,
                        8.44444
                    ],
                    "rotation": 180,
                    "texture": "#0",
                    "cullface": "down"
                },
                "south": {
                    "uv": [
                        13.33333,
                        1.77778,
                        12.88889,
                        1.33333
                    ],
                    "rotation": 180,
                    "texture": "#0",
                    "cullface": "down"
                },
                "west": {
                    "uv": [
                        10.66667,
                        8.88889,
                        11.11111,
                        8.44444
                    ],
                    "rotation": 180,
                    "texture": "#0",
                    "cullface": "down"
                },
                "up": {
                    "uv": [
                        13.33333,
                        3.11111,
                        12.88889,
                        2.66667
                    ],
                    "rotation": 90,
                    "texture": "#0",
                    "cullface": "down"
                },
                "down": {
                    "uv": [
                        13.33333,
                        3.11111,
                        12.88889,
                        3.55556
                    ],
                    "rotation": 270,
                    "texture": "#0",
                    "cullface": "down"
                }
            }
        },
        {
            "from": [
                7.45,
                7.08114,
                12.87807
            ],
            "to": [
                8.55,
                8.38114,
                14.17807
            ],
            "rotation": {
                "angle": -45,
                "axis": "x",
                "origin": [
                    8,
                    5.35575,
                    9.77786
                ]
            },
            "faces": {
                "north": {
                    "uv": [
                        12.88889,
                        1.77778,
                        13.33333,
                        1.33333
                    ],
                    "rotation": 180,
                    "texture": "#0",
                    "cullface": "down"
                },
                "east": {
                    "uv": [
                        10.66667,
                        8.88889,
                        11.11111,
                        8.44444
                    ],
                    "rotation": 180,
                    "texture": "#0",
                    "cullface": "down"
                },
                "south": {
                    "uv": [
                        12.88889,
                        2.66667,
                        13.33333,
                        2.22222
                    ],
                    "rotation": 180,
                    "texture": "#0",
                    "cullface": "down"
                },
                "west": {
                    "uv": [
                        11.11111,
                        8.88889,
                        10.66667,
                        8.44444
                    ],
                    "rotation": 180,
                    "texture": "#0",
                    "cullface": "down"
                },
                "up": {
                    "uv": [
                        12.88889,
                        3.11111,
                        13.33333,
                        2.66667
                    ],
                    "rotation": 90,
                    "texture": "#0",
                    "cullface": "down"
                },
                "down": {
                    "uv": [
                        12.88889,
                        3.11111,
                        13.33333,
                        3.55556
                    ],
                    "rotation": 270,
                    "texture": "#0",
                    "cullface": "down"
                }
            }
        },
        {
            "from": [
                7.3,
                11.36027,
                8.24281
            ],
            "to": [
                8.7,
                13.21027,
                10.09281
            ],
            "rotation": {
                "angle": 45,
                "axis": "x",
                "origin": [
                    8,
                    13.85575,
                    8.97213
                ]
            },
            "faces": {
                "north": {
                    "uv": [
                        7.55556,
                        11.44444,
                        7.11111,
                        10.66667
                    ],
                    "texture": "#0"
                },
                "east": {
                    "uv": [
                        7.88889,
                        9.66667,
                        7.11111,
                        8.88889
                    ],
                    "texture": "#0"
                },
                "south": {
                    "uv": [
                        8,
                        11.44444,
                        7.55556,
                        10.66667
                    ],
                    "texture": "#0"
                },
                "west": {
                    "uv": [
                        7.11111,
                        9.66667,
                        7.88889,
                        8.88889
                    ],
                    "texture": "#0"
                },
                "up": {
                    "uv": [
                        11.44444,
                        8,
                        10.66667,
                        8.44444
                    ],
                    "rotation": 270,
                    "texture": "#0"
                },
                "down": {
                    "uv": [
                        11.44444,
                        6.22222,
                        10.66667,
                        5.77778
                    ],
                    "rotation": 90,
                    "texture": "#0"
                }
            }
        },
        {
            "from": [
                7.4,
                11.68188,
                7.075
            ],
            "to": [
                8.6,
                13.53188,
                8.925
            ],
            "rotation": {
                "angle": 0,
                "axis": "y",
                "origin": [
                    8,
                    13.85575,
                    8.97213
                ]
            },
            "faces": {
                "east": {
                    "uv": [
                        7.11111,
                        9.77778,
                        7.88889,
                        10.55556
                    ],
                    "rotation": 90,
                    "texture": "#0"
                },
                "west": {
                    "uv": [
                        7.88889,
                        9.77778,
                        7.11111,
                        10.55556
                    ],
                    "rotation": 270,
                    "texture": "#0"
                }
            }
        },
        {
            "from": [
                7.6,
                -5.78242,
                8.26779
            ],
            "to": [
                8.4,
                -4.13242,
                9.36779
            ],
            "rotation": {
                "angle": 45,
                "axis": "x",
                "origin": [
                    8,
                    -3.25575,
                    11.97214
                ]
            },
            "faces": {
                "north": {
                    "uv": [
                        10.55556,
                        12,
                        10.22222,
                        12.77778
                    ],
                    "texture": "#0"
                },
                "east": {
                    "uv": [
                        12,
                        0.88889,
                        11.55556,
                        1.66667
                    ],
                    "texture": "#0"
                },
                "south": {
                    "uv": [
                        12.33333,
                        12,
                        12,
                        12.77778
                    ],
                    "texture": "#0"
                },
                "west": {
                    "uv": [
                        11.55556,
                        0.88889,
                        12,
                        1.66667
                    ],
                    "texture": "#0"
                },
                "up": {
                    "uv": [
                        13.33333,
                        9.66667,
                        13.77778,
                        9.33333
                    ],
                    "rotation": 90,
                    "texture": "#0"
                },
                "down": {
                    "uv": [
                        9.77778,
                        13.33333,
                        10.22222,
                        13.66667
                    ],
                    "rotation": 270,
                    "texture": "#0"
                }
            }
        },
        {
            "from": [
                7.61,
                7.85404,
                11.03372
            ],
            "to": [
                8.39,
                9.50404,
                11.93372
            ],
            "rotation": {
                "angle": 22.5,
                "axis": "x",
                "origin": [
                    8,
                    9.85575,
                    9.97214
                ]
            },
            "faces": {
                "north": {
                    "uv": [
                        12.44444,
                        4.33333,
                        12.77778,
                        3.55556
                    ],
                    "texture": "#0"
                },
                "east": {
                    "uv": [
                        11.55556,
                        3.44444,
                        12,
                        2.66667
                    ],
                    "texture": "#0"
                },
                "south": {
                    "uv": [
                        12.44444,
                        0.77778,
                        12.77778,
                        0
                    ],
                    "texture": "#0"
                },
                "west": {
                    "uv": [
                        12,
                        3.44444,
                        11.55556,
                        2.66667
                    ],
                    "texture": "#0"
                },
                "down": {
                    "uv": [
                        13.33333,
                        10.55556,
                        13.77778,
                        10.22222
                    ],
                    "rotation": 90,
                    "texture": "#0"
                }
            }
        },
        {
            "from": [
                7.661,
                0.64373,
                10.1
            ],
            "to": [
                8.339,
                9.24373,
                11.05
            ],
            "rotation": {
                "angle": 0,
                "axis": "y",
                "origin": [
                    8,
                    9.85575,
                    9.97214
                ]
            },
            "faces": {
                "north": {
                    "uv": [
                        6.66667,
                        12.66667,
                        7,
                        8.88889
                    ],
                    "texture": "#0"
                },
                "east": {
                    "uv": [
                        5.33333,
                        12.66667,
                        5.77778,
                        8.88889
                    ],
                    "texture": "#0"
                },
                "south": {
                    "uv": [
                        6.22222,
                        12.66667,
                        6.55556,
                        8.88889
                    ],
                    "texture": "#0"
                },
                "west": {
                    "uv": [
                        5.77778,
                        12.66667,
                        5.33333,
                        8.88889
                    ],
                    "texture": "#0"
                }
            }
        },
        {
            "from": [
                7.6,
                3.06436,
                16.22213
            ],
            "to": [
                8.4,
                4.71436,
                17.32213
            ],
            "rotation": {
                "angle": 45,
                "axis": "x",
                "origin": [
                    8,
                    9.85575,
                    9.97214
                ]
            },
            "faces": {
                "north": {
                    "uv": [
                        12.44444,
                        7.88889,
                        12.77778,
                        7.11111
                    ],
                    "texture": "#0"
                },
                "east": {
                    "uv": [
                        11.55556,
                        7,
                        12,
                        6.22222
                    ],
                    "texture": "#0"
                },
                "south": {
                    "uv": [
                        7.11111,
                        13.22222,
                        7.44444,
                        12.44444
                    ],
                    "texture": "#0"
                },
                "west": {
                    "uv": [
                        12,
                        7,
                        11.55556,
                        6.22222
                    ],
                    "texture": "#0"
                },
                "up": {
                    "uv": [
                        12,
                        13.33333,
                        12.44444,
                        13.66667
                    ],
                    "rotation": 270,
                    "texture": "#0"
                },
                "down": {
                    "uv": [
                        13.33333,
                        11.88889,
                        13.77778,
                        11.55556
                    ],
                    "rotation": 90,
                    "texture": "#0"
                }
            }
        },
        {
            "from": [
                7.593,
                7.76074,
                9.94252
            ],
            "to": [
                8.407,
                8.61074,
                11.09252
            ],
            "rotation": {
                "angle": -45,
                "axis": "x",
                "origin": [
                    8,
                    9.85575,
                    9.97214
                ]
            },
            "faces": {
                "east": {
                    "uv": [
                        12.88889,
                        10.11111,
                        13.44444,
                        9.77778
                    ],
                    "texture": "#0",
                    "cullface": "down"
                },
                "south": {
                    "uv": [
                        13.77778,
                        3.88889,
                        14.11111,
                        3.55556
                    ],
                    "texture": "#0",
                    "cullface": "down"
                },
                "west": {
                    "uv": [
                        13.44444,
                        10.11111,
                        12.88889,
                        9.77778
                    ],
                    "texture": "#0",
                    "cullface": "down"
                },
                "up": {
                    "uv": [
                        13.33333,
                        1.33333,
                        13.88889,
                        1.66667
                    ],
                    "rotation": 270,
                    "texture": "#0",
                    "cullface": "down"
                },
                "down": {
                    "uv": [
                        12.88889,
                        13.22222,
                        13.44444,
                        12.88889
                    ],
                    "rotation": 90,
                    "texture": "#0",
                    "cullface": "down"
                }
            }
        },
        {
            "from": [
                7.5985,
                8.28426,
                11.48368
            ],
            "to": [
                8.4015,
                9.13426,
                12.63368
            ],
            "rotation": {
                "angle": -22.5,
                "axis": "x",
                "origin": [
                    8,
                    9.85575,
                    9.97214
                ]
            },
            "faces": {
                "east": {
                    "uv": [
                        12.88889,
                        9.44444,
                        13.22222,
                        8.88889
                    ],
                    "rotation": 90,
                    "texture": "#0",
                    "cullface": "down"
                },
                "south": {
                    "uv": [
                        3.44444,
                        13.77778,
                        3.11111,
                        14.11111
                    ],
                    "rotation": 270,
                    "texture": "#0",
                    "cullface": "down"
                },
                "west": {
                    "uv": [
                        13.22222,
                        9.44444,
                        12.88889,
                        8.88889
                    ],
                    "rotation": 270,
                    "texture": "#0",
                    "cullface": "down"
                },
                "up": {
                    "uv": [
                        10.55556,
                        12.88889,
                        10.22222,
                        13.44444
                    ],
                    "rotation": 180,
                    "texture": "#0",
                    "cullface": "down"
                },
                "down": {
                    "uv": [
                        13.22222,
                        10.66667,
                        12.88889,
                        11.22222
                    ],
                    "texture": "#0",
                    "cullface": "down"
                }
            }
        },
        {
            "from": [
                7.6,
                10.62653,
                12.36535
            ],
            "to": [
                8.4,
                14.02653,
                12.96535
            ],
            "rotation": {
                "angle": 22.5,
                "axis": "x",
                "origin": [
                    8,
                    9.85575,
                    9.97214
                ]
            },
            "faces": {
                "north": {
                    "uv": [
                        10.44444,
                        8.77778,
                        8.88889,
                        8.44444
                    ],
                    "rotation": 270,
                    "texture": "#0",
                    "cullface": "down"
                },
                "east": {
                    "uv": [
                        11.55556,
                        4.66667,
                        13.11111,
                        4.44444
                    ],
                    "rotation": 90,
                    "texture": "#0",
                    "cullface": "down"
                },
                "south": {
                    "uv": [
                        10.44444,
                        8,
                        8.88889,
                        8.33333
                    ],
                    "rotation": 270,
                    "texture": "#0",
                    "cullface": "down"
                },
                "west": {
                    "uv": [
                        13.11111,
                        4.66667,
                        11.55556,
                        4.44444
                    ],
                    "rotation": 270,
                    "texture": "#0",
                    "cullface": "down"
                },
                "up": {
                    "uv": [
                        14.11111,
                        4.88889,
                        13.77778,
                        5.11111
                    ],
                    "rotation": 180,
                    "texture": "#0",
                    "cullface": "down"
                }
            }
        },
        {
            "from": [
                7.65,
                8.37347,
                11.85764
            ],
            "to": [
                8.35,
                10.52347,
                12.45764
            ],
            "rotation": {
                "angle": -22.5,
                "axis": "x",
                "origin": [
                    8,
                    9.85575,
                    9.97214
                ]
            },
            "faces": {
                "north": {
                    "uv": [
                        10.33333,
                        11.88889,
                        9.33333,
                        11.55556
                    ],
                    "rotation": 270,
                    "texture": "#0",
                    "cullface": "down"
                },
                "east": {
                    "uv": [
                        12.88889,
                        0.66667,
                        13.88889,
                        0.44444
                    ],
                    "rotation": 90,
                    "texture": "#0",
                    "cullface": "down"
                },
                "south": {
                    "uv": [
                        12.55556,
                        8.88889,
                        11.55556,
                        9.22222
                    ],
                    "rotation": 270,
                    "texture": "#0",
                    "cullface": "down"
                },
                "west": {
                    "uv": [
                        13.88889,
                        0.66667,
                        12.88889,
                        0.44444
                    ],
                    "rotation": 270,
                    "texture": "#0",
                    "cullface": "down"
                },
                "up": {
                    "uv": [
                        6.11111,
                        13.77778,
                        5.77778,
                        14
                    ],
                    "rotation": 180,
                    "texture": "#0",
                    "cullface": "down"
                }
            }
        },
        {
            "from": [
                8,
                8.62653,
                9.36535
            ],
            "to": [
                8,
                14.02653,
                12.96535
            ],
            "rotation": {
                "angle": 22.5,
                "axis": "x",
                "origin": [
                    8,
                    9.85575,
                    9.97214
                ]
            },
            "faces": {
                "east": {
                    "uv": [
                        8,
                        1.55556,
                        10.44444,
                        0
                    ],
                    "rotation": 90,
                    "texture": "#0",
                    "cullface": "down"
                },
                "west": {
                    "uv": [
                        10.44444,
                        3.33333,
                        8,
                        1.77778
                    ],
                    "rotation": 270,
                    "texture": "#0",
                    "cullface": "down"
                }
            }
        },
        {
            "from": [
                7.7,
                11.97725,
                9.34517
            ],
            "to": [
                8.3,
                13.62725,
                10.44517
            ],
            "rotation": {
                "angle": -22.5,
                "axis": "x",
                "origin": [
                    8,
                    9.85575,
                    11.97214
                ]
            },
            "faces": {
                "north": {
                    "uv": [
                        11.11111,
                        11.44444,
                        10.66667,
                        10.66667
                    ],
                    "texture": "#0",
                    "cullface": "down"
                },
                "east": {
                    "uv": [
                        10.66667,
                        11.44444,
                        10.22222,
                        10.66667
                    ],
                    "texture": "#0",
                    "cullface": "down"
                },
                "south": {
                    "uv": [
                        11.55556,
                        3.44444,
                        11.11111,
                        2.66667
                    ],
                    "texture": "#0",
                    "cullface": "down"
                },
                "west": {
                    "uv": [
                        10.22222,
                        11.44444,
                        10.66667,
                        10.66667
                    ],
                    "texture": "#0",
                    "cullface": "down"
                },
                "down": {
                    "uv": [
                        13.33333,
                        4,
                        12.88889,
                        3.55556
                    ],
                    "rotation": 90,
                    "texture": "#0",
                    "cullface": "down"
                }
            }
        },
        {
            "from": [
                7.7055,
                11.17105,
                10.35699
            ],
            "to": [
                8.2945,
                12.82105,
                11.45699
            ],
            "rotation": {
                "angle": -45,
                "axis": "x",
                "origin": [
                    8,
                    9.85575,
                    11.97214
                ]
            },
            "faces": {
                "north": {
                    "uv": [
                        11.55556,
                        7.88889,
                        11.11111,
                        7.11111
                    ],
                    "texture": "#0"
                },
                "east": {
                    "uv": [
                        11.55556,
                        7,
                        11.11111,
                        6.22222
                    ],
                    "texture": "#0"
                },
                "south": {
                    "uv": [
                        11.55556,
                        10.11111,
                        11.11111,
                        9.33333
                    ],
                    "texture": "#0",
                    "cullface": "down"
                },
                "west": {
                    "uv": [
                        11.11111,
                        7,
                        11.55556,
                        6.22222
                    ],
                    "texture": "#0"
                },
                "down": {
                    "uv": [
                        5.77778,
                        13.33333,
                        5.33333,
                        12.88889
                    ],
                    "rotation": 90,
                    "texture": "#0"
                }
            }
        },
        {
            "from": [
                7.61,
                7.85404,
                4.06628
            ],
            "to": [
                8.39,
                9.50404,
                4.96628
            ],
            "rotation": {
                "angle": -22.5,
                "axis": "x",
                "origin": [
                    8,
                    9.85575,
                    6.02786
                ]
            },
            "faces": {
                "north": {
                    "uv": [
                        12.77778,
                        0.77778,
                        12.44444,
                        0
                    ],
                    "texture": "#0"
                },
                "east": {
                    "uv": [
                        12,
                        3.44444,
                        11.55556,
                        2.66667
                    ],
                    "texture": "#0"
                },
                "south": {
                    "uv": [
                        12.77778,
                        4.33333,
                        12.44444,
                        3.55556
                    ],
                    "texture": "#0"
                },
                "west": {
                    "uv": [
                        11.55556,
                        3.44444,
                        12,
                        2.66667
                    ],
                    "texture": "#0"
                },
                "down": {
                    "uv": [
                        13.77778,
                        10.55556,
                        13.33333,
                        10.22222
                    ],
                    "rotation": 90,
                    "texture": "#0"
                }
            }
        },
        {
            "from": [
                7.661,
                0.64373,
                4.95
            ],
            "to": [
                8.339,
                9.24373,
                5.9
            ],
            "rotation": {
                "angle": 0,
                "axis": "y",
                "origin": [
                    8,
                    9.85575,
                    6.02786
                ]
            },
            "faces": {
                "north": {
                    "uv": [
                        6.55556,
                        12.66667,
                        6.22222,
                        8.88889
                    ],
                    "texture": "#0"
                },
                "east": {
                    "uv": [
                        5.77778,
                        12.66667,
                        5.33333,
                        8.88889
                    ],
                    "texture": "#0"
                },
                "south": {
                    "uv": [
                        7,
                        12.66667,
                        6.66667,
                        8.88889
                    ],
                    "texture": "#0"
                },
                "west": {
                    "uv": [
                        5.33333,
                        12.66667,
                        5.77778,
                        8.88889
                    ],
                    "texture": "#0"
                }
            }
        },
        {
            "from": [
                7.6,
                3.06436,
                -1.32213
            ],
            "to": [
                8.4,
                4.71436,
                -0.22213
            ],
            "rotation": {
                "angle": -45,
                "axis": "x",
                "origin": [
                    8,
                    9.85575,
                    6.02786
                ]
            },
            "faces": {
                "north": {
                    "uv": [
                        7.44444,
                        13.22222,
                        7.11111,
                        12.44444
                    ],
                    "texture": "#0"
                },
                "east": {
                    "uv": [
                        12,
                        7,
                        11.55556,
                        6.22222
                    ],
                    "texture": "#0"
                },
                "south": {
                    "uv": [
                        12.77778,
                        7.88889,
                        12.44444,
                        7.11111
                    ],
                    "texture": "#0"
                },
                "west": {
                    "uv": [
                        11.55556,
                        7,
                        12,
                        6.22222
                    ],
                    "texture": "#0"
                },
                "up": {
                    "uv": [
                        12.44444,
                        13.33333,
                        12,
                        13.66667
                    ],
                    "rotation": 270,
                    "texture": "#0"
                },
                "down": {
                    "uv": [
                        13.77778,
                        11.88889,
                        13.33333,
                        11.55556
                    ],
                    "rotation": 90,
                    "texture": "#0"
                }
            }
        },
        {
            "from": [
                7.61,
                -0.44841,
                1.98053
            ],
            "to": [
                8.39,
                1.20159,
                3.08053
            ],
            "rotation": {
                "angle": -22.5,
                "axis": "x",
                "origin": [
                    8,
                    9.28875,
                    6.17208
                ]
            },
            "faces": {
                "north": {
                    "uv": [
                        7.88889,
                        13.22222,
                        7.55556,
                        12.44444
                    ],
                    "texture": "#0"
                },
                "east": {
                    "uv": [
                        12,
                        7.88889,
                        11.55556,
                        7.11111
                    ],
                    "texture": "#0"
                },
                "south": {
                    "uv": [
                        12.77778,
                        8.77778,
                        12.44444,
                        8
                    ],
                    "texture": "#0"
                },
                "west": {
                    "uv": [
                        11.55556,
                        7.88889,
                        12,
                        7.11111
                    ],
                    "texture": "#0"
                },
                "up": {
                    "uv": [
                        12.88889,
                        13.33333,
                        12.44444,
                        13.66667
                    ],
                    "rotation": 270,
                    "texture": "#0"
                },
                "down": {
                    "uv": [
                        13.77778,
                        12.33333,
                        13.33333,
                        12
                    ],
                    "rotation": 90,
                    "texture": "#0"
                }
            }
        },
        {
            "from": [
                7.61,
                -0.44841,
                12.91947
            ],
            "to": [
                8.39,
                1.20159,
                14.01947
            ],
            "rotation": {
                "angle": 22.5,
                "axis": "x",
                "origin": [
                    8,
                    9.28875,
                    9.82792
                ]
            },
            "faces": {
                "north": {
                    "uv": [
                        12.44444,
                        8.77778,
                        12.77778,
                        8
                    ],
                    "texture": "#0"
                },
                "east": {
                    "uv": [
                        11.55556,
                        7.88889,
                        12,
                        7.11111
                    ],
                    "texture": "#0"
                },
                "south": {
                    "uv": [
                        7.55556,
                        13.22222,
                        7.88889,
                        12.44444
                    ],
                    "texture": "#0"
                },
                "west": {
                    "uv": [
                        12,
                        7.88889,
                        11.55556,
                        7.11111
                    ],
                    "texture": "#0"
                },
                "up": {
                    "uv": [
                        12.44444,
                        13.33333,
                        12.88889,
                        13.66667
                    ],
                    "rotation": 270,
                    "texture": "#0"
                },
                "down": {
                    "uv": [
                        13.33333,
                        12.33333,
                        13.77778,
                        12
                    ],
                    "rotation": 90,
                    "texture": "#0"
                }
            }
        },
        {
            "from": [
                7.593,
                7.76074,
                4.90748
            ],
            "to": [
                8.407,
                8.61074,
                6.05748
            ],
            "rotation": {
                "angle": 45,
                "axis": "x",
                "origin": [
                    8,
                    9.85575,
                    6.02786
                ]
            },
            "faces": {
                "north": {
                    "uv": [
                        14.11111,
                        3.88889,
                        13.77778,
                        3.55556
                    ],
                    "texture": "#0",
                    "cullface": "down"
                },
                "east": {
                    "uv": [
                        13.44444,
                        10.11111,
                        12.88889,
                        9.77778
                    ],
                    "texture": "#0",
                    "cullface": "down"
                },
                "west": {
                    "uv": [
                        12.88889,
                        10.11111,
                        13.44444,
                        9.77778
                    ],
                    "texture": "#0",
                    "cullface": "down"
                },
                "up": {
                    "uv": [
                        13.88889,
                        1.33333,
                        13.33333,
                        1.66667
                    ],
                    "rotation": 270,
                    "texture": "#0",
                    "cullface": "down"
                },
                "down": {
                    "uv": [
                        13.44444,
                        13.22222,
                        12.88889,
                        12.88889
                    ],
                    "rotation": 90,
                    "texture": "#0",
                    "cullface": "down"
                }
            }
        },
        {
            "from": [
                7.5985,
                8.28426,
                3.36632
            ],
            "to": [
                8.4015,
                9.13426,
                4.51632
            ],
            "rotation": {
                "angle": 22.5,
                "axis": "x",
                "origin": [
                    8,
                    9.85575,
                    6.02786
                ]
            },
            "faces": {
                "north": {
                    "uv": [
                        3.44444,
                        14.11111,
                        3.11111,
                        13.77778
                    ],
                    "rotation": 270,
                    "texture": "#0",
                    "cullface": "down"
                },
                "east": {
                    "uv": [
                        12.88889,
                        8.88889,
                        13.22222,
                        9.44444
                    ],
                    "rotation": 90,
                    "texture": "#0",
                    "cullface": "down"
                },
                "west": {
                    "uv": [
                        13.22222,
                        8.88889,
                        12.88889,
                        9.44444
                    ],
                    "rotation": 270,
                    "texture": "#0",
                    "cullface": "down"
                },
                "up": {
                    "uv": [
                        10.55556,
                        13.44444,
                        10.22222,
                        12.88889
                    ],
                    "rotation": 180,
                    "texture": "#0",
                    "cullface": "down"
                },
                "down": {
                    "uv": [
                        13.22222,
                        11.22222,
                        12.88889,
                        10.66667
                    ],
                    "texture": "#0",
                    "cullface": "down"
                }
            }
        },
        {
            "from": [
                7.6,
                10.62653,
                3.03465
            ],
            "to": [
                8.4,
                14.02653,
                3.63465
            ],
            "rotation": {
                "angle": -22.5,
                "axis": "x",
                "origin": [
                    8,
                    9.85575,
                    6.02786
                ]
            },
            "faces": {
                "north": {
                    "uv": [
                        10.44444,
                        8.33333,
                        8.88889,
                        8
                    ],
                    "rotation": 270,
                    "texture": "#0",
                    "cullface": "down"
                },
                "east": {
                    "uv": [
                        11.55556,
                        4.44444,
                        13.11111,
                        4.66667
                    ],
                    "rotation": 90,
                    "texture": "#0",
                    "cullface": "down"
                },
                "south": {
                    "uv": [
                        10.44444,
                        8.44444,
                        8.88889,
                        8.77778
                    ],
                    "rotation": 270,
                    "texture": "#0",
                    "cullface": "down"
                },
                "west": {
                    "uv": [
                        13.11111,
                        4.44444,
                        11.55556,
                        4.66667
                    ],
                    "rotation": 270,
                    "texture": "#0",
                    "cullface": "down"
                },
                "up": {
                    "uv": [
                        14.11111,
                        5.11111,
                        13.77778,
                        4.88889
                    ],
                    "rotation": 180,
                    "texture": "#0",
                    "cullface": "down"
                }
            }
        },
        {
            "from": [
                7.65,
                8.37347,
                3.54236
            ],
            "to": [
                8.35,
                10.52347,
                4.14236
            ],
            "rotation": {
                "angle": 22.5,
                "axis": "x",
                "origin": [
                    8,
                    9.85575,
                    6.02786
                ]
            },
            "faces": {
                "north": {
                    "uv": [
                        12.55556,
                        9.22222,
                        11.55556,
                        8.88889
                    ],
                    "rotation": 270,
                    "texture": "#0",
                    "cullface": "down"
                },
                "east": {
                    "uv": [
                        12.88889,
                        0.44444,
                        13.88889,
                        0.66667
                    ],
                    "rotation": 90,
                    "texture": "#0",
                    "cullface": "down"
                },
                "south": {
                    "uv": [
                        10.33333,
                        11.55556,
                        9.33333,
                        11.88889
                    ],
                    "rotation": 270,
                    "texture": "#0",
                    "cullface": "down"
                },
                "west": {
                    "uv": [
                        13.88889,
                        0.44444,
                        12.88889,
                        0.66667
                    ],
                    "rotation": 270,
                    "texture": "#0",
                    "cullface": "down"
                },
                "up": {
                    "uv": [
                        6.11111,
                        14,
                        5.77778,
                        13.77778
                    ],
                    "rotation": 180,
                    "texture": "#0",
                    "cullface": "down"
                }
            }
        },
        {
            "from": [
                8,
                8.62653,
                3.03465
            ],
            "to": [
                8,
                14.02653,
                6.63465
            ],
            "rotation": {
                "angle": -22.5,
                "axis": "x",
                "origin": [
                    8,
                    9.85575,
                    6.02786
                ]
            },
            "faces": {
                "east": {
                    "uv": [
                        8,
                        0,
                        10.44444,
                        1.55556
                    ],
                    "rotation": 90,
                    "texture": "#0",
                    "cullface": "down"
                },
                "west": {
                    "uv": [
                        10.44444,
                        1.77778,
                        8,
                        3.33333
                    ],
                    "rotation": 270,
                    "texture": "#0",
                    "cullface": "down"
                }
            }
        },
        {
            "from": [
                7.7055,
                11.17105,
                4.54301
            ],
            "to": [
                8.2945,
                12.82105,
                5.64301
            ],
            "rotation": {
                "angle": 45,
                "axis": "x",
                "origin": [
                    8,
                    9.85575,
                    4.02786
                ]
            },
            "faces": {
                "north": {
                    "uv": [
                        11.11111,
                        10.11111,
                        11.55556,
                        9.33333
                    ],
                    "texture": "#0",
                    "cullface": "down"
                },
                "east": {
                    "uv": [
                        11.11111,
                        7,
                        11.55556,
                        6.22222
                    ],
                    "texture": "#0"
                },
                "south": {
                    "uv": [
                        11.11111,
                        7.88889,
                        11.55556,
                        7.11111
                    ],
                    "texture": "#0"
                },
                "west": {
                    "uv": [
                        11.55556,
                        7,
                        11.11111,
                        6.22222
                    ],
                    "texture": "#0"
                },
                "down": {
                    "uv": [
                        5.33333,
                        13.33333,
                        5.77778,
                        12.88889
                    ],
                    "rotation": 90,
                    "texture": "#0"
                }
            }
        },
        {
            "from": [
                7.7,
                11.97725,
                5.55483
            ],
            "to": [
                8.3,
                13.62725,
                6.65483
            ],
            "rotation": {
                "angle": 22.5,
                "axis": "x",
                "origin": [
                    8,
                    9.85575,
                    4.02786
                ]
            },
            "faces": {
                "north": {
                    "uv": [
                        11.11111,
                        3.44444,
                        11.55556,
                        2.66667
                    ],
                    "texture": "#0",
                    "cullface": "down"
                },
                "east": {
                    "uv": [
                        10.22222,
                        11.44444,
                        10.66667,
                        10.66667
                    ],
                    "texture": "#0",
                    "cullface": "down"
                },
                "south": {
                    "uv": [
                        10.66667,
                        11.44444,
                        11.11111,
                        10.66667
                    ],
                    "texture": "#0",
                    "cullface": "down"
                },
                "west": {
                    "uv": [
                        10.66667,
                        11.44444,
                        10.22222,
                        10.66667
                    ],
                    "texture": "#0",
                    "cullface": "down"
                },
                "down": {
                    "uv": [
                        12.88889,
                        4,
                        13.33333,
                        3.55556
                    ],
                    "rotation": 90,
                    "texture": "#0",
                    "cullface": "down"
                }
            }
        },
        {
            "from": [
                7.6,
                -5.78242,
                6.63221
            ],
            "to": [
                8.4,
                -4.13242,
                7.73221
            ],
            "rotation": {
                "angle": -45,
                "axis": "x",
                "origin": [
                    8,
                    -3.25575,
                    4.02786
                ]
            },
            "faces": {
                "north": {
                    "uv": [
                        12,
                        12,
                        12.33333,
                        12.77778
                    ],
                    "texture": "#0"
                },
                "east": {
                    "uv": [
                        11.55556,
                        0.88889,
                        12,
                        1.66667
                    ],
                    "texture": "#0"
                },
                "south": {
                    "uv": [
                        10.22222,
                        12,
                        10.55556,
                        12.77778
                    ],
                    "texture": "#0"
                },
                "west": {
                    "uv": [
                        12,
                        0.88889,
                        11.55556,
                        1.66667
                    ],
                    "texture": "#0"
                },
                "up": {
                    "uv": [
                        13.77778,
                        9.66667,
                        13.33333,
                        9.33333
                    ],
                    "rotation": 90,
                    "texture": "#0"
                },
                "down": {
                    "uv": [
                        10.22222,
                        13.33333,
                        9.77778,
                        13.66667
                    ],
                    "rotation": 270,
                    "texture": "#0"
                }
            }
        },
        {
            "from": [
                7.75,
                -2,
                6
            ],
            "to": [
                7.75,
                12,
                10
            ],
            "rotation": {
                "angle": 0,
                "axis": "y",
                "origin": [
                    7.75,
                    1,
                    8
                ]
            },
            "faces": {
                "north": {
                    "uv": [
                        0,
                        0,
                        0,
                        14
                    ],
                    "texture": "#5"
                },
                "east": {
                    "uv": [
                        4,
                        0,
                        0,
                        14
                    ],
                    "texture": "#5"
                },
                "south": {
                    "uv": [
                        0,
                        0,
                        0,
                        14
                    ],
                    "texture": "#5"
                },
                "west": {
                    "uv": [
                        0,
                        0,
                        4,
                        14
                    ],
                    "texture": "#5"
                },
                "up": {
                    "uv": [
                        0,
                        4,
                        0,
                        0
                    ],
                    "texture": "#5"
                },
                "down": {
                    "uv": [
                        0,
                        0,
                        0,
                        4
                    ],
                    "texture": "#5"
                }
            }
        },
        {
            "from": [
                9.5,
                1,
                2.5
            ],
            "to": [
                9.5,
                12,
                5.5
            ],
            "rotation": {
                "angle": -45,
                "axis": "y",
                "origin": [
                    9.5,
                    5,
                    3.5
                ]
            },
            "faces": {
                "north": {
                    "uv": [
                        0,
                        0,
                        0,
                        11
                    ],
                    "texture": "#5"
                },
                "east": {
                    "uv": [
                        11,
                        0,
                        8,
                        11
                    ],
                    "texture": "#5"
                },
                "south": {
                    "uv": [
                        0,
                        0,
                        0,
                        11
                    ],
                    "texture": "#5"
                },
                "west": {
                    "uv": [
                        8,
                        0,
                        11,
                        11
                    ],
                    "texture": "#5"
                },
                "up": {
                    "uv": [
                        0,
                        3,
                        0,
                        0
                    ],
                    "texture": "#5"
                },
                "down": {
                    "uv": [
                        0,
                        0,
                        0,
                        3
                    ],
                    "texture": "#5"
                }
            }
        },
        {
            "from": [
                9.5,
                1,
                10.5
            ],
            "to": [
                9.5,
                12,
                13.5
            ],
            "rotation": {
                "angle": 45,
                "axis": "y",
                "origin": [
                    9.5,
                    5,
                    12.5
                ]
            },
            "faces": {
                "north": {
                    "uv": [
                        0,
                        0,
                        0,
                        11
                    ],
                    "texture": "#5"
                },
                "east": {
                    "uv": [
                        8,
                        0,
                        11,
                        11
                    ],
                    "texture": "#5"
                },
                "south": {
                    "uv": [
                        0,
                        0,
                        0,
                        11
                    ],
                    "texture": "#5"
                },
                "west": {
                    "uv": [
                        11,
                        0,
                        8,
                        11
                    ],
                    "texture": "#5"
                },
                "up": {
                    "uv": [
                        0,
                        0,
                        0,
                        3
                    ],
                    "texture": "#5"
                },
                "down": {
                    "uv": [
                        0,
                        3,
                        0,
                        0
                    ],
                    "texture": "#5"
                }
            }
        }
    ],
    "gui_light": "front",
    "display": {
        "thirdperson_righthand": {
            "rotation": [
                0,
                180,
                0
            ],
            "translation": [
                3.5,
                0.75,
                0
            ],
            "scale": [
                1.3,
                1.3,
                1.3
            ]
        },
        "thirdperson_lefthand": {
            "translation": [
                3.5,
                0.75,
                0
            ],
            "scale": [
                1.3,
                1.3,
                1.3
            ]
        },
        "firstperson_righthand": {
            "rotation": [
                -1.17,
                83.98,
                5.92
            ],
            "translation": [
                1.25,
                1.5,
                -0.25
            ],
            "scale": [
                1.01,
                1.01,
                1.01
            ]
        },
        "firstperson_lefthand": {
            "rotation": [
                -1.17,
                83.98,
                5.92
            ],
            "translation": [
                1.25,
                1.5,
                -0.25
            ],
            "scale": [
                1.01,
                1.01,
                1.01
            ]
        },
        "ground": {
            "rotation": [
                0,
                0,
                -58
            ],
            "translation": [
                2,
                1.75,
                0
            ],
            "scale": [
                0.75,
                0.75,
                0.75
            ]
        },
        "gui": {
            "rotation": [
                0,
                90,
                0
            ],
            "translation": [
                0,
                1.25,
                0
            ],
            "scale": [
                0.8,
                0.8,
                0.8
            ]
        },
        "head": {
            "rotation": [
                0,
                90,
                0
            ],
            "scale": [
                0.01,
                0.01,
                0.01
            ]
        },
        "fixed": {
            "rotation": [
                0,
                -90,
                0
            ],
            "translation": [
                0,
                3.25,
                -1
            ],
            "scale": [
                1.32,
                1.32,
                1.32
            ]
        }
    },
    "groups": [
        {
            "name": "shield",
            "origin": [
                6.50855,
                -8.25781,
                7.9725
            ],
            "color": 0,
            "nbt": "{}",
            "children": [
                {
                    "name": "group",
                    "origin": [
                        8,
                        -9.591,
                        1
                    ],
                    "color": 0,
                    "nbt": "{}",
                    "children": [
                        0,
                        1,
                        2,
                        3,
                        4,
                        5,
                        6
                    ]
                },
                7,
                8,
                9,
                10,
                11,
                12,
                13,
                14,
                15,
                16,
                17,
                18,
                19,
                20,
                21,
                22,
                23,
                24,
                25,
                26,
                27,
                28,
                29,
                30,
                31,
                32,
                33,
                34,
                35,
                36,
                37,
                38
            ]
        }
    ]
}