{
	"credit": "Made with Blockbench",
	"textures": {
		"0": "draculaset:wings_sheet",
		"1": "draculaset:sword",
		"2": "draculaset:demon_eye",
		"3": "draculaset:paralyzed",
		"4": "draculaset:sleep",
		"5": "draculaset:smoke",
		"particle": "draculaset:sword"
	},
	"elements": [
		{
			"from": [7.95, -1.091, -0.5],
			"to": [8.05, 15.909, 16.5],
			"rotation": {"angle": 0, "axis": "y", "origin": [8, 1.24373, 8]},
			"faces": {
				"east": {"uv": [0, 0, 16, 16], "texture": "#3", "cullface": "down"},
				"west": {"uv": [16, 0, 0, 16], "texture": "#3", "cullface": "down"}
			}
		},
		{
			"from": [8.87428, 1.97515, -0.5],
			"to": [8.97428, 18.97515, 16.5],
			"rotation": {"angle": 22.5, "axis": "z", "origin": [8, 8.24373, 8]},
			"faces": {
				"east": {"uv": [0, 0, 16, 16], "texture": "#4", "cullface": "down"}
			}
		},
		{
			"from": [7.02572, 1.97515, -0.5],
			"to": [7.12572, 18.97515, 16.5],
			"rotation": {"angle": -22.5, "axis": "z", "origin": [8, 8.24373, 8]},
			"faces": {
				"west": {"uv": [16, 0, 0, 16], "texture": "#4", "cullface": "down"}
			}
		},
		{
			"from": [7.9, 5.90133, 3.99925],
			"to": [8.1, 13.90133, 11.99925],
			"rotation": {"angle": 45, "axis": "x", "origin": [8, 3.24373, 9]},
			"faces": {
				"east": {"uv": [16, 0, 0, 16], "texture": "#5", "cullface": "down"},
				"west": {"uv": [0, 0, 16, 16], "texture": "#5", "cullface": "down"}
			}
		},
		{
			"from": [7.9, 4.90133, 4.00075],
			"to": [8.1, 12.90133, 12.00075],
			"rotation": {"angle": -45, "axis": "x", "origin": [8, 2.24373, 7]},
			"faces": {
				"east": {"uv": [0, 0, 16, 16], "texture": "#5", "cullface": "down"},
				"west": {"uv": [16, 0, 0, 16], "texture": "#5", "cullface": "down"}
			}
		},
		{
			"from": [7.5, 3.909, 6],
			"to": [8.5, 7.909, 10],
			"rotation": {"angle": 0, "axis": "y", "origin": [7.5, 1.24373, 8]},
			"faces": {
				"east": {"uv": [0, 0, 16, 16], "texture": "#2", "cullface": "down"},
				"west": {"uv": [16, 0, 0, 16], "texture": "#2", "cullface": "down"}
			}
		},
		{
			"from": [7.4, 8.42437, 6.96936],
			"to": [8.6, 10.27437, 8.81936],
			"rotation": {"angle": 45, "axis": "x", "origin": [8, 9.24373, 8]},
			"faces": {
				"north": {"uv": [7.55556, 10.66667, 8, 11.44444], "texture": "#1"},
				"east": {"uv": [7.11111, 8.88889, 7.88889, 9.66667], "texture": "#1"},
				"south": {"uv": [7.11111, 10.66667, 7.55556, 11.44444], "texture": "#1"},
				"west": {"uv": [7.88889, 8.88889, 7.11111, 9.66667], "texture": "#1"},
				"up": {"uv": [11.44444, 6.22222, 10.66667, 5.77778], "rotation": 90, "texture": "#1"},
				"down": {"uv": [11.44444, 8, 10.66667, 8.44444], "rotation": 270, "texture": "#1"}
			}
		},
		{
			"from": [7.5, 8.46813, 7.075],
			"to": [8.5, 10.31813, 8.925],
			"rotation": {"angle": 0, "axis": "y", "origin": [8, 9.24373, 8]},
			"faces": {
				"east": {"uv": [7.11111, 9.77778, 7.88889, 10.55556], "texture": "#1"},
				"west": {"uv": [7.88889, 9.77778, 7.11111, 10.55556], "texture": "#1"}
			}
		},
		{
			"from": [7.461, 7.35627, 6.9],
			"to": [8.539, 8.35627, 9.1],
			"rotation": {"angle": 0, "axis": "y", "origin": [8, 1.24373, 8]},
			"faces": {
				"east": {"uv": [9.77778, 7.11111, 10.77778, 7.55556], "texture": "#1"},
				"west": {"uv": [9.77778, 7.11111, 10.77778, 7.55556], "texture": "#1"},
				"up": {"uv": [9.88889, 10.22222, 8.88889, 9.77778], "rotation": 90, "texture": "#1"},
				"down": {"uv": [10.77778, 8.88889, 9.77778, 9.33333], "rotation": 270, "texture": "#1", "cullface": "down"}
			}
		},
		{
			"from": [8, -7.759, 8.8],
			"to": [8, 15.241, 31.8],
			"rotation": {"angle": 22.5, "axis": "y", "origin": [8, 3.741, 9.3]},
			"faces": {
				"east": {"uv": [16, 0, 0, 16], "texture": "#0", "cullface": "down"},
				"west": {"uv": [0, 0, 16, 16], "texture": "#0", "cullface": "down"}
			}
		},
		{
			"from": [8, -7.759, -15.8],
			"to": [8, 15.241, 7.2],
			"rotation": {"angle": -22.5, "axis": "y", "origin": [8, 3.741, 6.7]},
			"faces": {
				"east": {"uv": [0, 0, 16, 16], "texture": "#0", "cullface": "down"},
				"west": {"uv": [16, 0, 0, 16], "texture": "#0", "cullface": "down"}
			}
		},
		{
			"from": [7.461, 3.40627, 6.845],
			"to": [8.539, 4.50627, 9.155],
			"rotation": {"angle": 0, "axis": "y", "origin": [8, 1.24373, 8]},
			"faces": {
				"north": {"uv": [12.88889, 6.66667, 13.33333, 7.11111], "texture": "#1", "cullface": "down"},
				"east": {"uv": [9.77778, 9.33333, 10.77778, 9.77778], "texture": "#1", "cullface": "down"},
				"south": {"uv": [6.66667, 12.88889, 7.11111, 13.33333], "texture": "#1", "cullface": "down"},
				"west": {"uv": [10.77778, 9.33333, 9.77778, 9.77778], "texture": "#1", "cullface": "down"},
				"up": {"uv": [11.22222, 4.44444, 10.22222, 4], "rotation": 90, "texture": "#1", "cullface": "down"},
				"down": {"uv": [11.22222, 4.44444, 10.22222, 4.88889], "rotation": 270, "texture": "#1", "cullface": "down"}
			}
		},
		{
			"from": [7.5875, 3.64457, 6.29238],
			"to": [8.4125, 5.43207, 7.25488],
			"rotation": {"angle": 45, "axis": "x", "origin": [8, 1.24373, 8]},
			"faces": {
				"north": {"uv": [9.33333, 12.44444, 9.66667, 13.22222], "texture": "#1", "cullface": "down"},
				"east": {"uv": [11.55556, 8, 12, 8.77778], "texture": "#1", "cullface": "down"},
				"south": {"uv": [8.88889, 12.44444, 9.22222, 13.22222], "texture": "#1", "cullface": "down"},
				"west": {"uv": [12, 8, 11.55556, 8.77778], "texture": "#1", "cullface": "down"},
				"down": {"uv": [13.77778, 13.33333, 13.33333, 13.66667], "rotation": 270, "texture": "#1", "cullface": "down"}
			}
		},
		{
			"from": [7.3125, 5.29457, 6.15488],
			"to": [8.6875, 6.53207, 7.39238],
			"rotation": {"angle": 45, "axis": "x", "origin": [8, 1.24373, 8]},
			"faces": {
				"north": {"uv": [10.22222, 9.77778, 10.88889, 10.33333], "texture": "#1", "cullface": "down"},
				"east": {"uv": [12, 1.77778, 12.55556, 2.33333], "texture": "#1", "cullface": "down"},
				"south": {"uv": [10.22222, 6.22222, 10.88889, 6.77778], "texture": "#1", "cullface": "down"},
				"west": {"uv": [12.55556, 1.77778, 12, 2.33333], "texture": "#1", "cullface": "down"},
				"up": {"uv": [11.22222, 0.66667, 10.66667, 0], "rotation": 90, "texture": "#1", "cullface": "down"},
				"down": {"uv": [11.22222, 0.88889, 10.66667, 1.55556], "rotation": 270, "texture": "#1", "cullface": "down"}
			}
		},
		{
			"from": [7.45, 4.2195, 11.26954],
			"to": [8.55, 5.8695, 12.36954],
			"rotation": {"angle": -22.5, "axis": "x", "origin": [8, 1.24373, 8]},
			"faces": {
				"north": {"uv": [11.11111, 2.66667, 11.55556, 3.44444], "texture": "#1", "cullface": "down"},
				"east": {"uv": [10.22222, 10.66667, 10.66667, 11.44444], "texture": "#1", "cullface": "down"},
				"south": {"uv": [10.66667, 10.66667, 11.11111, 11.44444], "texture": "#1", "cullface": "down"},
				"west": {"uv": [10.66667, 10.66667, 10.22222, 11.44444], "texture": "#1", "cullface": "down"},
				"up": {"uv": [13.33333, 4, 12.88889, 3.55556], "rotation": 90, "texture": "#1", "cullface": "down"}
			}
		},
		{
			"from": [7.4555, 3.84524, 12.70715],
			"to": [8.5445, 5.49524, 13.80715],
			"rotation": {"angle": -45, "axis": "x", "origin": [8, 1.24373, 8]},
			"faces": {
				"north": {"uv": [11.11111, 9.33333, 11.55556, 10.11111], "texture": "#1", "cullface": "down"},
				"east": {"uv": [11.11111, 6.22222, 11.55556, 7], "texture": "#1"},
				"south": {"uv": [11.11111, 7.11111, 11.55556, 7.88889], "texture": "#1"},
				"west": {"uv": [11.55556, 6.22222, 11.11111, 7], "texture": "#1"},
				"up": {"uv": [5.77778, 13.33333, 5.33333, 12.88889], "rotation": 90, "texture": "#1"}
			}
		},
		{
			"from": [7.4555, 3.84524, 2.19285],
			"to": [8.5445, 5.49524, 3.29285],
			"rotation": {"angle": 45, "axis": "x", "origin": [8, 1.24373, 8]},
			"faces": {
				"north": {"uv": [11.55556, 7.11111, 11.11111, 7.88889], "texture": "#1"},
				"east": {"uv": [11.55556, 6.22222, 11.11111, 7], "texture": "#1"},
				"south": {"uv": [11.55556, 9.33333, 11.11111, 10.11111], "texture": "#1", "cullface": "down"},
				"west": {"uv": [11.11111, 6.22222, 11.55556, 7], "texture": "#1"},
				"up": {"uv": [5.33333, 13.33333, 5.77778, 12.88889], "rotation": 90, "texture": "#1"}
			}
		},
		{
			"from": [7.45, 4.2195, 3.63046],
			"to": [8.55, 5.8695, 4.73046],
			"rotation": {"angle": 22.5, "axis": "x", "origin": [8, 1.24373, 8]},
			"faces": {
				"north": {"uv": [11.11111, 10.66667, 10.66667, 11.44444], "texture": "#1", "cullface": "down"},
				"east": {"uv": [10.66667, 10.66667, 10.22222, 11.44444], "texture": "#1", "cullface": "down"},
				"south": {"uv": [11.55556, 2.66667, 11.11111, 3.44444], "texture": "#1", "cullface": "down"},
				"west": {"uv": [10.22222, 10.66667, 10.66667, 11.44444], "texture": "#1", "cullface": "down"},
				"up": {"uv": [12.88889, 4, 13.33333, 3.55556], "rotation": 90, "texture": "#1", "cullface": "down"}
			}
		},
		{
			"from": [7.3125, 5.29457, 8.60762],
			"to": [8.6875, 6.53207, 9.84512],
			"rotation": {"angle": -45, "axis": "x", "origin": [8, 1.24373, 8]},
			"faces": {
				"north": {"uv": [10.88889, 6.22222, 10.22222, 6.77778], "texture": "#1", "cullface": "down"},
				"east": {"uv": [12.55556, 1.77778, 12, 2.33333], "texture": "#1", "cullface": "down"},
				"south": {"uv": [10.88889, 9.77778, 10.22222, 10.33333], "texture": "#1", "cullface": "down"},
				"west": {"uv": [12, 1.77778, 12.55556, 2.33333], "texture": "#1", "cullface": "down"},
				"up": {"uv": [10.66667, 0.66667, 11.22222, 0], "rotation": 90, "texture": "#1", "cullface": "down"},
				"down": {"uv": [10.66667, 0.88889, 11.22222, 1.55556], "rotation": 270, "texture": "#1", "cullface": "down"}
			}
		},
		{
			"from": [7.5875, 3.64457, 8.74512],
			"to": [8.4125, 5.43207, 9.70762],
			"rotation": {"angle": -45, "axis": "x", "origin": [8, 1.24373, 8]},
			"faces": {
				"north": {"uv": [9.22222, 12.44444, 8.88889, 13.22222], "texture": "#1", "cullface": "down"},
				"east": {"uv": [12, 8, 11.55556, 8.77778], "texture": "#1", "cullface": "down"},
				"south": {"uv": [9.66667, 12.44444, 9.33333, 13.22222], "texture": "#1", "cullface": "down"},
				"west": {"uv": [11.55556, 8, 12, 8.77778], "texture": "#1", "cullface": "down"},
				"down": {"uv": [13.33333, 13.33333, 13.77778, 13.66667], "rotation": 270, "texture": "#1", "cullface": "down"}
			}
		}
	],
	"gui_light": "front",
	"display": {
		"thirdperson_righthand": {
			"rotation": [47.5, -85, 0],
			"translation": [0, 2.75, 1.25],
			"scale": [0.43, 0.43, 0.43]
		},
		"thirdperson_lefthand": {
			"rotation": [66, 90, 0],
			"translation": [-5.5, -7.75, 10.75],
			"scale": [1.49, 1.49, 1.49]
		},
		"firstperson_righthand": {
			"rotation": [-3.86, 54.39, -4.2],
			"translation": [10, 0, -9.5]
		},
		"firstperson_lefthand": {
			"rotation": [-17, 0, 0],
			"translation": [10, 6.5, 0.75],
			"scale": [0.01, 0.01, 0.01]
		},
		"ground": {
			"rotation": [0, 0, -38],
			"translation": [-1, 4.75, 0],
			"scale": [0.69, 0.69, 0.69]
		},
		"gui": {
			"rotation": [0, 57.75, 0],
			"translation": [-2.25, 0, 0],
			"scale": [0.51, 0.51, 0.51]
		},
		"head": {
			"rotation": [0, -90, 0],
			"translation": [0, -8, 9.5],
			"scale": [2.86, 2.86, 2.86]
		},
		"fixed": {
			"rotation": [0, -90, 0],
			"translation": [0, 2.5, -8]
		}
	},
	"groups": [
		{
			"name": "wings",
			"origin": [6.50855, -8.25781, 7.9725],
			"color": 0,
			"nbt": "{}",
			"children": [
				{
					"name": "group",
					"origin": [8, -9.591, -4],
					"color": 0,
					"nbt": "{}",
					"children": [0, 1, 2, 3, 4, 5]
				},
				6,
				7,
				8,
				9,
				10,
				11,
				12,
				13,
				14,
				15,
				16,
				17,
				18,
				19
			]
		}
	]
}