{
	"credit": "dev_kig",
	"textures": {
		"0": "bee_set:beehammer",
		"particle": "bee_set:beehammer"
	},
	"elements": [
		{
			"from": [6.5625, 6.5, 7],
			"to": [9.0625, 9.5, 10],
			"rotation": {"angle": 0, "axis": "y", "origin": [0, 6.5, 0]},
			"faces": {
				"north": {"uv": [11, 9.33333, 11.5, 10.33333], "texture": "#0"},
				"east": {"uv": [10, 4, 11.33333, 5.33333], "texture": "#0"},
				"south": {"uv": [11, 9.33333, 11.5, 10.33333], "texture": "#0"},
				"west": {"uv": [10, 4, 11.33333, 5.33333], "texture": "#0"},
				"up": {"uv": [11, 9.33333, 11.5, 10.33333], "texture": "#0"},
				"down": {"uv": [11, 9.33333, 11.5, 10.33333], "texture": "#0"}
			}
		},
		{
			"from": [6.5625, 5.75, 10],
			"to": [9.0625, 10.25, 10.5],
			"rotation": {"angle": 0, "axis": "y", "origin": [0, 6.75, 0]},
			"faces": {
				"north": {"uv": [0.33333, 7, 1.66667, 8.33333], "texture": "#0"},
				"east": {"uv": [7, 3.66667, 8.33333, 5], "texture": "#0"},
				"south": {"uv": [0, 2.66667, 2.33333, 5], "texture": "#0"},
				"west": {"uv": [7, 3.66667, 8.33333, 5], "texture": "#0"},
				"up": {"uv": [7, 3.66667, 8.33333, 5], "texture": "#0"},
				"down": {"uv": [7, 3.66667, 8.33333, 5], "texture": "#0"}
			}
		},
		{
			"from": [6.5625, 5.75, 6.5],
			"to": [9.0625, 10.25, 7],
			"rotation": {"angle": 0, "axis": "y", "origin": [0, 6.75, 16]},
			"faces": {
				"north": {"uv": [0, 2.66667, 2.33333, 5], "texture": "#0"},
				"east": {"uv": [7, 3.66667, 8.33333, 5], "texture": "#0"},
				"south": {"uv": [0.33333, 7, 1.66667, 8.33333], "texture": "#0"},
				"west": {"uv": [7, 3.66667, 8.33333, 5], "texture": "#0"},
				"up": {"uv": [7, 3.66667, 8.33333, 5], "texture": "#0"},
				"down": {"uv": [7, 3.66667, 8.33333, 5], "texture": "#0"}
			}
		},
		{
			"from": [7.25, 8, -0.5],
			"to": [8.75, 9.5, 6.71875],
			"rotation": {"angle": 0, "axis": "y", "origin": [0.6875, 6.75, 16]},
			"faces": {
				"north": {"uv": [7, 3.66667, 8.33333, 5], "texture": "#0"},
				"east": {"uv": [16, 14.5, 8.78125, 16], "texture": "#0"},
				"south": {"uv": [7, 3.66667, 8.33333, 5], "texture": "#0"},
				"west": {"uv": [8.78125, 14.5, 16, 16], "texture": "#0"},
				"up": {"uv": [8.77083, 14.5, 16, 16], "rotation": 90, "texture": "#0"},
				"down": {"uv": [16, 14.5, 8.77083, 16], "rotation": 90, "texture": "#0"}
			}
		},
		{
			"from": [7.76563, 7, -0.40625],
			"to": [8.23438, 8.5, 0.5],
			"rotation": {"angle": 0, "axis": "y", "origin": [1.20313, 6.75, 16]},
			"faces": {
				"north": {"uv": [4.33333, 8, 5.66667, 8.66667], "texture": "#0"},
				"east": {"uv": [15.09375, 0, 16, 1.5], "texture": "#0"},
				"south": {"uv": [4.33333, 8, 5.66667, 8.66667], "texture": "#0"},
				"west": {"uv": [15.09375, 0, 16, 1.5], "texture": "#0"},
				"up": {"uv": [7, 3.66667, 8.33333, 5], "texture": "#0"},
				"down": {"uv": [4.33333, 8, 5.66667, 8.66667], "texture": "#0"}
			}
		},
		{
			"from": [7.76563, 7, 1.59375],
			"to": [8.23438, 8.5, 2.5],
			"rotation": {"angle": 0, "axis": "y", "origin": [1.20313, 6.75, 16]},
			"faces": {
				"north": {"uv": [4.33333, 8, 5.66667, 8.66667], "texture": "#0"},
				"east": {"uv": [15.09375, 0, 16, 1.5], "texture": "#0"},
				"south": {"uv": [4.33333, 8, 5.66667, 8.66667], "texture": "#0"},
				"west": {"uv": [15.09375, 0, 16, 1.5], "texture": "#0"},
				"up": {"uv": [7, 3.66667, 8.33333, 5], "texture": "#0"},
				"down": {"uv": [4.33333, 8, 5.66667, 8.66667], "texture": "#0"}
			}
		}
	],
	"gui_light": "front",
	"display": {
		"thirdperson_righthand": {
			"rotation": [-85, -88, -87.37],
			"translation": [-3.75, 0.5, 2.75]
		},
		"thirdperson_lefthand": {
			"rotation": [-85, -88, -87.37],
			"translation": [-3.75, 0.5, 2.75]
		},
		"firstperson_righthand": {
			"rotation": [0, 11.5, 0],
			"translation": [0.5, 1, 0]
		},
		"firstperson_lefthand": {
			"rotation": [0, 11.5, 0],
			"translation": [0.5, 1, 0]
		},
		"ground": {
			"translation": [0, 3.5, 0]
		},
		"gui": {
			"rotation": [82.9, -59, 82.59],
			"translation": [-0.25, -1, 0],
			"scale": [0.77344, 0.77344, 0.77344]
		},
		"head": {
			"rotation": [0, -85, 0],
			"translation": [-8, 1.25, 0]
		},
		"fixed": {
			"rotation": [-97.02, 85.97, 96.96],
			"translation": [2.75, 0.5, -2.75]
		}
	},
	"groups": [
		{
			"name": "group",
			"origin": [8, 8, 8],
			"color": 0,
			"children": [0, 1, 2, 3, 4, 5]
		}
	]
}