{
	"credit": "MadewithBlockbench",
	"texture_size": [28, 28],
	"textures": {
		"0": "chronicles_animated_weapon_set:helmet",
		"1": "chronicles_animated_weapon_set:texture",
		"2": "chronicles_animated_weapon_set:eff_01",
		"3": "chronicles_animated_weapon_set:eff_02",
		"particle": "chronicles_animated_weapon_set:eff_01"
	},
	"elements": [
		{
			"from": [10.75263, 11.65558, 7.1425],
			"to": [12.22263, 13.12558, 10.0825],
			"rotation": {"angle": -22.5, "axis": "z", "origin": [8, 13.76808, 10.125]},
			"faces": {
				"north": {"uv": [12, 2.28571, 12.85714, 3.14286], "texture": "#0"},
				"east": {"uv": [2.28571, 10.28571, 4, 11.14286], "texture": "#0"},
				"south": {"uv": [12, 3.42857, 12.85714, 4.28571], "texture": "#0"},
				"west": {"uv": [4, 10.28571, 2.28571, 11.14286], "texture": "#0"},
				"up": {"uv": [4.85714, 12, 4, 10.28571], "texture": "#0"},
				"down": {"uv": [6, 10.28571, 5.14286, 12], "texture": "#0"}
			}
		},
		{
			"from": [3.77737, 11.65558, 7.1425],
			"to": [5.24737, 13.12558, 10.0825],
			"rotation": {"angle": 22.5, "axis": "z", "origin": [8, 13.76808, 10.125]},
			"faces": {
				"north": {"uv": [12.85714, 2.28571, 12, 3.14286], "texture": "#0"},
				"east": {"uv": [2.28571, 10.28571, 4, 11.14286], "texture": "#0"},
				"south": {"uv": [12.85714, 3.42857, 12, 4.28571], "texture": "#0"},
				"west": {"uv": [4, 10.28571, 2.28571, 11.14286], "texture": "#0"},
				"up": {"uv": [4, 12, 4.85714, 10.28571], "texture": "#0"},
				"down": {"uv": [5.14286, 10.28571, 6, 12], "texture": "#0"}
			}
		},
		{
			"from": [11.54028, 12.01272, 5.6725],
			"to": [11.54028, 14.95272, 12.5325],
			"rotation": {"angle": -22.5, "axis": "z", "origin": [8, 13.76808, 10.125]},
			"faces": {
				"north": {"uv": [0, 0, 0, 1.71429], "texture": "#0"},
				"east": {"uv": [3.42857, 6.85714, 7.28571, 8.57143], "texture": "#0"},
				"south": {"uv": [0, 0, 0, 1.71429], "texture": "#0"},
				"west": {"uv": [7.28571, 6.85714, 3.42857, 8.57143], "texture": "#0"},
				"up": {"uv": [0, 3.85714, 0, 0], "texture": "#0"},
				"down": {"uv": [0, 0, 0, 3.85714], "texture": "#0"}
			}
		},
		{
			"from": [4.45972, 12.01272, 5.6725],
			"to": [4.45972, 14.95272, 12.5325],
			"rotation": {"angle": 22.5, "axis": "z", "origin": [8, 13.76808, 10.125]},
			"faces": {
				"north": {"uv": [0, 0, 0, 1.71429], "texture": "#0"},
				"east": {"uv": [3.42857, 6.85714, 7.28571, 8.57143], "texture": "#0"},
				"south": {"uv": [0, 0, 0, 1.71429], "texture": "#0"},
				"west": {"uv": [7.28571, 6.85714, 3.42857, 8.57143], "texture": "#0"},
				"up": {"uv": [0, 3.85714, 0, 0], "texture": "#0"},
				"down": {"uv": [0, 0, 0, 3.85714], "texture": "#0"}
			}
		},
		{
			"from": [10.45, 8.71077, 5.305],
			"to": [11.43, 10.18077, 9.225],
			"rotation": {"angle": 0, "axis": "y", "origin": [8, 13.76808, 10.125]},
			"faces": {
				"north": {"uv": [2.85714, 12.57143, 3.42857, 13.42857], "texture": "#0"},
				"east": {"uv": [9.71429, 8.57143, 12, 9.42857], "texture": "#0"},
				"south": {"uv": [6.28571, 12.57143, 6.85714, 13.42857], "texture": "#0"},
				"west": {"uv": [9.71429, 9.71429, 12, 10.57143], "texture": "#0"},
				"up": {"uv": [6.85714, 12.57143, 6.28571, 10.28571], "texture": "#0"},
				"down": {"uv": [7.42857, 10.85714, 6.85714, 13.14286], "texture": "#0"}
			}
		},
		{
			"from": [10.44, 10.39787, 5.482],
			"to": [11.469, 11.86787, 6.952],
			"rotation": {"angle": -45, "axis": "x", "origin": [8, 13.76808, 10.125]},
			"faces": {
				"north": {"uv": [12.57143, 10.28571, 13.14286, 11.14286], "texture": "#0"},
				"east": {"uv": [4, 12, 4.85714, 12.85714], "texture": "#0"},
				"south": {"uv": [10.85714, 12.57143, 11.42857, 13.42857], "texture": "#0"},
				"west": {"uv": [12, 4.57143, 12.85714, 5.42857], "texture": "#0"},
				"up": {"uv": [12, 13.42857, 11.42857, 12.57143], "texture": "#0"},
				"down": {"uv": [13.14286, 12, 12.57143, 12.85714], "texture": "#0"}
			}
		},
		{
			"from": [4.531, 10.39787, 5.482],
			"to": [5.56, 11.86787, 6.952],
			"rotation": {"angle": -45, "axis": "x", "origin": [8, 13.76808, 10.125]},
			"faces": {
				"north": {"uv": [13.14286, 10.28571, 12.57143, 11.14286], "texture": "#0"},
				"east": {"uv": [12.85714, 4.57143, 12, 5.42857], "texture": "#0"},
				"south": {"uv": [11.42857, 12.57143, 10.85714, 13.42857], "texture": "#0"},
				"west": {"uv": [4.85714, 12, 4, 12.85714], "texture": "#0"},
				"up": {"uv": [11.42857, 13.42857, 12, 12.57143], "texture": "#0"},
				"down": {"uv": [12.57143, 12, 13.14286, 12.85714], "texture": "#0"}
			}
		},
		{
			"from": [10.45, 6.20133, 8.79445],
			"to": [11.528, 9.14133, 10.26445],
			"rotation": {"angle": 0, "axis": "x", "origin": [8, 13.76808, 10.125]},
			"faces": {
				"north": {"uv": [3.42857, 11.42857, 4, 13.14286], "texture": "#0"},
				"east": {"uv": [10.85714, 3.42857, 11.71429, 5.14286], "texture": "#0"},
				"south": {"uv": [11.42857, 6.85714, 12, 8.57143], "texture": "#0"},
				"west": {"uv": [10.85714, 5.14286, 11.71429, 6.85714], "texture": "#0"},
				"up": {"uv": [1.14286, 14, 0.57143, 13.14286], "texture": "#0"},
				"down": {"uv": [13.71429, 0.57143, 13.14286, 1.42857], "texture": "#0"}
			}
		},
		{
			"from": [10.44, 7.04618, 14.10411],
			"to": [11.469, 8.51618, 15.57411],
			"rotation": {"angle": 45, "axis": "x", "origin": [8, 13.76808, 10.125]},
			"faces": {
				"north": {"uv": [1.14286, 13.14286, 1.71429, 14], "texture": "#0"},
				"east": {"uv": [5.14286, 12, 6, 12.85714], "texture": "#0"},
				"south": {"uv": [13.14286, 1.71429, 13.71429, 2.57143], "texture": "#0"},
				"west": {"uv": [12, 5.71429, 12.85714, 6.57143], "texture": "#0"},
				"up": {"uv": [13.71429, 3.71429, 13.14286, 2.85714], "texture": "#0"},
				"down": {"uv": [4, 13.14286, 3.42857, 14], "texture": "#0"}
			}
		},
		{
			"from": [4.531, 7.04618, 14.10411],
			"to": [5.56, 8.51618, 15.57411],
			"rotation": {"angle": 45, "axis": "x", "origin": [8, 13.76808, 10.125]},
			"faces": {
				"north": {"uv": [1.71429, 13.14286, 1.14286, 14], "texture": "#0"},
				"east": {"uv": [12.85714, 5.71429, 12, 6.57143], "texture": "#0"},
				"south": {"uv": [13.71429, 1.71429, 13.14286, 2.57143], "texture": "#0"},
				"west": {"uv": [6, 12, 5.14286, 12.85714], "texture": "#0"},
				"up": {"uv": [13.14286, 3.71429, 13.71429, 2.85714], "texture": "#0"},
				"down": {"uv": [3.42857, 13.14286, 4, 14], "texture": "#0"}
			}
		},
		{
			"from": [10.45, 5.16188, 5.305],
			"to": [11.43, 6.63188, 9.225],
			"rotation": {"angle": 0, "axis": "y", "origin": [8, 13.76808, 10.125]},
			"faces": {
				"north": {"uv": [4, 13.14286, 4.57143, 14], "texture": "#0"},
				"east": {"uv": [0, 10.28571, 2.28571, 11.14286], "texture": "#0"},
				"south": {"uv": [13.14286, 4, 13.71429, 4.85714], "texture": "#0"},
				"west": {"uv": [10.28571, 0, 12.57143, 0.85714], "texture": "#0"},
				"up": {"uv": [8, 13.14286, 7.42857, 10.85714], "texture": "#0"},
				"down": {"uv": [8.57143, 10.85714, 8, 13.14286], "texture": "#0"}
			}
		},
		{
			"from": [9.96, 6.63188, 5.305],
			"to": [11.43, 7.61188, 6.775],
			"rotation": {"angle": 0, "axis": "y", "origin": [8, 13.76808, 10.125]},
			"faces": {
				"north": {"uv": [4.57143, 13.14286, 5.42857, 13.71429], "texture": "#0"},
				"east": {"uv": [13.14286, 5.14286, 14, 5.71429], "texture": "#0"},
				"south": {"uv": [13.14286, 5.71429, 14, 6.28571], "texture": "#0"},
				"west": {"uv": [13.14286, 6.28571, 14, 6.85714], "texture": "#0"},
				"up": {"uv": [12.85714, 7.71429, 12, 6.85714], "texture": "#0"},
				"down": {"uv": [12.85714, 8, 12, 8.85714], "texture": "#0"}
			}
		},
		{
			"from": [15.22397, 8.92252, 5.354],
			"to": [16.20397, 10.39252, 6.334],
			"rotation": {"angle": -45, "axis": "z", "origin": [8, 13.76808, 10.125]},
			"faces": {
				"north": {"uv": [5.71429, 13.14286, 6.28571, 14], "texture": "#0"},
				"east": {"uv": [6.85714, 13.14286, 7.42857, 14], "texture": "#0"},
				"south": {"uv": [13.14286, 6.85714, 13.71429, 7.71429], "texture": "#0"},
				"west": {"uv": [7.42857, 13.14286, 8, 14], "texture": "#0"},
				"up": {"uv": [13.14286, 1.14286, 12.57143, 0.57143], "texture": "#0"},
				"down": {"uv": [10.85714, 13.14286, 10.28571, 13.71429], "texture": "#0"}
			}
		},
		{
			"from": [13.75439, 10.0981, 5.354],
			"to": [14.78339, 11.8131, 6.334],
			"rotation": {"angle": -45, "axis": "z", "origin": [8, 13.76808, 10.125]},
			"faces": {
				"north": {"uv": [8.57143, 12, 9.14286, 13], "texture": "#0"},
				"east": {"uv": [9.14286, 12, 9.71429, 13], "texture": "#0"},
				"south": {"uv": [12, 9.14286, 12.57143, 10.14286], "texture": "#0"},
				"west": {"uv": [9.71429, 12, 10.28571, 13], "texture": "#0"},
				"up": {"uv": [12.57143, 13.71429, 12, 13.14286], "texture": "#0"},
				"down": {"uv": [13.71429, 12, 13.14286, 12.57143], "texture": "#0"}
			}
		},
		{
			"from": [4.57, 8.71077, 5.305],
			"to": [5.55, 10.18077, 9.225],
			"rotation": {"angle": 0, "axis": "y", "origin": [8, 13.76808, 10.125]},
			"faces": {
				"north": {"uv": [3.42857, 12.57143, 2.85714, 13.42857], "texture": "#0"},
				"east": {"uv": [12, 9.71429, 9.71429, 10.57143], "texture": "#0"},
				"south": {"uv": [6.85714, 12.57143, 6.28571, 13.42857], "texture": "#0"},
				"west": {"uv": [12, 8.57143, 9.71429, 9.42857], "texture": "#0"},
				"up": {"uv": [6.28571, 12.57143, 6.85714, 10.28571], "texture": "#0"},
				"down": {"uv": [6.85714, 10.85714, 7.42857, 13.14286], "texture": "#0"}
			}
		},
		{
			"from": [4.472, 6.20133, 8.79445],
			"to": [5.55, 9.14133, 10.26445],
			"rotation": {"angle": 0, "axis": "x", "origin": [8, 13.76808, 10.125]},
			"faces": {
				"north": {"uv": [4, 11.42857, 3.42857, 13.14286], "texture": "#0"},
				"east": {"uv": [11.71429, 5.14286, 10.85714, 6.85714], "texture": "#0"},
				"south": {"uv": [12, 6.85714, 11.42857, 8.57143], "texture": "#0"},
				"west": {"uv": [11.71429, 3.42857, 10.85714, 5.14286], "texture": "#0"},
				"up": {"uv": [0.57143, 14, 1.14286, 13.14286], "texture": "#0"},
				"down": {"uv": [13.14286, 0.57143, 13.71429, 1.42857], "texture": "#0"}
			}
		},
		{
			"from": [4.57, 5.16188, 5.305],
			"to": [5.55, 6.63188, 9.225],
			"rotation": {"angle": 0, "axis": "y", "origin": [8, 13.76808, 10.125]},
			"faces": {
				"north": {"uv": [4.57143, 13.14286, 4, 14], "texture": "#0"},
				"east": {"uv": [12.57143, 0, 10.28571, 0.85714], "texture": "#0"},
				"south": {"uv": [13.71429, 4, 13.14286, 4.85714], "texture": "#0"},
				"west": {"uv": [2.28571, 10.28571, 0, 11.14286], "texture": "#0"},
				"up": {"uv": [7.42857, 13.14286, 8, 10.85714], "texture": "#0"},
				"down": {"uv": [8, 10.85714, 8.57143, 13.14286], "texture": "#0"}
			}
		},
		{
			"from": [4.57, 6.63188, 5.305],
			"to": [6.04, 7.61188, 6.775],
			"rotation": {"angle": 0, "axis": "y", "origin": [8, 13.76808, 10.125]},
			"faces": {
				"north": {"uv": [5.42857, 13.14286, 4.57143, 13.71429], "texture": "#0"},
				"east": {"uv": [14, 6.28571, 13.14286, 6.85714], "texture": "#0"},
				"south": {"uv": [14, 5.71429, 13.14286, 6.28571], "texture": "#0"},
				"west": {"uv": [14, 5.14286, 13.14286, 5.71429], "texture": "#0"},
				"up": {"uv": [12, 7.71429, 12.85714, 6.85714], "texture": "#0"},
				"down": {"uv": [12, 8, 12.85714, 8.85714], "texture": "#0"}
			}
		},
		{
			"from": [-0.20397, 8.92252, 5.354],
			"to": [0.77603, 10.39252, 6.334],
			"rotation": {"angle": 45, "axis": "z", "origin": [8, 13.76808, 10.125]},
			"faces": {
				"north": {"uv": [6.28571, 13.14286, 5.71429, 14], "texture": "#0"},
				"east": {"uv": [8, 13.14286, 7.42857, 14], "texture": "#0"},
				"south": {"uv": [13.71429, 6.85714, 13.14286, 7.71429], "texture": "#0"},
				"west": {"uv": [7.42857, 13.14286, 6.85714, 14], "texture": "#0"},
				"up": {"uv": [12.57143, 1.14286, 13.14286, 0.57143], "texture": "#0"},
				"down": {"uv": [10.28571, 13.14286, 10.85714, 13.71429], "texture": "#0"}
			}
		},
		{
			"from": [1.21661, 10.0981, 5.354],
			"to": [2.24561, 11.8131, 6.334],
			"rotation": {"angle": 45, "axis": "z", "origin": [8, 13.76808, 10.125]},
			"faces": {
				"north": {"uv": [9.14286, 12, 8.57143, 13], "texture": "#0"},
				"east": {"uv": [10.28571, 12, 9.71429, 13], "texture": "#0"},
				"south": {"uv": [12.57143, 9.14286, 12, 10.14286], "texture": "#0"},
				"west": {"uv": [9.71429, 12, 9.14286, 13], "texture": "#0"},
				"up": {"uv": [12, 13.71429, 12.57143, 13.14286], "texture": "#0"},
				"down": {"uv": [13.14286, 12, 13.71429, 12.57143], "texture": "#0"}
			}
		},
		{
			"from": [5.06, 5.28077, 5.795],
			"to": [10.94, 11.16077, 11.675],
			"rotation": {"angle": 0, "axis": "y", "origin": [8, 13.76808, 10.125]},
			"faces": {
				"north": {"uv": [0, 0, 3.42857, 3.42857], "texture": "#0"},
				"east": {"uv": [0, 3.42857, 3.42857, 6.85714], "texture": "#0"},
				"south": {"uv": [3.42857, 0, 6.85714, 3.42857], "texture": "#0"},
				"west": {"uv": [3.42857, 3.42857, 6.85714, 6.85714], "texture": "#0"},
				"up": {"uv": [3.42857, 10.28571, 0, 6.85714], "texture": "#0"},
				"down": {"uv": [10.28571, 0, 6.85714, 3.42857], "texture": "#0"}
			}
		},
		{
			"from": [5.55, 9.44577, 4.9375],
			"to": [10.45, 10.91577, 5.9175],
			"rotation": {"angle": 0, "axis": "y", "origin": [8, 13.76808, 10.125]},
			"faces": {
				"north": {"uv": [6.85714, 8.57143, 9.71429, 9.42857], "texture": "#0"},
				"east": {"uv": [8, 13.14286, 8.57143, 14], "texture": "#0"},
				"south": {"uv": [6.85714, 9.71429, 9.71429, 10.57143], "texture": "#0"},
				"west": {"uv": [13.14286, 8, 13.71429, 8.85714], "texture": "#0"},
				"up": {"uv": [13.14286, 1.71429, 10.28571, 1.14286], "texture": "#0"},
				"down": {"uv": [13.14286, 1.71429, 10.28571, 2.28571], "texture": "#0"}
			}
		},
		{
			"from": [7.85936, 11.16077, 7.32564],
			"to": [10.79936, 11.65077, 10.26564],
			"rotation": {"angle": 45, "axis": "y", "origin": [8, 13.76808, 10.125]},
			"faces": {
				"north": {"uv": [8.57143, 13.14286, 10.28571, 13.42857], "texture": "#0"},
				"east": {"uv": [13.14286, 10.28571, 14.85714, 10.57143], "texture": "#0"},
				"south": {"uv": [13.14286, 10.85714, 14.85714, 11.14286], "texture": "#0"},
				"west": {"uv": [13.14286, 11.42857, 14.85714, 11.71429], "texture": "#0"},
				"up": {"uv": [5.14286, 10.28571, 3.42857, 8.57143], "texture": "#0"},
				"down": {"uv": [6.85714, 8.57143, 5.14286, 10.28571], "texture": "#0"}
			}
		},
		{
			"from": [7.30991, 11.65077, 8.85509],
			"to": [9.26991, 12.14077, 10.81509],
			"rotation": {"angle": 45, "axis": "y", "origin": [8, 13.76808, 10.125]},
			"faces": {
				"north": {"uv": [12.57143, 13.14286, 13.71429, 13.42857], "texture": "#0"},
				"east": {"uv": [13.14286, 12.57143, 14.28571, 12.85714], "texture": "#0"},
				"south": {"uv": [13.71429, 0, 14.85714, 0.28571], "texture": "#0"},
				"west": {"uv": [13.71429, 0.57143, 14.85714, 0.85714], "texture": "#0"},
				"up": {"uv": [9.71429, 12, 8.57143, 10.85714], "texture": "#0"},
				"down": {"uv": [10.85714, 10.85714, 9.71429, 12], "texture": "#0"}
			}
		},
		{
			"from": [15.22656, 14.46975, 14.55],
			"to": [18.02656, 17.26975, 15.45],
			"rotation": {"angle": 0, "axis": "z", "origin": [8, 13.76808, 10.125]},
			"faces": {
				"north": {"uv": [8.8, 5.5, 9.9, 4.4], "rotation": 270, "texture": "#1"},
				"east": {"uv": [1.2, 11.6, 2.3, 12], "rotation": 90, "texture": "#1"},
				"south": {"uv": [3.6, 9.9, 4.7, 8.8], "rotation": 90, "texture": "#1"},
				"west": {"uv": [11.2, 11.6, 12.3, 11.2], "rotation": 90, "texture": "#1"},
				"up": {"uv": [2.8, 11.1, 3.2, 10], "rotation": 90, "texture": "#1"},
				"down": {"uv": [4.4, 11.1, 4.8, 10], "rotation": 90, "texture": "#1"}
			}
		},
		{
			"from": [15.81556, 15.05876, 14.275],
			"to": [17.01556, 16.25876, 15.725],
			"rotation": {"angle": 0, "axis": "z", "origin": [8, 13.76808, 10.125]},
			"faces": {
				"north": {"uv": [11.6, 13.7, 12.1, 13.2], "rotation": 270, "texture": "#1"},
				"east": {"uv": [4.4, 12.8, 4.9, 13.4], "rotation": 90, "texture": "#1"},
				"south": {"uv": [13.2, 11.7, 13.7, 11.2], "rotation": 90, "texture": "#1"},
				"west": {"uv": [0.8, 13.4, 1.3, 12.8], "rotation": 90, "texture": "#1"},
				"up": {"uv": [12.4, 12.5, 13, 12], "rotation": 90, "texture": "#1"},
				"down": {"uv": [0, 13.3, 0.6, 12.8], "rotation": 90, "texture": "#1"}
			}
		},
		{
			"from": [14.52344, 13.76664, 14.3],
			"to": [16.22344, 15.46664, 15.7],
			"rotation": {"angle": 0, "axis": "z", "origin": [8, 13.76808, 10.125]},
			"faces": {
				"north": {"uv": [11.2, 3.6, 11.9, 4.3], "texture": "#1"},
				"east": {"uv": [3.6, 11.6, 4.2, 12.3], "texture": "#1"},
				"south": {"uv": [11.2, 2.8, 11.9, 3.5], "texture": "#1"},
				"west": {"uv": [2.4, 11.6, 3, 12.3], "texture": "#1"},
				"up": {"uv": [12.3, 5, 11.6, 4.4], "rotation": 180, "texture": "#1"},
				"down": {"uv": [12.3, 6.4, 11.6, 7], "rotation": 180, "texture": "#1"}
			}
		},
		{
			"from": [15.70023, 11.00984, 14.535],
			"to": [16.45023, 12.25984, 15.465],
			"rotation": {"angle": 22.5, "axis": "z", "origin": [8, 13.76808, 10.125]},
			"faces": {
				"north": {"uv": [0.5, 14.4, 0, 14.7], "rotation": 270, "texture": "#1"},
				"east": {"uv": [13.6, 6, 14.1, 5.6], "rotation": 270, "texture": "#1"},
				"south": {"uv": [14.5, 14, 14, 14.3], "rotation": 90, "texture": "#1"},
				"west": {"uv": [13.6, 7.6, 14.1, 8], "rotation": 270, "texture": "#1"},
				"up": {"uv": [14.8, 12, 14.4, 12.3], "rotation": 90, "texture": "#1"},
				"down": {"uv": [14.8, 11.6, 14.4, 11.9], "rotation": 90, "texture": "#1"}
			}
		},
		{
			"from": [13.76692, 17.93706, 14.535],
			"to": [15.01692, 18.68706, 15.465],
			"rotation": {"angle": -22.5, "axis": "z", "origin": [8, 13.76808, 10.125]},
			"faces": {
				"north": {"uv": [0, 14.4, 0.5, 14.7], "texture": "#1"},
				"east": {"uv": [14.4, 12, 14.8, 12.3], "texture": "#1"},
				"south": {"uv": [14, 14, 14.5, 14.3], "texture": "#1"},
				"west": {"uv": [14.4, 11.6, 14.8, 11.9], "texture": "#1"},
				"up": {"uv": [14.1, 6, 13.6, 5.6], "rotation": 180, "texture": "#1"},
				"down": {"uv": [14.1, 7.6, 13.6, 8], "rotation": 180, "texture": "#1"}
			}
		},
		{
			"from": [-2.02656, 14.46975, 14.55],
			"to": [0.77344, 17.26975, 15.45],
			"rotation": {"angle": 0, "axis": "z", "origin": [8, 13.76808, 10.125]},
			"faces": {
				"north": {"uv": [8.8, 4.4, 9.9, 5.5], "rotation": 270, "texture": "#1"},
				"east": {"uv": [11.2, 11.2, 12.3, 11.6], "rotation": 90, "texture": "#1"},
				"south": {"uv": [3.6, 8.8, 4.7, 9.9], "rotation": 90, "texture": "#1"},
				"west": {"uv": [1.2, 12, 2.3, 11.6], "rotation": 90, "texture": "#1"},
				"up": {"uv": [2.8, 10, 3.2, 11.1], "rotation": 90, "texture": "#1"},
				"down": {"uv": [4.4, 10, 4.8, 11.1], "rotation": 90, "texture": "#1"}
			}
		},
		{
			"from": [-1.01556, 15.05876, 14.275],
			"to": [0.18444, 16.25876, 15.725],
			"rotation": {"angle": 0, "axis": "z", "origin": [8, 13.76808, 10.125]},
			"faces": {
				"north": {"uv": [11.6, 13.2, 12.1, 13.7], "rotation": 270, "texture": "#1"},
				"east": {"uv": [0.8, 12.8, 1.3, 13.4], "rotation": 90, "texture": "#1"},
				"south": {"uv": [13.2, 11.2, 13.7, 11.7], "rotation": 90, "texture": "#1"},
				"west": {"uv": [4.4, 13.4, 4.9, 12.8], "rotation": 90, "texture": "#1"},
				"up": {"uv": [12.4, 12, 13, 12.5], "rotation": 90, "texture": "#1"},
				"down": {"uv": [0, 12.8, 0.6, 13.3], "rotation": 90, "texture": "#1"}
			}
		},
		{
			"from": [-0.22344, 13.76664, 14.3],
			"to": [1.47656, 15.46664, 15.7],
			"rotation": {"angle": 0, "axis": "z", "origin": [8, 13.76808, 10.125]},
			"faces": {
				"north": {"uv": [11.9, 3.6, 11.2, 4.3], "texture": "#1"},
				"east": {"uv": [3, 11.6, 2.4, 12.3], "texture": "#1"},
				"south": {"uv": [11.9, 2.8, 11.2, 3.5], "texture": "#1"},
				"west": {"uv": [4.2, 11.6, 3.6, 12.3], "texture": "#1"},
				"up": {"uv": [11.6, 5, 12.3, 4.4], "rotation": 180, "texture": "#1"},
				"down": {"uv": [11.6, 6.4, 12.3, 7], "rotation": 180, "texture": "#1"}
			}
		},
		{
			"from": [-0.45023, 11.00984, 14.535],
			"to": [0.29977, 12.25984, 15.465],
			"rotation": {"angle": -22.5, "axis": "z", "origin": [8, 13.76808, 10.125]},
			"faces": {
				"north": {"uv": [0.5, 14.7, 0, 14.4], "rotation": 270, "texture": "#1"},
				"east": {"uv": [13.6, 8, 14.1, 7.6], "rotation": 270, "texture": "#1"},
				"south": {"uv": [14.5, 14.3, 14, 14], "rotation": 90, "texture": "#1"},
				"west": {"uv": [13.6, 5.6, 14.1, 6], "rotation": 270, "texture": "#1"},
				"up": {"uv": [14.8, 12.3, 14.4, 12], "rotation": 90, "texture": "#1"},
				"down": {"uv": [14.8, 11.9, 14.4, 11.6], "rotation": 90, "texture": "#1"}
			}
		},
		{
			"from": [0.98308, 17.93706, 14.535],
			"to": [2.23308, 18.68706, 15.465],
			"rotation": {"angle": 22.5, "axis": "z", "origin": [8, 13.76808, 10.125]},
			"faces": {
				"north": {"uv": [0.5, 14.4, 0, 14.7], "texture": "#1"},
				"east": {"uv": [14.8, 11.6, 14.4, 11.9], "texture": "#1"},
				"south": {"uv": [14.5, 14, 14, 14.3], "texture": "#1"},
				"west": {"uv": [14.8, 12, 14.4, 12.3], "texture": "#1"},
				"up": {"uv": [13.6, 6, 14.1, 5.6], "rotation": 180, "texture": "#1"},
				"down": {"uv": [13.6, 7.6, 14.1, 8], "rotation": 180, "texture": "#1"}
			}
		},
		{
			"from": [0.68773, 18.28034, 14.55],
			"to": [3.48773, 21.08034, 15.45],
			"rotation": {"angle": -45, "axis": "z", "origin": [8, 13.76808, 10.125]},
			"faces": {
				"north": {"uv": [8.8, 4.4, 9.9, 5.5], "rotation": 270, "texture": "#1"},
				"east": {"uv": [11.2, 11.2, 12.3, 11.6], "rotation": 90, "texture": "#1"},
				"south": {"uv": [3.6, 8.8, 4.7, 9.9], "rotation": 90, "texture": "#1"},
				"west": {"uv": [1.2, 12, 2.3, 11.6], "rotation": 90, "texture": "#1"},
				"up": {"uv": [2.8, 10, 3.2, 11.1], "rotation": 90, "texture": "#1"},
				"down": {"uv": [4.4, 10, 4.8, 11.1], "rotation": 90, "texture": "#1"}
			}
		},
		{
			"from": [1.69873, 18.86935, 14.275],
			"to": [2.89873, 20.06935, 15.725],
			"rotation": {"angle": -45, "axis": "z", "origin": [8, 13.76808, 10.125]},
			"faces": {
				"north": {"uv": [11.6, 13.2, 12.1, 13.7], "rotation": 270, "texture": "#1"},
				"east": {"uv": [0.8, 12.8, 1.3, 13.4], "rotation": 90, "texture": "#1"},
				"south": {"uv": [13.2, 11.2, 13.7, 11.7], "rotation": 90, "texture": "#1"},
				"west": {"uv": [4.4, 13.4, 4.9, 12.8], "rotation": 90, "texture": "#1"},
				"up": {"uv": [12.4, 12, 13, 12.5], "rotation": 90, "texture": "#1"},
				"down": {"uv": [0, 12.8, 0.6, 13.3], "rotation": 90, "texture": "#1"}
			}
		},
		{
			"from": [2.49085, 17.57723, 14.3],
			"to": [4.19085, 19.27723, 15.7],
			"rotation": {"angle": -45, "axis": "z", "origin": [8, 13.76808, 10.125]},
			"faces": {
				"north": {"uv": [11.9, 3.6, 11.2, 4.3], "texture": "#1"},
				"east": {"uv": [3, 11.6, 2.4, 12.3], "texture": "#1"},
				"south": {"uv": [11.9, 2.8, 11.2, 3.5], "texture": "#1"},
				"west": {"uv": [4.2, 11.6, 3.6, 12.3], "texture": "#1"},
				"up": {"uv": [11.6, 5, 12.3, 4.4], "rotation": 180, "texture": "#1"},
				"down": {"uv": [11.6, 6.4, 12.3, 7], "rotation": 180, "texture": "#1"}
			}
		},
		{
			"from": [9.80099, 20.41887, 14.535],
			"to": [11.05099, 21.16887, 15.465],
			"rotation": {"angle": 22.5, "axis": "z", "origin": [8, 13.76808, 10.125]},
			"faces": {
				"north": {"uv": [0.5, 14.7, 0, 14.4], "rotation": 180, "texture": "#1"},
				"east": {"uv": [14.8, 12.3, 14.4, 12], "rotation": 180, "texture": "#1"},
				"south": {"uv": [14.5, 14.3, 14, 14], "rotation": 180, "texture": "#1"},
				"west": {"uv": [14.8, 11.9, 14.4, 11.6], "rotation": 180, "texture": "#1"},
				"up": {"uv": [13.6, 5.6, 14.1, 6], "texture": "#1"},
				"down": {"uv": [13.6, 8, 14.1, 7.6], "texture": "#1"}
			}
		},
		{
			"from": [4.94901, 20.41887, 14.535],
			"to": [6.19901, 21.16887, 15.465],
			"rotation": {"angle": -22.5, "axis": "z", "origin": [8, 13.76808, 10.125]},
			"faces": {
				"north": {"uv": [0.5, 14.4, 0, 14.7], "texture": "#1"},
				"east": {"uv": [14.8, 11.6, 14.4, 11.9], "texture": "#1"},
				"south": {"uv": [14.5, 14, 14, 14.3], "texture": "#1"},
				"west": {"uv": [14.8, 12, 14.4, 12.3], "texture": "#1"},
				"up": {"uv": [13.6, 6, 14.1, 5.6], "rotation": 180, "texture": "#1"},
				"down": {"uv": [13.6, 7.6, 14.1, 8], "rotation": 180, "texture": "#1"}
			}
		},
		{
			"from": [9.34987, 9.79426, 4.785],
			"to": [10.59987, 10.54426, 5.715],
			"rotation": {"angle": -22.5, "axis": "z", "origin": [8, 13.76808, 10.125]},
			"faces": {
				"north": {"uv": [0.5, 14.4, 0, 14.7], "texture": "#1"},
				"east": {"uv": [14.8, 11.6, 14.4, 11.9], "texture": "#1"},
				"south": {"uv": [14.5, 14, 14, 14.3], "texture": "#1"},
				"west": {"uv": [14.8, 12, 14.4, 12.3], "texture": "#1"},
				"up": {"uv": [13.6, 6, 14.1, 5.6], "rotation": 180, "texture": "#1"},
				"down": {"uv": [13.6, 7.6, 14.1, 8], "rotation": 180, "texture": "#1"}
			}
		},
		{
			"from": [5.40013, 9.79426, 4.785],
			"to": [6.65013, 10.54426, 5.715],
			"rotation": {"angle": 22.5, "axis": "z", "origin": [8, 13.76808, 10.125]},
			"faces": {
				"north": {"uv": [0.5, 14.7, 0, 14.4], "rotation": 180, "texture": "#1"},
				"east": {"uv": [14.8, 12.3, 14.4, 12], "rotation": 180, "texture": "#1"},
				"south": {"uv": [14.5, 14.3, 14, 14], "rotation": 180, "texture": "#1"},
				"west": {"uv": [14.8, 11.9, 14.4, 11.6], "rotation": 180, "texture": "#1"},
				"up": {"uv": [13.6, 5.6, 14.1, 6], "texture": "#1"},
				"down": {"uv": [13.6, 8, 14.1, 7.6], "texture": "#1"}
			}
		},
		{
			"from": [10.62258, 9.4455, 4.55],
			"to": [12.32258, 11.1455, 5.95],
			"rotation": {"angle": -45, "axis": "z", "origin": [8, 13.76808, 10.125]},
			"faces": {
				"north": {"uv": [11.9, 3.6, 11.2, 4.3], "texture": "#1"},
				"east": {"uv": [3, 11.6, 2.4, 12.3], "texture": "#1"},
				"south": {"uv": [11.9, 2.8, 11.2, 3.5], "texture": "#1"},
				"west": {"uv": [4.2, 11.6, 3.6, 12.3], "texture": "#1"},
				"up": {"uv": [11.6, 5, 12.3, 4.4], "rotation": 180, "texture": "#1"},
				"down": {"uv": [11.6, 6.4, 12.3, 7], "rotation": 180, "texture": "#1"}
			}
		},
		{
			"from": [9.83046, 10.73762, 4.525],
			"to": [11.03046, 11.93762, 5.975],
			"rotation": {"angle": -45, "axis": "z", "origin": [8, 13.76808, 10.125]},
			"faces": {
				"north": {"uv": [11.6, 13.2, 12.1, 13.7], "rotation": 270, "texture": "#1"},
				"east": {"uv": [0.8, 12.8, 1.3, 13.4], "rotation": 90, "texture": "#1"},
				"south": {"uv": [13.2, 11.2, 13.7, 11.7], "rotation": 90, "texture": "#1"},
				"west": {"uv": [4.4, 13.4, 4.9, 12.8], "rotation": 90, "texture": "#1"},
				"up": {"uv": [12.4, 12, 13, 12.5], "rotation": 90, "texture": "#1"},
				"down": {"uv": [0, 12.8, 0.6, 13.3], "rotation": 90, "texture": "#1"}
			}
		},
		{
			"from": [8.81946, 10.14861, 4.8],
			"to": [11.61946, 12.94861, 5.7],
			"rotation": {"angle": -45, "axis": "z", "origin": [8, 13.76808, 10.125]},
			"faces": {
				"north": {"uv": [8.8, 4.4, 9.9, 5.5], "rotation": 270, "texture": "#1"},
				"east": {"uv": [11.2, 11.2, 12.3, 11.6], "rotation": 90, "texture": "#1"},
				"south": {"uv": [3.6, 8.8, 4.7, 9.9], "rotation": 90, "texture": "#1"},
				"west": {"uv": [1.2, 12, 2.3, 11.6], "rotation": 90, "texture": "#1"},
				"up": {"uv": [2.8, 10, 3.2, 11.1], "rotation": 90, "texture": "#1"},
				"down": {"uv": [4.4, 10, 4.8, 11.1], "rotation": 90, "texture": "#1"}
			}
		},
		{
			"from": [7.2678, 13.00027, 13.9],
			"to": [8.7678, 14.50027, 16.1],
			"rotation": {"angle": -45, "axis": "z", "origin": [8, 13.76808, 10.125]},
			"faces": {
				"north": {"uv": [11.2, 2.7, 11.9, 2], "texture": "#1"},
				"east": {"uv": [10.4, 7.9, 11.3, 7.2], "texture": "#1"},
				"south": {"uv": [1.2, 11.5, 1.9, 10.8], "texture": "#1"},
				"west": {"uv": [10.4, 7.1, 11.3, 6.4], "texture": "#1"},
				"up": {"uv": [0.4, 10.8, 1.1, 11.7], "texture": "#1"},
				"down": {"uv": [8.8, 11.3, 9.5, 10.4], "texture": "#1"}
			}
		},
		{
			"from": [4, 9.98089, 14.25],
			"to": [12, 17.98089, 15.75],
			"rotation": {"angle": 0, "axis": "y", "origin": [8, 13.76808, 10.125]},
			"faces": {
				"north": {"uv": [16, 16, 0, 0], "rotation": 180, "texture": "#2"},
				"east": {"uv": [0.25, 1.2, 1.25, 0.25], "rotation": 180, "texture": "#2"},
				"south": {"uv": [0, 16, 16, 0], "rotation": 180, "texture": "#2"},
				"west": {"uv": [0.25, 1.2, 1.25, 0.25], "rotation": 180, "texture": "#2"},
				"up": {"uv": [0.25, 1.2, 1.25, 0.25], "rotation": 90, "texture": "#2"},
				"down": {"uv": [0.25, 1.2, 1.25, 0.25], "rotation": 270, "texture": "#2"}
			}
		},
		{
			"from": [12, 4.73089, 13.5],
			"to": [18, 10.73089, 14],
			"rotation": {"angle": 0, "axis": "y", "origin": [8, 13.76808, 10.125]},
			"faces": {
				"north": {"uv": [16, 16, 0, 0], "rotation": 180, "texture": "#2"},
				"east": {"uv": [0.25, 1.2, 1.25, 0.25], "rotation": 180, "texture": "#2"},
				"south": {"uv": [0, 16, 16, 0], "rotation": 180, "texture": "#2"},
				"west": {"uv": [0.25, 1.2, 1.25, 0.25], "rotation": 180, "texture": "#2"},
				"up": {"uv": [0.25, 1.2, 1.25, 0.25], "rotation": 90, "texture": "#2"},
				"down": {"uv": [0.25, 1.2, 1.25, 0.25], "rotation": 270, "texture": "#2"}
			}
		},
		{
			"from": [4.5, 13.63089, 14.5],
			"to": [11.5, 20.63089, 15.5],
			"rotation": {"angle": 0, "axis": "y", "origin": [8, 13.76808, 10.125]},
			"faces": {
				"north": {"uv": [0, 16, 16, 0], "rotation": 180, "texture": "#3"},
				"east": {"uv": [1.25, 1.2, 0.25, 0.25], "rotation": 180, "texture": "#3"},
				"south": {"uv": [16, 16, 0, 0], "rotation": 180, "texture": "#3"},
				"west": {"uv": [1.25, 1.2, 0.25, 0.25], "rotation": 180, "texture": "#3"},
				"up": {"uv": [0.25, 0.25, 1.25, 1.2], "rotation": 90, "texture": "#3"},
				"down": {"uv": [0.25, 0.25, 1.25, 1.2], "rotation": 270, "texture": "#3"}
			}
		},
		{
			"from": [11.5, 6.13089, 13.75],
			"to": [18.5, 13.13089, 13.75],
			"rotation": {"angle": 0, "axis": "y", "origin": [8, 13.76808, 10.125]},
			"faces": {
				"north": {"uv": [0, 16, 16, 0], "rotation": 180, "texture": "#3"},
				"east": {"uv": [1.25, 1.2, 0.25, 0.25], "rotation": 180, "texture": "#3"},
				"south": {"uv": [16, 16, 0, 0], "rotation": 180, "texture": "#3"},
				"west": {"uv": [1.25, 1.2, 0.25, 0.25], "rotation": 180, "texture": "#3"},
				"up": {"uv": [0.25, 0.25, 1.25, 1.2], "rotation": 90, "texture": "#3"},
				"down": {"uv": [0.25, 0.25, 1.25, 1.2], "rotation": 270, "texture": "#3"}
			}
		},
		{
			"from": [-2.5, 6.13089, 13.75],
			"to": [4.5, 13.13089, 13.75],
			"rotation": {"angle": 0, "axis": "y", "origin": [8, 13.76808, 10.125]},
			"faces": {
				"north": {"uv": [16, 16, 0, 0], "rotation": 180, "texture": "#3"},
				"east": {"uv": [0.25, 1.2, 1.25, 0.25], "rotation": 180, "texture": "#3"},
				"south": {"uv": [0, 16, 16, 0], "rotation": 180, "texture": "#3"},
				"west": {"uv": [0.25, 1.2, 1.25, 0.25], "rotation": 180, "texture": "#3"},
				"up": {"uv": [0.25, 1.2, 1.25, 0.25], "rotation": 90, "texture": "#3"},
				"down": {"uv": [0.25, 1.2, 1.25, 0.25], "rotation": 270, "texture": "#3"}
			}
		},
		{
			"from": [-2, 4.73089, 13.5],
			"to": [4, 10.73089, 14],
			"rotation": {"angle": 0, "axis": "y", "origin": [8, 13.76808, 10.125]},
			"faces": {
				"north": {"uv": [0, 16, 16, 0], "rotation": 180, "texture": "#2"},
				"east": {"uv": [1.25, 1.2, 0.25, 0.25], "rotation": 180, "texture": "#2"},
				"south": {"uv": [16, 16, 0, 0], "rotation": 180, "texture": "#2"},
				"west": {"uv": [1.25, 1.2, 0.25, 0.25], "rotation": 180, "texture": "#2"},
				"up": {"uv": [0.25, 0.25, 1.25, 1.2], "rotation": 90, "texture": "#2"},
				"down": {"uv": [0.25, 0.25, 1.25, 1.2], "rotation": 270, "texture": "#2"}
			}
		},
		{
			"name": "octagon",
			"from": [6.38722, 13.09256, 14.155],
			"to": [9.58722, 14.41804, 15.845],
			"rotation": {"angle": 45, "axis": "z", "origin": [8, 13.76808, 10.125]},
			"faces": {
				"north": {"uv": [1.7, 10.5, 0.4, 10], "texture": "#1"},
				"east": {"uv": [5.2, 12.5, 5.9, 12], "texture": "#1"},
				"south": {"uv": [0.4, 10.5, 1.7, 10], "texture": "#1"},
				"west": {"uv": [4.4, 12.5, 5.1, 12], "texture": "#1"},
				"up": {"uv": [9.6, 2.8, 10.9, 3.5], "texture": "#1"},
				"down": {"uv": [9.6, 2.7, 10.9, 2], "texture": "#1"}
			}
		},
		{
			"name": "octagon",
			"from": [6.4, 13.08726, 14.15],
			"to": [9.6, 14.41274, 15.85],
			"rotation": {"angle": 0, "axis": "y", "origin": [8, 13.76808, 10.125]},
			"faces": {
				"north": {"uv": [10, 8.5, 11.3, 8], "texture": "#1"},
				"east": {"uv": [6, 12.5, 6.7, 12], "texture": "#1"},
				"south": {"uv": [10, 8.5, 11.3, 8], "texture": "#1"},
				"west": {"uv": [12, 5.7, 12.7, 5.2], "texture": "#1"},
				"up": {"uv": [9.6, 5.6, 10.9, 6.3], "texture": "#1"},
				"down": {"uv": [9.6, 4.3, 10.9, 3.6], "texture": "#1"}
			}
		},
		{
			"name": "octagon",
			"from": [7.33726, 12.15, 14.15],
			"to": [8.66274, 15.35, 15.85],
			"rotation": {"angle": 0, "axis": "y", "origin": [8, 13.76808, 10.125]},
			"faces": {
				"north": {"uv": [2, 11.3, 2.5, 10], "texture": "#1"},
				"east": {"uv": [9.6, 7.7, 10.3, 6.4], "texture": "#1"},
				"south": {"uv": [2, 11.3, 2.5, 10], "texture": "#1"},
				"west": {"uv": [6.4, 10.9, 7.1, 9.6], "texture": "#1"},
				"up": {"uv": [12, 7.6, 12.5, 8.3], "texture": "#1"},
				"down": {"uv": [7.2, 12.7, 7.7, 12], "texture": "#1"}
			}
		},
		{
			"name": "octagon",
			"from": [7.32448, 12.1553, 14.155],
			"to": [8.64996, 15.3553, 15.845],
			"rotation": {"angle": 45, "axis": "z", "origin": [8, 13.76808, 10.125]},
			"faces": {
				"north": {"uv": [10.5, 10.9, 10, 9.6], "texture": "#1"},
				"east": {"uv": [8, 10.9, 8.7, 9.6], "texture": "#1"},
				"south": {"uv": [10, 10.9, 10.5, 9.6], "texture": "#1"},
				"west": {"uv": [7.2, 10.9, 7.9, 9.6], "texture": "#1"},
				"up": {"uv": [12, 10.4, 12.5, 11.1], "texture": "#1"},
				"down": {"uv": [12, 10.3, 12.5, 9.6], "texture": "#1"}
			}
		}
	],
	"gui_light": "front",
	"display": {
		"thirdperson_righthand": {
			"rotation": [67.5, 0, 0],
			"translation": [0, 2, -0.5],
			"scale": [0.58, 0.58, 0.58]
		},
		"thirdperson_lefthand": {
			"rotation": [67.5, 0, 0],
			"translation": [0, 2, -0.5],
			"scale": [0.58, 0.58, 0.58]
		},
		"firstperson_righthand": {
			"translation": [5.5, -1.5, -7]
		},
		"firstperson_lefthand": {
			"translation": [5.5, -1.5, -7]
		},
		"ground": {
			"translation": [0, 4, 0],
			"scale": [1.1118, 1.1118, 1.1118]
		},
		"gui": {
			"rotation": [30, 135, 0],
			"translation": [-2.5, -4.25, 0],
			"scale": [0.72227, 0.72227, 0.72227]
		},
		"head": {
			"translation": [0, -0.5, -2],
			"scale": [2.81, 2.81, 2.81]
		},
		"fixed": {
			"rotation": [-90, 0, 0],
			"translation": [0, -0.75, -6.75],
			"scale": [3, 3, 3]
		}
	}
}