{
	"credit": "MadewithBlockbench",
	"textures": {
		"1": "chronicles_animated_weapon_set:texture",
		"2": "chronicles_animated_weapon_set:eff_01",
		"3": "chronicles_animated_weapon_set:eff_02",
		"4": "chronicles_animated_weapon_set:wings",
		"particle": "chronicles_animated_weapon_set:eff_01"
	},
	"elements": [
		{
			"from": [8, -7.08089, -16],
			"to": [8, 17.91911, 8.8],
			"rotation": {"angle": -22.5, "axis": "x", "origin": [8, 5.41911, -3.6]},
			"faces": {
				"north": {"uv": [0, 0, 0, 1.9], "texture": "#4"},
				"east": {"uv": [16, 0, 0, 16], "texture": "#4"},
				"south": {"uv": [0, 0, 0, 1.9], "texture": "#4"},
				"west": {"uv": [0, 0, 16, 16], "texture": "#4"},
				"up": {"uv": [1.8, 0, 0, 0], "rotation": 90, "texture": "#4"},
				"down": {"uv": [1.8, 0, 0, 0], "rotation": 270, "texture": "#4"}
			}
		},
		{
			"from": [8, -7.08089, 7.2],
			"to": [8, 17.91911, 32],
			"rotation": {"angle": 22.5, "axis": "x", "origin": [8, 5.41911, 19.6]},
			"faces": {
				"north": {"uv": [0, 0, 0, 1.9], "texture": "#4"},
				"east": {"uv": [0, 0, 16, 16], "texture": "#4"},
				"south": {"uv": [0, 0, 0, 1.9], "texture": "#4"},
				"west": {"uv": [16, 0, 0, 16], "texture": "#4"},
				"up": {"uv": [0, 0, 1.8, 0], "rotation": 90, "texture": "#4"},
				"down": {"uv": [0, 0, 1.8, 0], "rotation": 270, "texture": "#4"}
			}
		},
		{
			"from": [7.45, 10.51936, 8.43064],
			"to": [8.55, 11.66936, 9.58064],
			"rotation": {"angle": 45, "axis": "x", "origin": [8, 12.1, 8]},
			"faces": {
				"north": {"uv": [14, 1.6, 14.4, 2.1], "texture": "#1"},
				"east": {"uv": [6.8, 13.6, 7.3, 14.1], "texture": "#1"},
				"south": {"uv": [1.6, 14, 2, 14.5], "texture": "#1"},
				"west": {"uv": [13.6, 6.8, 14.1, 7.3], "texture": "#1"},
				"up": {"uv": [2.5, 14.4, 2, 14], "rotation": 90, "texture": "#1"},
				"down": {"uv": [14.5, 2.4, 14, 2.8], "rotation": 270, "texture": "#1"}
			}
		},
		{
			"from": [7.5, 10.48824, 7.74556],
			"to": [8.5, 11.63824, 8.14556],
			"rotation": {"angle": -22.5, "axis": "x", "origin": [8, 12.1, 8]},
			"faces": {
				"north": {"uv": [3.6, 14, 4, 14.5], "texture": "#1"},
				"east": {"uv": [0, 14.8, 0.2, 15.3], "texture": "#1"},
				"south": {"uv": [2.8, 14, 3.2, 14.5], "texture": "#1"},
				"west": {"uv": [0.4, 14.8, 0.6, 15.3], "texture": "#1"},
				"up": {"uv": [6.6, 15.2, 6.4, 14.8], "rotation": 90, "texture": "#1"},
				"down": {"uv": [7, 14.8, 6.8, 15.2], "rotation": 270, "texture": "#1"}
			}
		},
		{
			"from": [7.5, 10.48824, 7.85444],
			"to": [8.5, 11.63824, 8.25444],
			"rotation": {"angle": 22.5, "axis": "x", "origin": [8, 12.1, 8]},
			"faces": {
				"north": {"uv": [3.2, 14, 2.8, 14.5], "texture": "#1"},
				"east": {"uv": [0.2, 14.8, 0, 15.3], "texture": "#1"},
				"south": {"uv": [4, 14, 3.6, 14.5], "texture": "#1"},
				"west": {"uv": [0.6, 14.8, 0.4, 15.3], "texture": "#1"},
				"up": {"uv": [6.4, 15.2, 6.6, 14.8], "rotation": 90, "texture": "#1"},
				"down": {"uv": [6.8, 14.8, 7, 15.2], "rotation": 270, "texture": "#1"}
			}
		},
		{
			"from": [7.5, 12.56176, 7.74556],
			"to": [8.5, 13.71176, 8.14556],
			"rotation": {"angle": 22.5, "axis": "x", "origin": [8, 12.1, 8]},
			"faces": {
				"north": {"uv": [3.6, 14.5, 4, 14], "texture": "#1"},
				"east": {"uv": [0, 15.3, 0.2, 14.8], "texture": "#1"},
				"south": {"uv": [2.8, 14.5, 3.2, 14], "texture": "#1"},
				"west": {"uv": [0.4, 15.3, 0.6, 14.8], "texture": "#1"},
				"up": {"uv": [6.8, 14.8, 7, 15.2], "rotation": 270, "texture": "#1"},
				"down": {"uv": [6.4, 15.2, 6.6, 14.8], "rotation": 90, "texture": "#1"}
			}
		},
		{
			"from": [7.5, 12.56176, 7.85444],
			"to": [8.5, 13.71176, 8.25444],
			"rotation": {"angle": -22.5, "axis": "x", "origin": [8, 12.1, 8]},
			"faces": {
				"north": {"uv": [3.2, 14.5, 2.8, 14], "texture": "#1"},
				"east": {"uv": [0.2, 15.3, 0, 14.8], "texture": "#1"},
				"south": {"uv": [4, 14.5, 3.6, 14], "texture": "#1"},
				"west": {"uv": [0.6, 15.3, 0.4, 14.8], "texture": "#1"},
				"up": {"uv": [7, 14.8, 6.8, 15.2], "rotation": 270, "texture": "#1"},
				"down": {"uv": [6.6, 15.2, 6.4, 14.8], "rotation": 90, "texture": "#1"}
			}
		},
		{
			"from": [7.45, 12.53064, 8.43064],
			"to": [8.55, 13.68064, 9.58064],
			"rotation": {"angle": -45, "axis": "x", "origin": [8, 12.1, 8]},
			"faces": {
				"north": {"uv": [14, 2.1, 14.4, 1.6], "texture": "#1"},
				"east": {"uv": [6.8, 14.1, 7.3, 13.6], "texture": "#1"},
				"south": {"uv": [1.6, 14.5, 2, 14], "texture": "#1"},
				"west": {"uv": [13.6, 7.3, 14.1, 6.8], "texture": "#1"},
				"up": {"uv": [14, 2.4, 14.5, 2.8], "rotation": 270, "texture": "#1"},
				"down": {"uv": [2, 14.4, 2.5, 14], "rotation": 90, "texture": "#1"}
			}
		},
		{
			"from": [7.45, 10.51936, 8.43064],
			"to": [8.55, 11.66936, 9.58064],
			"rotation": {"angle": -45, "axis": "x", "origin": [8, 12.1, 8]},
			"faces": {
				"north": {"uv": [14, 1.6, 14.4, 2.1], "texture": "#1"},
				"east": {"uv": [6.8, 13.6, 7.3, 14.1], "texture": "#1"},
				"south": {"uv": [1.6, 14, 2, 14.5], "texture": "#1"},
				"west": {"uv": [13.6, 6.8, 14.1, 7.3], "texture": "#1"},
				"up": {"uv": [2.5, 14.4, 2, 14], "rotation": 90, "texture": "#1"},
				"down": {"uv": [14.5, 2.4, 14, 2.8], "rotation": 270, "texture": "#1"}
			}
		},
		{
			"from": [7.5, 11.84556, 8.46176],
			"to": [8.5, 12.24556, 9.61176],
			"rotation": {"angle": -22.5, "axis": "x", "origin": [8, 12.1, 8]},
			"faces": {
				"north": {"uv": [6.6, 15.2, 6.4, 14.8], "rotation": 270, "texture": "#1"},
				"east": {"uv": [0, 14.8, 0.2, 15.3], "rotation": 90, "texture": "#1"},
				"south": {"uv": [7, 14.8, 6.8, 15.2], "rotation": 270, "texture": "#1"},
				"west": {"uv": [0.4, 14.8, 0.6, 15.3], "rotation": 270, "texture": "#1"},
				"up": {"uv": [2.8, 14, 3.2, 14.5], "texture": "#1"},
				"down": {"uv": [3.6, 14, 4, 14.5], "rotation": 180, "texture": "#1"}
			}
		},
		{
			"from": [7.5, 11.95444, 8.46176],
			"to": [8.5, 12.35444, 9.61176],
			"rotation": {"angle": 22.5, "axis": "x", "origin": [8, 12.1, 8]},
			"faces": {
				"north": {"uv": [6.4, 15.2, 6.6, 14.8], "rotation": 270, "texture": "#1"},
				"east": {"uv": [0.2, 14.8, 0, 15.3], "rotation": 90, "texture": "#1"},
				"south": {"uv": [6.8, 14.8, 7, 15.2], "rotation": 270, "texture": "#1"},
				"west": {"uv": [0.6, 14.8, 0.4, 15.3], "rotation": 270, "texture": "#1"},
				"up": {"uv": [4, 14, 3.6, 14.5], "texture": "#1"},
				"down": {"uv": [3.2, 14, 2.8, 14.5], "rotation": 180, "texture": "#1"}
			}
		},
		{
			"from": [7.5, 11.84556, 6.38824],
			"to": [8.5, 12.24556, 7.53824],
			"rotation": {"angle": 22.5, "axis": "x", "origin": [8, 12.1, 8]},
			"faces": {
				"north": {"uv": [6.8, 14.8, 7, 15.2], "rotation": 90, "texture": "#1"},
				"east": {"uv": [0, 15.3, 0.2, 14.8], "rotation": 90, "texture": "#1"},
				"south": {"uv": [6.4, 15.2, 6.6, 14.8], "rotation": 90, "texture": "#1"},
				"west": {"uv": [0.4, 15.3, 0.6, 14.8], "rotation": 270, "texture": "#1"},
				"up": {"uv": [2.8, 14.5, 3.2, 14], "texture": "#1"},
				"down": {"uv": [3.6, 14.5, 4, 14], "rotation": 180, "texture": "#1"}
			}
		},
		{
			"from": [7.5, 11.95444, 6.38824],
			"to": [8.5, 12.35444, 7.53824],
			"rotation": {"angle": -22.5, "axis": "x", "origin": [8, 12.1, 8]},
			"faces": {
				"north": {"uv": [7, 14.8, 6.8, 15.2], "rotation": 90, "texture": "#1"},
				"east": {"uv": [0.2, 15.3, 0, 14.8], "rotation": 90, "texture": "#1"},
				"south": {"uv": [6.6, 15.2, 6.4, 14.8], "rotation": 90, "texture": "#1"},
				"west": {"uv": [0.6, 15.3, 0.4, 14.8], "rotation": 270, "texture": "#1"},
				"up": {"uv": [4, 14.5, 3.6, 14], "texture": "#1"},
				"down": {"uv": [3.2, 14.5, 2.8, 14], "rotation": 180, "texture": "#1"}
			}
		},
		{
			"from": [7.45, 12.53064, 6.41936],
			"to": [8.55, 13.68064, 7.56936],
			"rotation": {"angle": -45, "axis": "x", "origin": [8, 12.1, 8]},
			"faces": {
				"north": {"uv": [14, 2.4, 14.5, 2.8], "rotation": 90, "texture": "#1"},
				"east": {"uv": [6.8, 14.1, 7.3, 13.6], "rotation": 90, "texture": "#1"},
				"south": {"uv": [2, 14.4, 2.5, 14], "rotation": 90, "texture": "#1"},
				"west": {"uv": [13.6, 7.3, 14.1, 6.8], "rotation": 270, "texture": "#1"},
				"up": {"uv": [1.6, 14.5, 2, 14], "texture": "#1"},
				"down": {"uv": [14, 2.1, 14.4, 1.6], "rotation": 180, "texture": "#1"}
			}
		},
		{
			"from": [7.3, 5.72819, 10.10776],
			"to": [8.7, 6.92819, 11.30776],
			"rotation": {"angle": 0, "axis": "x", "origin": [8, 6.32568, 10.70525]},
			"faces": {
				"north": {"uv": [13.7, 0.8, 13.2, 1.4], "rotation": 90, "texture": "#1"},
				"east": {"uv": [13.6, 3.2, 14.1, 3.7], "rotation": 270, "texture": "#1"},
				"south": {"uv": [13.7, 0.6, 13.2, 0], "rotation": 90, "texture": "#1"},
				"west": {"uv": [13.6, 4, 14.1, 4.5], "rotation": 90, "texture": "#1"},
				"up": {"uv": [12.4, 12.8, 13, 13.3], "rotation": 180, "texture": "#1"},
				"down": {"uv": [12.8, 10, 13.4, 10.5], "texture": "#1"}
			}
		},
		{
			"from": [7.4, 4.80895, 9.18852],
			"to": [8.6, 6.50895, 10.88852],
			"rotation": {"angle": 0, "axis": "x", "origin": [8, 6.32568, 10.70525]},
			"faces": {
				"north": {"uv": [3.1, 12.4, 2.4, 12.9], "rotation": 90, "texture": "#1"},
				"east": {"uv": [4.4, 11.2, 5.1, 11.9], "rotation": 270, "texture": "#1"},
				"south": {"uv": [13.1, 2.1, 12.4, 1.6], "rotation": 90, "texture": "#1"},
				"west": {"uv": [5.2, 11.2, 5.9, 11.9], "rotation": 90, "texture": "#1"},
				"up": {"uv": [12.4, 0.8, 12.9, 1.5], "rotation": 180, "texture": "#1"},
				"down": {"uv": [12.4, 0, 12.9, 0.7], "texture": "#1"}
			}
		},
		{
			"from": [7.4, 6.1424, 10.52197],
			"to": [8.6, 7.8424, 12.22197],
			"rotation": {"angle": 0, "axis": "x", "origin": [8, 6.32568, 10.70525]},
			"faces": {
				"north": {"uv": [3.6, 12.4, 4.1, 13.1], "texture": "#1"},
				"east": {"uv": [11.2, 5.6, 11.9, 6.3], "texture": "#1"},
				"south": {"uv": [12.4, 2.4, 12.9, 3.1], "texture": "#1"},
				"west": {"uv": [6, 11.2, 6.7, 11.9], "texture": "#1"},
				"up": {"uv": [13.1, 4.5, 12.4, 4], "rotation": 90, "texture": "#1"},
				"down": {"uv": [13.1, 6, 12.4, 6.5], "rotation": 270, "texture": "#1"}
			}
		},
		{
			"from": [7.43, 3.25804, 9.75759],
			"to": [8.57, 4.00804, 11.25759],
			"rotation": {"angle": -45, "axis": "x", "origin": [8, 3.267, 11.56145]},
			"faces": {
				"north": {"uv": [14.4, 6, 14.9, 6.3], "texture": "#1"},
				"east": {"uv": [14, 2.8, 14.6, 3.1], "texture": "#1"},
				"south": {"uv": [6, 14.4, 6.5, 14.7], "texture": "#1"},
				"west": {"uv": [14, 9.6, 14.6, 9.9], "texture": "#1"},
				"up": {"uv": [13, 11.7, 12.4, 11.2], "rotation": 90, "texture": "#1"},
				"down": {"uv": [12.2, 12.4, 11.6, 12.9], "rotation": 270, "texture": "#1"}
			}
		},
		{
			"from": [7.435, 2.82658, 10.82371],
			"to": [8.565, 3.57658, 12.07371],
			"rotation": {"angle": 0, "axis": "y", "origin": [8, 3.267, 11.56145]},
			"faces": {
				"north": {"uv": [14.4, 7.2, 14.9, 7.5], "texture": "#1"},
				"east": {"uv": [14.4, 6.4, 14.9, 6.7], "texture": "#1"},
				"south": {"uv": [6.8, 14.4, 7.3, 14.7], "texture": "#1"},
				"west": {"uv": [14.4, 6.8, 14.9, 7.1], "texture": "#1"},
				"up": {"uv": [4.1, 13.7, 3.6, 13.2], "rotation": 90, "texture": "#1"},
				"down": {"uv": [13.7, 6, 13.2, 6.5], "rotation": 270, "texture": "#1"}
			}
		},
		{
			"from": [7.44, 3.1237, 11.39258],
			"to": [8.56, 4.3737, 12.14258],
			"rotation": {"angle": -45, "axis": "x", "origin": [8, 3.267, 11.56145]},
			"faces": {
				"north": {"uv": [14, 0, 14.4, 0.5], "texture": "#1"},
				"east": {"uv": [7.6, 14.4, 7.9, 14.9], "texture": "#1"},
				"south": {"uv": [13.6, 13.6, 14, 14.1], "texture": "#1"},
				"west": {"uv": [14.4, 7.6, 14.7, 8.1], "texture": "#1"},
				"up": {"uv": [13.1, 14.8, 12.8, 14.4], "rotation": 90, "texture": "#1"},
				"down": {"uv": [14.7, 12.8, 14.4, 13.2], "rotation": 270, "texture": "#1"}
			}
		},
		{
			"from": [7.3, 5.72819, 4.69224],
			"to": [8.7, 6.92819, 5.89224],
			"rotation": {"angle": 0, "axis": "x", "origin": [8, 6.32568, 5.29475]},
			"faces": {
				"north": {"uv": [13.7, 0, 13.2, 0.6], "rotation": 90, "texture": "#1"},
				"east": {"uv": [13.6, 3.7, 14.1, 3.2], "rotation": 270, "texture": "#1"},
				"south": {"uv": [13.7, 1.4, 13.2, 0.8], "rotation": 90, "texture": "#1"},
				"west": {"uv": [13.6, 4.5, 14.1, 4], "rotation": 90, "texture": "#1"},
				"up": {"uv": [12.4, 13.3, 13, 12.8], "rotation": 180, "texture": "#1"},
				"down": {"uv": [12.8, 10.5, 13.4, 10], "texture": "#1"}
			}
		},
		{
			"from": [7.4, 4.80895, 5.11148],
			"to": [8.6, 6.50895, 6.81148],
			"rotation": {"angle": 0, "axis": "x", "origin": [8, 6.32568, 5.29475]},
			"faces": {
				"north": {"uv": [13.1, 1.6, 12.4, 2.1], "rotation": 90, "texture": "#1"},
				"east": {"uv": [4.4, 11.9, 5.1, 11.2], "rotation": 270, "texture": "#1"},
				"south": {"uv": [3.1, 12.9, 2.4, 12.4], "rotation": 90, "texture": "#1"},
				"west": {"uv": [5.2, 11.9, 5.9, 11.2], "rotation": 90, "texture": "#1"},
				"up": {"uv": [12.4, 1.5, 12.9, 0.8], "rotation": 180, "texture": "#1"},
				"down": {"uv": [12.4, 0.7, 12.9, 0], "texture": "#1"}
			}
		},
		{
			"from": [7.4, 6.1424, 3.77803],
			"to": [8.6, 7.8424, 5.47803],
			"rotation": {"angle": 0, "axis": "x", "origin": [8, 6.32568, 5.29475]},
			"faces": {
				"north": {"uv": [12.9, 2.4, 12.4, 3.1], "texture": "#1"},
				"east": {"uv": [11.9, 5.6, 11.2, 6.3], "texture": "#1"},
				"south": {"uv": [4.1, 12.4, 3.6, 13.1], "texture": "#1"},
				"west": {"uv": [6.7, 11.2, 6, 11.9], "texture": "#1"},
				"up": {"uv": [12.4, 4.5, 13.1, 4], "rotation": 90, "texture": "#1"},
				"down": {"uv": [12.4, 6, 13.1, 6.5], "rotation": 270, "texture": "#1"}
			}
		},
		{
			"from": [7.65, 9.1424, 1.77803],
			"to": [8.35, 10.8424, 3.47803],
			"rotation": {"angle": 45, "axis": "x", "origin": [8, 9.9924, 2.62803]},
			"faces": {
				"north": {"uv": [12.9, 2.4, 12.4, 3.1], "texture": "#1"},
				"east": {"uv": [11.9, 5.6, 11.2, 6.3], "texture": "#1"},
				"south": {"uv": [4.1, 12.4, 3.6, 13.1], "texture": "#1"},
				"west": {"uv": [6.7, 11.2, 6, 11.9], "texture": "#1"},
				"up": {"uv": [12.4, 4.5, 13.1, 4], "rotation": 90, "texture": "#1"},
				"down": {"uv": [12.4, 6, 13.1, 6.5], "rotation": 270, "texture": "#1"}
			}
		},
		{
			"from": [7.65, 9.1424, 12.52197],
			"to": [8.35, 10.8424, 14.22197],
			"rotation": {"angle": -45, "axis": "x", "origin": [8, 9.9924, 13.37197]},
			"faces": {
				"north": {"uv": [3.6, 12.4, 4.1, 13.1], "texture": "#1"},
				"east": {"uv": [11.2, 5.6, 11.9, 6.3], "texture": "#1"},
				"south": {"uv": [12.4, 2.4, 12.9, 3.1], "texture": "#1"},
				"west": {"uv": [6, 11.2, 6.7, 11.9], "texture": "#1"},
				"up": {"uv": [13.1, 4.5, 12.4, 4], "rotation": 90, "texture": "#1"},
				"down": {"uv": [13.1, 6, 12.4, 6.5], "rotation": 270, "texture": "#1"}
			}
		},
		{
			"from": [7.43, 3.25804, 4.74241],
			"to": [8.57, 4.00804, 6.24241],
			"rotation": {"angle": 45, "axis": "x", "origin": [8, 3.267, 4.43855]},
			"faces": {
				"north": {"uv": [6.5, 14.4, 6, 14.7], "texture": "#1"},
				"east": {"uv": [14.6, 2.8, 14, 3.1], "texture": "#1"},
				"south": {"uv": [14.9, 6, 14.4, 6.3], "texture": "#1"},
				"west": {"uv": [14.6, 9.6, 14, 9.9], "texture": "#1"},
				"up": {"uv": [12.4, 11.7, 13, 11.2], "rotation": 90, "texture": "#1"},
				"down": {"uv": [11.6, 12.4, 12.2, 12.9], "rotation": 270, "texture": "#1"}
			}
		},
		{
			"from": [7.435, 2.82658, 3.92629],
			"to": [8.565, 3.57658, 5.17629],
			"rotation": {"angle": 0, "axis": "y", "origin": [8, 3.267, 4.43855]},
			"faces": {
				"north": {"uv": [7.3, 14.4, 6.8, 14.7], "texture": "#1"},
				"east": {"uv": [14.9, 6.4, 14.4, 6.7], "texture": "#1"},
				"south": {"uv": [14.9, 7.2, 14.4, 7.5], "texture": "#1"},
				"west": {"uv": [14.9, 6.8, 14.4, 7.1], "texture": "#1"},
				"up": {"uv": [3.6, 13.7, 4.1, 13.2], "rotation": 90, "texture": "#1"},
				"down": {"uv": [13.2, 6, 13.7, 6.5], "rotation": 270, "texture": "#1"}
			}
		},
		{
			"from": [7.44, 3.1237, 3.85742],
			"to": [8.56, 4.3737, 4.60742],
			"rotation": {"angle": 45, "axis": "x", "origin": [8, 3.267, 4.43855]},
			"faces": {
				"north": {"uv": [14, 13.6, 13.6, 14.1], "texture": "#1"},
				"east": {"uv": [7.9, 14.4, 7.6, 14.9], "texture": "#1"},
				"south": {"uv": [14.4, 0, 14, 0.5], "texture": "#1"},
				"west": {"uv": [14.7, 7.6, 14.4, 8.1], "texture": "#1"},
				"up": {"uv": [12.8, 14.8, 13.1, 14.4], "rotation": 90, "texture": "#1"},
				"down": {"uv": [14.4, 12.8, 14.7, 13.2], "rotation": 270, "texture": "#1"}
			}
		},
		{
			"from": [6.9, 4.70665, 4.23321],
			"to": [9.1, 6.20665, 5.73321],
			"rotation": {"angle": -45, "axis": "x", "origin": [8, 7.87346, 9.44846]},
			"faces": {
				"north": {"uv": [11.3, 6.4, 10.4, 7.1], "texture": "#1"},
				"east": {"uv": [1.9, 10.8, 1.2, 11.5], "texture": "#1"},
				"south": {"uv": [11.3, 7.2, 10.4, 7.9], "texture": "#1"},
				"west": {"uv": [11.9, 2, 11.2, 2.7], "texture": "#1"},
				"up": {"uv": [8.8, 11.3, 9.5, 10.4], "rotation": 90, "texture": "#1"},
				"down": {"uv": [0.4, 10.8, 1.1, 11.7], "rotation": 270, "texture": "#1"}
			}
		},
		{
			"from": [7.15, 13.70665, 4.23321],
			"to": [8.85, 15.20665, 5.73321],
			"rotation": {"angle": -45, "axis": "x", "origin": [8, 16.87346, 9.44846]},
			"faces": {
				"north": {"uv": [11.3, 6.4, 10.4, 7.1], "texture": "#1"},
				"east": {"uv": [1.9, 10.8, 1.2, 11.5], "texture": "#1"},
				"south": {"uv": [11.3, 7.2, 10.4, 7.9], "texture": "#1"},
				"west": {"uv": [11.9, 2, 11.2, 2.7], "texture": "#1"},
				"up": {"uv": [8.8, 11.3, 9.5, 10.4], "rotation": 90, "texture": "#1"},
				"down": {"uv": [0.4, 10.8, 1.1, 11.7], "rotation": 270, "texture": "#1"}
			}
		},
		{
			"from": [7.2, 4.03812, 10.03538],
			"to": [8.8, 5.23812, 11.23538],
			"rotation": {"angle": 45, "axis": "x", "origin": [8, 7.87346, 9.44846]},
			"faces": {
				"north": {"uv": [2.2, 13.7, 1.6, 13.2], "texture": "#1"},
				"east": {"uv": [4.9, 14.1, 4.4, 13.6], "texture": "#1"},
				"south": {"uv": [13.8, 2.1, 13.2, 1.6], "texture": "#1"},
				"west": {"uv": [14.1, 5.3, 13.6, 4.8], "texture": "#1"},
				"up": {"uv": [13.2, 3, 13.7, 2.4], "rotation": 90, "texture": "#1"},
				"down": {"uv": [2.4, 13.2, 2.9, 13.8], "rotation": 270, "texture": "#1"}
			}
		},
		{
			"from": [7.65, 4.00665, 3.53321],
			"to": [8.35, 6.90665, 6.43321],
			"rotation": {"angle": -45, "axis": "x", "origin": [8, 7.87346, 9.44846]},
			"faces": {
				"north": {"uv": [2.3, 12, 2, 13.2], "texture": "#1"},
				"east": {"uv": [9.6, 2, 8.4, 3.2], "texture": "#1"},
				"south": {"uv": [12.3, 2, 12, 3.2], "texture": "#1"},
				"west": {"uv": [8.4, 2, 9.6, 3.2], "texture": "#1"},
				"up": {"uv": [12, 3.5, 13.2, 3.2], "rotation": 90, "texture": "#1"},
				"down": {"uv": [12, 3.6, 13.2, 3.9], "rotation": 270, "texture": "#1"}
			}
		},
		{
			"from": [7.25, -0.63089, 4],
			"to": [8.75, 7.36911, 12],
			"rotation": {"angle": 0, "axis": "y", "origin": [8, 7.87346, 9.44846]},
			"faces": {
				"north": {"uv": [1.25, 0.25, 0.25, 1.2], "texture": "#2"},
				"east": {"uv": [0, 0, 16, 16], "texture": "#2"},
				"south": {"uv": [1.25, 0.25, 0.25, 1.2], "texture": "#2"},
				"west": {"uv": [16, 0, 0, 16], "texture": "#2"},
				"up": {"uv": [0.25, 1.2, 1.25, 0.25], "texture": "#2"},
				"down": {"uv": [0.25, 1.2, 1.25, 0.25], "texture": "#2"}
			}
		},
		{
			"name": "octagon",
			"from": [7.155, 2.74045, 10.2703],
			"to": [8.845, 4.06593, 13.4703],
			"rotation": {"angle": 45, "axis": "x", "origin": [8, 7.87346, 9.44846]},
			"faces": {
				"north": {"uv": [5.1, 12, 4.4, 12.5], "texture": "#1"},
				"east": {"uv": [1.7, 10, 0.4, 10.5], "texture": "#1"},
				"south": {"uv": [5.9, 12, 5.2, 12.5], "texture": "#1"},
				"west": {"uv": [0.4, 10, 1.7, 10.5], "texture": "#1"},
				"up": {"uv": [9.6, 2.7, 10.9, 2], "rotation": 90, "texture": "#1"},
				"down": {"uv": [9.6, 2.8, 10.9, 3.5], "rotation": 270, "texture": "#1"}
			}
		},
		{
			"name": "octagon",
			"from": [7.15, 2.33726, 6.4],
			"to": [8.85, 3.66274, 9.6],
			"rotation": {"angle": 0, "axis": "y", "origin": [8, 7.87346, 9.44846]},
			"faces": {
				"north": {"uv": [12.7, 5.2, 12, 5.7], "texture": "#1"},
				"east": {"uv": [11.3, 8, 10, 8.5], "texture": "#1"},
				"south": {"uv": [6.7, 12, 6, 12.5], "texture": "#1"},
				"west": {"uv": [11.3, 8, 10, 8.5], "texture": "#1"},
				"up": {"uv": [9.6, 4.3, 10.9, 3.6], "rotation": 90, "texture": "#1"},
				"down": {"uv": [9.6, 5.6, 10.9, 6.3], "rotation": 270, "texture": "#1"}
			}
		},
		{
			"name": "octagon",
			"from": [7.15, 1.4, 7.33726],
			"to": [8.85, 4.6, 8.66274],
			"rotation": {"angle": 0, "axis": "y", "origin": [8, 7.87346, 9.44846]},
			"faces": {
				"north": {"uv": [7.1, 9.6, 6.4, 10.9], "texture": "#1"},
				"east": {"uv": [2.5, 10, 2, 11.3], "texture": "#1"},
				"south": {"uv": [10.3, 6.4, 9.6, 7.7], "texture": "#1"},
				"west": {"uv": [2.5, 10, 2, 11.3], "texture": "#1"},
				"up": {"uv": [7.2, 12.7, 7.7, 12], "rotation": 90, "texture": "#1"},
				"down": {"uv": [12, 7.6, 12.5, 8.3], "rotation": 270, "texture": "#1"}
			}
		},
		{
			"name": "octagon",
			"from": [7.155, 1.80319, 11.20756],
			"to": [8.845, 5.00319, 12.53304],
			"rotation": {"angle": 45, "axis": "x", "origin": [8, 7.87346, 9.44846]},
			"faces": {
				"north": {"uv": [7.9, 9.6, 7.2, 10.9], "texture": "#1"},
				"east": {"uv": [10.5, 9.6, 10, 10.9], "texture": "#1"},
				"south": {"uv": [8.7, 9.6, 8, 10.9], "texture": "#1"},
				"west": {"uv": [10, 9.6, 10.5, 10.9], "texture": "#1"},
				"up": {"uv": [12, 10.3, 12.5, 9.6], "rotation": 90, "texture": "#1"},
				"down": {"uv": [12, 10.4, 12.5, 11.1], "rotation": 270, "texture": "#1"}
			}
		},
		{
			"from": [7.8, 3.83939, 4],
			"to": [8.2, 11.83939, 12],
			"rotation": {"angle": 0, "axis": "x", "origin": [8, 4.83939, 8]},
			"faces": {
				"north": {"uv": [1.25, 1.2, 0.25, 0.25], "rotation": 180, "texture": "#3"},
				"east": {"uv": [16, 16, 0, 0], "rotation": 180, "texture": "#3"},
				"south": {"uv": [1.25, 1.2, 0.25, 0.25], "rotation": 180, "texture": "#3"},
				"west": {"uv": [0, 16, 16, 0], "rotation": 180, "texture": "#3"},
				"up": {"uv": [1.25, 1.2, 0.25, 0.25], "rotation": 180, "texture": "#3"},
				"down": {"uv": [1.25, 1.2, 0.25, 0.25], "rotation": 180, "texture": "#3"}
			}
		},
		{
			"from": [7.8, 1.33939, -1.25],
			"to": [8.2, 9.33939, 6.75],
			"rotation": {"angle": 22.5, "axis": "x", "origin": [8, 5.33939, 2.75]},
			"faces": {
				"north": {"uv": [1.25, 1.2, 0.25, 0.25], "texture": "#3"},
				"east": {"uv": [16, 16, 0, 0], "rotation": 270, "texture": "#3"},
				"south": {"uv": [1.25, 1.2, 0.25, 0.25], "rotation": 180, "texture": "#3"},
				"west": {"uv": [0, 16, 16, 0], "rotation": 90, "texture": "#3"},
				"up": {"uv": [1.25, 1.2, 0.25, 0.25], "rotation": 180, "texture": "#3"},
				"down": {"uv": [1.25, 1.2, 0.25, 0.25], "texture": "#3"}
			}
		},
		{
			"from": [7.8, 1.33939, 9.25],
			"to": [8.2, 9.33939, 17.25],
			"rotation": {"angle": -22.5, "axis": "x", "origin": [8, 5.33939, 13.25]},
			"faces": {
				"north": {"uv": [0.25, 1.2, 1.25, 0.25], "rotation": 180, "texture": "#3"},
				"east": {"uv": [16, 0, 0, 16], "rotation": 270, "texture": "#3"},
				"south": {"uv": [0.25, 1.2, 1.25, 0.25], "texture": "#3"},
				"west": {"uv": [0, 0, 16, 16], "rotation": 90, "texture": "#3"},
				"up": {"uv": [1.25, 0.25, 0.25, 1.2], "rotation": 180, "texture": "#3"},
				"down": {"uv": [1.25, 0.25, 0.25, 1.2], "texture": "#3"}
			}
		}
	],
	"gui_light": "front",
	"display": {
		"thirdperson_righthand": {
			"rotation": [67.5, 90, 0],
			"translation": [0, 1, 1.75],
			"scale": [0.48883, 0.48883, 0.48883]
		},
		"thirdperson_lefthand": {
			"rotation": [67.5, 90, 0],
			"translation": [-6, -3.5, 13.25],
			"scale": [1.52, 1.52, 1.52]
		},
		"firstperson_righthand": {
			"rotation": [0, 90, 0],
			"translation": [4, 6.25, -1.25],
			"scale": [0.64812, 0.64812, 0.64031]
		},
		"firstperson_lefthand": {
			"rotation": [0, 66.25, 0],
			"translation": [3.25, 5, -1.25],
			"scale": [0, 0, 0]
		},
		"ground": {
			"translation": [-0.75, 15, -1.25],
			"scale": [1.07969, 1.07969, 1.07969]
		},
		"gui": {
			"rotation": [90, 90, -90],
			"translation": [0, 1, 0],
			"scale": [0.34477, 0.34477, 0.34477]
		},
		"head": {
			"translation": [0, -4.5, 1],
			"scale": [0, 0, 0]
		},
		"fixed": {
			"rotation": [0, 90, 0],
			"translation": [0, 11, -2.25],
			"scale": [2.85078, 2.85078, 2.85078]
		}
	}
}