{
	"credit": "105050 / 6778DPY65KCEJ31V2LMU0AW6AVQ",
	"textures": {
		"0": "elitecreatures:goblin_assortment/goblin_bow",
		"particle": "elitecreatures:goblin_assortment/goblin_bow"
	},
	"elements": [
		{
			"from": [8, -4, 17],
			"to": [8.05, 8, 18],
			"rotation": {"angle": 22.5, "axis": "x", "origin": [8, 8, 18]},
			"faces": {
				"east": {"uv": [0, 10, 0.5, 16], "texture": "#0"},
				"west": {"uv": [0, 10, 0.5, 16], "texture": "#0"}
			}
		},
		{
			"from": [8, 8, 17],
			"to": [8.05, 20, 18],
			"rotation": {"angle": -22.5, "axis": "x", "origin": [8, 8, 18]},
			"faces": {
				"east": {"uv": [0, 0, 0.5, 6], "texture": "#0"},
				"west": {"uv": [0, 0, 0.5, 6], "texture": "#0"}
			}
		},
		{
			"from": [6.98, 11, 5],
			"to": [9.02, 18, 8],
			"rotation": {"angle": -22.5, "axis": "x", "origin": [0, 11, 7]},
			"faces": {
				"north": {"uv": [7.5, 2, 8.5, 5.5], "texture": "#0"},
				"east": {"uv": [0.5, 0, 2, 3.5], "texture": "#0"},
				"south": {"uv": [6.5, 8, 7.5, 11.5], "texture": "#0"},
				"west": {"uv": [2, 0, 3.5, 3.5], "texture": "#0"},
				"up": {"uv": [3.5, 10, 2.5, 8.5], "texture": "#0"},
				"down": {"uv": [9.5, 8, 8.5, 9.5], "texture": "#0"}
			}
		},
		{
			"from": [7, 12, 1],
			"to": [9, 19, 3],
			"rotation": {"angle": -22.5, "axis": "x", "origin": [0, 11, 7]},
			"faces": {
				"north": {"uv": [5.5, 3, 6.5, 6.5], "texture": "#0"},
				"east": {"uv": [6.5, 3, 7.5, 6.5], "texture": "#0"},
				"south": {"uv": [4.5, 7.5, 5.5, 11], "texture": "#0"},
				"west": {"uv": [5.5, 7.5, 6.5, 11], "texture": "#0"},
				"up": {"uv": [10, 1, 9, 0], "texture": "#0"},
				"down": {"uv": [10, 1, 9, 2], "texture": "#0"}
			}
		},
		{
			"from": [7, -3, 1],
			"to": [9, 4, 3],
			"rotation": {"angle": 22.5, "axis": "x", "origin": [0, 5, 7]},
			"faces": {
				"north": {"uv": [5.5, 6.5, 6.5, 3], "texture": "#0"},
				"east": {"uv": [6.5, 6.5, 7.5, 3], "texture": "#0"},
				"south": {"uv": [4.5, 11, 5.5, 7.5], "texture": "#0"},
				"west": {"uv": [5.5, 11, 6.5, 7.5], "texture": "#0"},
				"up": {"uv": [10, 2, 9, 1], "texture": "#0"},
				"down": {"uv": [10, 0, 9, 1], "texture": "#0"}
			}
		},
		{
			"from": [8, 17, 1],
			"to": [8.05, 21, 5],
			"rotation": {"angle": -22.5, "axis": "x", "origin": [0, 11, 7]},
			"faces": {
				"east": {"uv": [2.5, 12, 0.5, 14], "texture": "#0"},
				"west": {"uv": [0.5, 12, 2.5, 14], "texture": "#0"}
			}
		},
		{
			"from": [8, -5, 1],
			"to": [8.05, -1, 5],
			"rotation": {"angle": 22.5, "axis": "x", "origin": [0, 5, 7]},
			"faces": {
				"east": {"uv": [2.5, 14, 0.5, 12], "texture": "#0"},
				"west": {"uv": [0.5, 14, 2.5, 12], "texture": "#0"}
			}
		},
		{
			"from": [7, 12, 3],
			"to": [9, 14, 5],
			"rotation": {"angle": -22.5, "axis": "x", "origin": [0, 11, 7]},
			"faces": {
				"east": {"uv": [9.5, 2, 10.5, 3], "texture": "#0"},
				"west": {"uv": [9.5, 3, 10.5, 4], "texture": "#0"},
				"up": {"uv": [4.5, 10.5, 3.5, 9.5], "texture": "#0"},
				"down": {"uv": [10.5, 4, 9.5, 5], "texture": "#0"}
			}
		},
		{
			"from": [7, 12, 8],
			"to": [9, 14, 9],
			"rotation": {"angle": -22.5, "axis": "x", "origin": [0, 11, 7]},
			"faces": {
				"east": {"uv": [10, 0, 10.5, 1], "texture": "#0"},
				"south": {"uv": [12, 0, 13, 1], "texture": "#0"},
				"west": {"uv": [10.5, 0, 11, 1], "texture": "#0"},
				"up": {"uv": [12, 0.5, 11, 0], "texture": "#0"},
				"down": {"uv": [12, 0.5, 11, 1], "texture": "#0"}
			}
		},
		{
			"from": [7, 2, 8],
			"to": [9, 4, 9],
			"rotation": {"angle": 22.5, "axis": "x", "origin": [0, 5, 7]},
			"faces": {
				"east": {"uv": [10, 1, 10.5, 0], "texture": "#0"},
				"south": {"uv": [12, 1, 13, 0], "texture": "#0"},
				"west": {"uv": [10.5, 1, 11, 0], "texture": "#0"},
				"up": {"uv": [12, 1, 11, 0.5], "texture": "#0"},
				"down": {"uv": [12, 0, 11, 0.5], "texture": "#0"}
			}
		},
		{
			"from": [7, 15.30544, 5.4671],
			"to": [9, 17.30544, 13.4671],
			"rotation": {"angle": -22.5, "axis": "x", "origin": [7, 17, 4]},
			"faces": {
				"east": {"uv": [4.5, 0, 8.5, 1], "texture": "#0"},
				"west": {"uv": [5, 1, 9, 2], "texture": "#0"},
				"up": {"uv": [5.5, 6, 4.5, 2], "texture": "#0"},
				"down": {"uv": [4.5, 5, 3.5, 9], "texture": "#0"}
			}
		},
		{
			"from": [8, 15.43221, 15.21532],
			"to": [8.05, 18.43221, 21.21532],
			"rotation": {"angle": -22.5, "axis": "x", "origin": [0, 18, 5.6]},
			"faces": {
				"east": {"uv": [6.5, 6.5, 9.5, 8], "texture": "#0"},
				"west": {"uv": [9.5, 6.5, 6.5, 8], "texture": "#0"}
			}
		},
		{
			"from": [8.1, 24.66342, 11.2306],
			"to": [8.15, 30.66342, 14.2306],
			"rotation": {"angle": 22.5, "axis": "x", "origin": [0, 18, 5.6]},
			"faces": {
				"east": {"uv": [9.5, 6.5, 12.5, 8], "rotation": 90, "texture": "#0"},
				"west": {"uv": [12.5, 6.5, 9.5, 8], "rotation": 270, "texture": "#0"}
			}
		},
		{
			"from": [8.1, 22.1194, 13.76342],
			"to": [8.15, 25.1194, 19.76342],
			"rotation": {"angle": 22.5, "axis": "x", "origin": [0, 18, 5.6]},
			"faces": {
				"east": {"uv": [9.5, 6.5, 12.5, 8], "texture": "#0"},
				"west": {"uv": [12.5, 6.5, 9.5, 8], "texture": "#0"}
			}
		},
		{
			"from": [8.1, -11.16342, 12.8306],
			"to": [8.15, -5.16342, 15.8306],
			"rotation": {"angle": -22.5, "axis": "x", "origin": [0, -4.5, 15.2]},
			"faces": {
				"east": {"uv": [12.5, 6.5, 9.5, 8], "rotation": 90, "texture": "#0"},
				"west": {"uv": [9.5, 6.5, 12.5, 8], "rotation": 270, "texture": "#0"}
			}
		},
		{
			"from": [8, -6.34643, 14.91583],
			"to": [8.05, -3.34643, 20.91583],
			"rotation": {"angle": 22.5, "axis": "x", "origin": [0, -4.5, 15.2]},
			"faces": {
				"east": {"uv": [6.5, 8, 9.5, 6.5], "texture": "#0"},
				"west": {"uv": [9.5, 8, 6.5, 6.5], "texture": "#0"}
			}
		},
		{
			"from": [8.1, -5.6194, 15.36342],
			"to": [8.15, -2.6194, 21.36342],
			"rotation": {"angle": -22.5, "axis": "x", "origin": [0, -4.5, 15.2]},
			"faces": {
				"east": {"uv": [9.5, 8, 12.5, 6.5], "texture": "#0"},
				"west": {"uv": [12.5, 8, 9.5, 6.5], "texture": "#0"}
			}
		},
		{
			"from": [7, 13.30544, 13.4671],
			"to": [9, 20.30544, 15.4671],
			"rotation": {"angle": -22.5, "axis": "x", "origin": [0, 17, 4]},
			"faces": {
				"north": {"uv": [7.5, 8, 8.5, 11.5], "texture": "#0"},
				"east": {"uv": [0.5, 8.5, 1.5, 12], "texture": "#0"},
				"south": {"uv": [1.5, 8.5, 2.5, 12], "texture": "#0"},
				"west": {"uv": [8.5, 2, 9.5, 5.5], "texture": "#0"},
				"up": {"uv": [8.5, 6.5, 7.5, 5.5], "texture": "#0"},
				"down": {"uv": [9.5, 5.5, 8.5, 6.5], "texture": "#0"}
			}
		},
		{
			"from": [8, 18.30544, 11.4671],
			"to": [8.05, 22.30544, 15.4671],
			"rotation": {"angle": -22.5, "axis": "x", "origin": [0, 17, 4]},
			"faces": {
				"east": {"uv": [0.5, 12, 2.5, 14], "texture": "#0"},
				"west": {"uv": [2.5, 12, 0.5, 14], "texture": "#0"}
			}
		},
		{
			"from": [8, -6.30544, 11.4421],
			"to": [8.05, -2.30544, 15.4421],
			"rotation": {"angle": 22.5, "axis": "x", "origin": [0, -1, 4]},
			"faces": {
				"east": {"uv": [0.5, 14, 2.5, 12], "texture": "#0"},
				"west": {"uv": [2.5, 14, 0.5, 12], "texture": "#0"}
			}
		},
		{
			"from": [6.98, -2, 5],
			"to": [9.02, 5, 8],
			"rotation": {"angle": 22.5, "axis": "x", "origin": [0, 5, 7]},
			"faces": {
				"north": {"uv": [7.5, 5.5, 8.5, 2], "texture": "#0"},
				"east": {"uv": [0.5, 3.5, 2, 0], "texture": "#0"},
				"south": {"uv": [6.5, 11.5, 7.5, 8], "texture": "#0"},
				"west": {"uv": [2, 3.5, 3.5, 0], "texture": "#0"},
				"up": {"uv": [9.5, 9.5, 8.5, 8], "texture": "#0"},
				"down": {"uv": [3.5, 8.5, 2.5, 10], "texture": "#0"}
			}
		},
		{
			"from": [7, 2, 3],
			"to": [9, 4, 5],
			"rotation": {"angle": 22.5, "axis": "x", "origin": [0, 5, 7]},
			"faces": {
				"east": {"uv": [9.5, 3, 10.5, 2], "texture": "#0"},
				"west": {"uv": [9.5, 4, 10.5, 3], "texture": "#0"},
				"up": {"uv": [10.5, 5, 9.5, 4], "texture": "#0"},
				"down": {"uv": [4.5, 9.5, 3.5, 10.5], "texture": "#0"}
			}
		},
		{
			"from": [7, -1.30544, 5.4421],
			"to": [9, 0.69456, 13.4421],
			"rotation": {"angle": 22.5, "axis": "x", "origin": [0, -1, 4]},
			"faces": {
				"east": {"uv": [4.5, 1, 8.5, 0], "texture": "#0"},
				"west": {"uv": [5, 2, 9, 1], "texture": "#0"},
				"up": {"uv": [4.5, 9, 3.5, 5], "texture": "#0"},
				"down": {"uv": [5.5, 2, 4.5, 6], "texture": "#0"}
			}
		},
		{
			"from": [7, -4.30544, 13.4421],
			"to": [9, 2.69456, 15.4421],
			"rotation": {"angle": 22.5, "axis": "x", "origin": [0, -1, 4]},
			"faces": {
				"north": {"uv": [7.5, 11.5, 8.5, 8], "texture": "#0"},
				"east": {"uv": [0.5, 12, 1.5, 8.5], "texture": "#0"},
				"south": {"uv": [1.5, 12, 2.5, 8.5], "texture": "#0"},
				"west": {"uv": [8.5, 5.5, 9.5, 2], "texture": "#0"},
				"up": {"uv": [9.5, 6.5, 8.5, 5.5], "texture": "#0"},
				"down": {"uv": [8.5, 5.5, 7.5, 6.5], "texture": "#0"}
			}
		},
		{
			"from": [7, 5, 5],
			"to": [9, 11, 7],
			"faces": {
				"north": {"uv": [3.5, 2, 4.5, 5], "texture": "#0"},
				"east": {"uv": [0.5, 5.5, 1.5, 8.5], "texture": "#0"},
				"south": {"uv": [1.5, 5.5, 2.5, 8.5], "texture": "#0"},
				"west": {"uv": [2.5, 5.5, 3.5, 8.5], "texture": "#0"}
			}
		},
		{
			"from": [9.5, 5, -2],
			"to": [9.55, 10, 18],
			"faces": {
				"east": {"uv": [5.5, 13.5, 15.5, 16], "texture": "#0"},
				"west": {"uv": [15.5, 13.5, 5.5, 16], "texture": "#0"}
			}
		},
		{
			"from": [7.025, 7.475, -2],
			"to": [12.025, 7.525, 18],
			"faces": {
				"up": {"uv": [5.5, 13.5, 15.5, 16], "rotation": 270, "texture": "#0"},
				"down": {"uv": [15.5, 13.5, 5.5, 16], "rotation": 270, "texture": "#0"}
			}
		},
		{
			"from": [9, 7, 1],
			"to": [10, 8, 17],
			"faces": {
				"north": {"uv": [13.5, 14.5, 14, 15], "texture": "#0"},
				"east": {"uv": [6, 14.5, 14, 15], "texture": "#0"},
				"south": {"uv": [6, 14.5, 6.5, 15], "texture": "#0"},
				"west": {"uv": [14, 14.5, 6, 15], "texture": "#0"},
				"up": {"uv": [14, 14.5, 6, 15], "rotation": 90, "texture": "#0"},
				"down": {"uv": [6, 14.5, 14, 15], "rotation": 90, "texture": "#0"}
			}
		}
	],
	"gui_light": "front",
	"display": {
		"thirdperson_righthand": {
			"translation": [-1, -2, 1.75],
			"scale": [0.6, 0.6, 0.6]
		},
		"thirdperson_lefthand": {
			"translation": [-1, -2, 1.75],
			"scale": [0.6, 0.6, 0.6]
		},
		"firstperson_righthand": {
			"rotation": [22.7, 40, -0.57],
			"translation": [0.5, 4.25, -1.75],
			"scale": [0.6, 0.6, 0.6]
		},
		"firstperson_lefthand": {
			"rotation": [22.7, 40, -0.57],
			"translation": [0.5, 4.25, -1.75],
			"scale": [0.6, 0.6, 0.6]
		},
		"ground": {
			"rotation": [11.56, -44.14, 62.03],
			"translation": [0, 3, 0],
			"scale": [0.41836, 0.41836, 0.41836]
		},
		"gui": {
			"rotation": [-90, 135, -90],
			"translation": [-1.5, 1.25, -1.5],
			"scale": [0.45, 0.45, 0.45]
		},
		"head": {
			"rotation": [90, 27.25, 90],
			"translation": [0, 15.5, 0],
			"scale": [0.6, 0.6, 0.6]
		},
		"fixed": {
			"rotation": [-90, -45, -90],
			"translation": [1, -0.5, -1.25],
			"scale": [1.01797, 1.01797, 1.01797]
		}
	},
	"groups": [
		0,
		1,
		2,
		3,
		4,
		5,
		6,
		7,
		8,
		9,
		10,
		11,
		12,
		13,
		14,
		15,
		16,
		17,
		18,
		19,
		20,
		21,
		22,
		23,
		24,
		{
			"name": "arrow",
			"origin": [0, 0, 0],
			"color": 0,
			"boneType": "",
			"children": [25, 26, 27]
		}
	]
}