{
	"credit": "Made by PolygonMC",
	"texture_size": [48, 48],
	"textures": {
		"0": "littledragonset:helmet",
		"particle": "littledragonset:helmet"
	},
	"elements": [
		{
			"from": [3, 0, 3],
			"to": [5, 3, 4],
			"faces": {
				"north": {"uv": [5.33333, 6, 6, 7], "texture": "#0"},
				"east": {"uv": [3, 6.66667, 3.33333, 7.66667], "texture": "#0"},
				"south": {"uv": [6.33333, 7.33333, 7, 8.33333], "texture": "#0"},
				"west": {"uv": [3, 7.66667, 3.33333, 8.66667], "texture": "#0"},
				"up": {"uv": [5, 7.33333, 4.33333, 7], "texture": "#0"},
				"down": {"uv": [5.66667, 7, 5, 7.33333], "texture": "#0"}
			}
		},
		{
			"from": [3, 0, 4],
			"to": [4, 3, 13],
			"faces": {
				"east": {"uv": [0, 6.66667, 3, 7.66667], "texture": "#0"},
				"south": {"uv": [3, 9.66667, 3.33333, 10.66667], "texture": "#0"},
				"west": {"uv": [7, 4, 10, 5], "texture": "#0"},
				"up": {"uv": [9.66667, 3, 9.33333, 0], "texture": "#0"},
				"down": {"uv": [3.66667, 9.33333, 3.33333, 12.33333], "texture": "#0"}
			}
		},
		{
			"from": [3, 6, 4],
			"to": [4, 9, 13],
			"faces": {
				"east": {"uv": [7, 5, 10, 6], "texture": "#0"},
				"south": {"uv": [1, 10.33333, 1.33333, 11.33333], "texture": "#0"},
				"west": {"uv": [7, 6, 10, 7], "texture": "#0"},
				"down": {"uv": [4, 9.33333, 3.66667, 12.33333], "texture": "#0"}
			}
		},
		{
			"from": [3, 3, 7],
			"to": [4, 6, 13],
			"faces": {
				"north": {"uv": [6, 9.66667, 6.33333, 10.66667], "texture": "#0"},
				"east": {"uv": [4.33333, 7.33333, 6.33333, 8.33333], "texture": "#0"},
				"south": {"uv": [0.66667, 10.33333, 1, 11.33333], "texture": "#0"},
				"west": {"uv": [0, 7.66667, 2, 8.66667], "texture": "#0"}
			}
		},
		{
			"from": [11, 0, 3],
			"to": [13, 3, 4],
			"rotation": {"angle": 0, "axis": "y", "origin": [16, 0, 0]},
			"faces": {
				"north": {"uv": [6, 6, 5.33333, 7], "texture": "#0"},
				"east": {"uv": [3.33333, 7.66667, 3, 8.66667], "texture": "#0"},
				"south": {"uv": [7, 7.33333, 6.33333, 8.33333], "texture": "#0"},
				"west": {"uv": [3.33333, 6.66667, 3, 7.66667], "texture": "#0"},
				"up": {"uv": [4.33333, 7.33333, 5, 7], "texture": "#0"},
				"down": {"uv": [5, 7, 5.66667, 7.33333], "texture": "#0"}
			}
		},
		{
			"from": [12, 0, 4],
			"to": [13, 3, 13],
			"rotation": {"angle": 0, "axis": "y", "origin": [16, 0, 0]},
			"faces": {
				"east": {"uv": [10, 4, 7, 5], "texture": "#0"},
				"south": {"uv": [3.33333, 9.66667, 3, 10.66667], "texture": "#0"},
				"west": {"uv": [3, 6.66667, 0, 7.66667], "texture": "#0"},
				"up": {"uv": [9.33333, 3, 9.66667, 0], "texture": "#0"},
				"down": {"uv": [3.33333, 9.33333, 3.66667, 12.33333], "texture": "#0"}
			}
		},
		{
			"from": [12, 3, 7],
			"to": [13, 6, 13],
			"rotation": {"angle": 0, "axis": "y", "origin": [16, 0, 0]},
			"faces": {
				"north": {"uv": [6.33333, 9.66667, 6, 10.66667], "texture": "#0"},
				"east": {"uv": [2, 7.66667, 0, 8.66667], "texture": "#0"},
				"south": {"uv": [1, 10.33333, 0.66667, 11.33333], "texture": "#0"},
				"west": {"uv": [6.33333, 7.33333, 4.33333, 8.33333], "texture": "#0"}
			}
		},
		{
			"from": [12, 6, 4],
			"to": [13, 9, 13],
			"rotation": {"angle": 0, "axis": "y", "origin": [16, 0, 0]},
			"faces": {
				"east": {"uv": [10, 6, 7, 7], "texture": "#0"},
				"south": {"uv": [1.33333, 10.33333, 1, 11.33333], "texture": "#0"},
				"west": {"uv": [10, 5, 7, 6], "texture": "#0"},
				"down": {"uv": [3.66667, 9.33333, 4, 12.33333], "texture": "#0"}
			}
		},
		{
			"from": [4, 0, 12],
			"to": [12, 9, 13],
			"rotation": {"angle": 0, "axis": "y", "origin": [16, 0, 0]},
			"faces": {
				"north": {"uv": [3.33333, 0, 6, 3], "texture": "#0"},
				"south": {"uv": [3.33333, 3, 6, 6], "texture": "#0"},
				"down": {"uv": [10, 9.33333, 7.33333, 9.66667], "texture": "#0"}
			}
		},
		{
			"from": [3, 9, 3],
			"to": [13, 10, 13],
			"rotation": {"angle": 0, "axis": "y", "origin": [16, 0, 0]},
			"faces": {
				"north": {"uv": [6.33333, 9, 9.66667, 9.33333], "texture": "#0"},
				"east": {"uv": [9, 7, 12.33333, 7.33333], "texture": "#0"},
				"south": {"uv": [9, 7.33333, 12.33333, 7.66667], "texture": "#0"},
				"west": {"uv": [9, 7.66667, 12.33333, 8], "texture": "#0"},
				"up": {"uv": [3.33333, 3.33333, 0, 0], "texture": "#0"},
				"down": {"uv": [3.33333, 3.33333, 0, 6.66667], "texture": "#0"}
			}
		},
		{
			"from": [5, 0, 3],
			"to": [11, 2, 4],
			"rotation": {"angle": 0, "axis": "y", "origin": [16, 0, 0]},
			"faces": {
				"north": {"uv": [0, 8.66667, 2, 9.33333], "texture": "#0"},
				"south": {"uv": [4.33333, 9, 6.33333, 9.66667], "texture": "#0"},
				"up": {"uv": [11.66667, 0.33333, 9.66667, 0], "texture": "#0"},
				"down": {"uv": [11.66667, 0.33333, 9.66667, 0.66667], "texture": "#0"}
			}
		},
		{
			"from": [3, 6, 3],
			"to": [13, 9, 4],
			"rotation": {"angle": 0, "axis": "y", "origin": [16, 0, 0]},
			"faces": {
				"north": {"uv": [6, 0, 9.33333, 1], "texture": "#0"},
				"east": {"uv": [1.33333, 10.33333, 1.66667, 11.33333], "texture": "#0"},
				"south": {"uv": [6, 1, 9.33333, 2], "texture": "#0"},
				"west": {"uv": [1.66667, 10.33333, 2, 11.33333], "texture": "#0"},
				"up": {"uv": [12.33333, 8.33333, 9, 8], "texture": "#0"},
				"down": {"uv": [3.33333, 9.33333, 0, 9.66667], "texture": "#0"}
			}
		},
		{
			"from": [2, 3.5, 8.5],
			"to": [3, 6, 11],
			"rotation": {"angle": 22.5, "axis": "x", "origin": [2.5, 4.5, 9.5]},
			"faces": {
				"north": {"uv": [2, 10.33333, 2.33333, 11.33333], "texture": "#0"},
				"east": {"uv": [4.33333, 6, 5.33333, 7], "texture": "#0"},
				"south": {"uv": [2.33333, 10.33333, 2.66667, 11.33333], "texture": "#0"},
				"west": {"uv": [2, 7.66667, 3, 8.66667], "texture": "#0"},
				"up": {"uv": [3, 11.33333, 2.66667, 10.33333], "texture": "#0"},
				"down": {"uv": [10.66667, 2.66667, 10.33333, 3.66667], "texture": "#0"}
			}
		},
		{
			"from": [13, 3.5, 8.5],
			"to": [14, 6, 11],
			"rotation": {"angle": 22.5, "axis": "x", "origin": [13.5, 4.5, 9.5]},
			"faces": {
				"north": {"uv": [2.33333, 10.33333, 2, 11.33333], "texture": "#0"},
				"east": {"uv": [3, 7.66667, 2, 8.66667], "texture": "#0"},
				"south": {"uv": [2.66667, 10.33333, 2.33333, 11.33333], "texture": "#0"},
				"west": {"uv": [5.33333, 6, 4.33333, 7], "texture": "#0"},
				"up": {"uv": [2.66667, 11.33333, 3, 10.33333], "texture": "#0"},
				"down": {"uv": [10.33333, 2.66667, 10.66667, 3.66667], "texture": "#0"}
			}
		},
		{
			"from": [3.75, 2.6, 13.8],
			"to": [6.25, 5.1, 15.8],
			"rotation": {"angle": -22.5, "axis": "x", "origin": [0.75, 3.1, 0.8]},
			"faces": {
				"north": {"uv": [9.66667, 0.66667, 10.66667, 1.33333], "texture": "#0"},
				"east": {"uv": [2.33333, 9.66667, 3, 10.33333], "texture": "#0"},
				"south": {"uv": [1.33333, 9.66667, 2.33333, 10.33333], "texture": "#0"},
				"west": {"uv": [4, 9.66667, 4.66667, 10.33333], "texture": "#0"},
				"up": {"uv": [10.66667, 2, 9.66667, 1.33333], "texture": "#0"},
				"down": {"uv": [10.66667, 2, 9.66667, 2.66667], "texture": "#0"}
			}
		},
		{
			"from": [4, 9.29084, 13.84506],
			"to": [6, 11.29084, 15.84506],
			"rotation": {"angle": -45, "axis": "x", "origin": [5, 9.91584, 15.29506]},
			"faces": {
				"east": {"uv": [4.66667, 9.66667, 5.33333, 10.33333], "texture": "#0"},
				"south": {"uv": [5.33333, 9.66667, 6, 10.33333], "texture": "#0"},
				"west": {"uv": [7.33333, 9.66667, 8, 10.33333], "texture": "#0"},
				"up": {"uv": [8.66667, 10.33333, 8, 9.66667], "texture": "#0"},
				"down": {"uv": [9.33333, 9.66667, 8.66667, 10.33333], "texture": "#0"}
			}
		},
		{
			"from": [4.3, 9.9927, 14.62156],
			"to": [5.7, 11.7427, 16.02156],
			"rotation": {"angle": 22.5, "axis": "x", "origin": [5, 10.2427, 15.77156]},
			"faces": {
				"north": {"uv": [4, 10.33333, 4.33333, 11], "texture": "#0"},
				"east": {"uv": [4.33333, 10.33333, 4.66667, 11], "texture": "#0"},
				"south": {"uv": [4.66667, 10.33333, 5, 11], "texture": "#0"},
				"west": {"uv": [5, 10.33333, 5.33333, 11], "texture": "#0"},
				"up": {"uv": [6, 7.33333, 5.66667, 7], "texture": "#0"}
			}
		},
		{
			"from": [4.925, 9.65825, 9.61077],
			"to": [6.575, 11.30825, 11.26077],
			"rotation": {"angle": -45, "axis": "x", "origin": [5.75, 10.77357, 11.40566]},
			"faces": {
				"north": {"uv": [9.33333, 9.66667, 10, 10.33333], "texture": "#0"},
				"east": {"uv": [10, 4, 10.66667, 4.66667], "texture": "#0"},
				"south": {"uv": [10, 4.66667, 10.66667, 5.33333], "texture": "#0"},
				"west": {"uv": [10, 5.33333, 10.66667, 6], "texture": "#0"},
				"up": {"uv": [10.66667, 6.66667, 10, 6], "texture": "#0"},
				"down": {"uv": [10.66667, 9, 10, 9.66667], "texture": "#0"}
			}
		},
		{
			"from": [5.09, 10.18137, 10.96351],
			"to": [6.41, 11.50137, 12.28351],
			"rotation": {"angle": 22.5, "axis": "x", "origin": [5.75, 10.77357, 11.40566]},
			"faces": {
				"north": {"uv": [7, 10.33333, 7.33333, 10.66667], "texture": "#0"},
				"east": {"uv": [7.33333, 10.33333, 7.66667, 10.66667], "texture": "#0"},
				"south": {"uv": [7.66667, 10.33333, 8, 10.66667], "texture": "#0"},
				"west": {"uv": [8, 10.33333, 8.33333, 10.66667], "texture": "#0"},
				"up": {"uv": [8.66667, 10.66667, 8.33333, 10.33333], "texture": "#0"}
			}
		},
		{
			"from": [5.288, 11.08717, 11.42418],
			"to": [6.212, 12.24217, 12.34818],
			"rotation": {"angle": 0, "axis": "x", "origin": [5.75, 10.77357, 11.40566]},
			"faces": {
				"north": {"uv": [4, 9.33333, 4.33333, 9.66667], "texture": "#0"},
				"east": {"uv": [9.66667, 9, 10, 9.33333], "texture": "#0"},
				"south": {"uv": [10.33333, 3.66667, 10.66667, 4], "texture": "#0"},
				"west": {"uv": [6.33333, 10.33333, 6.66667, 10.66667], "texture": "#0"},
				"up": {"uv": [7, 10.66667, 6.66667, 10.33333], "texture": "#0"}
			}
		},
		{
			"from": [5.69489, 8.75825, 2.13066],
			"to": [7.34489, 10.40825, 3.78066],
			"rotation": {"angle": -22.5, "axis": "z", "origin": [5.55, 9.87357, 2.95566]},
			"faces": {
				"north": {"uv": [10, 5.33333, 10.66667, 6], "texture": "#0"},
				"east": {"uv": [9.33333, 9.66667, 10, 10.33333], "texture": "#0"},
				"south": {"uv": [10, 4, 10.66667, 4.66667], "texture": "#0"},
				"west": {"uv": [10, 4.66667, 10.66667, 5.33333], "texture": "#0"},
				"up": {"uv": [10.66667, 6.66667, 10, 6], "rotation": 90, "texture": "#0"},
				"down": {"uv": [10.66667, 9, 10, 9.66667], "rotation": 270, "texture": "#0"}
			}
		},
		{
			"from": [4.67215, 9.28137, 2.29566],
			"to": [5.99215, 10.60137, 3.61566],
			"rotation": {"angle": 45, "axis": "z", "origin": [5.55, 9.87357, 2.95566]},
			"faces": {
				"north": {"uv": [8, 10.33333, 8.33333, 10.66667], "texture": "#0"},
				"east": {"uv": [7, 10.33333, 7.33333, 10.66667], "texture": "#0"},
				"south": {"uv": [7.33333, 10.33333, 7.66667, 10.66667], "texture": "#0"},
				"west": {"uv": [7.66667, 10.33333, 8, 10.66667], "texture": "#0"},
				"up": {"uv": [8.66667, 10.66667, 8.33333, 10.33333], "rotation": 90, "texture": "#0"}
			}
		},
		{
			"from": [4.60748, 10.18717, 2.49366],
			"to": [5.53148, 11.34217, 3.41766],
			"rotation": {"angle": 22.5, "axis": "z", "origin": [5.55, 9.87357, 2.95566]},
			"faces": {
				"north": {"uv": [6.33333, 10.33333, 6.66667, 10.66667], "texture": "#0"},
				"east": {"uv": [4, 9.33333, 4.33333, 9.66667], "texture": "#0"},
				"south": {"uv": [9.66667, 9, 10, 9.33333], "texture": "#0"},
				"west": {"uv": [10.33333, 3.66667, 10.66667, 4], "texture": "#0"},
				"up": {"uv": [7, 10.66667, 6.66667, 10.33333], "rotation": 90, "texture": "#0"}
			}
		},
		{
			"from": [8.65511, 8.75825, 2.13066],
			"to": [10.30511, 10.40825, 3.78066],
			"rotation": {"angle": 22.5, "axis": "z", "origin": [10.45, 9.87357, 2.95566]},
			"faces": {
				"north": {"uv": [10.66667, 5.33333, 10, 6], "texture": "#0"},
				"east": {"uv": [10.66667, 4.66667, 10, 5.33333], "texture": "#0"},
				"south": {"uv": [10.66667, 4, 10, 4.66667], "texture": "#0"},
				"west": {"uv": [10, 9.66667, 9.33333, 10.33333], "texture": "#0"},
				"up": {"uv": [10.66667, 6, 10, 6.66667], "rotation": 90, "texture": "#0"},
				"down": {"uv": [10.66667, 9.66667, 10, 9], "rotation": 270, "texture": "#0"}
			}
		},
		{
			"from": [10.00785, 9.28137, 2.29566],
			"to": [11.32785, 10.60137, 3.61566],
			"rotation": {"angle": -45, "axis": "z", "origin": [10.45, 9.87357, 2.95566]},
			"faces": {
				"north": {"uv": [8.33333, 10.33333, 8, 10.66667], "texture": "#0"},
				"east": {"uv": [8, 10.33333, 7.66667, 10.66667], "texture": "#0"},
				"south": {"uv": [7.66667, 10.33333, 7.33333, 10.66667], "texture": "#0"},
				"west": {"uv": [7.33333, 10.33333, 7, 10.66667], "texture": "#0"},
				"up": {"uv": [8.66667, 10.33333, 8.33333, 10.66667], "rotation": 90, "texture": "#0"}
			}
		},
		{
			"from": [10.46852, 10.18717, 2.49366],
			"to": [11.39252, 11.34217, 3.41766],
			"rotation": {"angle": -22.5, "axis": "z", "origin": [10.45, 9.87357, 2.95566]},
			"faces": {
				"north": {"uv": [6.66667, 10.33333, 6.33333, 10.66667], "texture": "#0"},
				"east": {"uv": [10.66667, 3.66667, 10.33333, 4], "texture": "#0"},
				"south": {"uv": [10, 9, 9.66667, 9.33333], "texture": "#0"},
				"west": {"uv": [4.33333, 9.33333, 4, 9.66667], "texture": "#0"},
				"up": {"uv": [7, 10.33333, 6.66667, 10.66667], "rotation": 90, "texture": "#0"}
			}
		},
		{
			"from": [9.425, 9.65825, 9.61077],
			"to": [11.075, 11.30825, 11.26077],
			"rotation": {"angle": -45, "axis": "x", "origin": [10.25, 10.77357, 11.40566]},
			"faces": {
				"north": {"uv": [10, 9.66667, 9.33333, 10.33333], "texture": "#0"},
				"east": {"uv": [10.66667, 5.33333, 10, 6], "texture": "#0"},
				"south": {"uv": [10.66667, 4.66667, 10, 5.33333], "texture": "#0"},
				"west": {"uv": [10.66667, 4, 10, 4.66667], "texture": "#0"},
				"up": {"uv": [10, 6.66667, 10.66667, 6], "texture": "#0"},
				"down": {"uv": [10, 9, 10.66667, 9.66667], "texture": "#0"}
			}
		},
		{
			"from": [9.59, 10.18137, 10.96351],
			"to": [10.91, 11.50137, 12.28351],
			"rotation": {"angle": 22.5, "axis": "x", "origin": [10.25, 10.77357, 11.40566]},
			"faces": {
				"north": {"uv": [7.33333, 10.33333, 7, 10.66667], "texture": "#0"},
				"east": {"uv": [8.33333, 10.33333, 8, 10.66667], "texture": "#0"},
				"south": {"uv": [8, 10.33333, 7.66667, 10.66667], "texture": "#0"},
				"west": {"uv": [7.66667, 10.33333, 7.33333, 10.66667], "texture": "#0"},
				"up": {"uv": [8.33333, 10.66667, 8.66667, 10.33333], "texture": "#0"}
			}
		},
		{
			"from": [9.788, 11.08717, 11.42418],
			"to": [10.712, 12.24217, 12.34818],
			"rotation": {"angle": 0, "axis": "x", "origin": [10.25, 10.77357, 11.40566]},
			"faces": {
				"north": {"uv": [4.33333, 9.33333, 4, 9.66667], "texture": "#0"},
				"east": {"uv": [6.66667, 10.33333, 6.33333, 10.66667], "texture": "#0"},
				"south": {"uv": [10.66667, 3.66667, 10.33333, 4], "texture": "#0"},
				"west": {"uv": [10, 9, 9.66667, 9.33333], "texture": "#0"},
				"up": {"uv": [6.66667, 10.66667, 7, 10.33333], "texture": "#0"}
			}
		},
		{
			"from": [9.75, 2.6, 13.8],
			"to": [12.25, 5.1, 15.8],
			"rotation": {"angle": -22.5, "axis": "x", "origin": [15.25, 3.1, 0.8]},
			"faces": {
				"north": {"uv": [10.66667, 0.66667, 9.66667, 1.33333], "texture": "#0"},
				"east": {"uv": [4.66667, 9.66667, 4, 10.33333], "texture": "#0"},
				"south": {"uv": [2.33333, 9.66667, 1.33333, 10.33333], "texture": "#0"},
				"west": {"uv": [3, 9.66667, 2.33333, 10.33333], "texture": "#0"},
				"up": {"uv": [9.66667, 2, 10.66667, 1.33333], "texture": "#0"},
				"down": {"uv": [9.66667, 2, 10.66667, 2.66667], "texture": "#0"}
			}
		},
		{
			"from": [10, 9.29084, 13.84506],
			"to": [12, 11.29084, 15.84506],
			"rotation": {"angle": -45, "axis": "x", "origin": [11, 9.91584, 15.29506]},
			"faces": {
				"east": {"uv": [8, 9.66667, 7.33333, 10.33333], "texture": "#0"},
				"south": {"uv": [6, 9.66667, 5.33333, 10.33333], "texture": "#0"},
				"west": {"uv": [5.33333, 9.66667, 4.66667, 10.33333], "texture": "#0"},
				"up": {"uv": [8, 10.33333, 8.66667, 9.66667], "texture": "#0"},
				"down": {"uv": [8.66667, 9.66667, 9.33333, 10.33333], "texture": "#0"}
			}
		},
		{
			"from": [10.3, 9.9927, 14.62156],
			"to": [11.7, 11.7427, 16.02156],
			"rotation": {"angle": 22.5, "axis": "x", "origin": [11, 10.2427, 15.77156]},
			"faces": {
				"north": {"uv": [4.33333, 10.33333, 4, 11], "texture": "#0"},
				"east": {"uv": [5.33333, 10.33333, 5, 11], "texture": "#0"},
				"south": {"uv": [5, 10.33333, 4.66667, 11], "texture": "#0"},
				"west": {"uv": [4.66667, 10.33333, 4.33333, 11], "texture": "#0"},
				"up": {"uv": [5.66667, 7.33333, 6, 7], "texture": "#0"}
			}
		},
		{
			"from": [5.87868, 9, 2],
			"to": [8.87868, 12, 12.25],
			"rotation": {"angle": -45, "axis": "z", "origin": [5.87868, 9, 2]},
			"faces": {
				"north": {"uv": [9.33333, 3, 10.33333, 4], "texture": "#0"},
				"east": {"uv": [6, 2, 9.33333, 3], "texture": "#0"},
				"south": {"uv": [6.33333, 9.33333, 7.33333, 10.33333], "texture": "#0"},
				"west": {"uv": [6, 3, 9.33333, 4], "texture": "#0"},
				"up": {"uv": [4.33333, 9.33333, 3.33333, 6], "texture": "#0"},
				"down": {"uv": [7, 4, 6, 7.33333], "texture": "#0"}
			}
		},
		{
			"from": [6.37868, 9.5, 1.5],
			"to": [8.37868, 11.5, 2],
			"rotation": {"angle": -45, "axis": "z", "origin": [5.87868, 9, 1.5]},
			"faces": {
				"north": {"uv": [10, 9.66667, 10.66667, 10.33333], "texture": "#0"},
				"east": {"uv": [5.33333, 10.33333, 5.66667, 11], "texture": "#0"},
				"south": {"uv": [0, 10.33333, 0.66667, 11], "texture": "#0"},
				"west": {"uv": [5.66667, 10.33333, 6, 11], "texture": "#0"},
				"up": {"uv": [10.33333, 3, 9.66667, 2.66667], "texture": "#0"},
				"down": {"uv": [10.66667, 6.66667, 10, 7], "texture": "#0"}
			}
		},
		{
			"from": [3.5, 2, 3.5],
			"to": [12.5, 4, 3.5],
			"rotation": {"angle": 0, "axis": "y", "origin": [10.5, 3, 3.5]},
			"faces": {
				"north": {"uv": [12, 3, 15, 3.66667], "texture": "#0"},
				"south": {"uv": [12, 3, 15, 3.66667], "texture": "#0"}
			}
		},
		{
			"from": [3.501, 2.5, 3.5],
			"to": [3.501, 4, 7],
			"rotation": {"angle": 0, "axis": "y", "origin": [3.501, 3, 5]},
			"faces": {
				"east": {"uv": [14.66667, 4, 13.33333, 4.66667], "texture": "#0"},
				"west": {"uv": [13.33333, 4, 14.66667, 4.66667], "texture": "#0"}
			}
		},
		{
			"from": [3.5, 4.5, 3.5],
			"to": [12.5, 6, 3.5],
			"rotation": {"angle": 0, "axis": "y", "origin": [10.5, 5, 3.5]},
			"faces": {
				"north": {"uv": [12, 2, 15, 2.66667], "texture": "#0"},
				"south": {"uv": [12, 2, 15, 2.66667], "texture": "#0"}
			}
		},
		{
			"from": [3.501, 4.5, 3.5],
			"to": [3.501, 6, 7],
			"rotation": {"angle": 0, "axis": "y", "origin": [3.501, 5, 5]},
			"faces": {
				"east": {"uv": [14.66667, 5, 13.33333, 5.66667], "texture": "#0"},
				"west": {"uv": [13.33333, 5, 14.66667, 5.66667], "texture": "#0"}
			}
		},
		{
			"from": [12.499, 4.5, 3.5],
			"to": [12.499, 6, 7],
			"rotation": {"angle": 0, "axis": "y", "origin": [12.499, 5, 5]},
			"faces": {
				"east": {"uv": [14.66667, 5, 13.33333, 5.66667], "texture": "#0"},
				"west": {"uv": [13.33333, 5, 14.66667, 5.66667], "texture": "#0"}
			}
		},
		{
			"from": [12.499, 2.5, 3.5],
			"to": [12.499, 4, 7],
			"rotation": {"angle": 0, "axis": "y", "origin": [12.499, 3, 5]},
			"faces": {
				"east": {"uv": [14.66667, 4, 13.33333, 4.66667], "texture": "#0"},
				"west": {"uv": [13.33333, 4, 14.66667, 4.66667], "texture": "#0"}
			}
		},
		{
			"from": [2.5, 4.5, 9],
			"to": [2.53, 8.5, 15],
			"rotation": {"angle": 0, "axis": "y", "origin": [2.5, 4.5, 9]},
			"faces": {
				"east": {"uv": [14, 0, 12, 1.33333], "texture": "#0"},
				"west": {"uv": [12, 0, 14, 1.33333], "texture": "#0"}
			}
		},
		{
			"from": [13.47, 4.5, 9],
			"to": [13.5, 8.5, 15],
			"rotation": {"angle": 0, "axis": "y", "origin": [13.5, 4.5, 9]},
			"faces": {
				"east": {"uv": [14, 0, 12, 1.33333], "texture": "#0"},
				"west": {"uv": [12, 0, 14, 1.33333], "texture": "#0"}
			}
		}
	],
	"gui_light": "front",
	"display": {
		"thirdperson_righthand": {
			"rotation": [57.75, 0, 0],
			"translation": [0, 4, 3],
			"scale": [0.57031, 0.57031, 0.57031]
		},
		"thirdperson_lefthand": {
			"rotation": [57.75, 0, 0],
			"translation": [0, 4, 3],
			"scale": [0.57031, 0.57031, 0.57031]
		},
		"firstperson_righthand": {
			"rotation": [163.5, 0, -180],
			"translation": [-0.5, 6.25, 0],
			"scale": [0.74414, 0.74414, 0.74414]
		},
		"firstperson_lefthand": {
			"rotation": [163.5, 0, -180],
			"translation": [-0.5, 6.25, 0],
			"scale": [0.74414, 0.74414, 0.74414]
		},
		"ground": {
			"translation": [0, 9.25, 0]
		},
		"gui": {
			"rotation": [0, 180, 0],
			"translation": [0, 2.5, 0],
			"scale": [1.27344, 1.27344, 1.27344]
		},
		"head": {
			"translation": [0, 5.75, 0],
			"scale": [1.61523, 1.61523, 1.61523]
		},
		"fixed": {
			"rotation": [-90, 0, 0],
			"translation": [0, 0, -18.5],
			"scale": [2.23047, 2.23047, 2.23047]
		}
	}
}