{
	"credit": "Made by PolygonMC",
	"texture_size": [24, 24],
	"textures": {
		"2": "littledragonset:little_dragon",
		"particle": "littledragonset:little_dragon"
	},
	"elements": [
		{
			"from": [7, 1, 5.5],
			"to": [9, 3, 10],
			"rotation": {"angle": 0, "axis": "y", "origin": [7, 1, 6]},
			"faces": {
				"north": {"uv": [4.66667, 0, 6, 1.33333], "texture": "#2"},
				"east": {"uv": [0, 0, 3, 1.33333], "texture": "#2"},
				"south": {"uv": [4.66667, 1.33333, 6, 2.66667], "texture": "#2"},
				"west": {"uv": [0, 1.33333, 3, 2.66667], "texture": "#2"},
				"up": {"uv": [1.33333, 5.66667, 0, 2.66667], "texture": "#2"},
				"down": {"uv": [2.66667, 2.66667, 1.33333, 5.66667], "texture": "#2"}
			}
		},
		{
			"from": [6, 0.5, 8.75],
			"to": [7, 2.5, 10.25],
			"rotation": {"angle": 0, "axis": "y", "origin": [6, 1.5, 8.25]},
			"faces": {
				"north": {"uv": [8, 4, 8.66667, 5.33333], "texture": "#2"},
				"east": {"uv": [6, 0, 7, 1.33333], "texture": "#2"},
				"south": {"uv": [5.33333, 8, 6, 9.33333], "texture": "#2"},
				"west": {"uv": [1.33333, 6, 2.33333, 7.33333], "texture": "#2"},
				"up": {"uv": [8.66667, 8.33333, 8, 7.33333], "texture": "#2"}
			}
		},
		{
			"from": [6, 0, 5.75],
			"to": [7, 0.5, 7.25],
			"rotation": {"angle": 0, "axis": "y", "origin": [6, -0.5, 6.25]},
			"faces": {
				"north": {"uv": [4, 10, 4.66667, 10.33333], "texture": "#2"},
				"east": {"uv": [2.66667, 10, 3.66667, 10.33333], "texture": "#2"},
				"south": {"uv": [10, 4, 10.66667, 4.33333], "texture": "#2"},
				"west": {"uv": [10, 3.33333, 11, 3.66667], "texture": "#2"},
				"up": {"uv": [0.66667, 9.66667, 0, 8.66667], "texture": "#2"},
				"down": {"uv": [9.33333, 0, 8.66667, 1], "texture": "#2"}
			}
		},
		{
			"from": [6, 0.5, 6.25],
			"to": [7, 1.5, 7.25],
			"rotation": {"angle": 0, "axis": "y", "origin": [6, 0.5, 6.25]},
			"faces": {
				"north": {"uv": [4.66667, 4, 5.33333, 4.66667], "texture": "#2"},
				"east": {"uv": [9.33333, 0, 10, 0.66667], "texture": "#2"},
				"south": {"uv": [0.66667, 9.33333, 1.33333, 10], "texture": "#2"},
				"west": {"uv": [9.33333, 0.66667, 10, 1.33333], "texture": "#2"}
			}
		},
		{
			"from": [6, 1.5, 5.75],
			"to": [7, 2.5, 7.25],
			"rotation": {"angle": 0, "axis": "y", "origin": [6, 1.5, 5.25]},
			"faces": {
				"north": {"uv": [1.33333, 9.33333, 2, 10], "texture": "#2"},
				"east": {"uv": [0.66667, 8.66667, 1.66667, 9.33333], "texture": "#2"},
				"south": {"uv": [9.33333, 2, 10, 2.66667], "texture": "#2"},
				"west": {"uv": [8.66667, 1.33333, 9.66667, 2], "texture": "#2"},
				"up": {"uv": [2.66667, 9.66667, 2, 8.66667], "texture": "#2"},
				"down": {"uv": [9.33333, 2, 8.66667, 3], "texture": "#2"}
			}
		},
		{
			"from": [7.25, 2.25, 4.5],
			"to": [8.75, 3.75, 6],
			"rotation": {"angle": 22.5, "axis": "x", "origin": [7.25, 2.25, 4]},
			"faces": {
				"north": {"uv": [6.66667, 4, 7.66667, 5], "texture": "#2"},
				"east": {"uv": [5.33333, 6.66667, 6.33333, 7.66667], "texture": "#2"},
				"south": {"uv": [6.66667, 5.33333, 7.66667, 6.33333], "texture": "#2"},
				"west": {"uv": [6.66667, 6.66667, 7.66667, 7.66667], "texture": "#2"},
				"up": {"uv": [1, 8.33333, 0, 7.33333], "texture": "#2"},
				"down": {"uv": [8.33333, 0, 7.33333, 1], "texture": "#2"}
			}
		},
		{
			"from": [6, 0, 8.25],
			"to": [7, 0.5, 10.25],
			"rotation": {"angle": 0, "axis": "y", "origin": [6, -0.5, 9.25]},
			"faces": {
				"north": {"uv": [4.66667, 10, 5.33333, 10.33333], "texture": "#2"},
				"east": {"uv": [2.66667, 9.33333, 4, 9.66667], "texture": "#2"},
				"south": {"uv": [10, 4.66667, 10.66667, 5], "texture": "#2"},
				"west": {"uv": [9.33333, 2.66667, 10.66667, 3], "texture": "#2"},
				"up": {"uv": [8.66667, 6.66667, 8, 5.33333], "texture": "#2"},
				"down": {"uv": [6.66667, 8, 6, 9.33333], "texture": "#2"}
			}
		},
		{
			"from": [7, 1.75, 3.1],
			"to": [9, 3.75, 5.1],
			"rotation": {"angle": 0, "axis": "x", "origin": [7, 4, 4]},
			"faces": {
				"north": {"uv": [2.66667, 4.66667, 4, 6], "texture": "#2"},
				"east": {"uv": [4.66667, 2.66667, 6, 4], "texture": "#2"},
				"south": {"uv": [4, 4.66667, 5.33333, 6], "texture": "#2"},
				"west": {"uv": [5.33333, 4, 6.66667, 5.33333], "texture": "#2"},
				"up": {"uv": [6.66667, 6.66667, 5.33333, 5.33333], "texture": "#2"},
				"down": {"uv": [1.33333, 6, 0, 7.33333], "texture": "#2"}
			}
		},
		{
			"from": [7, 1.75, 2.1],
			"to": [9, 2.75, 3.1],
			"rotation": {"angle": 0, "axis": "x", "origin": [8, 4, 4]},
			"faces": {
				"north": {"uv": [3.33333, 2, 4.66667, 2.66667], "texture": "#2"},
				"east": {"uv": [4, 9.33333, 4.66667, 10], "texture": "#2"},
				"west": {"uv": [4.66667, 9.33333, 5.33333, 10], "texture": "#2"},
				"up": {"uv": [8, 8.66667, 6.66667, 8], "texture": "#2"},
				"down": {"uv": [9.33333, 6.66667, 8, 7.33333], "texture": "#2"}
			}
		},
		{
			"from": [7.25, 2, 1.85],
			"to": [8.75, 3, 3.1],
			"rotation": {"angle": 0, "axis": "x", "origin": [8, 4, 4]},
			"faces": {
				"north": {"uv": [2.66667, 8.66667, 3.66667, 9.33333], "texture": "#2"},
				"east": {"uv": [8.66667, 3.33333, 9.66667, 4], "texture": "#2"},
				"west": {"uv": [4, 8.66667, 5, 9.33333], "texture": "#2"},
				"up": {"uv": [2.33333, 8.33333, 1.33333, 7.33333], "texture": "#2"},
				"down": {"uv": [8.33333, 1.33333, 7.33333, 2.33333], "texture": "#2"}
			}
		},
		{
			"from": [7.25, 0, 10],
			"to": [8.75, 1.5, 12],
			"rotation": {"angle": -22.5, "axis": "x", "origin": [7.25, 0, 6]},
			"faces": {
				"north": {"uv": [2.66667, 7.33333, 3.66667, 8.33333], "texture": "#2"},
				"east": {"uv": [6, 1.33333, 7.33333, 2.33333], "texture": "#2"},
				"south": {"uv": [7.33333, 2.66667, 8.33333, 3.66667], "texture": "#2"},
				"west": {"uv": [2.66667, 6, 4, 7], "texture": "#2"},
				"up": {"uv": [7, 4, 6, 2.66667], "texture": "#2"},
				"down": {"uv": [5, 6, 4, 7.33333], "texture": "#2"}
			}
		},
		{
			"from": [7.3775, 2.86104, 10.71505],
			"to": [8.6225, 4.10604, 12.37505],
			"rotation": {"angle": -45, "axis": "x", "origin": [8, 3.53354, 11.72005]},
			"faces": {
				"north": {"uv": [5.33333, 9.33333, 6, 10], "texture": "#2"},
				"east": {"uv": [8.66667, 4, 9.66667, 4.66667], "texture": "#2"},
				"south": {"uv": [9.33333, 5.33333, 10, 6], "texture": "#2"},
				"west": {"uv": [8.66667, 4.66667, 9.66667, 5.33333], "texture": "#2"},
				"up": {"uv": [9.33333, 6.33333, 8.66667, 5.33333], "texture": "#2"},
				"down": {"uv": [7.33333, 8.66667, 6.66667, 9.66667], "texture": "#2"}
			}
		},
		{
			"from": [7.48333, 3.66645, 11.87835],
			"to": [8.51668, 5.04425, 12.9117],
			"rotation": {"angle": 22.5, "axis": "x", "origin": [8, 4.35535, 12.44502]},
			"faces": {
				"north": {"uv": [7.33333, 8.66667, 8, 9.66667], "texture": "#2"},
				"east": {"uv": [8.66667, 7.33333, 9.33333, 8.33333], "texture": "#2"},
				"south": {"uv": [8, 8.66667, 8.66667, 9.66667], "texture": "#2"},
				"west": {"uv": [8.66667, 8.66667, 9.33333, 9.66667], "texture": "#2"},
				"up": {"uv": [6.66667, 10, 6, 9.33333], "texture": "#2"},
				"down": {"uv": [10, 6, 9.33333, 6.66667], "texture": "#2"}
			}
		},
		{
			"from": [6.43934, 2.25, 3.70355],
			"to": [6.43934, 3.75, 5.20355],
			"rotation": {"angle": -45, "axis": "y", "origin": [5.93934, 2.75, 4.70355]},
			"faces": {
				"east": {"uv": [5, 7.33333, 4, 8.33333], "texture": "#2"},
				"west": {"uv": [4, 7.33333, 5, 8.33333], "texture": "#2"}
			}
		},
		{
			"from": [6.9, 2.8, 4.9],
			"to": [7.9, 3.8, 5.9],
			"rotation": {"angle": -22.5, "axis": "x", "origin": [6.9, 2.8, 4.9]},
			"faces": {
				"north": {"uv": [9.33333, 6.66667, 10, 7.33333], "texture": "#2"},
				"east": {"uv": [9.33333, 7.33333, 10, 8], "texture": "#2"},
				"south": {"uv": [9.33333, 8, 10, 8.66667], "texture": "#2"},
				"west": {"uv": [9.33333, 8.66667, 10, 9.33333], "texture": "#2"},
				"up": {"uv": [10, 10, 9.33333, 9.33333], "texture": "#2"},
				"down": {"uv": [0.66667, 10, 0, 10.66667], "texture": "#2"}
			}
		},
		{
			"from": [7.005, 3.44479, 5.30388],
			"to": [7.795, 4.23479, 6.09388],
			"rotation": {"angle": -45, "axis": "x", "origin": [7.4, 3.88979, 5.82388]},
			"faces": {
				"east": {"uv": [10, 0, 10.66667, 0.66667], "texture": "#2"},
				"south": {"uv": [0.66667, 10, 1.33333, 10.66667], "texture": "#2"},
				"west": {"uv": [10, 0.66667, 10.66667, 1.33333], "texture": "#2"},
				"up": {"uv": [2, 10.66667, 1.33333, 10], "texture": "#2"},
				"down": {"uv": [10.66667, 1.33333, 10, 2], "texture": "#2"}
			}
		},
		{
			"from": [7.10375, 3.86089, 5.84444],
			"to": [7.69625, 4.45339, 6.43694],
			"rotation": {"angle": 22.5, "axis": "x", "origin": [7.4, 4.28214, 6.11569]},
			"faces": {
				"north": {"uv": [6.66667, 10, 7, 10.33333], "texture": "#2"},
				"east": {"uv": [10, 6.66667, 10.33333, 7], "texture": "#2"},
				"south": {"uv": [7.33333, 10, 7.66667, 10.33333], "texture": "#2"},
				"west": {"uv": [10, 7.33333, 10.33333, 7.66667], "texture": "#2"},
				"up": {"uv": [8.33333, 10.33333, 8, 10], "texture": "#2"}
			}
		},
		{
			"from": [6.8, 3.45, 2.95],
			"to": [7.8, 3.95, 3.95],
			"rotation": {"angle": -22.5, "axis": "x", "origin": [7.3, 3.7, 3.5]},
			"faces": {
				"north": {"uv": [12, 0, 12.66667, 0.33333], "texture": "#2"},
				"east": {"uv": [10, 5.33333, 10.66667, 5.66667], "texture": "#2"},
				"south": {"uv": [12.66667, 0, 13.33333, 0.33333], "texture": "#2"},
				"west": {"uv": [10, 6, 10.66667, 6.33333], "texture": "#2"},
				"up": {"uv": [11.66667, 0.66667, 11, 0], "texture": "#2"},
				"down": {"uv": [10.66667, 2, 10, 2.66667], "texture": "#2"}
			}
		},
		{
			"from": [5.15186, 3.76444, 6],
			"to": [7.15186, 3.76444, 9],
			"rotation": {"angle": -22.5, "axis": "z", "origin": [5.15186, 3.76444, 5.5]},
			"faces": {
				"up": {"uv": [4.66667, 2, 3.33333, 0], "texture": "#2"},
				"down": {"uv": [4.66667, 0, 3.33333, 2], "texture": "#2"}
			}
		},
		{
			"from": [2.15186, 3.76444, 6],
			"to": [5.15186, 3.76444, 9],
			"rotation": {"angle": 22.5, "axis": "z", "origin": [5.15186, 3.76444, 5.5]},
			"faces": {
				"up": {"uv": [4.66667, 4.66667, 2.66667, 2.66667], "texture": "#2"},
				"down": {"uv": [4.66667, 2.66667, 2.66667, 4.66667], "texture": "#2"}
			}
		},
		{
			"from": [9, 0, 8.25],
			"to": [10, 0.5, 10.25],
			"rotation": {"angle": 0, "axis": "y", "origin": [10, -0.5, 9.25]},
			"faces": {
				"north": {"uv": [5.33333, 10, 4.66667, 10.33333], "texture": "#2"},
				"east": {"uv": [10.66667, 2.66667, 9.33333, 3], "texture": "#2"},
				"south": {"uv": [10.66667, 4.66667, 10, 5], "texture": "#2"},
				"west": {"uv": [4, 9.33333, 2.66667, 9.66667], "texture": "#2"},
				"up": {"uv": [8, 6.66667, 8.66667, 5.33333], "texture": "#2"},
				"down": {"uv": [6, 8, 6.66667, 9.33333], "texture": "#2"}
			}
		},
		{
			"from": [9, 1.5, 5.75],
			"to": [10, 2.5, 7.25],
			"rotation": {"angle": 0, "axis": "y", "origin": [10, 1.5, 5.25]},
			"faces": {
				"north": {"uv": [2, 9.33333, 1.33333, 10], "texture": "#2"},
				"east": {"uv": [9.66667, 1.33333, 8.66667, 2], "texture": "#2"},
				"south": {"uv": [10, 2, 9.33333, 2.66667], "texture": "#2"},
				"west": {"uv": [1.66667, 8.66667, 0.66667, 9.33333], "texture": "#2"},
				"up": {"uv": [2, 9.66667, 2.66667, 8.66667], "texture": "#2"},
				"down": {"uv": [8.66667, 2, 9.33333, 3], "texture": "#2"}
			}
		},
		{
			"from": [9, 0.5, 6.25],
			"to": [10, 1.5, 7.25],
			"rotation": {"angle": 0, "axis": "y", "origin": [10, 0.5, 6.25]},
			"faces": {
				"north": {"uv": [5.33333, 4, 4.66667, 4.66667], "texture": "#2"},
				"east": {"uv": [10, 0.66667, 9.33333, 1.33333], "texture": "#2"},
				"south": {"uv": [1.33333, 9.33333, 0.66667, 10], "texture": "#2"},
				"west": {"uv": [10, 0, 9.33333, 0.66667], "texture": "#2"}
			}
		},
		{
			"from": [9, 0, 5.75],
			"to": [10, 0.5, 7.25],
			"rotation": {"angle": 0, "axis": "y", "origin": [10, -0.5, 6.25]},
			"faces": {
				"north": {"uv": [4.66667, 10, 4, 10.33333], "texture": "#2"},
				"east": {"uv": [11, 3.33333, 10, 3.66667], "texture": "#2"},
				"south": {"uv": [10.66667, 4, 10, 4.33333], "texture": "#2"},
				"west": {"uv": [3.66667, 10, 2.66667, 10.33333], "texture": "#2"},
				"up": {"uv": [0, 9.66667, 0.66667, 8.66667], "texture": "#2"},
				"down": {"uv": [8.66667, 0, 9.33333, 1], "texture": "#2"}
			}
		},
		{
			"from": [9, 0.5, 8.75],
			"to": [10, 2.5, 10.25],
			"rotation": {"angle": 0, "axis": "y", "origin": [10, 1.5, 8.25]},
			"faces": {
				"north": {"uv": [8.66667, 4, 8, 5.33333], "texture": "#2"},
				"east": {"uv": [2.33333, 6, 1.33333, 7.33333], "texture": "#2"},
				"south": {"uv": [6, 8, 5.33333, 9.33333], "texture": "#2"},
				"west": {"uv": [7, 0, 6, 1.33333], "texture": "#2"},
				"up": {"uv": [8, 8.33333, 8.66667, 7.33333], "texture": "#2"}
			}
		},
		{
			"from": [8.205, 3.44479, 5.30388],
			"to": [8.995, 4.23479, 6.09388],
			"rotation": {"angle": -45, "axis": "x", "origin": [8.6, 3.88979, 5.82388]},
			"faces": {
				"east": {"uv": [10.66667, 0.66667, 10, 1.33333], "texture": "#2"},
				"south": {"uv": [1.33333, 10, 0.66667, 10.66667], "texture": "#2"},
				"west": {"uv": [10.66667, 0, 10, 0.66667], "texture": "#2"},
				"up": {"uv": [1.33333, 10.66667, 2, 10], "texture": "#2"},
				"down": {"uv": [10, 1.33333, 10.66667, 2], "texture": "#2"}
			}
		},
		{
			"from": [8.30375, 3.86089, 5.84444],
			"to": [8.89625, 4.45339, 6.43694],
			"rotation": {"angle": 22.5, "axis": "x", "origin": [8.6, 4.28214, 6.11569]},
			"faces": {
				"north": {"uv": [7, 10, 6.66667, 10.33333], "texture": "#2"},
				"east": {"uv": [10.33333, 7.33333, 10, 7.66667], "texture": "#2"},
				"south": {"uv": [7.66667, 10, 7.33333, 10.33333], "texture": "#2"},
				"west": {"uv": [10.33333, 6.66667, 10, 7], "texture": "#2"},
				"up": {"uv": [8, 10.33333, 8.33333, 10], "texture": "#2"}
			}
		},
		{
			"from": [8.1, 2.8, 4.9],
			"to": [9.1, 3.8, 5.9],
			"rotation": {"angle": -22.5, "axis": "x", "origin": [9.1, 2.8, 4.9]},
			"faces": {
				"north": {"uv": [10, 6.66667, 9.33333, 7.33333], "texture": "#2"},
				"east": {"uv": [10, 8.66667, 9.33333, 9.33333], "texture": "#2"},
				"south": {"uv": [10, 8, 9.33333, 8.66667], "texture": "#2"},
				"west": {"uv": [10, 7.33333, 9.33333, 8], "texture": "#2"},
				"up": {"uv": [9.33333, 10, 10, 9.33333], "texture": "#2"},
				"down": {"uv": [0, 10, 0.66667, 10.66667], "texture": "#2"}
			}
		},
		{
			"from": [8.2, 3.45, 2.95],
			"to": [9.2, 3.95, 3.95],
			"rotation": {"angle": -22.5, "axis": "x", "origin": [8.7, 3.7, 3.5]},
			"faces": {
				"north": {"uv": [12.66667, 0, 12, 0.33333], "texture": "#2"},
				"east": {"uv": [10.66667, 6, 10, 6.33333], "texture": "#2"},
				"south": {"uv": [13.33333, 0, 12.66667, 0.33333], "texture": "#2"},
				"west": {"uv": [10.66667, 5.33333, 10, 5.66667], "texture": "#2"},
				"up": {"uv": [11, 0.66667, 11.66667, 0], "texture": "#2"},
				"down": {"uv": [10, 2, 10.66667, 2.66667], "texture": "#2"}
			}
		},
		{
			"from": [9.56066, 2.25, 3.70355],
			"to": [9.56066, 3.75, 5.20355],
			"rotation": {"angle": 45, "axis": "y", "origin": [10.06066, 2.75, 4.70355]},
			"faces": {
				"east": {"uv": [5, 7.33333, 4, 8.33333], "texture": "#2"},
				"west": {"uv": [4, 7.33333, 5, 8.33333], "texture": "#2"}
			}
		},
		{
			"from": [10.84814, 3.76444, 6],
			"to": [13.84814, 3.76444, 9],
			"rotation": {"angle": -22.5, "axis": "z", "origin": [10.84814, 3.76444, 5.5]},
			"faces": {
				"up": {"uv": [2.66667, 4.66667, 4.66667, 2.66667], "texture": "#2"},
				"down": {"uv": [2.66667, 2.66667, 4.66667, 4.66667], "texture": "#2"}
			}
		},
		{
			"from": [8.84814, 3.76444, 6],
			"to": [10.84814, 3.76444, 9],
			"rotation": {"angle": 22.5, "axis": "z", "origin": [10.84814, 3.76444, 5.5]},
			"faces": {
				"up": {"uv": [3.33333, 2, 4.66667, 0], "texture": "#2"},
				"down": {"uv": [3.33333, 0, 4.66667, 2], "texture": "#2"}
			}
		}
	],
	"gui_light": "front",
	"display": {
		"thirdperson_righthand": {
			"translation": [0, 7, 2.5]
		},
		"thirdperson_lefthand": {
			"rotation": [81.5, 0, 0],
			"translation": [0, -0.5, 18.75]
		},
		"firstperson_righthand": {
			"rotation": [154, 0, 180],
			"translation": [-3, 8.5, -2.5],
			"scale": [1.17969, 1.17969, 1.17969]
		},
		"firstperson_lefthand": {
			"rotation": [154, 0, 180],
			"translation": [-3, 8.5, -2.5],
			"scale": [1.17969, 1.17969, 1.17969]
		},
		"ground": {
			"translation": [0, 8.5, 0]
		},
		"gui": {
			"rotation": [0, 135, 0],
			"translation": [1, 10.5, 0],
			"scale": [1.92773, 1.92773, 1.92773]
		},
		"head": {
			"translation": [0, 25.75, 0],
			"scale": [2.41797, 2.41797, 2.41797]
		},
		"fixed": {
			"rotation": [-90, 0, 0],
			"translation": [0, 0, -26.25],
			"scale": [3.26563, 3.26563, 3.26563]
		}
	},
	"groups": [
		{
			"name": "group",
			"origin": [10.84814, 3.76444, 5.5],
			"color": 0,
			"boneType": "",
			"children": [0, 1, 2, 3, 4, 5, 6, 7, 8, 9, 10, 11, 12, 13, 14, 15, 16, 17, 18, 19, 20, 21, 22, 23, 24, 25, 26, 27, 28, 29, 30, 31]
		}
	]
}