{
	"credit": "Made by PolygonMC",
	"texture_size": [24, 24],
	"textures": {
		"1": "littledragonset:little_dragon",
		"3": "littledragonset:animations/animations_flame_01",
		"4": "littledragonset:animations/animations_flame_02",
		"5": "littledragonset:shield"
	},
	"elements": [
		{
			"from": [7.5, 4.60683, 9.35],
			"to": [8.5, 6.60683, 10.35],
			"rotation": {"angle": 0, "axis": "y", "origin": [8.5, 4.60683, 8.35]},
			"faces": {
				"north": {"uv": [9.33333, 10, 10, 11.33333], "texture": "#5"},
				"east": {"uv": [10, 7.33333, 10.66667, 8.66667], "texture": "#5"},
				"south": {"uv": [8.66667, 10, 9.33333, 11.33333], "texture": "#5"},
				"west": {"uv": [10, 8.66667, 10.66667, 10], "texture": "#5"},
				"up": {"uv": [12, 5.33333, 11.33333, 4.66667], "rotation": 90, "texture": "#5"},
				"down": {"uv": [6, 11.33333, 5.33333, 12], "rotation": 270, "texture": "#5"}
			}
		},
		{
			"from": [7.6, 6.60683, 9.45],
			"to": [8.4, 8.40683, 10.25],
			"rotation": {"angle": 0, "axis": "y", "origin": [8.5, 4.60683, 8.35]},
			"faces": {
				"north": {"uv": [1.33333, 10.66667, 2, 12], "texture": "#5"},
				"east": {"uv": [10, 10, 10.66667, 11.33333], "texture": "#5"},
				"south": {"uv": [10.66667, 0, 11.33333, 1.33333], "texture": "#5"},
				"west": {"uv": [0.66667, 10.66667, 1.33333, 12], "texture": "#5"}
			}
		},
		{
			"from": [7.6, 9.50683, 7.05],
			"to": [8.4, 10.30683, 9.35],
			"rotation": {"angle": 0, "axis": "z", "origin": [8, 9.90683, 8.45]},
			"faces": {
				"east": {"uv": [0.66667, 8.66667, 2.33333, 9.33333], "texture": "#5"},
				"west": {"uv": [8.66667, 4, 10.33333, 4.66667], "texture": "#5"},
				"up": {"uv": [10.33333, 5.33333, 8.66667, 4.66667], "rotation": 90, "texture": "#5"},
				"down": {"uv": [10.33333, 5.33333, 8.66667, 6], "rotation": 270, "texture": "#5"}
			}
		},
		{
			"from": [7.6, 4.75683, 7.05],
			"to": [8.4, 5.55683, 9.35],
			"rotation": {"angle": 0, "axis": "z", "origin": [8, 5.15683, 8.45]},
			"faces": {
				"east": {"uv": [0.66667, 8.66667, 2.33333, 9.33333], "texture": "#5"},
				"west": {"uv": [8.66667, 4, 10.33333, 4.66667], "texture": "#5"},
				"up": {"uv": [10.33333, 5.33333, 8.66667, 4.66667], "rotation": 90, "texture": "#5"},
				"down": {"uv": [10.33333, 5.33333, 8.66667, 6], "rotation": 270, "texture": "#5"}
			}
		},
		{
			"from": [7.25, 4.35683, 9.6],
			"to": [8.75, 5.85683, 10.1],
			"rotation": {"angle": 0, "axis": "y", "origin": [8.75, 4.60683, 9.6]},
			"faces": {
				"north": {"uv": [6.66667, 8.66667, 7.66667, 9.66667], "texture": "#5"},
				"east": {"uv": [12, 8.66667, 12.33333, 9.66667], "texture": "#5"},
				"south": {"uv": [8.66667, 6, 9.66667, 7], "texture": "#5"},
				"west": {"uv": [9.33333, 12, 9.66667, 13], "texture": "#5"},
				"up": {"uv": [10.33333, 13, 10, 12], "rotation": 90, "texture": "#5"},
				"down": {"uv": [12.33333, 10, 12, 11], "rotation": 270, "texture": "#5"}
			}
		},
		{
			"from": [7.5, 8.40683, 9.35],
			"to": [8.5, 10.40683, 10.35],
			"rotation": {"angle": 0, "axis": "y", "origin": [8.5, 10.40683, 8.35]},
			"faces": {
				"north": {"uv": [10.66667, 10, 11.33333, 11.33333], "texture": "#5"},
				"east": {"uv": [10.66667, 4, 11.33333, 5.33333], "texture": "#5"},
				"south": {"uv": [10.66667, 7.33333, 11.33333, 8.66667], "texture": "#5"},
				"west": {"uv": [10.66667, 8.66667, 11.33333, 10], "texture": "#5"},
				"up": {"uv": [12.66667, 6.66667, 12, 6], "rotation": 90, "texture": "#5"},
				"down": {"uv": [12.66667, 6.66667, 12, 7.33333], "rotation": 270, "texture": "#5"}
			}
		},
		{
			"from": [6, 10.3669, 6.25],
			"to": [8, 12.3669, 7.25],
			"rotation": {"angle": -45, "axis": "z", "origin": [8, 10.3669, 6.25]},
			"faces": {
				"north": {"uv": [8, 1.33333, 9.33333, 2.66667], "texture": "#5"},
				"east": {"uv": [10.66667, 1.33333, 11.33333, 2.66667], "texture": "#5"},
				"south": {"uv": [8, 0, 9.33333, 1.33333], "texture": "#5"},
				"west": {"uv": [2, 10.66667, 2.66667, 12], "texture": "#5"},
				"up": {"uv": [3.33333, 12, 2.66667, 10.66667], "rotation": 90, "texture": "#5"},
				"down": {"uv": [11.33333, 2.66667, 10.66667, 4], "rotation": 270, "texture": "#5"}
			}
		},
		{
			"from": [8.22799, 4.63818, 6.446],
			"to": [10.10899, 6.51918, 7.054],
			"rotation": {"angle": -45, "axis": "z", "origin": [8, 6.74717, 6.75]},
			"faces": {
				"north": {"uv": [8, 2.66667, 9.33333, 4], "texture": "#5"},
				"east": {"uv": [6, 11.33333, 6.33333, 12.66667], "texture": "#5"},
				"south": {"uv": [2.66667, 8, 4, 9.33333], "texture": "#5"},
				"west": {"uv": [11.33333, 6, 11.66667, 7.33333], "texture": "#5"},
				"up": {"uv": [7, 12.66667, 6.66667, 11.33333], "rotation": 90, "texture": "#5"},
				"down": {"uv": [7.66667, 11.33333, 7.33333, 12.66667], "rotation": 270, "texture": "#5"}
			}
		},
		{
			"from": [6.67, 5.09467, 6.4498],
			"to": [9.33, 11.70467, 7.0502],
			"rotation": {"angle": 0, "axis": "x", "origin": [8, 6.74717, 6.75]},
			"faces": {
				"north": {"uv": [4.66667, 0, 6.33333, 4.33333], "texture": "#5"},
				"east": {"uv": [4.66667, 8, 5, 12.33333], "texture": "#5"},
				"south": {"uv": [2.66667, 0, 4.33333, 4.33333], "texture": "#5"},
				"west": {"uv": [0, 8.66667, 0.33333, 13], "texture": "#5"}
			}
		},
		{
			"from": [6.92, 0.39467, 6.5498],
			"to": [9.08, 5.00467, 6.9502],
			"rotation": {"angle": 0, "axis": "x", "origin": [8, 2.04717, 6.75]},
			"faces": {
				"north": {"uv": [4, 4.66667, 5.33333, 7.66667], "texture": "#5"},
				"east": {"uv": [3.33333, 9.33333, 3.66667, 12.33333], "texture": "#5"},
				"south": {"uv": [2.66667, 4.66667, 4, 7.66667], "texture": "#5"},
				"west": {"uv": [8, 9.33333, 8.33333, 12.33333], "texture": "#5"}
			}
		},
		{
			"from": [8.37799, 0.08818, 6.546],
			"to": [9.95899, 1.66918, 6.954],
			"rotation": {"angle": -45, "axis": "z", "origin": [8, 2.04717, 6.75]},
			"faces": {
				"north": {"uv": [6.66667, 10, 7.66667, 11], "texture": "#5"},
				"east": {"uv": [12.66667, 1.33333, 13, 2.33333], "texture": "#5"},
				"south": {"uv": [10, 6, 11, 7], "texture": "#5"},
				"west": {"uv": [2, 12.66667, 2.33333, 13.66667], "texture": "#5"},
				"up": {"uv": [3, 13.66667, 2.66667, 12.66667], "rotation": 90, "texture": "#5"},
				"down": {"uv": [13, 2.66667, 12.66667, 3.66667], "rotation": 270, "texture": "#5"}
			}
		},
		{
			"from": [6.25, 10.6169, 6],
			"to": [7.75, 12.1169, 7.5],
			"rotation": {"angle": -45, "axis": "z", "origin": [8, 10.3669, 6.25]},
			"faces": {
				"north": {"uv": [0.66667, 9.33333, 1.66667, 10.33333], "texture": "#5"},
				"east": {"uv": [8.66667, 7.33333, 9.66667, 8.33333], "texture": "#5"},
				"south": {"uv": [8.66667, 8.66667, 9.66667, 9.66667], "texture": "#5"},
				"west": {"uv": [9.33333, 0, 10.33333, 1], "texture": "#5"},
				"up": {"uv": [10.33333, 2.33333, 9.33333, 1.33333], "rotation": 90, "texture": "#5"},
				"down": {"uv": [3, 9.33333, 2, 10.33333], "rotation": 270, "texture": "#5"}
			}
		},
		{
			"from": [9.07484, 11.41339, 6.294],
			"to": [10.10084, 12.32539, 7.206],
			"rotation": {"angle": -22.5, "axis": "z", "origin": [9.58784, 11.86939, 6.75]},
			"faces": {
				"north": {"uv": [11.33333, 8.66667, 12, 9.33333], "texture": "#5"},
				"east": {"uv": [11.33333, 7.33333, 12, 8], "texture": "#5"},
				"south": {"uv": [11.33333, 8, 12, 8.66667], "texture": "#5"},
				"west": {"uv": [8.66667, 11.33333, 9.33333, 12], "texture": "#5"},
				"up": {"uv": [10, 12, 9.33333, 11.33333], "rotation": 90, "texture": "#5"},
				"down": {"uv": [12, 9.33333, 11.33333, 10], "rotation": 270, "texture": "#5"}
			}
		},
		{
			"from": [9.8736, 11.28712, 6.35784],
			"to": [10.75596, 12.07144, 7.14216],
			"rotation": {"angle": 0, "axis": "x", "origin": [10.40028, 11.70778, 6.75]},
			"faces": {
				"north": {"uv": [10.66667, 11.33333, 11.33333, 12], "texture": "#5"},
				"east": {"uv": [10, 11.33333, 10.66667, 12], "texture": "#5"},
				"south": {"uv": [11.33333, 10, 12, 10.66667], "texture": "#5"},
				"up": {"uv": [12, 11.33333, 11.33333, 10.66667], "rotation": 90, "texture": "#5"},
				"down": {"uv": [12, 11.33333, 11.33333, 12], "rotation": 270, "texture": "#5"}
			}
		},
		{
			"from": [10.54857, 11.45251, 6.41274],
			"to": [11.3074, 12.12702, 7.08726],
			"rotation": {"angle": 22.5, "axis": "z", "origin": [11.01349, 11.81826, 6.75]},
			"faces": {
				"north": {"uv": [12.66667, 4, 13.33333, 4.33333], "texture": "#5"},
				"east": {"uv": [8, 12.66667, 8.33333, 13], "texture": "#5"},
				"south": {"uv": [3.33333, 12.66667, 4, 13], "texture": "#5"},
				"up": {"uv": [5, 13.33333, 4.66667, 12.66667], "rotation": 90, "texture": "#5"},
				"down": {"uv": [13, 4.66667, 12.66667, 5.33333], "rotation": 270, "texture": "#5"}
			}
		},
		{
			"from": [11.04681, 11.78442, 6.46333],
			"to": [11.69181, 12.35776, 7.03667],
			"rotation": {"angle": 45, "axis": "z", "origin": [11.45481, 12.09959, 6.75]},
			"faces": {
				"north": {"uv": [12.66667, 9.33333, 13, 9.66667], "texture": "#5"},
				"east": {"uv": [12.66667, 8, 13, 8.33333], "texture": "#5"},
				"south": {"uv": [12.66667, 8.66667, 13, 9], "texture": "#5"},
				"up": {"uv": [13, 10.33333, 12.66667, 10], "rotation": 90, "texture": "#5"},
				"down": {"uv": [13, 10.66667, 12.66667, 11], "rotation": 270, "texture": "#5"}
			}
		},
		{
			"from": [5.89916, 11.41339, 6.294],
			"to": [6.92516, 12.32539, 7.206],
			"rotation": {"angle": 22.5, "axis": "z", "origin": [6.41216, 11.86939, 6.75]},
			"faces": {
				"north": {"uv": [12, 2, 12.66667, 2.66667], "texture": "#5"},
				"east": {"uv": [0.66667, 12, 1.33333, 12.66667], "texture": "#5"},
				"south": {"uv": [1.33333, 12, 2, 12.66667], "texture": "#5"},
				"west": {"uv": [2, 12, 2.66667, 12.66667], "texture": "#5"},
				"up": {"uv": [3.33333, 12.66667, 2.66667, 12], "rotation": 90, "texture": "#5"},
				"down": {"uv": [12.66667, 2.66667, 12, 3.33333], "rotation": 270, "texture": "#5"}
			}
		},
		{
			"from": [5.24404, 11.28712, 6.35784],
			"to": [6.1264, 12.07144, 7.14216],
			"rotation": {"angle": 0, "axis": "x", "origin": [5.59972, 11.70778, 6.75]},
			"faces": {
				"north": {"uv": [12, 4.66667, 12.66667, 5.33333], "texture": "#5"},
				"south": {"uv": [12, 3.33333, 12.66667, 4], "texture": "#5"},
				"west": {"uv": [12, 4, 12.66667, 4.66667], "texture": "#5"},
				"up": {"uv": [6, 12.66667, 5.33333, 12], "rotation": 90, "texture": "#5"},
				"down": {"uv": [12.66667, 5.33333, 12, 6], "rotation": 270, "texture": "#5"}
			}
		},
		{
			"from": [4.6926, 11.45251, 6.41274],
			"to": [5.45143, 12.12702, 7.08726],
			"rotation": {"angle": -22.5, "axis": "z", "origin": [4.98651, 11.81826, 6.75]},
			"faces": {
				"north": {"uv": [12.66667, 5.33333, 13.33333, 5.66667], "texture": "#5"},
				"south": {"uv": [5.33333, 12.66667, 6, 13], "texture": "#5"},
				"west": {"uv": [12.66667, 11.33333, 13, 11.66667], "texture": "#5"},
				"up": {"uv": [6.33333, 13.33333, 6, 12.66667], "rotation": 90, "texture": "#5"},
				"down": {"uv": [13, 6, 12.66667, 6.66667], "rotation": 270, "texture": "#5"}
			}
		},
		{
			"from": [4.30819, 11.78442, 6.46333],
			"to": [4.95319, 12.35776, 7.03667],
			"rotation": {"angle": -45, "axis": "z", "origin": [4.54519, 12.09959, 6.75]},
			"faces": {
				"north": {"uv": [12.66667, 12.66667, 13, 13], "texture": "#5"},
				"south": {"uv": [12, 12.66667, 12.33333, 13], "texture": "#5"},
				"west": {"uv": [12.66667, 12, 13, 12.33333], "texture": "#5"},
				"up": {"uv": [0.33333, 13.66667, 0, 13.33333], "rotation": 90, "texture": "#5"},
				"down": {"uv": [13.66667, 0, 13.33333, 0.33333], "rotation": 270, "texture": "#5"}
			}
		},
		{
			"from": [7, 10.05683, 7.5],
			"to": [9, 14.55683, 9.5],
			"rotation": {"angle": -22.5, "axis": "x", "origin": [8, 12.30683, 8.5]},
			"faces": {
				"north": {"uv": [2.66667, 2.66667, 1.33333, 5.66667], "rotation": 180, "texture": "#1"},
				"east": {"uv": [0, 0, 3, 1.33333], "rotation": 270, "texture": "#1"},
				"south": {"uv": [1.33333, 5.66667, 0, 2.66667], "texture": "#1"},
				"west": {"uv": [0, 1.33333, 3, 2.66667], "rotation": 90, "texture": "#1"},
				"up": {"uv": [4.66667, 0, 6, 1.33333], "rotation": 180, "texture": "#1"},
				"down": {"uv": [4.66667, 1.33333, 6, 2.66667], "texture": "#1"}
			}
		},
		{
			"from": [8.425, 12.80683, 7.55],
			"to": [9.425, 14.30683, 8.55],
			"rotation": {"angle": 22.5, "axis": "y", "origin": [8.925, 13.43183, 7.175]},
			"faces": {
				"north": {"uv": [8.66667, 2, 9.33333, 3], "rotation": 180, "texture": "#1"},
				"east": {"uv": [8.66667, 2, 9.66667, 1.33333], "rotation": 90, "texture": "#1"},
				"south": {"uv": [2, 9.66667, 2.66667, 8.66667], "texture": "#1"},
				"west": {"uv": [0.66667, 9.33333, 1.66667, 8.66667], "rotation": 270, "texture": "#1"},
				"up": {"uv": [2, 9.33333, 1.33333, 10], "rotation": 180, "texture": "#1"},
				"down": {"uv": [10, 2, 9.33333, 2.66667], "texture": "#1"}
			}
		},
		{
			"from": [8.425, 12.80683, 6.55],
			"to": [9.425, 13.80683, 7.55],
			"rotation": {"angle": 22.5, "axis": "y", "origin": [8.925, 13.43183, 7.175]},
			"faces": {
				"east": {"uv": [9.33333, 1.33333, 10, 0.66667], "rotation": 90, "texture": "#1"},
				"west": {"uv": [9.33333, 0.66667, 10, 0], "rotation": 270, "texture": "#1"},
				"up": {"uv": [5.33333, 4, 4.66667, 4.66667], "rotation": 180, "texture": "#1"},
				"down": {"uv": [1.33333, 9.33333, 0.66667, 10], "texture": "#1"}
			}
		},
		{
			"from": [8.425, 12.80683, 6.05],
			"to": [9.425, 14.30683, 6.55],
			"rotation": {"angle": 22.5, "axis": "y", "origin": [8.925, 13.43183, 7.175]},
			"faces": {
				"north": {"uv": [8.66667, 0, 9.33333, 1], "rotation": 180, "texture": "#1"},
				"east": {"uv": [10, 3.66667, 11, 3.33333], "rotation": 90, "texture": "#1"},
				"south": {"uv": [0, 9.66667, 0.66667, 8.66667], "texture": "#1"},
				"west": {"uv": [2.66667, 10.33333, 3.66667, 10], "rotation": 270, "texture": "#1"},
				"up": {"uv": [4.66667, 10, 4, 10.33333], "rotation": 180, "texture": "#1"},
				"down": {"uv": [10.66667, 4, 10, 4.33333], "texture": "#1"}
			}
		},
		{
			"from": [6.575, 12.80683, 7.55],
			"to": [7.575, 14.30683, 8.55],
			"rotation": {"angle": -22.5, "axis": "y", "origin": [7.075, 13.43183, 7.175]},
			"faces": {
				"north": {"uv": [9.33333, 2, 8.66667, 3], "rotation": 180, "texture": "#1"},
				"east": {"uv": [0.66667, 8.66667, 1.66667, 9.33333], "rotation": 270, "texture": "#1"},
				"south": {"uv": [2.66667, 9.66667, 2, 8.66667], "texture": "#1"},
				"west": {"uv": [8.66667, 1.33333, 9.66667, 2], "rotation": 90, "texture": "#1"},
				"up": {"uv": [1.33333, 9.33333, 2, 10], "rotation": 180, "texture": "#1"},
				"down": {"uv": [9.33333, 2, 10, 2.66667], "texture": "#1"}
			}
		},
		{
			"from": [6.575, 12.80683, 6.55],
			"to": [7.575, 13.80683, 7.55],
			"rotation": {"angle": -22.5, "axis": "y", "origin": [7.075, 13.43183, 7.175]},
			"faces": {
				"east": {"uv": [9.33333, 0, 10, 0.66667], "rotation": 270, "texture": "#1"},
				"west": {"uv": [9.33333, 0.66667, 10, 1.33333], "rotation": 90, "texture": "#1"},
				"up": {"uv": [4.66667, 4, 5.33333, 4.66667], "rotation": 180, "texture": "#1"},
				"down": {"uv": [0.66667, 9.33333, 1.33333, 10], "texture": "#1"}
			}
		},
		{
			"from": [6.575, 12.80683, 6.05],
			"to": [7.575, 14.30683, 6.55],
			"rotation": {"angle": -22.5, "axis": "y", "origin": [7.075, 13.43183, 7.175]},
			"faces": {
				"north": {"uv": [9.33333, 0, 8.66667, 1], "rotation": 180, "texture": "#1"},
				"east": {"uv": [2.66667, 10, 3.66667, 10.33333], "rotation": 270, "texture": "#1"},
				"south": {"uv": [0.66667, 9.66667, 0, 8.66667], "texture": "#1"},
				"west": {"uv": [10, 3.33333, 11, 3.66667], "rotation": 90, "texture": "#1"},
				"up": {"uv": [4, 10, 4.66667, 10.33333], "rotation": 180, "texture": "#1"},
				"down": {"uv": [10, 4, 10.66667, 4.33333], "texture": "#1"}
			}
		},
		{
			"from": [7.25, 13.9213, 6.99436],
			"to": [8.75, 15.4213, 8.49436],
			"rotation": {"angle": 22.5, "axis": "x", "origin": [8, 14.6713, 7.74436]},
			"faces": {
				"north": {"uv": [8.33333, 0, 7.33333, 1], "rotation": 180, "texture": "#1"},
				"east": {"uv": [5.33333, 6.66667, 6.33333, 7.66667], "rotation": 270, "texture": "#1"},
				"south": {"uv": [1, 8.33333, 0, 7.33333], "texture": "#1"},
				"west": {"uv": [6.66667, 6.66667, 7.66667, 7.66667], "rotation": 90, "texture": "#1"},
				"up": {"uv": [6.66667, 4, 7.66667, 5], "rotation": 180, "texture": "#1"},
				"down": {"uv": [6.66667, 5.33333, 7.66667, 6.33333], "texture": "#1"}
			}
		},
		{
			"from": [7, 14.95683, 6.775],
			"to": [9, 16.95683, 8.775],
			"rotation": {"angle": 0, "axis": "x", "origin": [7, 17.20683, 7.675]},
			"faces": {
				"north": {"uv": [2.66667, 4.66667, 4, 6], "texture": "#1"},
				"east": {"uv": [4.66667, 2.66667, 6, 4], "texture": "#1"},
				"south": {"uv": [4, 4.66667, 5.33333, 6], "texture": "#1"},
				"west": {"uv": [5.33333, 4, 6.66667, 5.33333], "texture": "#1"},
				"up": {"uv": [6.66667, 6.66667, 5.33333, 5.33333], "texture": "#1"},
				"down": {"uv": [1.33333, 6, 0, 7.33333], "texture": "#1"}
			}
		},
		{
			"from": [7, 14.95683, 5.775],
			"to": [9, 15.95683, 6.775],
			"rotation": {"angle": 0, "axis": "x", "origin": [8, 17.20683, 7.675]},
			"faces": {
				"north": {"uv": [3.33333, 2, 4.66667, 2.66667], "texture": "#1"},
				"east": {"uv": [4, 9.33333, 4.66667, 10], "texture": "#1"},
				"west": {"uv": [4.66667, 9.33333, 5.33333, 10], "texture": "#1"},
				"up": {"uv": [8, 8.66667, 6.66667, 8], "texture": "#1"},
				"down": {"uv": [9.33333, 6.66667, 8, 7.33333], "texture": "#1"}
			}
		},
		{
			"from": [7.25, 15.20683, 5.525],
			"to": [8.75, 16.20683, 6.775],
			"rotation": {"angle": 0, "axis": "x", "origin": [8, 17.20683, 7.675]},
			"faces": {
				"north": {"uv": [2.66667, 8.66667, 3.66667, 9.33333], "texture": "#1"},
				"east": {"uv": [8.66667, 3.33333, 9.66667, 4], "texture": "#1"},
				"west": {"uv": [4, 8.66667, 5, 9.33333], "texture": "#1"},
				"up": {"uv": [2.33333, 8.33333, 1.33333, 7.33333], "texture": "#1"},
				"down": {"uv": [8.33333, 1.33333, 7.33333, 2.33333], "texture": "#1"}
			}
		},
		{
			"from": [7.25, 8.61078, 8.78492],
			"to": [8.75, 10.61078, 10.28492],
			"rotation": {"angle": 0, "axis": "z", "origin": [7.60225, 8.40003, 9.53309]},
			"faces": {
				"north": {"uv": [5, 6, 4, 7.33333], "rotation": 180, "texture": "#1"},
				"east": {"uv": [6, 1.33333, 7.33333, 2.33333], "rotation": 270, "texture": "#1"},
				"south": {"uv": [7, 4, 6, 2.66667], "texture": "#1"},
				"west": {"uv": [2.66667, 6, 4, 7], "rotation": 90, "texture": "#1"},
				"up": {"uv": [2.66667, 7.33333, 3.66667, 8.33333], "rotation": 180, "texture": "#1"},
				"down": {"uv": [7.33333, 2.66667, 8.33333, 3.66667], "texture": "#1"}
			}
		},
		{
			"from": [7.3775, 7.33164, 8.74178],
			"to": [8.6225, 8.99164, 9.98678],
			"rotation": {"angle": 22.5, "axis": "x", "origin": [7.72927, 8.19836, 9.36719]},
			"faces": {
				"north": {"uv": [7.33333, 8.66667, 6.66667, 9.66667], "rotation": 180, "texture": "#1"},
				"east": {"uv": [8.66667, 4, 9.66667, 4.66667], "rotation": 270, "texture": "#1"},
				"south": {"uv": [9.33333, 6.33333, 8.66667, 5.33333], "texture": "#1"},
				"west": {"uv": [8.66667, 4.66667, 9.66667, 5.33333], "rotation": 90, "texture": "#1"},
				"up": {"uv": [5.33333, 9.33333, 6, 10], "rotation": 180, "texture": "#1"},
				"down": {"uv": [9.33333, 5.33333, 10, 6], "texture": "#1"}
			}
		},
		{
			"from": [7.48333, 6.45755, 8.19295],
			"to": [8.51668, 7.83535, 9.2263],
			"rotation": {"angle": 45, "axis": "x", "origin": [8, 7.14645, 8.70963]},
			"faces": {
				"north": {"uv": [8, 8.66667, 8.66667, 9.66667], "rotation": 180, "texture": "#1"},
				"east": {"uv": [8.66667, 7.33333, 9.33333, 8.33333], "rotation": 180, "texture": "#1"},
				"south": {"uv": [7.33333, 8.66667, 8, 9.66667], "rotation": 180, "texture": "#1"},
				"west": {"uv": [8.66667, 8.66667, 9.33333, 9.66667], "rotation": 180, "texture": "#1"},
				"up": {"uv": [10, 6, 9.33333, 6.66667], "texture": "#1"},
				"down": {"uv": [6.66667, 10, 6, 9.33333], "texture": "#1"}
			}
		},
		{
			"from": [6.43934, 15.45683, 7.37855],
			"to": [6.43934, 16.95683, 8.87855],
			"rotation": {"angle": -45, "axis": "y", "origin": [5.93934, 15.95683, 8.37855]},
			"faces": {
				"east": {"uv": [5, 7.33333, 4, 8.33333], "texture": "#1"},
				"west": {"uv": [4, 7.33333, 5, 8.33333], "texture": "#1"}
			}
		},
		{
			"from": [6.9, 16.00683, 8.575],
			"to": [7.9, 17.00683, 9.575],
			"rotation": {"angle": -22.5, "axis": "x", "origin": [6.9, 16.00683, 8.575]},
			"faces": {
				"north": {"uv": [9.33333, 6.66667, 10, 7.33333], "texture": "#1"},
				"east": {"uv": [9.33333, 7.33333, 10, 8], "texture": "#1"},
				"south": {"uv": [9.33333, 8, 10, 8.66667], "texture": "#1"},
				"west": {"uv": [9.33333, 8.66667, 10, 9.33333], "texture": "#1"},
				"up": {"uv": [10, 10, 9.33333, 9.33333], "texture": "#1"},
				"down": {"uv": [0.66667, 10, 0, 10.66667], "texture": "#1"}
			}
		},
		{
			"from": [7.005, 16.65162, 8.97888],
			"to": [7.795, 17.44162, 9.76888],
			"rotation": {"angle": -45, "axis": "x", "origin": [7.4, 17.09662, 9.49888]},
			"faces": {
				"east": {"uv": [10, 0, 10.66667, 0.66667], "texture": "#1"},
				"south": {"uv": [0.66667, 10, 1.33333, 10.66667], "texture": "#1"},
				"west": {"uv": [10, 0.66667, 10.66667, 1.33333], "texture": "#1"},
				"up": {"uv": [2, 10.66667, 1.33333, 10], "texture": "#1"},
				"down": {"uv": [10.66667, 1.33333, 10, 2], "texture": "#1"}
			}
		},
		{
			"from": [7.10375, 17.06772, 9.51944],
			"to": [7.69625, 17.66022, 10.11194],
			"rotation": {"angle": 22.5, "axis": "x", "origin": [7.4, 17.48897, 9.79069]},
			"faces": {
				"north": {"uv": [6.66667, 10, 7, 10.33333], "texture": "#1"},
				"east": {"uv": [10, 6.66667, 10.33333, 7], "texture": "#1"},
				"south": {"uv": [7.33333, 10, 7.66667, 10.33333], "texture": "#1"},
				"west": {"uv": [10, 7.33333, 10.33333, 7.66667], "texture": "#1"},
				"up": {"uv": [8.33333, 10.33333, 8, 10], "texture": "#1"}
			}
		},
		{
			"from": [6.8, 16.65683, 6.625],
			"to": [7.8, 17.15683, 7.625],
			"rotation": {"angle": -22.5, "axis": "x", "origin": [7.3, 16.90683, 7.175]},
			"faces": {
				"north": {"uv": [12, 0, 12.66667, 0.33333], "texture": "#1"},
				"east": {"uv": [10, 5.33333, 10.66667, 5.66667], "texture": "#1"},
				"south": {"uv": [12.66667, 0, 13.33333, 0.33333], "texture": "#1"},
				"west": {"uv": [10, 6, 10.66667, 6.33333], "texture": "#1"},
				"up": {"uv": [11.66667, 0.66667, 11, 0], "texture": "#1"},
				"down": {"uv": [10.66667, 2, 10, 2.66667], "texture": "#1"}
			}
		},
		{
			"from": [5.15186, 10.80683, 9.51444],
			"to": [7.15186, 13.80683, 9.51444],
			"rotation": {"angle": 22.5, "axis": "y", "origin": [5.15186, 14.30683, 9.51444]},
			"faces": {
				"north": {"uv": [4.66667, 0, 3.33333, 2], "rotation": 180, "texture": "#1"},
				"south": {"uv": [4.66667, 2, 3.33333, 0], "texture": "#1"}
			}
		},
		{
			"from": [2.15186, 10.80683, 9.51444],
			"to": [5.15186, 13.80683, 9.51444],
			"rotation": {"angle": -22.5, "axis": "y", "origin": [5.15186, 14.30683, 9.51444]},
			"faces": {
				"north": {"uv": [4.66667, 2.66667, 2.66667, 4.66667], "rotation": 180, "texture": "#1"},
				"south": {"uv": [4.66667, 4.66667, 2.66667, 2.66667], "texture": "#1"}
			}
		},
		{
			"from": [8.85, 10.30683, 7.15],
			"to": [9.85, 12.30683, 7.65],
			"rotation": {"angle": -22.5, "axis": "y", "origin": [9.35, 11.18183, 8.025]},
			"faces": {
				"north": {"uv": [6, 8, 6.66667, 9.33333], "rotation": 180, "texture": "#1"},
				"east": {"uv": [10.66667, 2.66667, 9.33333, 3], "rotation": 270, "texture": "#1"},
				"south": {"uv": [8, 6.66667, 8.66667, 5.33333], "texture": "#1"},
				"west": {"uv": [4, 9.33333, 2.66667, 9.66667], "rotation": 90, "texture": "#1"},
				"up": {"uv": [5.33333, 10, 4.66667, 10.33333], "rotation": 180, "texture": "#1"},
				"down": {"uv": [10.66667, 4.66667, 10, 5], "texture": "#1"}
			}
		},
		{
			"from": [8.85, 10.30683, 7.65],
			"to": [9.85, 11.80683, 9.65],
			"rotation": {"angle": -22.5, "axis": "y", "origin": [9.35, 11.18183, 8.025]},
			"faces": {
				"east": {"uv": [2.33333, 6, 1.33333, 7.33333], "rotation": 270, "texture": "#1"},
				"south": {"uv": [8, 8.33333, 8.66667, 7.33333], "texture": "#1"},
				"west": {"uv": [7, 0, 6, 1.33333], "rotation": 90, "texture": "#1"},
				"up": {"uv": [8.66667, 4, 8, 5.33333], "rotation": 180, "texture": "#1"},
				"down": {"uv": [6, 8, 5.33333, 9.33333], "texture": "#1"}
			}
		},
		{
			"from": [6.15, 10.30683, 7.65],
			"to": [7.15, 11.80683, 9.65],
			"rotation": {"angle": 22.5, "axis": "y", "origin": [6.65, 11.18183, 8.025]},
			"faces": {
				"east": {"uv": [7, 1.33333, 6, 0], "rotation": 90, "texture": "#1"},
				"south": {"uv": [8.66667, 8.33333, 8, 7.33333], "texture": "#1"},
				"west": {"uv": [2.33333, 7.33333, 1.33333, 6], "rotation": 270, "texture": "#1"},
				"up": {"uv": [8, 4, 8.66667, 5.33333], "rotation": 180, "texture": "#1"},
				"down": {"uv": [5.33333, 8, 6, 9.33333], "texture": "#1"}
			}
		},
		{
			"from": [6.15, 10.30683, 7.15],
			"to": [7.15, 12.30683, 7.65],
			"rotation": {"angle": 22.5, "axis": "y", "origin": [6.65, 11.18183, 8.025]},
			"faces": {
				"north": {"uv": [6.66667, 8, 6, 9.33333], "rotation": 180, "texture": "#1"},
				"east": {"uv": [4, 9.66667, 2.66667, 9.33333], "rotation": 90, "texture": "#1"},
				"south": {"uv": [8.66667, 6.66667, 8, 5.33333], "texture": "#1"},
				"west": {"uv": [10.66667, 3, 9.33333, 2.66667], "rotation": 270, "texture": "#1"},
				"up": {"uv": [4.66667, 10, 5.33333, 10.33333], "rotation": 180, "texture": "#1"},
				"down": {"uv": [10, 4.66667, 10.66667, 5], "texture": "#1"}
			}
		},
		{
			"from": [8.205, 16.65162, 8.97888],
			"to": [8.995, 17.44162, 9.76888],
			"rotation": {"angle": -45, "axis": "x", "origin": [8.6, 17.09662, 9.49888]},
			"faces": {
				"east": {"uv": [10.66667, 0.66667, 10, 1.33333], "texture": "#1"},
				"south": {"uv": [1.33333, 10, 0.66667, 10.66667], "texture": "#1"},
				"west": {"uv": [10.66667, 0, 10, 0.66667], "texture": "#1"},
				"up": {"uv": [1.33333, 10.66667, 2, 10], "texture": "#1"},
				"down": {"uv": [10, 1.33333, 10.66667, 2], "texture": "#1"}
			}
		},
		{
			"from": [8.30375, 17.06772, 9.51944],
			"to": [8.89625, 17.66022, 10.11194],
			"rotation": {"angle": 22.5, "axis": "x", "origin": [8.6, 17.48897, 9.79069]},
			"faces": {
				"north": {"uv": [7, 10, 6.66667, 10.33333], "texture": "#1"},
				"east": {"uv": [10.33333, 7.33333, 10, 7.66667], "texture": "#1"},
				"south": {"uv": [7.66667, 10, 7.33333, 10.33333], "texture": "#1"},
				"west": {"uv": [10.33333, 6.66667, 10, 7], "texture": "#1"},
				"up": {"uv": [8, 10.33333, 8.33333, 10], "texture": "#1"}
			}
		},
		{
			"from": [8.1, 16.00683, 8.575],
			"to": [9.1, 17.00683, 9.575],
			"rotation": {"angle": -22.5, "axis": "x", "origin": [9.1, 16.00683, 8.575]},
			"faces": {
				"north": {"uv": [10, 6.66667, 9.33333, 7.33333], "texture": "#1"},
				"east": {"uv": [10, 8.66667, 9.33333, 9.33333], "texture": "#1"},
				"south": {"uv": [10, 8, 9.33333, 8.66667], "texture": "#1"},
				"west": {"uv": [10, 7.33333, 9.33333, 8], "texture": "#1"},
				"up": {"uv": [9.33333, 10, 10, 9.33333], "texture": "#1"},
				"down": {"uv": [0, 10, 0.66667, 10.66667], "texture": "#1"}
			}
		},
		{
			"from": [8.2, 16.65683, 6.625],
			"to": [9.2, 17.15683, 7.625],
			"rotation": {"angle": -22.5, "axis": "x", "origin": [8.7, 16.90683, 7.175]},
			"faces": {
				"north": {"uv": [12.66667, 0, 12, 0.33333], "texture": "#1"},
				"east": {"uv": [10.66667, 6, 10, 6.33333], "texture": "#1"},
				"south": {"uv": [13.33333, 0, 12.66667, 0.33333], "texture": "#1"},
				"west": {"uv": [10.66667, 5.33333, 10, 5.66667], "texture": "#1"},
				"up": {"uv": [11, 0.66667, 11.66667, 0], "texture": "#1"},
				"down": {"uv": [10, 2, 10.66667, 2.66667], "texture": "#1"}
			}
		},
		{
			"from": [9.56066, 15.45683, 7.37855],
			"to": [9.56066, 16.95683, 8.87855],
			"rotation": {"angle": 45, "axis": "y", "origin": [10.06066, 15.95683, 8.37855]},
			"faces": {
				"east": {"uv": [5, 7.33333, 4, 8.33333], "texture": "#1"},
				"west": {"uv": [4, 7.33333, 5, 8.33333], "texture": "#1"}
			}
		},
		{
			"from": [10.84814, 10.80683, 9.51444],
			"to": [13.84814, 13.80683, 9.51444],
			"rotation": {"angle": 22.5, "axis": "y", "origin": [10.84814, 14.30683, 9.51444]},
			"faces": {
				"north": {"uv": [2.66667, 2.66667, 4.66667, 4.66667], "rotation": 180, "texture": "#1"},
				"south": {"uv": [2.66667, 4.66667, 4.66667, 2.66667], "texture": "#1"}
			}
		},
		{
			"from": [8.84814, 10.80683, 9.51444],
			"to": [10.84814, 13.80683, 9.51444],
			"rotation": {"angle": -22.5, "axis": "y", "origin": [10.84814, 14.30683, 9.51444]},
			"faces": {
				"north": {"uv": [3.33333, 0, 4.66667, 2], "rotation": 180, "texture": "#1"},
				"south": {"uv": [3.33333, 2, 4.66667, 0], "texture": "#1"}
			}
		},
		{
			"from": [9.75, -0.69317, 6.735],
			"to": [13.75, 17.30683, 6.765],
			"rotation": {"angle": 0, "axis": "y", "origin": [8.5, -1.69317, 6.735]},
			"faces": {
				"north": {"uv": [2.66667, 0, 0, 12], "texture": "#3"},
				"south": {"uv": [0, 0, 2.66667, 12], "texture": "#3"}
			}
		},
		{
			"from": [2.25, -0.69317, 6.735],
			"to": [6.25, 17.30683, 6.765],
			"rotation": {"angle": 0, "axis": "y", "origin": [7.5, -1.69317, 6.735]},
			"faces": {
				"north": {"uv": [0, 0, 2.66667, 12], "texture": "#3"},
				"south": {"uv": [2.66667, 0, 0, 12], "texture": "#3"}
			}
		},
		{
			"from": [6.5, -2.44317, 6.735],
			"to": [9.5, 1.55683, 6.765],
			"rotation": {"angle": 0, "axis": "y", "origin": [16.5, 0.55683, -0.265]},
			"faces": {
				"north": {"uv": [0, 0, 6, 8], "texture": "#4"},
				"south": {"uv": [6, 0, 0, 8], "texture": "#4"}
			}
		},
		{
			"from": [9, -1.44317, 6.5],
			"to": [11, 11.55683, 7],
			"rotation": {"angle": 0, "axis": "y", "origin": [11, 9.55683, 6.5]},
			"faces": {
				"north": {"uv": [1.33333, 0, 2.66667, 8.66667], "texture": "#5"},
				"east": {"uv": [6.66667, 0, 7, 8.66667], "texture": "#5"},
				"south": {"uv": [0, 0, 1.33333, 8.66667], "texture": "#5"},
				"west": {"uv": [7.33333, 0, 7.66667, 8.66667], "texture": "#5"}
			}
		},
		{
			"from": [11, 1.55683, 6.5],
			"to": [12, 9.55683, 7],
			"rotation": {"angle": 0, "axis": "y", "origin": [13, 9.55683, 6.5]},
			"faces": {
				"north": {"uv": [6, 4.66667, 6.66667, 10], "texture": "#5"},
				"east": {"uv": [4, 8, 4.33333, 13.33333], "texture": "#5"},
				"south": {"uv": [5.33333, 4.66667, 6, 10], "texture": "#5"},
				"west": {"uv": [8, 4, 8.33333, 9.33333], "texture": "#5"},
				"up": {"uv": [7.66667, 13.33333, 7.33333, 12.66667], "rotation": 90, "texture": "#5"},
				"down": {"uv": [13, 7.33333, 12.66667, 8], "rotation": 270, "texture": "#5"}
			}
		},
		{
			"from": [10.29289, 9.05683, 6.502],
			"to": [11.79289, 10.05683, 6.998],
			"rotation": {"angle": -45, "axis": "z", "origin": [11.29289, 9.55683, 6.752]},
			"faces": {
				"north": {"uv": [11.33333, 1.33333, 12.33333, 2], "texture": "#5"},
				"south": {"uv": [11.33333, 0.66667, 12.33333, 1.33333], "texture": "#5"},
				"up": {"uv": [1, 13.66667, 0.66667, 12.66667], "rotation": 90, "texture": "#5"}
			}
		},
		{
			"from": [10.43934, 0.70327, 6.502],
			"to": [11.43934, 2.20327, 6.998],
			"rotation": {"angle": -45, "axis": "z", "origin": [10.93934, 1.20327, 6.752]},
			"faces": {
				"north": {"uv": [11.33333, 3.33333, 12, 4.33333], "texture": "#5"},
				"east": {"uv": [1.33333, 12.66667, 1.66667, 13.66667], "texture": "#5"},
				"south": {"uv": [11.33333, 2, 12, 3], "texture": "#5"}
			}
		},
		{
			"from": [8.88478, -1.86392, 6.4975],
			"to": [10.88478, -0.86392, 7.0025],
			"rotation": {"angle": 22.5, "axis": "z", "origin": [9.88478, -1.36392, 6.7475]},
			"faces": {
				"north": {"uv": [11.33333, 0, 12.66667, 0.66667], "texture": "#5"},
				"east": {"uv": [6.66667, 12.66667, 7, 13.33333], "texture": "#5"},
				"south": {"uv": [10.66667, 5.33333, 12, 6], "texture": "#5"},
				"west": {"uv": [12.66667, 6.66667, 13, 7.33333], "texture": "#5"},
				"up": {"uv": [12.33333, 8.66667, 12, 7.33333], "rotation": 90, "texture": "#5"},
				"down": {"uv": [9, 12, 8.66667, 13.33333], "rotation": 270, "texture": "#5"}
			}
		},
		{
			"from": [5, -1.44317, 6.5],
			"to": [7, 11.55683, 7],
			"rotation": {"angle": 0, "axis": "y", "origin": [5, 9.55683, 6.5]},
			"faces": {
				"north": {"uv": [2.66667, 0, 1.33333, 8.66667], "texture": "#5"},
				"east": {"uv": [7.66667, 0, 7.33333, 8.66667], "texture": "#5"},
				"south": {"uv": [1.33333, 0, 0, 8.66667], "texture": "#5"},
				"west": {"uv": [7, 0, 6.66667, 8.66667], "texture": "#5"}
			}
		},
		{
			"from": [5.11522, -1.86392, 6.4975],
			"to": [7.11522, -0.86392, 7.0025],
			"rotation": {"angle": -22.5, "axis": "z", "origin": [6.11522, -1.36392, 6.7475]},
			"faces": {
				"north": {"uv": [12.66667, 0, 11.33333, 0.66667], "texture": "#5"},
				"east": {"uv": [13, 6.66667, 12.66667, 7.33333], "texture": "#5"},
				"south": {"uv": [12, 5.33333, 10.66667, 6], "texture": "#5"},
				"west": {"uv": [7, 12.66667, 6.66667, 13.33333], "texture": "#5"},
				"up": {"uv": [12.33333, 7.33333, 12, 8.66667], "rotation": 90, "texture": "#5"},
				"down": {"uv": [9, 13.33333, 8.66667, 12], "rotation": 270, "texture": "#5"}
			}
		},
		{
			"from": [4, 1.55683, 6.5],
			"to": [5, 9.55683, 7],
			"rotation": {"angle": 0, "axis": "y", "origin": [3, 9.55683, 6.5]},
			"faces": {
				"north": {"uv": [6.66667, 4.66667, 6, 10], "texture": "#5"},
				"east": {"uv": [8.33333, 4, 8, 9.33333], "texture": "#5"},
				"south": {"uv": [6, 4.66667, 5.33333, 10], "texture": "#5"},
				"west": {"uv": [4.33333, 8, 4, 13.33333], "texture": "#5"},
				"up": {"uv": [7.66667, 12.66667, 7.33333, 13.33333], "rotation": 90, "texture": "#5"},
				"down": {"uv": [13, 8, 12.66667, 7.33333], "rotation": 270, "texture": "#5"}
			}
		},
		{
			"from": [4.20711, 9.05683, 6.502],
			"to": [5.70711, 10.05683, 6.998],
			"rotation": {"angle": 45, "axis": "z", "origin": [4.70711, 9.55683, 6.752]},
			"faces": {
				"north": {"uv": [12.33333, 1.33333, 11.33333, 2], "texture": "#5"},
				"south": {"uv": [12.33333, 0.66667, 11.33333, 1.33333], "texture": "#5"},
				"up": {"uv": [1, 12.66667, 0.66667, 13.66667], "rotation": 90, "texture": "#5"}
			}
		},
		{
			"from": [4.56066, 0.70327, 6.502],
			"to": [5.56066, 2.20327, 6.998],
			"rotation": {"angle": 45, "axis": "z", "origin": [5.06066, 1.20327, 6.752]},
			"faces": {
				"north": {"uv": [12, 3.33333, 11.33333, 4.33333], "texture": "#5"},
				"south": {"uv": [12, 2, 11.33333, 3], "texture": "#5"},
				"west": {"uv": [1.66667, 12.66667, 1.33333, 13.66667], "texture": "#5"}
			}
		}
	],
	"gui_light": "front",
	"display": {
		"thirdperson_righthand": {
			"rotation": [0, -90, 0],
			"translation": [2, -1.75, 1]
		},
		"thirdperson_lefthand": {
			"rotation": [0, -90, 0],
			"translation": [2, -1.75, 1]
		},
		"firstperson_righthand": {
			"rotation": [0, 0, 11],
			"translation": [0, 2.75, 2.25]
		},
		"firstperson_lefthand": {
			"rotation": [0, 0, 11],
			"translation": [0, 2.75, 2.25]
		},
		"ground": {
			"rotation": [-45, 0, 0],
			"translation": [0, 7.25, 0]
		},
		"gui": {
			"rotation": [0, 180, -45],
			"translation": [0, -0.25, 0],
			"scale": [0.86133, 0.86133, 0.86133]
		},
		"fixed": {
			"translation": [0, -0.25, -2.25],
			"scale": [2.5, 2.5, 2.5]
		}
	},
	"groups": [
		0,
		1,
		2,
		3,
		4,
		5,
		6,
		7,
		8,
		9,
		10,
		11,
		12,
		13,
		14,
		15,
		16,
		17,
		18,
		19,
		{
			"name": "group",
			"origin": [10.84814, 3.76444, 5.5],
			"color": 0,
			"boneType": "",
			"children": [20, 21, 22, 23, 24, 25, 26, 27, 28, 29, 30, 31, 32, 33, 34, 35, 36, 37, 38, 39, 40, 41, 42, 43, 44, 45, 46, 47, 48, 49, 50, 51]
		},
		52,
		53,
		54,
		55,
		56,
		57,
		58,
		59,
		60,
		61,
		62,
		63,
		64
	]
}