{
	"credit": "by w11shes",
	"textures": {
		"0": "elitecreatures:goblin_assortment/goblin_crossbow",
		"particle": "elitecreatures:goblin_assortment/goblin_crossbow"
	},
	"elements": [
		{
			"from": [6.5, 0, 0],
			"to": [9.5, 3, 11],
			"faces": {
				"north": {"uv": [1.5, 8.5, 3, 10], "texture": "#0"},
				"east": {"uv": [5.5, 0, 0, 1.5], "texture": "#0"},
				"south": {"uv": [8.5, 2, 10, 3.5], "texture": "#0"},
				"west": {"uv": [0, 0, 5.5, 1.5], "texture": "#0"},
				"up": {"uv": [1.5, 7, 0, 1.5], "texture": "#0"},
				"down": {"uv": [3, 1.5, 1.5, 7], "texture": "#0"}
			}
		},
		{
			"from": [6.5, 1, 11],
			"to": [9.5, 3, 19],
			"faces": {
				"east": {"uv": [9.5, 0, 5.5, 1], "texture": "#0"},
				"south": {"uv": [0, 9, 1.5, 10], "texture": "#0"},
				"west": {"uv": [5.5, 0, 9.5, 1], "texture": "#0"},
				"up": {"uv": [4.5, 5.5, 3, 1.5], "texture": "#0"},
				"down": {"uv": [6, 1.5, 4.5, 5.5], "texture": "#0"}
			}
		},
		{
			"from": [1.5, 0, 1],
			"to": [6.5, 3, 3],
			"rotation": {"angle": 0, "axis": "y", "origin": [18, 0, 0]},
			"faces": {
				"north": {"uv": [6, 1, 8.4, 2.5], "texture": "#0"},
				"south": {"uv": [6.1, 2.5, 8.5, 4], "texture": "#0"},
				"west": {"uv": [9, 8.5, 10, 10], "texture": "#0"},
				"up": {"uv": [9.4, 6, 7, 5], "texture": "#0"},
				"down": {"uv": [9.4, 6, 7, 7], "texture": "#0"}
			}
		},
		{
			"from": [-3.5, 0.98, 1],
			"to": [1.5, 2.98, 3],
			"rotation": {"angle": 45, "axis": "y", "origin": [1.5, 0, 1]},
			"faces": {
				"north": {"uv": [1.5, 7.5, 4, 8.5], "texture": "#0"},
				"south": {"uv": [4, 7.5, 6.5, 8.5], "texture": "#0"},
				"up": {"uv": [9, 8.5, 6.5, 7.5], "texture": "#0"},
				"down": {"uv": [11, 1, 8.5, 2], "texture": "#0"}
			}
		},
		{
			"from": [-3.62132, 1, 3.94975],
			"to": [-0.62132, 3, 5.94975],
			"faces": {
				"north": {"uv": [9.5, 0, 11, 1], "texture": "#0"},
				"south": {"uv": [3, 9.5, 4.5, 10.5], "texture": "#0"},
				"west": {"uv": [9.5, 4.5, 10.5, 5.5], "texture": "#0"},
				"up": {"uv": [11, 4.5, 9.5, 3.5], "texture": "#0"},
				"down": {"uv": [6, 9.5, 4.5, 10.5], "texture": "#0"}
			}
		},
		{
			"from": [16.62132, 1, 3.94975],
			"to": [19.62132, 3, 5.94975],
			"faces": {
				"north": {"uv": [11, 0, 9.5, 1], "texture": "#0"},
				"east": {"uv": [10.5, 4.5, 9.5, 5.5], "texture": "#0"},
				"south": {"uv": [4.5, 9.5, 3, 10.5], "texture": "#0"},
				"up": {"uv": [9.5, 4.5, 11, 3.5], "texture": "#0"},
				"down": {"uv": [4.5, 9.5, 6, 10.5], "texture": "#0"}
			}
		},
		{
			"from": [14.5, 0.98, 1],
			"to": [19.5, 2.98, 3],
			"rotation": {"angle": -45, "axis": "y", "origin": [14.5, 0, 1]},
			"faces": {
				"north": {"uv": [4, 7.5, 1.5, 8.5], "texture": "#0"},
				"south": {"uv": [6.5, 7.5, 4, 8.5], "texture": "#0"},
				"up": {"uv": [6.5, 8.5, 9, 7.5], "texture": "#0"},
				"down": {"uv": [8.5, 1, 11, 2], "texture": "#0"}
			}
		},
		{
			"from": [9.5, 0, 1],
			"to": [14.5, 3, 3],
			"faces": {
				"north": {"uv": [8.4, 1, 6, 2.5], "texture": "#0"},
				"east": {"uv": [10, 8.5, 9, 10], "texture": "#0"},
				"south": {"uv": [8.5, 2.5, 6.1, 4], "texture": "#0"},
				"up": {"uv": [7, 6, 9.4, 5], "texture": "#0"},
				"down": {"uv": [7, 6, 9.4, 7], "texture": "#0"}
			}
		},
		{
			"from": [7.5, 0, 8],
			"to": [8.5, 2, 15],
			"rotation": {"angle": 22.5, "axis": "x", "origin": [0, 0, 8]},
			"faces": {
				"east": {"uv": [9.5, 4, 6, 5], "texture": "#0"},
				"south": {"uv": [9.5, 4, 9, 5], "texture": "#0"},
				"west": {"uv": [6, 4, 9.5, 5], "texture": "#0"},
				"up": {"uv": [6, 4, 9.5, 4.5], "rotation": 90, "texture": "#0"},
				"down": {"uv": [9.5, 4.5, 6, 5], "rotation": 90, "texture": "#0"}
			}
		},
		{
			"from": [-3, 3.01, 9],
			"to": [8, 3.015, 10],
			"rotation": {"angle": -22.5, "axis": "y", "origin": [8, 3, 10]},
			"faces": {
				"up": {"uv": [12, 7.5, 7, 7], "texture": "#0"},
				"down": {"uv": [12, 7.5, 7, 7], "texture": "#0"}
			}
		},
		{
			"from": [8, 3.01, 9],
			"to": [19, 3.015, 10],
			"rotation": {"angle": 22.5, "axis": "y", "origin": [8, 3, 10]},
			"faces": {
				"up": {"uv": [7, 7.5, 12, 7], "texture": "#0"},
				"down": {"uv": [7, 7.5, 12, 7], "texture": "#0"}
			}
		},
		{
			"from": [4, 0.5, -2.6],
			"to": [8, 2.5, 1.4],
			"rotation": {"angle": -45, "axis": "y", "origin": [8, 0, 1.4]},
			"faces": {
				"north": {"uv": [3, 8.5, 5, 9.5], "texture": "#0"},
				"east": {"uv": [5, 8.5, 7, 9.5], "texture": "#0"},
				"south": {"uv": [7, 8.5, 9, 9.5], "texture": "#0"},
				"west": {"uv": [9, 7.5, 11, 8.5], "texture": "#0"},
				"up": {"uv": [5, 7.5, 3, 5.5], "texture": "#0"},
				"down": {"uv": [7, 5.5, 5, 7.5], "texture": "#0"}
			}
		},
		{
			"from": [7, 2.5, 0.4],
			"to": [5, 0.5, -1.6],
			"rotation": {"angle": -45, "axis": "y", "origin": [8, 0, 1.4]},
			"faces": {
				"north": {"uv": [7, 8.5, 6, 9.5], "texture": "#0"},
				"east": {"uv": [9.5, 7.5, 10.5, 8.5], "texture": "#0"},
				"south": {"uv": [9.5, 7.5, 10.5, 8.5], "texture": "#0"},
				"west": {"uv": [6, 8.5, 7, 9.5], "texture": "#0"}
			}
		},
		{
			"from": [6.5, 1.5, -7.6],
			"to": [9.5, 1.55, -2.6],
			"faces": {
				"up": {"uv": [1.5, 12.5, 0, 10], "texture": "#0"},
				"down": {"uv": [1.5, 10, 0, 12.5], "texture": "#0"}
			}
		},
		{
			"from": [0.7, 1.5, -2.3],
			"to": [3.7, 1.55, 2.7],
			"rotation": {"angle": 22.5, "axis": "y", "origin": [0, 0, -0.1]},
			"faces": {
				"up": {"uv": [3, 12.5, 1.5, 10], "texture": "#0"},
				"down": {"uv": [3, 10, 1.5, 12.5], "texture": "#0"}
			}
		},
		{
			"from": [12.3, 1.5, -2.3],
			"to": [15.3, 1.55, 2.7],
			"rotation": {"angle": -22.5, "axis": "y", "origin": [16, 0, -0.1]},
			"faces": {
				"up": {"uv": [1.5, 12.5, 3, 10], "texture": "#0"},
				"down": {"uv": [1.5, 10, 3, 12.5], "texture": "#0"}
			}
		}
	],
	"gui_light": "front",
	"display": {
		"thirdperson_righthand": {
			"translation": [0, 7.5, 0]
		},
		"thirdperson_lefthand": {
			"translation": [0, 7.5, 0]
		},
		"firstperson_righthand": {
			"rotation": [10.82, 3.97, 19.87],
			"translation": [8.75, 8.75, 0]
		},
		"firstperson_lefthand": {
			"rotation": [10.82, 3.97, 19.87],
			"translation": [8.75, 8.75, 0]
		},
		"ground": {
			"translation": [0, 5.5, 0],
			"scale": [0.76172, 0.76172, 0.76172]
		},
		"gui": {
			"rotation": [48, 128, 0],
			"translation": [0.75, 2.5, 0],
			"scale": [0.63477, 0.63477, 0.63477]
		},
		"head": {
			"translation": [0, 14, 0]
		},
		"fixed": {
			"rotation": [-90, 0, 0],
			"translation": [0, 0, -12.5],
			"scale": [1.62305, 1.62305, 1.62305]
		}
	}
}