{
	"credit": "by w11shes",
	"textures": {
		"0": "elitecreatures:goblin_assortment/goblin_shield",
		"particle": "elitecreatures:goblin_assortment/goblin_shield"
	},
	"elements": [
		{
			"from": [5.75, 3.27036, -0.64534],
			"to": [8.75, 19.27036, 15.35466],
			"rotation": {"angle": -45, "axis": "x", "origin": [8, 11.16569, 7.25]},
			"faces": {
				"north": {"uv": [9.5, 0, 8, 8], "texture": "#0"},
				"east": {"uv": [0, 0, 8, 8], "texture": "#0"},
				"south": {"uv": [16, 8, 14.5, 0], "texture": "#0"},
				"west": {"uv": [0, 0, 8, 8], "rotation": 90, "texture": "#0"},
				"up": {"uv": [16, 8, 14.5, 0], "rotation": 180, "texture": "#0"},
				"down": {"uv": [9.5, 0, 8, 8], "texture": "#0"}
			}
		},
		{
			"from": [8.75, 18.27036, 14.35466],
			"to": [5.75, 4.27036, 0.35466],
			"rotation": {"angle": -45, "axis": "x", "origin": [8, 11.16569, 7.25]},
			"faces": {
				"north": {"uv": [16, 0.5, 14.5, 7.5], "texture": "#0"},
				"south": {"uv": [9.5, 7.5, 8, 0.5], "texture": "#0"},
				"up": {"uv": [9.5, 7.5, 8, 0.5], "rotation": 180, "texture": "#0"},
				"down": {"uv": [16, 0.5, 14.5, 7.5], "texture": "#0"}
			}
		},
		{
			"from": [6.75, 4.27036, 0.35466],
			"to": [7.75, 18.27036, 14.35466],
			"rotation": {"angle": -45, "axis": "x", "origin": [8, 11.16569, 7.25]},
			"faces": {
				"east": {"uv": [0, 8, 7, 15], "texture": "#0"},
				"west": {"uv": [7, 8, 14, 15], "texture": "#0"}
			}
		},
		{
			"from": [7.75, 9.27036, 5.35466],
			"to": [9.75, 13.27036, 9.35466],
			"rotation": {"angle": -45, "axis": "x", "origin": [8, 11.16569, 7.25]},
			"faces": {
				"north": {"uv": [13.5, 3, 12.5, 5], "texture": "#0"},
				"east": {"uv": [9.5, 3, 11.5, 5], "texture": "#0"},
				"south": {"uv": [11.5, 3, 12.5, 5], "texture": "#0"},
				"up": {"uv": [12.5, 3, 11.5, 5], "rotation": 180, "texture": "#0"},
				"down": {"uv": [12.5, 3, 13.5, 5], "texture": "#0"}
			}
		},
		{
			"from": [9.75, 9.77036, 7.35466],
			"to": [13.75, 12.77036, 7.40466],
			"rotation": {"angle": -45, "axis": "x", "origin": [8, 11.16569, 7.25]},
			"faces": {
				"north": {"uv": [11.5, 5, 9.5, 6.5], "texture": "#0"},
				"south": {"uv": [9.5, 5, 11.5, 6.5], "texture": "#0"}
			}
		},
		{
			"from": [9.75, 11.27036, 5.85466],
			"to": [13.75, 11.32036, 8.85466],
			"rotation": {"angle": -45, "axis": "x", "origin": [8, 11.16569, 7.25]},
			"faces": {
				"up": {"uv": [11.5, 5, 9.5, 6.5], "rotation": 180, "texture": "#0"},
				"down": {"uv": [9.5, 5, 11.5, 6.5], "texture": "#0"}
			}
		},
		{
			"from": [1.75, 8, 6.25],
			"to": [6.75, 14, 8.25],
			"rotation": {"angle": 0, "axis": "y", "origin": [8, 11.16569, 7.25]},
			"faces": {
				"north": {"uv": [9.5, 0, 12, 3], "texture": "#0"},
				"south": {"uv": [12, 0, 9.5, 3], "texture": "#0"},
				"west": {"uv": [12, 0, 13, 3], "texture": "#0"},
				"up": {"uv": [14, 2.5, 13, 0], "rotation": 90, "texture": "#0"},
				"down": {"uv": [14.5, 2.5, 13.5, 5], "rotation": 270, "texture": "#0"}
			}
		},
		{
			"from": [6.75, 13, 8.25],
			"to": [2.75, 9, 6.25],
			"rotation": {"angle": 0, "axis": "y", "origin": [8, 11.16569, 7.25]},
			"faces": {
				"east": {"uv": [12, 2.5, 13, 0.5], "texture": "#0"},
				"up": {"uv": [13.5, 4.5, 14.5, 2.5], "rotation": 90, "texture": "#0"},
				"down": {"uv": [13, 2.5, 14, 0.5], "rotation": 270, "texture": "#0"}
			}
		}
	],
	"gui_light": "front",
	"display": {
		"thirdperson_righthand": {
			"rotation": [45, 45, 0],
			"translation": [3.75, -0.75, -2.5],
			"scale": [0.6, 0.6, 0.6]
		},
		"thirdperson_lefthand": {
			"rotation": [45, -135, 0],
			"translation": [3.25, -0.5, -3],
			"scale": [0.6, 0.6, 0.6]
		},
		"firstperson_righthand": {
			"rotation": [-82.25, 76.5, 100],
			"translation": [-1.75, -1.5, -6.25]
		},
		"firstperson_lefthand": {
			"rotation": [94.25, -79.75, 80],
			"translation": [-3.5, -2.5, -6.25]
		},
		"ground": {
			"rotation": [0, 0, 67],
			"translation": [1.25, 2, 0],
			"scale": [0.61328, 0.61328, 0.61328]
		},
		"gui": {
			"rotation": [-3, -114, 0],
			"translation": [-0.5, -2.25, 0],
			"scale": [0.65625, 0.65625, 0.65625]
		},
		"head": {
			"rotation": [-90, 36, 90],
			"translation": [2, 12.25, -3.75],
			"scale": [0.85352, 0.85352, 0.85352]
		},
		"fixed": {
			"rotation": [-7, 90, 0],
			"translation": [0, -4.25, -5.75],
			"scale": [1.25977, 1.25977, 1.25977]
		}
	}
}