{
	"credit": "by w11shes",
	"textures": {
		"0": "elitecreatures:goblin_assortment/wooden_shield",
		"particle": "elitecreatures:goblin_assortment/wooden_shield"
	},
	"elements": [
		{
			"from": [6.50884, 1, -1.50884],
			"to": [7.50884, 5, 15.49116],
			"rotation": {"angle": 0, "axis": "y", "origin": [8.00884, 9, 6.5]},
			"faces": {
				"north": {"uv": [4, 0, 4.25, 1], "texture": "#0"},
				"east": {"uv": [0, 0, 4.25, 1], "texture": "#0"},
				"south": {"uv": [0, 0, 0.25, 1], "texture": "#0"},
				"west": {"uv": [4.25, 0, 0, 1], "texture": "#0"},
				"up": {"uv": [4.25, 0, 0, 0.25], "rotation": 90, "texture": "#0"},
				"down": {"uv": [0, 0.75, 4.25, 1], "rotation": 270, "texture": "#0"}
			}
		},
		{
			"from": [6.50884, 5, -2.50884],
			"to": [7.50884, 9, 14.49116],
			"rotation": {"angle": 0, "axis": "y", "origin": [8.00884, 9, 6.5]},
			"faces": {
				"north": {"uv": [4, 1, 4.25, 2], "texture": "#0"},
				"east": {"uv": [0, 1, 4.25, 2], "texture": "#0"},
				"south": {"uv": [0, 1, 0.25, 2], "texture": "#0"},
				"west": {"uv": [4.25, 1, 0, 2], "texture": "#0"},
				"up": {"uv": [4.25, 1, 0, 1.25], "rotation": 90, "texture": "#0"}
			}
		},
		{
			"from": [6.50884, 9, -1.50884],
			"to": [7.50884, 13, 15.49116],
			"rotation": {"angle": 0, "axis": "y", "origin": [8.00884, 9, 6.5]},
			"faces": {
				"north": {"uv": [4, 2, 4.25, 3], "texture": "#0"},
				"east": {"uv": [0, 2, 4.25, 3], "texture": "#0"},
				"south": {"uv": [0, 2, 0.25, 3], "texture": "#0"},
				"west": {"uv": [4.25, 2, 0, 3], "texture": "#0"},
				"up": {"uv": [0, 2, 4.25, 2.25], "rotation": 90, "texture": "#0"},
				"down": {"uv": [4.25, 2.75, 0, 3], "rotation": 270, "texture": "#0"}
			}
		},
		{
			"from": [6.50884, 13, -2.50884],
			"to": [7.50884, 17, 14.49116],
			"rotation": {"angle": 0, "axis": "y", "origin": [8.00884, 9, 6.5]},
			"faces": {
				"north": {"uv": [4, 3, 4.25, 4], "texture": "#0"},
				"east": {"uv": [0, 3, 4.25, 4], "texture": "#0"},
				"south": {"uv": [0, 3, 0.25, 4], "texture": "#0"},
				"west": {"uv": [4.25, 3, 0, 4], "texture": "#0"},
				"up": {"uv": [4.25, 3, 0, 3.25], "rotation": 90, "texture": "#0"},
				"down": {"uv": [4.25, 3.75, 0, 4], "rotation": 270, "texture": "#0"}
			}
		},
		{
			"from": [5.50884, 0, 0.49116],
			"to": [8.50884, 18, 3.49116],
			"rotation": {"angle": 0, "axis": "y", "origin": [8.00884, 9, 6.5]},
			"faces": {
				"north": {"uv": [2.25, 4, 3, 8.5], "texture": "#0"},
				"east": {"uv": [0, 4, 0.75, 8.5], "texture": "#0"},
				"south": {"uv": [0.75, 4, 1.5, 8.5], "texture": "#0"},
				"west": {"uv": [1.5, 4, 2.25, 8.5], "texture": "#0"},
				"up": {"uv": [5, 4.75, 4.25, 4], "rotation": 90, "texture": "#0"},
				"down": {"uv": [5.5, 0, 4.75, 0.75], "rotation": 270, "texture": "#0"}
			}
		},
		{
			"from": [5.50884, 0, 9.49116],
			"to": [8.50884, 18, 12.49116],
			"rotation": {"angle": 0, "axis": "y", "origin": [8.00884, 9, 6.5]},
			"faces": {
				"north": {"uv": [2.25, 4, 3, 8.5], "texture": "#0"},
				"east": {"uv": [0, 4, 0.75, 8.5], "texture": "#0"},
				"south": {"uv": [0.75, 4, 1.5, 8.5], "texture": "#0"},
				"west": {"uv": [1.5, 4, 2.25, 8.5], "texture": "#0"},
				"up": {"uv": [5, 4.75, 4.25, 4], "rotation": 90, "texture": "#0"},
				"down": {"uv": [5.5, 0, 4.75, 0.75], "rotation": 270, "texture": "#0"}
			}
		},
		{
			"from": [1.50884, 6, 5.49116],
			"to": [6.50884, 12, 7.49116],
			"rotation": {"angle": 0, "axis": "y", "origin": [8.00884, 9, 6.5]},
			"faces": {
				"north": {"uv": [3, 4, 4.25, 5.5], "texture": "#0"},
				"south": {"uv": [4.25, 4, 3, 5.5], "texture": "#0"},
				"west": {"uv": [4.25, 0, 4.75, 1.5], "texture": "#0"},
				"up": {"uv": [4.75, 2.75, 4.25, 1.5], "rotation": 90, "texture": "#0"},
				"down": {"uv": [4.75, 2.75, 4.25, 4], "rotation": 270, "texture": "#0"}
			}
		},
		{
			"from": [6.50884, 11, 7.49116],
			"to": [2.50884, 7, 5.49116],
			"rotation": {"angle": 0, "axis": "y", "origin": [8.00884, 9, 6.5]},
			"faces": {
				"east": {"uv": [4.25, 1.25, 4.75, 0.25], "texture": "#0"},
				"up": {"uv": [4.25, 3.75, 4.75, 2.75], "rotation": 90, "texture": "#0"},
				"down": {"uv": [4.25, 2.75, 4.75, 1.75], "rotation": 270, "texture": "#0"}
			}
		},
		{
			"from": [8.50884, 8.21336, 12.06482],
			"to": [10.50884, 11.21336, 15.06482],
			"rotation": {"angle": -45, "axis": "x", "origin": [8.00884, 9, 6.5]},
			"faces": {
				"north": {"uv": [5.5, 1.5, 6, 2.25], "texture": "#0"},
				"east": {"uv": [4.75, 0.75, 5.5, 1.5], "texture": "#0"},
				"south": {"uv": [5.5, 0.75, 6, 1.5], "texture": "#0"},
				"west": {"uv": [5.5, 2.5, 4.75, 3.25], "texture": "#0"},
				"up": {"uv": [5.5, 1.5, 4.75, 2], "rotation": 90, "texture": "#0"},
				"down": {"uv": [5.5, 2, 4.75, 2.5], "rotation": 270, "texture": "#0"}
			}
		},
		{
			"from": [8.50884, 4.32427, 8.17573],
			"to": [10.50884, 7.32427, 11.17573],
			"rotation": {"angle": -45, "axis": "x", "origin": [8.00884, 9, 6.5]},
			"faces": {
				"north": {"uv": [5.5, 1.5, 6, 2.25], "texture": "#0"},
				"east": {"uv": [4.75, 0.75, 5.5, 1.5], "texture": "#0"},
				"south": {"uv": [5.5, 0.75, 6, 1.5], "texture": "#0"},
				"west": {"uv": [5.5, 2.5, 4.75, 3.25], "texture": "#0"},
				"up": {"uv": [5.5, 1.5, 4.75, 2], "rotation": 90, "texture": "#0"},
				"down": {"uv": [5.5, 2, 4.75, 2.5], "rotation": 270, "texture": "#0"}
			}
		},
		{
			"from": [8.50884, 0.43518, 4.28664],
			"to": [10.50884, 3.43518, 7.28664],
			"rotation": {"angle": -45, "axis": "x", "origin": [8.00884, 9, 6.5]},
			"faces": {
				"north": {"uv": [5.5, 1.5, 6, 2.25], "texture": "#0"},
				"east": {"uv": [4.75, 0.75, 5.5, 1.5], "texture": "#0"},
				"south": {"uv": [5.5, 0.75, 6, 1.5], "texture": "#0"},
				"west": {"uv": [5.5, 2.5, 4.75, 3.25], "texture": "#0"},
				"up": {"uv": [5.5, 1.5, 4.75, 2], "rotation": 90, "texture": "#0"},
				"down": {"uv": [5.5, 2, 4.75, 2.5], "rotation": 270, "texture": "#0"}
			}
		},
		{
			"from": [8.50884, 14.57732, 5.70086],
			"to": [10.50884, 17.57732, 8.70086],
			"rotation": {"angle": -45, "axis": "x", "origin": [8.00884, 9, 6.5]},
			"faces": {
				"north": {"uv": [5.5, 1.5, 6, 2.25], "texture": "#0"},
				"east": {"uv": [4.75, 0.75, 5.5, 1.5], "texture": "#0"},
				"south": {"uv": [5.5, 0.75, 6, 1.5], "texture": "#0"},
				"west": {"uv": [5.5, 2.5, 4.75, 3.25], "texture": "#0"},
				"up": {"uv": [5.5, 1.5, 4.75, 2], "rotation": 90, "texture": "#0"},
				"down": {"uv": [5.5, 2, 4.75, 2.5], "rotation": 270, "texture": "#0"}
			}
		},
		{
			"from": [8.50884, 10.68823, 1.81177],
			"to": [10.50884, 13.68823, 4.81177],
			"rotation": {"angle": -45, "axis": "x", "origin": [8.00884, 9, 6.5]},
			"faces": {
				"north": {"uv": [5.5, 1.5, 6, 2.25], "texture": "#0"},
				"east": {"uv": [4.75, 0.75, 5.5, 1.5], "texture": "#0"},
				"south": {"uv": [5.5, 0.75, 6, 1.5], "texture": "#0"},
				"west": {"uv": [5.5, 2.5, 4.75, 3.25], "texture": "#0"},
				"up": {"uv": [5.5, 1.5, 4.75, 2], "rotation": 90, "texture": "#0"},
				"down": {"uv": [5.5, 2, 4.75, 2.5], "rotation": 270, "texture": "#0"}
			}
		},
		{
			"from": [8.50884, 6.79914, -2.07732],
			"to": [10.50884, 9.79914, 0.92268],
			"rotation": {"angle": -45, "axis": "x", "origin": [8.00884, 9, 6.5]},
			"faces": {
				"north": {"uv": [5.5, 1.5, 6, 2.25], "texture": "#0"},
				"east": {"uv": [4.75, 0.75, 5.5, 1.5], "texture": "#0"},
				"south": {"uv": [5.5, 0.75, 6, 1.5], "texture": "#0"},
				"west": {"uv": [5.5, 2.5, 4.75, 3.25], "texture": "#0"},
				"up": {"uv": [5.5, 1.5, 4.75, 2], "rotation": 90, "texture": "#0"},
				"down": {"uv": [5.5, 2, 4.75, 2.5], "rotation": 270, "texture": "#0"}
			}
		},
		{
			"from": [10.50884, 1.92268, 5.70086],
			"to": [13.50884, 1.97268, 8.70086],
			"rotation": {"angle": 45, "axis": "x", "origin": [8.00884, 9, 6.5]},
			"faces": {
				"up": {"uv": [5.75, 0, 6.5, 0.75], "texture": "#0"},
				"down": {"uv": [6.5, 0, 5.75, 0.75], "rotation": 180, "texture": "#0"}
			}
		},
		{
			"from": [10.50884, 0.42268, 7.20086],
			"to": [13.50884, 3.42268, 7.25086],
			"rotation": {"angle": 45, "axis": "x", "origin": [8.00884, 9, 6.5]},
			"faces": {
				"north": {"uv": [6.5, 0, 5.75, 0.75], "texture": "#0"},
				"south": {"uv": [5.75, 0, 6.5, 0.75], "texture": "#0"}
			}
		},
		{
			"from": [10.50884, 4.31177, 3.31177],
			"to": [13.50884, 7.31177, 3.36177],
			"rotation": {"angle": 45, "axis": "x", "origin": [8.00884, 9, 6.5]},
			"faces": {
				"north": {"uv": [6.5, 0, 5.75, 0.75], "texture": "#0"},
				"south": {"uv": [5.75, 0, 6.5, 0.75], "texture": "#0"}
			}
		},
		{
			"from": [10.50884, 5.81177, 1.81177],
			"to": [13.50884, 5.86177, 4.81177],
			"rotation": {"angle": 45, "axis": "x", "origin": [8.00884, 9, 6.5]},
			"faces": {
				"up": {"uv": [5.75, 0, 6.5, 0.75], "texture": "#0"},
				"down": {"uv": [6.5, 0, 5.75, 0.75], "rotation": 180, "texture": "#0"}
			}
		},
		{
			"from": [10.50884, 8.20086, -0.57732],
			"to": [13.50884, 11.20086, -0.52732],
			"rotation": {"angle": 45, "axis": "x", "origin": [8.00884, 9, 6.5]},
			"faces": {
				"north": {"uv": [6.5, 0, 5.75, 0.75], "texture": "#0"},
				"south": {"uv": [5.75, 0, 6.5, 0.75], "texture": "#0"}
			}
		},
		{
			"from": [10.50884, 9.70086, -2.07732],
			"to": [13.50884, 9.75086, 0.92268],
			"rotation": {"angle": 45, "axis": "x", "origin": [8.00884, 9, 6.5]},
			"faces": {
				"up": {"uv": [5.75, 0, 6.5, 0.75], "texture": "#0"},
				"down": {"uv": [6.5, 0, 5.75, 0.75], "rotation": 180, "texture": "#0"}
			}
		},
		{
			"from": [10.50884, 6.78664, 13.56482],
			"to": [13.50884, 9.78664, 13.61482],
			"rotation": {"angle": 45, "axis": "x", "origin": [8.00884, 9, 6.5]},
			"faces": {
				"north": {"uv": [6.5, 0, 5.75, 0.75], "texture": "#0"},
				"south": {"uv": [5.75, 0, 6.5, 0.75], "texture": "#0"}
			}
		},
		{
			"from": [10.50884, 8.28664, 12.06482],
			"to": [13.50884, 8.33664, 15.06482],
			"rotation": {"angle": 45, "axis": "x", "origin": [8.00884, 9, 6.5]},
			"faces": {
				"up": {"uv": [5.75, 0, 6.5, 0.75], "texture": "#0"},
				"down": {"uv": [6.5, 0, 5.75, 0.75], "rotation": 180, "texture": "#0"}
			}
		},
		{
			"from": [10.50884, 12.17573, 8.17573],
			"to": [13.50884, 12.22573, 11.17573],
			"rotation": {"angle": 45, "axis": "x", "origin": [8.00884, 9, 6.5]},
			"faces": {
				"up": {"uv": [5.75, 0, 6.5, 0.75], "texture": "#0"},
				"down": {"uv": [6.5, 0, 5.75, 0.75], "rotation": 180, "texture": "#0"}
			}
		},
		{
			"from": [10.50884, 10.67573, 9.67573],
			"to": [13.50884, 13.67573, 9.72573],
			"rotation": {"angle": 45, "axis": "x", "origin": [8.00884, 9, 6.5]},
			"faces": {
				"north": {"uv": [6.5, 0, 5.75, 0.75], "texture": "#0"},
				"south": {"uv": [5.75, 0, 6.5, 0.75], "texture": "#0"}
			}
		},
		{
			"from": [10.50884, 16.06482, 4.28664],
			"to": [13.50884, 16.11482, 7.28664],
			"rotation": {"angle": 45, "axis": "x", "origin": [8.00884, 9, 6.5]},
			"faces": {
				"up": {"uv": [5.75, 0, 6.5, 0.75], "texture": "#0"},
				"down": {"uv": [6.5, 0, 5.75, 0.75], "rotation": 180, "texture": "#0"}
			}
		},
		{
			"from": [10.50884, 14.56482, 5.78664],
			"to": [13.50884, 17.56482, 5.83664],
			"rotation": {"angle": 45, "axis": "x", "origin": [8.00884, 9, 6.5]},
			"faces": {
				"north": {"uv": [6.5, 0, 5.75, 0.75], "texture": "#0"},
				"south": {"uv": [5.75, 0, 6.5, 0.75], "texture": "#0"}
			}
		}
	],
	"gui_light": "front",
	"display": {
		"thirdperson_righthand": {
			"translation": [4.5, -3, 2.75],
			"scale": [0.78164, 0.78164, 0.78164]
		},
		"thirdperson_lefthand": {
			"translation": [4.5, -3, 2.75],
			"scale": [0.78164, 0.78164, 0.78164]
		},
		"firstperson_righthand": {
			"rotation": [10, 90, 0],
			"translation": [1.5, -4.25, -6.25]
		},
		"firstperson_lefthand": {
			"rotation": [10, -90, 0],
			"translation": [-0.5, -5, -6.25]
		},
		"gui": {
			"rotation": [24, -130, 0],
			"translation": [-1.25, -0.75, 0],
			"scale": [0.73242, 0.73242, 0.73242]
		},
		"head": {
			"rotation": [-90, 36, 90],
			"translation": [2, 15.5, -3.75],
			"scale": [0.85352, 0.85352, 0.85352]
		},
		"fixed": {
			"rotation": [-7, 90, 0],
			"translation": [1.5, 0, -7.5],
			"scale": [1.34961, 1.34961, 1.34961]
		}
	}
}