{"credit":"MadewithBlockbench","texture_size":[32,32],"textures":{"1":"onepunchman:onepunchman_axe1","3":"onepunchman:onepunchman_axe2","particle":"onepunchman:onepunchman_axe1"},"elements":[{"from":[7.44,-7.97782,7.44],"to":[8.56,-6.85782,8.56],"rotation":{"angle":-45,"axis":"x","origin":[8,-7.41782,8]},"faces":{"north":{"uv":[4.5,2.5,5,3],"texture":"#3"},"east":{"uv":[5.5,5,6,5.5],"texture":"#3"},"south":{"uv":[5.5,7.5,6,8],"texture":"#3"},"west":{"uv":[8,7,8.5,7.5],"texture":"#3"},"up":{"uv":[8,8.5,7.5,8],"texture":"#3"},"down":{"uv":[8.5,7.5,8,8],"texture":"#3"}}},{"from":[7.3,-7.27782,7.3],"to":[8.7,-6.47782,8.7],"rotation":{"angle":0,"axis":"y","origin":[8,-7.41782,8]},"faces":{"north":{"uv":[4.5,7.5,5.25,8],"texture":"#3"},"east":{"uv":[8,2,8.75,2.5],"texture":"#3"},"south":{"uv":[8,2.5,8.75,3],"texture":"#3"},"west":{"uv":[8,3,8.75,3.5],"texture":"#3"},"up":{"uv":[7.25,4.75,6.5,4],"texture":"#3"},"down":{"uv":[5.75,6.5,5,7.25],"texture":"#3"}}},{"from":[7.3,-4.63782,7.3],"to":[8.7,-3.88782,8.7],"rotation":{"angle":0,"axis":"y","origin":[8,18.34218,8]},"faces":{"north":{"uv":[8,3.5,8.75,4],"texture":"#3"},"east":{"uv":[4.5,8,5.25,8.5],"texture":"#3"},"south":{"uv":[8,5,8.75,5.5],"texture":"#3"},"west":{"uv":[5.5,8,6.25,8.5],"texture":"#3"},"up":{"uv":[8.25,0.75,7.5,0],"texture":"#3"},"down":{"uv":[8.25,1,7.5,1.75],"texture":"#3"}}},{"from":[7.3,-2.51782,7.3],"to":[8.7,-1.25782,8.7],"rotation":{"angle":0,"axis":"y","origin":[8,-7.97782,8]},"faces":{"north":{"uv":[1.5,7,2.25,7.75],"texture":"#3"},"east":{"uv":[7,2,7.75,2.75],"texture":"#3"},"south":{"uv":[2.5,7,3.25,7.75],"texture":"#3"},"west":{"uv":[7,3,7.75,3.75],"texture":"#3"},"up":{"uv":[7.75,5.75,7,5],"texture":"#3"},"down":{"uv":[6.75,7,6,7.75],"texture":"#3"}}},{"from":[7.33,-0.15782,7.16],"to":[8.67,5.58218,8.84],"rotation":{"angle":0,"axis":"y","origin":[8,3.77522,8]},"faces":{"north":{"uv":[0,3,0.75,5.75],"texture":"#3"},"east":{"uv":[1,3,1.75,5.75],"texture":"#3"},"south":{"uv":[2,3,2.75,5.75],"texture":"#3"},"west":{"uv":[3,3,3.75,5.75],"texture":"#3"},"up":{"uv":[7.75,6.75,7,6],"texture":"#3"},"down":{"uv":[7.75,7,7,7.75],"texture":"#3"}}},{"from":[7.58,1.12019,3.47517],"to":[8.42,6.86019,5.40517],"rotation":{"angle":0,"axis":"y","origin":[8,4.49019,4.01517]},"faces":{"north":{"uv":[4,4.5,4.5,7.25],"texture":"#3"},"east":{"uv":[0,0,1,2.75],"texture":"#3"},"south":{"uv":[4.5,4.5,5,7.25],"texture":"#3"},"west":{"uv":[1,0,2,2.75],"texture":"#3"},"up":{"uv":[5,2.5,4.5,1.5],"texture":"#3"},"down":{"uv":[4,6,3.5,7],"texture":"#3"}}},{"from":[7.58,1.12019,5.40517],"to":[8.42,3.20019,6.14517],"rotation":{"angle":0,"axis":"y","origin":[8,2.96019,8.47517]},"faces":{"north":{"uv":[3.5,7,4,8],"texture":"#3"},"east":{"uv":[1.5,8.5,1.75,9.5],"texture":"#3"},"south":{"uv":[4,7.5,4.5,8.5],"texture":"#3"},"west":{"uv":[2,8.5,2.25,9.5],"texture":"#3"},"up":{"uv":[3,9.25,2.5,9],"texture":"#3"},"down":{"uv":[9.5,2.5,9,2.75],"texture":"#3"}}},{"from":[7.44,-6.57782,7.44],"to":[8.56,-2.51782,8.56],"rotation":{"angle":0,"axis":"y","origin":[8,-7.83782,8]},"faces":{"north":{"uv":[5,1.5,5.5,3.5],"texture":"#3"},"east":{"uv":[5,3.5,5.5,5.5],"texture":"#3"},"south":{"uv":[5.5,0,6,2],"texture":"#3"},"west":{"uv":[5.5,2,6,4],"texture":"#3"},"up":{"uv":[8.5,8.5,8,8],"texture":"#3"},"down":{"uv":[0.5,8.5,0,9],"texture":"#3"}}},{"from":[7.3,2.38897,5.04936],"to":[8.7,3.48897,5.74936],"rotation":{"angle":22.5,"axis":"x","origin":[8,4.10082,7.14375]},"faces":{"north":{"uv":[8,5.5,8.75,6],"texture":"#3"},"east":{"uv":[0,9,0.25,9.5],"texture":"#3"},"south":{"uv":[8,6,8.75,6.5],"texture":"#3"},"west":{"uv":[9,0,9.25,0.5],"texture":"#3"},"up":{"uv":[5.25,8.75,4.5,8.5],"texture":"#3"},"down":{"uv":[6.25,8.5,5.5,8.75],"texture":"#3"}}},{"from":[7.3,4.06915,4.92136],"to":[8.7,6.16915,5.62136],"rotation":{"angle":0,"axis":"y","origin":[8,4.10082,7.14375]},"faces":{"north":{"uv":[6,5,6.75,6],"texture":"#3"},"east":{"uv":[8.5,0,8.75,1],"texture":"#3"},"south":{"uv":[6,6,6.75,7],"texture":"#3"},"west":{"uv":[0.5,8.5,0.75,9.5],"texture":"#3"},"up":{"uv":[3.25,8.75,2.5,8.5],"texture":"#3"},"down":{"uv":[4.25,8.5,3.5,8.75],"texture":"#3"}}},{"from":[7.44,4.51427,5.2342],"to":[8.56,5.21427,8.7342],"rotation":{"angle":0,"axis":"y","origin":[8,4.10082,7.14375]},"faces":{"north":{"uv":[8.5,8,9,8.25],"texture":"#3"},"east":{"uv":[7.5,4,9.25,4.25],"texture":"#3"},"south":{"uv":[8.5,8.5,9,8.75],"texture":"#3"},"west":{"uv":[7.5,4.5,9.25,4.75],"texture":"#3"},"up":{"uv":[0.5,7.75,0,6],"texture":"#3"},"down":{"uv":[6.5,0,6,1.75],"texture":"#3"}}},{"from":[7.44,4.51427,6.9342],"to":[8.56,5.21427,10.4342],"rotation":{"angle":0,"axis":"y","origin":[8,4.10082,6.14375]},"faces":{"north":{"uv":[9,1.5,9.5,1.75],"texture":"#3"},"east":{"uv":[0,8,1.75,8.25],"texture":"#3"},"south":{"uv":[9,2,9.5,2.25],"texture":"#3"},"west":{"uv":[2,8,3.75,8.25],"texture":"#3"},"up":{"uv":[1,7.75,0.5,6],"texture":"#3"},"down":{"uv":[1.5,6,1,7.75],"texture":"#3"}}},{"from":[7.3,4.06915,10.04705],"to":[8.7,6.16915,10.74705],"rotation":{"angle":0,"axis":"y","origin":[8,4.10082,6.14375]},"faces":{"north":{"uv":[6.5,0,7.25,1],"texture":"#3"},"east":{"uv":[1,8.5,1.25,9.5],"texture":"#3"},"south":{"uv":[6.5,1,7.25,2],"texture":"#3"},"west":{"uv":[8.5,1,8.75,2],"texture":"#3"},"up":{"uv":[8.25,8.75,7.5,8.5],"texture":"#3"},"down":{"uv":[9.25,7.5,8.5,7.75],"texture":"#3"}}},{"from":[7.3,1.47784,9.73781],"to":[8.7,2.57784,10.43781],"rotation":{"angle":-22.5,"axis":"x","origin":[8,4.10082,6.14375]},"faces":{"north":{"uv":[6.5,8,7.25,8.5],"texture":"#3"},"east":{"uv":[9,0.5,9.25,1],"texture":"#3"},"south":{"uv":[8,6.5,8.75,7],"texture":"#3"},"west":{"uv":[9,1,9.25,1.5],"texture":"#3"},"up":{"uv":[7.25,8.75,6.5,8.5],"texture":"#3"},"down":{"uv":[9.25,7,8.5,7.25],"texture":"#3"}}},{"from":[7.02,-1.25782,7.44],"to":[8.98,1.54218,10.24],"rotation":{"angle":45,"axis":"x","origin":[8,0.98218,8]},"faces":{"north":{"uv":[3.5,0,4.5,1.5],"texture":"#3"},"east":{"uv":[2,0,3.5,1.5],"texture":"#3"},"south":{"uv":[3.5,1.5,4.5,3],"texture":"#3"},"west":{"uv":[2,1.5,3.5,3],"texture":"#3"},"up":{"uv":[5,4.5,4,3],"texture":"#3"},"down":{"uv":[5.5,0,4.5,1.5],"texture":"#3"}}},{"from":[7.02,1.34218,6.4],"to":[7.02,8.14218,19.2],"rotation":{"angle":0,"axis":"y","origin":[8,0.14218,8]},"faces":{"north":{"uv":[3.5,1.5,4.5,0],"texture":"#3"},"east":{"uv":[1,7,4.4,13.4],"rotation":90,"texture":"#1"},"south":{"uv":[14.5,16,16,14.5],"rotation":90,"texture":"#3"},"west":{"uv":[1,13.4,4.4,7],"rotation":90,"texture":"#1"},"up":{"uv":[16,14.5,14.5,16],"rotation":90,"texture":"#3"},"down":{"uv":[16,14.5,14.5,16],"rotation":90,"texture":"#3"}}},{"from":[8.98,1.34218,6.4],"to":[8.98,8.14218,19.2],"rotation":{"angle":0,"axis":"y","origin":[8,0.14218,8]},"faces":{"north":{"uv":[4.5,1.5,3.5,0],"texture":"#3"},"east":{"uv":[1,7,4.4,13.4],"rotation":90,"texture":"#1"},"south":{"uv":[14.5,14.5,16,16],"rotation":90,"texture":"#3"},"west":{"uv":[1,13.4,4.4,7],"rotation":90,"texture":"#1"},"up":{"uv":[16,16,14.5,14.5],"rotation":90,"texture":"#3"},"down":{"uv":[16,16,14.5,14.5],"rotation":90,"texture":"#3"}}},{"from":[7.19,3.40691,6.12832],"to":[8.81,5.64691,8.36832],"rotation":{"angle":45,"axis":"x","origin":[8,3.77522,8]},"faces":{"north":{"uv":[1.5,6,2.25,7],"texture":"#3"},"east":{"uv":[5.5,4,6.5,5],"texture":"#3"},"south":{"uv":[6,2,6.75,3],"texture":"#3"},"west":{"uv":[5,5.5,6,6.5],"texture":"#3"},"up":{"uv":[3.25,7,2.5,6],"texture":"#3"},"down":{"uv":[6.75,3,6,4],"texture":"#3"}}}],"gui_light":"front","display":{"thirdperson_righthand":{"translation":[0,8,1.5],"scale":[0.89,0.89,0.89]},"thirdperson_lefthand":{"translation":[0,8,1.5],"scale":[0.89,0.89,0.89]},"firstperson_righthand":{"translation":[0.75,13.5,0.5]},"firstperson_lefthand":{"translation":[0.75,13.5,0.5]},"ground":{"rotation":[45,0,0],"translation":[0,3,2],"scale":[0.43,0.43,0.43]},"gui":{"rotation":[103,47,-89],"translation":[6,5.5,0],"scale":[1.15,1.15,1.15]},"fixed":{"rotation":[0,-90,0],"translation":[0,10.75,-0.25],"scale":[1.22,1.22,1.22]}}}