{"credit":"MadewithBlockbench","texture_size":[32,32],"textures":{"1":"onepunchman:onepunchman_bow0_1","3":"onepunchman:onepunchman_bow0_2","particle":"onepunchman:onepunchman_bow0_1"},"elements":[{"from":[7.275,-4.27782,5.12453],"to":[8.725,-3.47782,6.52453],"rotation":{"angle":0,"axis":"y","origin":[8,0.5,8]},"faces":{"north":{"uv":[4.75,8.75,5.125,9],"texture":"#3"},"east":{"uv":[6.5,8.75,6.875,9],"texture":"#3"},"south":{"uv":[7,8.75,7.375,9],"texture":"#3"},"west":{"uv":[8.75,7.5,9.125,7.75],"texture":"#3"},"up":{"uv":[3.125,8.625,2.75,8.25],"texture":"#3"},"down":{"uv":[3.875,8.25,3.5,8.625],"texture":"#3"}}},{"from":[7.3,-1.63782,5.12453],"to":[8.7,-0.88782,6.52453],"rotation":{"angle":0,"axis":"y","origin":[8,0.5,8]},"faces":{"north":{"uv":[8.75,7.75,9.125,8],"texture":"#3"},"east":{"uv":[8,8.75,8.375,9],"texture":"#3"},"south":{"uv":[8.75,8.25,9.125,8.5],"texture":"#3"},"west":{"uv":[8.5,8.75,8.875,9],"texture":"#3"},"up":{"uv":[1.125,8.875,0.75,8.5],"texture":"#3"},"down":{"uv":[1.625,8.5,1.25,8.875],"texture":"#3"}}},{"from":[7.3,0.48218,5.12453],"to":[8.7,1.74218,6.52453],"rotation":{"angle":0,"axis":"y","origin":[8,0.5,8]},"faces":{"north":{"uv":[4,8.25,4.375,8.625],"texture":"#3"},"east":{"uv":[4.5,8.25,4.875,8.625],"texture":"#3"},"south":{"uv":[5,8.25,5.375,8.625],"texture":"#3"},"west":{"uv":[6.5,8.25,6.875,8.625],"texture":"#3"},"up":{"uv":[7.375,8.625,7,8.25],"texture":"#3"},"down":{"uv":[8.625,7.5,8.25,7.875],"texture":"#3"}}},{"from":[7.44,-3.57782,5.26453],"to":[8.56,0.48218,6.38453],"rotation":{"angle":0,"axis":"y","origin":[8,0.5,8]},"faces":{"north":{"uv":[5.5,7,5.75,8],"texture":"#3"},"east":{"uv":[5.75,7,6,8],"texture":"#3"},"south":{"uv":[6,7,6.25,8],"texture":"#3"},"west":{"uv":[6.25,7,6.5,8],"texture":"#3"},"up":{"uv":[5.5,9,5.25,8.75],"texture":"#3"},"down":{"uv":[4.5,9,4.25,9.25],"texture":"#3"}}},{"from":[7.44,-8.19118,3.31983],"to":[8.56,-3.39118,4.01983],"rotation":{"angle":-22.5,"axis":"x","origin":[8,0.5,8]},"faces":{"north":{"uv":[4,7,4.25,8.25],"texture":"#3"},"east":{"uv":[0.25,8.25,0.375,9.5],"texture":"#3"},"south":{"uv":[4.25,7,4.5,8.25],"texture":"#3"},"west":{"uv":[0.5,8.25,0.625,9.5],"texture":"#3"},"up":{"uv":[9.5,9.375,9.25,9.25],"texture":"#3"},"down":{"uv":[0.25,9.5,0,9.625],"texture":"#3"}}},{"from":[7.3,-8.65709,2.7345],"to":[8.7,-7.95709,4.8345],"rotation":{"angle":-22.5,"axis":"x","origin":[8,0.5,8]},"faces":{"north":{"uv":[4.75,9.25,5.125,9.375],"texture":"#3"},"east":{"uv":[9,7.25,9.5,7.375],"texture":"#3"},"south":{"uv":[5.25,9.25,5.625,9.375],"texture":"#3"},"west":{"uv":[7.5,9,8,9.125],"texture":"#3"},"up":{"uv":[3.125,8.25,2.75,7.75],"texture":"#3"},"down":{"uv":[5.875,8,5.5,8.5],"texture":"#3"}}},{"from":[7.3,-9.22472,8.31185],"to":[8.7,-8.52472,9.41185],"rotation":{"angle":0,"axis":"y","origin":[8,0.5,8]},"faces":{"north":{"uv":[3.75,9.25,4.125,9.375],"texture":"#3"},"east":{"uv":[8.75,9.25,9,9.375],"texture":"#3"},"south":{"uv":[4.25,9.25,4.625,9.375],"texture":"#3"},"west":{"uv":[9,9.25,9.25,9.375],"texture":"#3"},"up":{"uv":[1.625,9.25,1.25,9],"texture":"#3"},"down":{"uv":[3.625,9,3.25,9.25],"texture":"#3"}}},{"from":[7.33,-7.50459,14.55475],"to":[8.67,-5.82459,17.29475],"rotation":{"angle":45,"axis":"x","origin":[8,0.5,8]},"faces":{"north":{"uv":[5.5,8.5,5.875,8.875],"texture":"#3"},"east":{"uv":[6.5,7,7.125,7.375],"texture":"#3"},"south":{"uv":[6,8.5,6.375,8.875],"texture":"#3"},"west":{"uv":[7.25,7,7.875,7.375],"texture":"#3"},"up":{"uv":[6.875,8.125,6.5,7.5],"texture":"#3"},"down":{"uv":[7.375,7.5,7,8.125],"texture":"#3"}}},{"from":[7.58,-10.20222,13.52401],"to":[8.42,-9.02222,15.76401],"rotation":{"angle":22.5,"axis":"x","origin":[8,0.5,8]},"faces":{"north":{"uv":[9,7,9.25,7.25],"texture":"#3"},"east":{"uv":[8,8.5,8.5,8.75],"texture":"#3"},"south":{"uv":[7.25,9,7.5,9.25],"texture":"#3"},"west":{"uv":[8.5,8,9,8.25],"texture":"#3"},"up":{"uv":[8.75,8.75,8.5,8.25],"texture":"#3"},"down":{"uv":[3,8.75,2.75,9.25],"texture":"#3"}}},{"from":[7.3,-3.72603,9.87922],"to":[8.7,-2.62603,10.57922],"rotation":{"angle":45,"axis":"x","origin":[8,0.5,8]},"faces":{"north":{"uv":[8.75,8.5,9.125,8.75],"texture":"#3"},"east":{"uv":[8.5,9.25,8.625,9.5],"texture":"#3"},"south":{"uv":[0.75,9,1.125,9.25],"texture":"#3"},"west":{"uv":[9.25,8.5,9.375,8.75],"texture":"#3"},"up":{"uv":[3.125,9.375,2.75,9.25],"texture":"#3"},"down":{"uv":[3.625,9.25,3.25,9.375],"texture":"#3"}}},{"from":[7.3,-3.50012,2.98268],"to":[8.7,-2.80012,5.08268],"rotation":{"angle":-22.5,"axis":"x","origin":[8,0.5,8]},"faces":{"north":{"uv":[0.75,9.25,1.125,9.375],"texture":"#3"},"east":{"uv":[6.25,9,6.75,9.125],"texture":"#3"},"south":{"uv":[1.25,9.25,1.625,9.375],"texture":"#3"},"west":{"uv":[6.75,9,7.25,9.125],"texture":"#3"},"up":{"uv":[2.125,8.25,1.75,7.75],"texture":"#3"},"down":{"uv":[2.625,7.75,2.25,8.25],"texture":"#3"}}},{"from":[7.44,-8.19118,4.71983],"to":[8.56,-3.39118,5.41983],"rotation":{"angle":-22.5,"axis":"x","origin":[8,0.5,8]},"faces":{"north":{"uv":[3.5,7,3.75,8.25],"texture":"#3"},"east":{"uv":[3.25,7.75,3.375,9],"texture":"#3"},"south":{"uv":[3.75,7,4,8.25],"texture":"#3"},"west":{"uv":[0,8.25,0.125,9.5],"texture":"#3"},"up":{"uv":[8.5,9.375,8.25,9.25],"texture":"#3"},"down":{"uv":[9.5,8.25,9.25,8.375],"texture":"#3"}}},{"from":[7.44,4.39118,4.71983],"to":[8.56,9.19118,5.41983],"rotation":{"angle":22.5,"axis":"x","origin":[8,0.5,8]},"faces":{"north":{"uv":[5,7,5.25,8.25],"texture":"#3"},"east":{"uv":[2.25,8.25,2.375,9.5],"texture":"#3"},"south":{"uv":[5.25,7,5.5,8.25],"texture":"#3"},"west":{"uv":[2.5,8.25,2.625,9.5],"texture":"#3"},"up":{"uv":[2,9.625,1.75,9.5],"texture":"#3"},"down":{"uv":[2.25,9.5,2,9.625],"texture":"#3"}}},{"from":[7.3,3.80012,2.98268],"to":[8.7,4.50012,5.08268],"rotation":{"angle":22.5,"axis":"x","origin":[8,0.5,8]},"faces":{"north":{"uv":[7.75,9.25,8.125,9.375],"texture":"#3"},"east":{"uv":[9,8.75,9.5,8.875],"texture":"#3"},"south":{"uv":[9.25,7.75,9.625,7.875],"texture":"#3"},"west":{"uv":[9,9,9.5,9.125],"texture":"#3"},"up":{"uv":[7.875,8.5,7.5,8],"texture":"#3"},"down":{"uv":[8.375,8,8,8.5],"texture":"#3"}}},{"from":[7.3,3.62603,9.87922],"to":[8.7,4.72603,10.57922],"rotation":{"angle":-45,"axis":"x","origin":[8,0.5,8]},"faces":{"north":{"uv":[5.25,9,5.625,9.25],"texture":"#3"},"east":{"uv":[1.25,9.5,1.375,9.75],"texture":"#3"},"south":{"uv":[5.75,9,6.125,9.25],"texture":"#3"},"west":{"uv":[1.5,9.5,1.625,9.75],"texture":"#3"},"up":{"uv":[7.625,9.375,7.25,9.25],"texture":"#3"},"down":{"uv":[9.625,7.5,9.25,7.625],"texture":"#3"}}},{"from":[7.58,10.02222,13.52401],"to":[8.42,11.20222,15.76401],"rotation":{"angle":-22.5,"axis":"x","origin":[8,0.5,8]},"faces":{"north":{"uv":[8.5,9,8.75,9.25],"texture":"#3"},"east":{"uv":[3.5,8.75,4,9],"texture":"#3"},"south":{"uv":[8.75,9,9,9.25],"texture":"#3"},"west":{"uv":[4,8.75,4.5,9],"texture":"#3"},"up":{"uv":[3.25,9.25,3,8.75],"texture":"#3"},"down":{"uv":[4.75,8.75,4.5,9.25],"texture":"#3"}}},{"from":[7.33,6.82459,14.55475],"to":[8.67,8.50459,17.29475],"rotation":{"angle":-45,"axis":"x","origin":[8,0.5,8]},"faces":{"north":{"uv":[8.5,7,8.875,7.375],"texture":"#3"},"east":{"uv":[7.5,7.5,8.125,7.875],"texture":"#3"},"south":{"uv":[7.5,8.5,7.875,8.875],"texture":"#3"},"west":{"uv":[0,7.75,0.625,8.125],"texture":"#3"},"up":{"uv":[1.125,8.375,0.75,7.75],"texture":"#3"},"down":{"uv":[1.625,7.75,1.25,8.375],"texture":"#3"}}},{"from":[7.3,9.52472,8.31185],"to":[8.7,10.22472,9.41185],"rotation":{"angle":0,"axis":"y","origin":[8,0.5,8]},"faces":{"north":{"uv":[6.75,9.25,7.125,9.375],"texture":"#3"},"east":{"uv":[0.75,9.5,1,9.625],"texture":"#3"},"south":{"uv":[9.25,7,9.625,7.125],"texture":"#3"},"west":{"uv":[1,9.5,1.25,9.625],"texture":"#3"},"up":{"uv":[4.125,9.25,3.75,9],"texture":"#3"},"down":{"uv":[5.125,9,4.75,9.25],"texture":"#3"}}},{"from":[7.3,8.95709,2.7345],"to":[8.7,9.65709,4.8345],"rotation":{"angle":22.5,"axis":"x","origin":[8,0.5,8]},"faces":{"north":{"uv":[5.75,9.25,6.125,9.375],"texture":"#3"},"east":{"uv":[8,9,8.5,9.125],"texture":"#3"},"south":{"uv":[6.25,9.25,6.625,9.375],"texture":"#3"},"west":{"uv":[9,8,9.5,8.125],"texture":"#3"},"up":{"uv":[6.375,8.5,6,8],"texture":"#3"},"down":{"uv":[8.375,7,8,7.5],"texture":"#3"}}},{"from":[7.44,4.39118,3.31983],"to":[8.56,9.19118,4.01983],"rotation":{"angle":22.5,"axis":"x","origin":[8,0.5,8]},"faces":{"north":{"uv":[4.5,7,4.75,8.25],"texture":"#3"},"east":{"uv":[1.75,8.25,1.875,9.5],"texture":"#3"},"south":{"uv":[4.75,7,5,8.25],"texture":"#3"},"west":{"uv":[2,8.25,2.125,9.5],"texture":"#3"},"up":{"uv":[0.5,9.625,0.25,9.5],"texture":"#3"},"down":{"uv":[0.75,9.5,0.5,9.625],"texture":"#3"}}},{"from":[7.02,-0.81601,3.43944],"to":[8.98,1.98399,6.23944],"rotation":{"angle":45,"axis":"x","origin":[8,0.5,8]},"faces":{"north":{"uv":[1.5,7,2,7.75],"texture":"#3"},"east":{"uv":[0,7,0.75,7.75],"texture":"#3"},"south":{"uv":[2,7,2.5,7.75],"texture":"#3"},"west":{"uv":[0.75,7,1.5,7.75],"texture":"#3"},"up":{"uv":[3,7.75,2.5,7],"texture":"#3"},"down":{"uv":[3.5,7,3,7.75],"texture":"#3"}}},{"from":[8,-13,1.7],"to":[8,15,23.7],"rotation":{"angle":0,"axis":"y","origin":[8,1,8]},"faces":{"north":{"uv":[0,0,0,7],"texture":"#3"},"east":{"uv":[0,0,5.5,7],"texture":"#3"},"south":{"uv":[0,0,0,7],"texture":"#3"},"west":{"uv":[5.5,0,11,7],"texture":"#3"},"up":{"uv":[0,5.5,0,0],"texture":"#3"},"down":{"uv":[0,0,0,5.5],"texture":"#3"}}},{"from":[7.3,0.36537,3.45224],"to":[7.3,9.86537,8.45224],"rotation":{"angle":0,"axis":"y","origin":[6.9,5.11537,3.35224]},"faces":{"north":{"uv":[0,0,0,7],"rotation":180,"texture":"#3"},"east":{"uv":[1.25,10.75,3.75,6],"texture":"#1"},"south":{"uv":[0,0,0,7],"rotation":180,"texture":"#3"},"west":{"uv":[1.25,6,3.75,10.75],"rotation":180,"texture":"#1"},"up":{"uv":[0,0,0,5.5],"texture":"#3"},"down":{"uv":[0,5.5,0,0],"texture":"#3"}}},{"from":[8.7,0.36537,3.45224],"to":[8.7,9.86537,8.45224],"rotation":{"angle":0,"axis":"y","origin":[9.1,5.11537,3.35224]},"faces":{"north":{"uv":[0,0,0,7],"rotation":180,"texture":"#3"},"east":{"uv":[3.75,6,1.25,10.75],"rotation":180,"texture":"#1"},"south":{"uv":[0,0,0,7],"rotation":180,"texture":"#3"},"west":{"uv":[3.75,10.75,1.25,6],"texture":"#1"},"up":{"uv":[0,0,0,5.5],"texture":"#3"},"down":{"uv":[0,5.5,0,0],"texture":"#3"}}},{"from":[7.3,-4.86537,3.45224],"to":[7.3,4.63463,8.45224],"rotation":{"angle":0,"axis":"y","origin":[8,-0.11537,5.95224]},"faces":{"north":{"uv":[0,7,0,0],"rotation":180,"texture":"#3"},"east":{"uv":[1.25,6,3.75,10.75],"texture":"#1"},"south":{"uv":[0,7,0,0],"rotation":180,"texture":"#3"},"west":{"uv":[1.25,10.75,3.75,6],"rotation":180,"texture":"#1"},"up":{"uv":[0,0,0,5.5],"texture":"#3"},"down":{"uv":[0,5.5,0,0],"texture":"#3"}}},{"from":[8.7,-4.86537,3.45224],"to":[8.7,4.63463,8.45224],"rotation":{"angle":0,"axis":"y","origin":[8,-0.11537,5.95224]},"faces":{"north":{"uv":[0,7,0,0],"rotation":180,"texture":"#3"},"east":{"uv":[3.75,10.75,1.25,6],"rotation":180,"texture":"#1"},"south":{"uv":[0,7,0,0],"rotation":180,"texture":"#3"},"west":{"uv":[3.75,6,1.25,10.75],"texture":"#1"},"up":{"uv":[0,0,0,5.5],"texture":"#3"},"down":{"uv":[0,5.5,0,0],"texture":"#3"}}}],"gui_light":"front","display":{"thirdperson_righthand":{"translation":[0,5.75,2],"scale":[0.89,0.89,0.89]},"thirdperson_lefthand":{"translation":[0,5.75,2],"scale":[0.89,0.89,0.89]},"firstperson_righthand":{"translation":[0.75,10.75,0]},"firstperson_lefthand":{"translation":[0.75,10.75,0]},"ground":{"rotation":[45,0,0],"translation":[0,3,2],"scale":[0.43,0.43,0.43]},"gui":{"rotation":[98,43,-88],"translation":[3,4.75,0],"scale":[0.75,0.75,0.75]},"fixed":{"rotation":[0,-90,0],"translation":[0,5.5,-0.25],"scale":[0.76,0.76,0.76]}}}