{"credit":"MadewithBlockbench","texture_size":[32,32],"textures":{"0":"onepunchman:onepunchman_hat","particle":"onepunchman:onepunchman_hat"},"elements":[{"from":[4,-3,4],"to":[12,5,12],"rotation":{"angle":0,"axis":"y","origin":[8,1,8]},"faces":{"north":{"uv":[0,0,4,4],"texture":"#0"},"east":{"uv":[0,4,4,8],"texture":"#0"},"south":{"uv":[4,0,8,4],"texture":"#0"},"west":{"uv":[4,4,8,8],"texture":"#0"},"up":{"uv":[4,12,0,8],"texture":"#0"},"down":{"uv":[12,0,8,4],"texture":"#0"}}}],"gui_light":"front","display":{"thirdperson_righthand":{"translation":[-1,4,0],"scale":[0.51,0.51,0.51]},"thirdperson_lefthand":{"translation":[-1,4,0],"scale":[0.51,0.51,0.51]},"firstperson_righthand":{"translation":[1,5.75,-2]},"firstperson_lefthand":{"translation":[1,5.75,-2]},"ground":{"rotation":[45,0,0],"translation":[0,3,2],"scale":[0.43,0.43,0.43]},"gui":{"rotation":[19,148,0],"translation":[0,7,0],"scale":[1.08,1.08,1.08]},"head":{"translation":[0,13,0],"scale":[1.87,1.87,1.87]},"fixed":{"translation":[0,7.75,0],"scale":[1.12,1.12,1.12]}}}