{
	"credit": "Made with Blockbench",
	"texture_size": [64, 64],
	"textures": {
		"2": "onepunchman:onepunchman_shields4",
		"particle": "onepunchman:onepunchman_shields3"
	},
	"elements": [
		{
			"from": [7.3, -3.93782, 7.3],
			"to": [8.7, -3.18782, 8.7],
			"rotation": {"angle": 0, "axis": "y", "origin": [8, 10.54218, 8]},
			"faces": {
				"north": {"uv": [7, 7.5, 7.375, 7.75], "texture": "#2"},
				"east": {"uv": [7.5, 7, 7.875, 7.25], "texture": "#2"},
				"south": {"uv": [7.5, 7.25, 7.875, 7.5], "texture": "#2"},
				"west": {"uv": [7.5, 7.5, 7.875, 7.75], "texture": "#2"},
				"up": {"uv": [7.125, 0.375, 6.75, 0], "texture": "#2"},
				"down": {"uv": [7.125, 0.5, 6.75, 0.875], "texture": "#2"}
			}
		},
		{
			"from": [7.3, -1.81782, 7.3],
			"to": [8.7, -0.55782, 8.7],
			"rotation": {"angle": 0, "axis": "y", "origin": [8, -15.77782, 8]},
			"faces": {
				"north": {"uv": [4.5, 6.5, 4.875, 6.875], "texture": "#2"},
				"east": {"uv": [5.5, 6.5, 5.875, 6.875], "texture": "#2"},
				"south": {"uv": [6.5, 5.5, 6.875, 5.875], "texture": "#2"},
				"west": {"uv": [6.5, 6, 6.875, 6.375], "texture": "#2"},
				"up": {"uv": [6.875, 6.875, 6.5, 6.5], "texture": "#2"},
				"down": {"uv": [0.375, 6.75, 0, 7.125], "texture": "#2"}
			}
		},
		{
			"from": [7.33, 4.86962, 2.04185],
			"to": [8.67, 7.60962, 3.72185],
			"rotation": {"angle": 22.5, "axis": "x", "origin": [8, 8.5376, 4.10711]},
			"faces": {
				"north": {"uv": [5.5, 3, 5.875, 3.625], "texture": "#2"},
				"east": {"uv": [3.5, 5.5, 3.875, 6.125], "texture": "#2"},
				"south": {"uv": [4, 5.5, 4.375, 6.125], "texture": "#2"},
				"west": {"uv": [5.5, 5, 5.875, 5.625], "texture": "#2"},
				"up": {"uv": [7.125, 1.375, 6.75, 1], "texture": "#2"},
				"down": {"uv": [7.125, 1.5, 6.75, 1.875], "texture": "#2"}
			}
		},
		{
			"from": [7.08, 6.77566, 2.38951],
			"to": [8.92, 10.91566, 4.44451],
			"rotation": {"angle": 45, "axis": "x", "origin": [8, 8.5376, 4.10711]},
			"faces": {
				"north": {"uv": [3, 2.25, 3.5, 3.25], "texture": "#2"},
				"east": {"uv": [3, 3.25, 3.5, 4.25], "texture": "#2"},
				"south": {"uv": [0.75, 3.5, 1.25, 4.5], "texture": "#2"},
				"west": {"uv": [1.25, 3.5, 1.75, 4.5], "texture": "#2"},
				"up": {"uv": [5.5, 3.5, 5, 3], "texture": "#2"},
				"down": {"uv": [3.75, 5, 3.25, 5.5], "texture": "#2"}
			}
		},
		{
			"from": [7.58, 3.69917, 1.04538],
			"to": [8.42, 5.93917, 2.22538],
			"rotation": {"angle": 0, "axis": "y", "origin": [8, 8.5376, 4.10711]},
			"faces": {
				"north": {"uv": [2.75, 3.75, 3, 4.25], "texture": "#2"},
				"east": {"uv": [0.5, 4, 0.75, 4.5], "texture": "#2"},
				"south": {"uv": [5.75, 4.5, 6, 5], "texture": "#2"},
				"west": {"uv": [3, 7, 3.25, 7.5], "texture": "#2"},
				"up": {"uv": [5.75, 4, 5.5, 3.75], "texture": "#2"},
				"down": {"uv": [2.25, 5.75, 2, 6], "texture": "#2"}
			}
		},
		{
			"from": [7.44, -5.87782, 7.44],
			"to": [8.56, -1.81782, 8.56],
			"rotation": {"angle": 0, "axis": "y", "origin": [8, -15.63782, 8]},
			"faces": {
				"north": {"uv": [0, 5, 0.25, 6], "texture": "#2"},
				"east": {"uv": [0.25, 5, 0.5, 6], "texture": "#2"},
				"south": {"uv": [2.75, 5, 3, 6], "texture": "#2"},
				"west": {"uv": [3, 5, 3.25, 6], "texture": "#2"},
				"up": {"uv": [4, 2.25, 3.75, 2], "texture": "#2"},
				"down": {"uv": [5.25, 4, 5, 4.25], "texture": "#2"}
			}
		},
		{
			"from": [7.44, 8.11782, 7.44],
			"to": [8.56, 12.17782, 8.56],
			"rotation": {"angle": 0, "axis": "y", "origin": [8, 31.63782, 8]},
			"faces": {
				"north": {"uv": [0.5, 5.25, 0.75, 6.25], "texture": "#2"},
				"east": {"uv": [0.75, 5.25, 1, 6.25], "texture": "#2"},
				"south": {"uv": [1, 5.25, 1.25, 6.25], "texture": "#2"},
				"west": {"uv": [1.25, 5.25, 1.5, 6.25], "texture": "#2"},
				"up": {"uv": [1.5, 7.25, 1.25, 7], "texture": "#2"},
				"down": {"uv": [3, 7.75, 2.75, 8], "texture": "#2"}
			}
		},
		{
			"from": [7.3, 6.85782, 7.3],
			"to": [8.7, 8.11782, 8.7],
			"rotation": {"angle": 0, "axis": "y", "origin": [8, 31.77782, 8]},
			"faces": {
				"north": {"uv": [6, 6.75, 6.375, 7.125], "texture": "#2"},
				"east": {"uv": [3.5, 7, 3.875, 7.375], "texture": "#2"},
				"south": {"uv": [4, 7, 4.375, 7.375], "texture": "#2"},
				"west": {"uv": [4.5, 7, 4.875, 7.375], "texture": "#2"},
				"up": {"uv": [5.625, 7.375, 5.25, 7], "texture": "#2"},
				"down": {"uv": [7.375, 5.5, 7, 5.875], "texture": "#2"}
			}
		},
		{
			"from": [7.3, 9.48782, 7.3],
			"to": [8.7, 10.23782, 8.7],
			"rotation": {"angle": 0, "axis": "y", "origin": [8, 5.45782, 8]},
			"faces": {
				"north": {"uv": [0, 7.75, 0.375, 8], "texture": "#2"},
				"east": {"uv": [7.75, 0, 8.125, 0.25], "texture": "#2"},
				"south": {"uv": [7.75, 0.25, 8.125, 0.5], "texture": "#2"},
				"west": {"uv": [0.5, 7.75, 0.875, 8], "texture": "#2"},
				"up": {"uv": [2.875, 7.125, 2.5, 6.75], "texture": "#2"},
				"down": {"uv": [7.125, 2.5, 6.75, 2.875], "texture": "#2"}
			}
		},
		{
			"from": [7.44, 0.43782, 7.44],
			"to": [8.56, 5.59782, 8.56],
			"rotation": {"angle": 0, "axis": "y", "origin": [8, -14.72218, 8]},
			"faces": {
				"north": {"uv": [3.75, 4.25, 4, 5.5], "texture": "#2"},
				"east": {"uv": [2, 4.5, 2.25, 5.75], "texture": "#2"},
				"south": {"uv": [2.25, 4.75, 2.5, 6], "texture": "#2"},
				"west": {"uv": [2.5, 4.75, 2.75, 6], "texture": "#2"},
				"up": {"uv": [5.25, 8, 5, 7.75], "texture": "#2"},
				"down": {"uv": [1.25, 8, 1, 8.25], "texture": "#2"}
			}
		},
		{
			"from": [7.3, 5.59782, 7.3],
			"to": [8.7, 6.85782, 8.7],
			"rotation": {"angle": 0, "axis": "y", "origin": [8, -14.86218, 8]},
			"faces": {
				"north": {"uv": [7, 6.5, 7.375, 6.875], "texture": "#2"},
				"east": {"uv": [7, 7, 7.375, 7.375], "texture": "#2"},
				"south": {"uv": [0, 7.25, 0.375, 7.625], "texture": "#2"},
				"west": {"uv": [7.25, 0, 7.625, 0.375], "texture": "#2"},
				"up": {"uv": [0.875, 7.625, 0.5, 7.25], "texture": "#2"},
				"down": {"uv": [7.625, 0.5, 7.25, 0.875], "texture": "#2"}
			}
		},
		{
			"from": [7.3, 3.47782, 7.3],
			"to": [8.7, 4.22782, 8.7],
			"rotation": {"angle": 0, "axis": "y", "origin": [8, 11.45782, 8]},
			"faces": {
				"north": {"uv": [7.75, 0.5, 8.125, 0.75], "texture": "#2"},
				"east": {"uv": [7.75, 0.75, 8.125, 1], "texture": "#2"},
				"south": {"uv": [1, 7.75, 1.375, 8], "texture": "#2"},
				"west": {"uv": [7.75, 1, 8.125, 1.25], "texture": "#2"},
				"up": {"uv": [7.375, 6.375, 7, 6], "texture": "#2"},
				"down": {"uv": [6.875, 7, 6.5, 7.375], "texture": "#2"}
			}
		},
		{
			"from": [7.3, 2.07218, 7.3],
			"to": [8.7, 2.82218, 8.7],
			"rotation": {"angle": 0, "axis": "y", "origin": [8, -5.15782, 8]},
			"faces": {
				"north": {"uv": [7.75, 1.25, 8.125, 1.5], "texture": "#2"},
				"east": {"uv": [1.5, 7.75, 1.875, 8], "texture": "#2"},
				"south": {"uv": [7.75, 1.5, 8.125, 1.75], "texture": "#2"},
				"west": {"uv": [7.75, 1.75, 8.125, 2], "texture": "#2"},
				"up": {"uv": [2.875, 7.625, 2.5, 7.25], "texture": "#2"},
				"down": {"uv": [7.625, 2.5, 7.25, 2.875], "texture": "#2"}
			}
		},
		{
			"from": [7.3, -0.55782, 7.3],
			"to": [8.7, 0.70218, 8.7],
			"rotation": {"angle": 0, "axis": "y", "origin": [8, 21.16218, 8]},
			"faces": {
				"north": {"uv": [1, 7.25, 1.375, 7.625], "texture": "#2"},
				"east": {"uv": [7.25, 1, 7.625, 1.375], "texture": "#2"},
				"south": {"uv": [1.5, 7.25, 1.875, 7.625], "texture": "#2"},
				"west": {"uv": [7.25, 1.5, 7.625, 1.875], "texture": "#2"},
				"up": {"uv": [2.375, 7.625, 2, 7.25], "texture": "#2"},
				"down": {"uv": [7.625, 2, 7.25, 2.375], "texture": "#2"}
			}
		},
		{
			"from": [6.8, 8.43548, 6.25638],
			"to": [9.2, 9.53548, 6.95638],
			"rotation": {"angle": -22.5, "axis": "x", "origin": [8, 8.5376, 4.10711]},
			"faces": {
				"north": {"uv": [6.5, 3, 7.125, 3.25], "texture": "#2"},
				"east": {"uv": [4.25, 8, 4.375, 8.25], "texture": "#2"},
				"south": {"uv": [6.5, 3.25, 7.125, 3.5], "texture": "#2"},
				"west": {"uv": [4.5, 8, 4.625, 8.25], "texture": "#2"},
				"up": {"uv": [8.375, 3.375, 7.75, 3.25], "texture": "#2"},
				"down": {"uv": [8.375, 3.5, 7.75, 3.625], "texture": "#2"}
			}
		},
		{
			"from": [6.8, 10.85185, 2.17555],
			"to": [9.2, 11.55185, 4.27555],
			"rotation": {"angle": 45, "axis": "x", "origin": [8, 8.5376, 4.10711]},
			"faces": {
				"north": {"uv": [7.75, 2.75, 8.375, 2.875], "texture": "#2"},
				"east": {"uv": [6, 7.75, 6.5, 7.875], "texture": "#2"},
				"south": {"uv": [7.75, 3, 8.375, 3.125], "texture": "#2"},
				"west": {"uv": [7.75, 7.75, 8.25, 7.875], "texture": "#2"},
				"up": {"uv": [5.125, 4.75, 4.5, 4.25], "texture": "#2"},
				"down": {"uv": [5.375, 0, 4.75, 0.5], "texture": "#2"}
			}
		},
		{
			"from": [7.44, 11.1647, 3.13043],
			"to": [8.56, 14.6647, 3.83043],
			"rotation": {"angle": 45, "axis": "x", "origin": [8, 8.5376, 4.10711]},
			"faces": {
				"north": {"uv": [3, 6, 3.25, 6.875], "texture": "#2"},
				"east": {"uv": [4.75, 7.5, 4.875, 8.375], "texture": "#2"},
				"south": {"uv": [6, 4.5, 6.25, 5.375], "texture": "#2"},
				"west": {"uv": [7.5, 5, 7.625, 5.875], "texture": "#2"},
				"up": {"uv": [4, 8.125, 3.75, 8], "texture": "#2"},
				"down": {"uv": [4.25, 8, 4, 8.125], "texture": "#2"}
			}
		},
		{
			"from": [7.44, 11.1647, 12.16957],
			"to": [8.56, 14.6647, 12.86957],
			"rotation": {"angle": -45, "axis": "x", "origin": [8, 8.5376, 11.89289]},
			"faces": {
				"north": {"uv": [1, 6.25, 1.25, 7.125], "texture": "#2"},
				"east": {"uv": [6.5, 7.5, 6.625, 8.375], "texture": "#2"},
				"south": {"uv": [6.25, 1, 6.5, 1.875], "texture": "#2"},
				"west": {"uv": [6.75, 7.5, 6.875, 8.375], "texture": "#2"},
				"up": {"uv": [8.5, 0.125, 8.25, 0], "texture": "#2"},
				"down": {"uv": [0.5, 8.25, 0.25, 8.375], "texture": "#2"}
			}
		},
		{
			"from": [6.8, 10.85185, 11.72445],
			"to": [9.2, 11.55185, 13.82445],
			"rotation": {"angle": -45, "axis": "x", "origin": [8, 8.5376, 11.89289]},
			"faces": {
				"north": {"uv": [7.75, 6.75, 8.375, 6.875], "texture": "#2"},
				"east": {"uv": [2.75, 8, 3.25, 8.125], "texture": "#2"},
				"south": {"uv": [7, 7.75, 7.625, 7.875], "texture": "#2"},
				"west": {"uv": [3.25, 8, 3.75, 8.125], "texture": "#2"},
				"up": {"uv": [5.625, 2.5, 5, 2], "texture": "#2"},
				"down": {"uv": [5.625, 2.5, 5, 3], "texture": "#2"}
			}
		},
		{
			"from": [6.8, 8.43548, 9.04362],
			"to": [9.2, 9.53548, 9.74362],
			"rotation": {"angle": 22.5, "axis": "x", "origin": [8, 8.5376, 11.89289]},
			"faces": {
				"north": {"uv": [6.5, 5, 7.125, 5.25], "texture": "#2"},
				"east": {"uv": [8, 8, 8.125, 8.25], "texture": "#2"},
				"south": {"uv": [6.5, 5.25, 7.125, 5.5], "texture": "#2"},
				"west": {"uv": [0, 8.25, 0.125, 8.5], "texture": "#2"},
				"up": {"uv": [8.375, 6.375, 7.75, 6.25], "texture": "#2"},
				"down": {"uv": [8.375, 6.5, 7.75, 6.625], "texture": "#2"}
			}
		},
		{
			"from": [7.33, 4.86962, 12.27815],
			"to": [8.67, 7.60962, 13.95815],
			"rotation": {"angle": -22.5, "axis": "x", "origin": [8, 8.5376, 11.89289]},
			"faces": {
				"north": {"uv": [0, 6, 0.375, 6.625], "texture": "#2"},
				"east": {"uv": [2, 6, 2.375, 6.625], "texture": "#2"},
				"south": {"uv": [2.5, 6, 2.875, 6.625], "texture": "#2"},
				"west": {"uv": [6, 3, 6.375, 3.625], "texture": "#2"},
				"up": {"uv": [7.625, 4.375, 7.25, 4], "texture": "#2"},
				"down": {"uv": [7.625, 4.5, 7.25, 4.875], "texture": "#2"}
			}
		},
		{
			"from": [7.58, 3.69917, 13.77462],
			"to": [8.42, 5.93917, 14.95462],
			"rotation": {"angle": 0, "axis": "y", "origin": [8, 8.5376, 11.89289]},
			"faces": {
				"north": {"uv": [3.75, 7.5, 4, 8], "texture": "#2"},
				"east": {"uv": [4, 7.5, 4.25, 8], "texture": "#2"},
				"south": {"uv": [4.25, 7.5, 4.5, 8], "texture": "#2"},
				"west": {"uv": [4.5, 7.5, 4.75, 8], "texture": "#2"},
				"up": {"uv": [2, 8.25, 1.75, 8], "texture": "#2"},
				"down": {"uv": [8.25, 2.5, 8, 2.75], "texture": "#2"}
			}
		},
		{
			"from": [7.08, 6.77566, 11.55549],
			"to": [8.92, 10.91566, 13.61049],
			"rotation": {"angle": -45, "axis": "x", "origin": [8, 8.5376, 11.89289]},
			"faces": {
				"north": {"uv": [4, 3, 4.5, 4], "texture": "#2"},
				"east": {"uv": [4, 4, 4.5, 5], "texture": "#2"},
				"south": {"uv": [4.25, 0, 4.75, 1], "texture": "#2"},
				"west": {"uv": [4.25, 1, 4.75, 2], "texture": "#2"},
				"up": {"uv": [5, 5.75, 4.5, 5.25], "texture": "#2"},
				"down": {"uv": [5.75, 4.5, 5.25, 5], "texture": "#2"}
			}
		},
		{
			"from": [7.02, 11.74218, 5.76],
			"to": [8.98, 14.54218, 8.56],
			"rotation": {"angle": -45, "axis": "x", "origin": [8, 13.98218, 8]},
			"faces": {
				"north": {"uv": [2.75, 4.25, 3.25, 5], "texture": "#2"},
				"east": {"uv": [0.75, 2, 1.5, 2.75], "texture": "#2"},
				"south": {"uv": [3.25, 4.25, 3.75, 5], "texture": "#2"},
				"west": {"uv": [1.5, 2, 2.25, 2.75], "texture": "#2"},
				"up": {"uv": [1, 5.25, 0.5, 4.5], "texture": "#2"},
				"down": {"uv": [1.5, 4.5, 1, 5.25], "texture": "#2"}
			}
		},
		{
			"from": [7.52, 9.74218, 13.44],
			"to": [8.48, 12.54218, 16.24],
			"rotation": {"angle": 45, "axis": "x", "origin": [8, 13.98218, 8]},
			"faces": {
				"north": {"uv": [6.25, 3.75, 6.5, 4.5], "texture": "#2"},
				"east": {"uv": [2.25, 2.75, 1.5, 3.5], "texture": "#2"},
				"south": {"uv": [4, 6.25, 4.25, 7], "texture": "#2"},
				"west": {"uv": [1.5, 2.75, 2.25, 3.5], "texture": "#2"},
				"up": {"uv": [4.5, 7, 4.25, 6.25], "texture": "#2"},
				"down": {"uv": [6.5, 4.5, 6.25, 5.25], "texture": "#2"}
			}
		},
		{
			"from": [7.52, -6.14218, 13.44],
			"to": [8.48, -3.34218, 16.24],
			"rotation": {"angle": -45, "axis": "x", "origin": [8, -7.58218, 8]},
			"faces": {
				"north": {"uv": [1.5, 6.5, 1.75, 7.25], "texture": "#2"},
				"east": {"uv": [3, 3, 2.25, 3.75], "texture": "#2"},
				"south": {"uv": [6.5, 1.5, 6.75, 2.25], "texture": "#2"},
				"west": {"uv": [2.25, 3, 3, 3.75], "texture": "#2"},
				"up": {"uv": [2, 7.25, 1.75, 6.5], "texture": "#2"},
				"down": {"uv": [6.75, 2.25, 6.5, 3], "texture": "#2"}
			}
		},
		{
			"from": [7.67, -0.83739, 9.42843],
			"to": [8.33, 6.96261, 12.22843],
			"rotation": {"angle": 0, "axis": "y", "origin": [8, -0.73739, 10.82843]},
			"faces": {
				"north": {"uv": [5, 5.25, 5.125, 7.25], "texture": "#2"},
				"east": {"uv": [1.5, 0, 0.75, 2], "texture": "#2"},
				"south": {"uv": [5.25, 5, 5.375, 7], "texture": "#2"},
				"west": {"uv": [0.75, 0, 1.5, 2], "texture": "#2"},
				"up": {"uv": [2.125, 8.5, 2, 7.75], "texture": "#2"},
				"down": {"uv": [7.875, 2, 7.75, 2.75], "texture": "#2"}
			}
		},
		{
			"from": [7.52, 9.74218, -0.24],
			"to": [8.48, 12.54218, 2.56],
			"rotation": {"angle": -45, "axis": "x", "origin": [8, 13.98218, 8]},
			"faces": {
				"north": {"uv": [4.25, 6.25, 4, 7], "texture": "#2"},
				"east": {"uv": [1.5, 2.75, 2.25, 3.5], "texture": "#2"},
				"south": {"uv": [6.5, 3.75, 6.25, 4.5], "texture": "#2"},
				"west": {"uv": [2.25, 2.75, 1.5, 3.5], "texture": "#2"},
				"up": {"uv": [4.5, 6.25, 4.25, 7], "texture": "#2"},
				"down": {"uv": [6.5, 5.25, 6.25, 4.5], "texture": "#2"}
			}
		},
		{
			"from": [7.67, -0.83739, 3.77157],
			"to": [8.33, 6.96261, 6.57157],
			"rotation": {"angle": 0, "axis": "y", "origin": [8, -0.73739, 5.17157]},
			"faces": {
				"north": {"uv": [5.375, 5, 5.25, 7], "texture": "#2"},
				"east": {"uv": [0.75, 0, 1.5, 2], "texture": "#2"},
				"south": {"uv": [5.125, 5.25, 5, 7.25], "texture": "#2"},
				"west": {"uv": [1.5, 0, 0.75, 2], "texture": "#2"},
				"up": {"uv": [2.125, 7.75, 2, 8.5], "texture": "#2"},
				"down": {"uv": [7.875, 2.75, 7.75, 2], "texture": "#2"}
			}
		},
		{
			"from": [7.52, -6.14218, -0.24],
			"to": [8.48, -3.34218, 2.56],
			"rotation": {"angle": 45, "axis": "x", "origin": [8, -7.58218, 8]},
			"faces": {
				"north": {"uv": [6.75, 1.5, 6.5, 2.25], "texture": "#2"},
				"east": {"uv": [2.25, 3, 3, 3.75], "texture": "#2"},
				"south": {"uv": [1.75, 6.5, 1.5, 7.25], "texture": "#2"},
				"west": {"uv": [3, 3, 2.25, 3.75], "texture": "#2"},
				"up": {"uv": [2, 6.5, 1.75, 7.25], "texture": "#2"},
				"down": {"uv": [6.75, 3, 6.5, 2.25], "texture": "#2"}
			}
		},
		{
			"from": [6.8, -3.43548, 6.25638],
			"to": [9.2, -2.33548, 6.95638],
			"rotation": {"angle": 22.5, "axis": "x", "origin": [8, -2.4376, 4.10711]},
			"faces": {
				"north": {"uv": [6.5, 4, 7.125, 4.25], "texture": "#2"},
				"east": {"uv": [8, 7, 8.125, 7.25], "texture": "#2"},
				"south": {"uv": [6.5, 4.25, 7.125, 4.5], "texture": "#2"},
				"west": {"uv": [7.25, 8, 7.375, 8.25], "texture": "#2"},
				"up": {"uv": [8.375, 4.875, 7.75, 4.75], "texture": "#2"},
				"down": {"uv": [8.375, 5, 7.75, 5.125], "texture": "#2"}
			}
		},
		{
			"from": [7.02, -8.44218, 5.76],
			"to": [8.98, -5.64218, 8.56],
			"rotation": {"angle": 45, "axis": "x", "origin": [8, -7.88218, 8]},
			"faces": {
				"north": {"uv": [1.5, 4.5, 2, 5.25], "texture": "#2"},
				"east": {"uv": [2.25, 0, 3, 0.75], "texture": "#2"},
				"south": {"uv": [4.5, 2, 5, 2.75], "texture": "#2"},
				"west": {"uv": [2.25, 0.75, 3, 1.5], "texture": "#2"},
				"up": {"uv": [5, 3.5, 4.5, 2.75], "texture": "#2"},
				"down": {"uv": [5, 3.5, 4.5, 4.25], "texture": "#2"}
			}
		},
		{
			"from": [7.08, -4.81566, 11.55549],
			"to": [8.92, -0.67566, 13.61049],
			"rotation": {"angle": 45, "axis": "x", "origin": [8, -2.4376, 11.89289]},
			"faces": {
				"north": {"uv": [1.75, 3.5, 2.25, 4.5], "texture": "#2"},
				"east": {"uv": [3.5, 2.25, 4, 3.25], "texture": "#2"},
				"south": {"uv": [3.5, 3.25, 4, 4.25], "texture": "#2"},
				"west": {"uv": [3.75, 0, 4.25, 1], "texture": "#2"},
				"up": {"uv": [5.5, 4, 5, 3.5], "texture": "#2"},
				"down": {"uv": [4.5, 5, 4, 5.5], "texture": "#2"}
			}
		},
		{
			"from": [7.58, 0.16083, 13.77462],
			"to": [8.42, 2.40083, 14.95462],
			"rotation": {"angle": 0, "axis": "y", "origin": [8, -2.4376, 11.89289]},
			"faces": {
				"north": {"uv": [5.75, 7, 6, 7.5], "texture": "#2"},
				"east": {"uv": [5, 7.25, 5.25, 7.75], "texture": "#2"},
				"south": {"uv": [7.25, 5, 7.5, 5.5], "texture": "#2"},
				"west": {"uv": [6, 7.25, 6.25, 7.75], "texture": "#2"},
				"up": {"uv": [6.5, 3, 6.25, 2.75], "texture": "#2"},
				"down": {"uv": [6.25, 6.5, 6, 6.75], "texture": "#2"}
			}
		},
		{
			"from": [7.33, -1.50962, 12.27815],
			"to": [8.67, 1.23038, 13.95815],
			"rotation": {"angle": 22.5, "axis": "x", "origin": [8, -2.4376, 11.89289]},
			"faces": {
				"north": {"uv": [5.75, 0, 6.125, 0.625], "texture": "#2"},
				"east": {"uv": [5.75, 0.75, 6.125, 1.375], "texture": "#2"},
				"south": {"uv": [1.5, 5.75, 1.875, 6.375], "texture": "#2"},
				"west": {"uv": [5.75, 1.5, 6.125, 2.125], "texture": "#2"},
				"up": {"uv": [2.375, 7.125, 2, 6.75], "texture": "#2"},
				"down": {"uv": [7.125, 2, 6.75, 2.375], "texture": "#2"}
			}
		},
		{
			"from": [6.8, -3.43548, 9.04362],
			"to": [9.2, -2.33548, 9.74362],
			"rotation": {"angle": -22.5, "axis": "x", "origin": [8, -2.4376, 11.89289]},
			"faces": {
				"north": {"uv": [6.5, 3.5, 7.125, 3.75], "texture": "#2"},
				"east": {"uv": [6.25, 8, 6.375, 8.25], "texture": "#2"},
				"south": {"uv": [6.5, 3.75, 7.125, 4], "texture": "#2"},
				"west": {"uv": [7, 8, 7.125, 8.25], "texture": "#2"},
				"up": {"uv": [8.375, 4.375, 7.75, 4.25], "texture": "#2"},
				"down": {"uv": [8.375, 4.5, 7.75, 4.625], "texture": "#2"}
			}
		},
		{
			"from": [6.8, -5.45185, 11.72445],
			"to": [9.2, -4.75185, 13.82445],
			"rotation": {"angle": 45, "axis": "x", "origin": [8, -2.4376, 11.89289]},
			"faces": {
				"north": {"uv": [7.75, 3.75, 8.375, 3.875], "texture": "#2"},
				"east": {"uv": [0, 8, 0.5, 8.125], "texture": "#2"},
				"south": {"uv": [7.75, 4, 8.375, 4.125], "texture": "#2"},
				"west": {"uv": [0.5, 8, 1, 8.125], "texture": "#2"},
				"up": {"uv": [5.375, 1, 4.75, 0.5], "texture": "#2"},
				"down": {"uv": [5.375, 1, 4.75, 1.5], "texture": "#2"}
			}
		},
		{
			"from": [7.44, -8.5647, 12.16957],
			"to": [8.56, -5.0647, 12.86957],
			"rotation": {"angle": 45, "axis": "x", "origin": [8, -2.4376, 11.89289]},
			"faces": {
				"north": {"uv": [6, 5.5, 6.25, 6.375], "texture": "#2"},
				"east": {"uv": [5.25, 7.5, 5.375, 8.375], "texture": "#2"},
				"south": {"uv": [6.25, 0, 6.5, 0.875], "texture": "#2"},
				"west": {"uv": [5.5, 7.5, 5.625, 8.375], "texture": "#2"},
				"up": {"uv": [5.25, 8.125, 5, 8], "texture": "#2"},
				"down": {"uv": [6.25, 8, 6, 8.125], "texture": "#2"}
			}
		},
		{
			"from": [7.44, -8.5647, 3.13043],
			"to": [8.56, -5.0647, 3.83043],
			"rotation": {"angle": -45, "axis": "x", "origin": [8, -2.4376, 4.10711]},
			"faces": {
				"north": {"uv": [0.5, 6.25, 0.75, 7.125], "texture": "#2"},
				"east": {"uv": [5.75, 7.5, 5.875, 8.375], "texture": "#2"},
				"south": {"uv": [0.75, 6.25, 1, 7.125], "texture": "#2"},
				"west": {"uv": [7.5, 6, 7.625, 6.875], "texture": "#2"},
				"up": {"uv": [8.25, 7.625, 8, 7.5], "texture": "#2"},
				"down": {"uv": [8, 8, 7.75, 8.125], "texture": "#2"}
			}
		},
		{
			"from": [6.8, -5.45185, 2.17555],
			"to": [9.2, -4.75185, 4.27555],
			"rotation": {"angle": -45, "axis": "x", "origin": [8, -2.4376, 4.10711]},
			"faces": {
				"north": {"uv": [7.75, 5.75, 8.375, 5.875], "texture": "#2"},
				"east": {"uv": [8, 2, 8.5, 2.125], "texture": "#2"},
				"south": {"uv": [7.75, 6, 8.375, 6.125], "texture": "#2"},
				"west": {"uv": [8, 2.25, 8.5, 2.375], "texture": "#2"},
				"up": {"uv": [5.375, 2, 4.75, 1.5], "texture": "#2"},
				"down": {"uv": [5.125, 4.75, 4.5, 5.25], "texture": "#2"}
			}
		},
		{
			"from": [6.8, -3.43548, 6.25638],
			"to": [9.2, -2.33548, 6.95638],
			"rotation": {"angle": 22.5, "axis": "x", "origin": [8, -2.4376, 4.10711]},
			"faces": {
				"north": {"uv": [6.5, 4.5, 7.125, 4.75], "texture": "#2"},
				"east": {"uv": [8, 7.25, 8.125, 7.5], "texture": "#2"},
				"south": {"uv": [6.5, 4.75, 7.125, 5], "texture": "#2"},
				"west": {"uv": [7.5, 8, 7.625, 8.25], "texture": "#2"},
				"up": {"uv": [8.375, 5.375, 7.75, 5.25], "texture": "#2"},
				"down": {"uv": [8.375, 5.5, 7.75, 5.625], "texture": "#2"}
			}
		},
		{
			"from": [7.33, -1.50962, 2.04185],
			"to": [8.67, 1.23038, 3.72185],
			"rotation": {"angle": -22.5, "axis": "x", "origin": [8, -2.4376, 4.10711]},
			"faces": {
				"north": {"uv": [5.75, 2.25, 6.125, 2.875], "texture": "#2"},
				"east": {"uv": [5.75, 3.75, 6.125, 4.375], "texture": "#2"},
				"south": {"uv": [4.5, 5.75, 4.875, 6.375], "texture": "#2"},
				"west": {"uv": [5.5, 5.75, 5.875, 6.375], "texture": "#2"},
				"up": {"uv": [7.625, 3.375, 7.25, 3], "texture": "#2"},
				"down": {"uv": [7.625, 3.5, 7.25, 3.875], "texture": "#2"}
			}
		},
		{
			"from": [7.58, 0.16083, 1.04538],
			"to": [8.42, 2.40083, 2.22538],
			"rotation": {"angle": 0, "axis": "y", "origin": [8, -2.4376, 4.10711]},
			"faces": {
				"north": {"uv": [6.25, 7.25, 6.5, 7.75], "texture": "#2"},
				"east": {"uv": [3, 7.5, 3.25, 8], "texture": "#2"},
				"south": {"uv": [3.25, 7.5, 3.5, 8], "texture": "#2"},
				"west": {"uv": [3.5, 7.5, 3.75, 8], "texture": "#2"},
				"up": {"uv": [1.5, 8.25, 1.25, 8], "texture": "#2"},
				"down": {"uv": [1.75, 8, 1.5, 8.25], "texture": "#2"}
			}
		},
		{
			"from": [7.08, -4.81566, 2.38951],
			"to": [8.92, -0.67566, 4.44451],
			"rotation": {"angle": -45, "axis": "x", "origin": [8, -2.4376, 4.10711]},
			"faces": {
				"north": {"uv": [3.75, 1, 4.25, 2], "texture": "#2"},
				"east": {"uv": [2.25, 3.75, 2.75, 4.75], "texture": "#2"},
				"south": {"uv": [0, 4, 0.5, 5], "texture": "#2"},
				"west": {"uv": [4, 2, 4.5, 3], "texture": "#2"},
				"up": {"uv": [2, 5.75, 1.5, 5.25], "texture": "#2"},
				"down": {"uv": [5.75, 4, 5.25, 4.5], "texture": "#2"}
			}
		}
	],
	"gui_light": "front",
	"display": {
		"thirdperson_righthand": {
			"translation": [3.75, 2.25, 1.75],
			"scale": [0.88, 0.88, 0.88]
		},
		"thirdperson_lefthand": {
			"translation": [3.75, 2.25, 1.75],
			"scale": [0.88, 0.88, 0.88]
		},
		"firstperson_righthand": {
			"rotation": [176.22, -56.98, 166.48],
			"translation": [-1.75, 5.25, 1],
			"scale": [0.73, 0.73, 0.73]
		},
		"firstperson_lefthand": {
			"rotation": [176.22, -56.98, 166.48],
			"translation": [-1.75, 5.25, 1],
			"scale": [0.73, 0.73, 0.73]
		},
		"ground": {
			"rotation": [45, 0, 0],
			"translation": [0, 3, 2],
			"scale": [0.43, 0.43, 0.43]
		},
		"gui": {
			"rotation": [22, 55, 0],
			"translation": [0, 3.5, 0],
			"scale": [0.72, 0.72, 0.72]
		},
		"fixed": {
			"rotation": [0, 90, 0],
			"translation": [0, 3.75, -1],
			"scale": [0.76, 0.76, 0.76]
		}
	}
}