{
	"credit": "Made by PolygonMC",
	"texture_size": [24, 24],
	"textures": {
		"1": "arcanistset:animations/animations_1",
		"2": "arcanistset:animations/animations_2",
		"3": "arcanistset:axe",
		"particle": "arcanistset:animations/animations_1"
	},
	"elements": [
		{
			"from": [7.35, 0.6, 7.35],
			"to": [8.65, 1.9, 8.65],
			"rotation": {"angle": -45, "axis": "x", "origin": [8, 1.25, 8]},
			"faces": {
				"north": {"uv": [3.33333, 10.66667, 4.16667, 11.5], "texture": "#3"},
				"east": {"uv": [10.66667, 4, 11.5, 4.83333], "texture": "#3"},
				"south": {"uv": [4.66667, 10.66667, 5.5, 11.5], "texture": "#3"},
				"west": {"uv": [10.66667, 5.33333, 11.5, 6.16667], "texture": "#3"},
				"up": {"uv": [6.83333, 11.5, 6, 10.66667], "texture": "#3"},
				"down": {"uv": [8.16667, 10.66667, 7.33333, 11.5], "texture": "#3"}
			}
		},
		{
			"from": [7.5, 1.66924, 7.5],
			"to": [8.5, 3.16924, 8.5],
			"rotation": {"angle": 0, "axis": "y", "origin": [7.5, 1.16924, 7.5]},
			"faces": {
				"north": {"uv": [2.66667, 11.33333, 3.33333, 12.33333], "texture": "#3"},
				"east": {"uv": [11.33333, 2.66667, 12, 3.66667], "texture": "#3"},
				"south": {"uv": [11.33333, 6.66667, 12, 7.66667], "texture": "#3"},
				"west": {"uv": [11.33333, 8, 12, 9], "texture": "#3"},
				"up": {"uv": [4, 8.66667, 3.33333, 8], "texture": "#3"}
			}
		},
		{
			"from": [7.6, 3.16924, 7.6],
			"to": [8.4, 5.91924, 8.4],
			"rotation": {"angle": 0, "axis": "y", "origin": [8, 4.54424, 8]},
			"faces": {
				"north": {"uv": [4.66667, 8.66667, 5.16667, 10.5], "texture": "#3"},
				"east": {"uv": [1.33333, 9.33333, 1.83333, 11.16667], "texture": "#3"},
				"south": {"uv": [2, 9.33333, 2.5, 11.16667], "texture": "#3"},
				"west": {"uv": [2.66667, 9.33333, 3.16667, 11.16667], "texture": "#3"}
			}
		},
		{
			"from": [7.35, 2.16924, 7.35],
			"to": [8.65, 2.66924, 8.65],
			"rotation": {"angle": 0, "axis": "y", "origin": [7.5, 2.16924, 7.5]},
			"faces": {
				"north": {"uv": [13.33333, 7.33333, 14.16667, 7.66667], "texture": "#3"},
				"east": {"uv": [13.33333, 8, 14.16667, 8.33333], "texture": "#3"},
				"south": {"uv": [13.33333, 8.66667, 14.16667, 9], "texture": "#3"},
				"west": {"uv": [13.33333, 9.33333, 14.16667, 9.66667], "texture": "#3"},
				"up": {"uv": [9.5, 11.5, 8.66667, 10.66667], "texture": "#3"},
				"down": {"uv": [11.5, 10, 10.66667, 10.83333], "texture": "#3"}
			}
		},
		{
			"from": [7.5, 5.91924, 7.5],
			"to": [8.5, 7.41924, 8.5],
			"rotation": {"angle": 0, "axis": "y", "origin": [7.5, 7.91924, 7.5]},
			"faces": {
				"north": {"uv": [10.66667, 11.33333, 11.33333, 12.33333], "texture": "#3"},
				"east": {"uv": [11.33333, 11.33333, 12, 12.33333], "texture": "#3"},
				"south": {"uv": [12, 2.66667, 12.66667, 3.66667], "texture": "#3"},
				"west": {"uv": [3.33333, 12, 4, 13], "texture": "#3"},
				"down": {"uv": [11.33333, 2.66667, 10.66667, 3.33333], "texture": "#3"}
			}
		},
		{
			"from": [7.35, 6.41924, 7.35],
			"to": [8.65, 6.91924, 8.65],
			"rotation": {"angle": 0, "axis": "y", "origin": [7.5, 6.91924, 7.5]},
			"faces": {
				"north": {"uv": [10, 13.33333, 10.83333, 13.66667], "texture": "#3"},
				"east": {"uv": [13.33333, 10, 14.16667, 10.33333], "texture": "#3"},
				"south": {"uv": [13.33333, 10.66667, 14.16667, 11], "texture": "#3"},
				"west": {"uv": [13.33333, 11.33333, 14.16667, 11.66667], "texture": "#3"},
				"up": {"uv": [12.16667, 0.83333, 11.33333, 0], "texture": "#3"},
				"down": {"uv": [2.16667, 11.33333, 1.33333, 12.16667], "texture": "#3"}
			}
		},
		{
			"from": [7.5, -0.25, 8],
			"to": [8.5, 0.75, 9],
			"rotation": {"angle": -45, "axis": "x", "origin": [7.75, -0.25, 8]},
			"faces": {
				"north": {"uv": [12, 8.66667, 12.66667, 9.33333], "texture": "#3"},
				"east": {"uv": [12.66667, 4, 13.33333, 4.66667], "texture": "#3"},
				"south": {"uv": [12.66667, 4.66667, 13.33333, 5.33333], "texture": "#3"},
				"west": {"uv": [6, 12.66667, 6.66667, 13.33333], "texture": "#3"},
				"up": {"uv": [7.33333, 13.33333, 6.66667, 12.66667], "texture": "#3"},
				"down": {"uv": [13.33333, 6.66667, 12.66667, 7.33333], "texture": "#3"}
			}
		},
		{
			"from": [7.75, 0.13268, 6.07612],
			"to": [8.25, 1.13268, 8.07612],
			"rotation": {"angle": 22.5, "axis": "x", "origin": [7.75, 0.13268, 7.07612]},
			"faces": {
				"east": {"uv": [9.33333, 0, 10.66667, 0.66667], "texture": "#3"},
				"west": {"uv": [9.33333, 0.66667, 10.66667, 1.33333], "texture": "#3"},
				"up": {"uv": [13, 8.66667, 12.66667, 7.33333], "texture": "#3"},
				"down": {"uv": [13, 8.66667, 12.66667, 10], "texture": "#3"}
			}
		},
		{
			"from": [7.7475, 0.63059, 5.7315],
			"to": [8.2525, 1.63059, 6.4815],
			"rotation": {"angle": -22.5, "axis": "x", "origin": [7.9975, 1.63059, 6.2315]},
			"faces": {
				"north": {"uv": [11.33333, 13.33333, 11.66667, 14], "texture": "#3"},
				"east": {"uv": [13.33333, 4.66667, 13.83333, 5.33333], "texture": "#3"},
				"south": {"uv": [13.33333, 12, 13.66667, 12.66667], "texture": "#3"},
				"west": {"uv": [5.33333, 13.33333, 5.83333, 14], "texture": "#3"},
				"up": {"uv": [13.66667, 13.83333, 13.33333, 13.33333], "texture": "#3"},
				"down": {"uv": [14.33333, 0, 14, 0.5], "texture": "#3"}
			}
		},
		{
			"from": [7.75, 0.13268, 7.92388],
			"to": [8.25, 1.13268, 9.92388],
			"rotation": {"angle": -22.5, "axis": "x", "origin": [7.75, 0.13268, 8.92388]},
			"faces": {
				"east": {"uv": [10.66667, 0, 9.33333, 0.66667], "texture": "#3"},
				"west": {"uv": [10.66667, 0.66667, 9.33333, 1.33333], "texture": "#3"},
				"up": {"uv": [13, 7.33333, 12.66667, 8.66667], "texture": "#3"},
				"down": {"uv": [13, 10, 12.66667, 8.66667], "texture": "#3"}
			}
		},
		{
			"from": [7.7475, 0.63059, 9.5185],
			"to": [8.2525, 1.63059, 10.2685],
			"rotation": {"angle": 22.5, "axis": "x", "origin": [7.9975, 1.63059, 9.7685]},
			"faces": {
				"north": {"uv": [13.66667, 12, 13.33333, 12.66667], "texture": "#3"},
				"east": {"uv": [13.83333, 4.66667, 13.33333, 5.33333], "texture": "#3"},
				"south": {"uv": [11.66667, 13.33333, 11.33333, 14], "texture": "#3"},
				"west": {"uv": [5.83333, 13.33333, 5.33333, 14], "texture": "#3"},
				"up": {"uv": [13.66667, 13.33333, 13.33333, 13.83333], "texture": "#3"},
				"down": {"uv": [14.33333, 0.5, 14, 0], "texture": "#3"}
			}
		},
		{
			"from": [7.25, 11.75, 8],
			"to": [8.75, 13.5, 9.75],
			"rotation": {"angle": -45, "axis": "x", "origin": [7.5, 11.75, 8]},
			"faces": {
				"north": {"uv": [6, 7.33333, 7, 8.5], "texture": "#3"},
				"east": {"uv": [7.33333, 1.33333, 8.5, 2.5], "texture": "#3"},
				"south": {"uv": [7.33333, 7.33333, 8.33333, 8.5], "texture": "#3"},
				"west": {"uv": [7.33333, 2.66667, 8.5, 3.83333], "texture": "#3"},
				"up": {"uv": [3, 9.16667, 2, 8], "texture": "#3"},
				"down": {"uv": [9, 5.33333, 8, 6.5], "texture": "#3"}
			}
		},
		{
			"from": [7.5, 11.75, 7],
			"to": [8.5, 13.25, 8.5],
			"rotation": {"angle": -45, "axis": "x", "origin": [7.5, 11.75, 7]},
			"faces": {
				"north": {"uv": [4, 12, 4.66667, 13], "texture": "#3"},
				"east": {"uv": [8.66667, 1.33333, 9.66667, 2.33333], "texture": "#3"},
				"south": {"uv": [12, 4, 12.66667, 5], "texture": "#3"},
				"west": {"uv": [8.66667, 2.66667, 9.66667, 3.66667], "texture": "#3"},
				"up": {"uv": [5.33333, 13, 4.66667, 12], "texture": "#3"},
				"down": {"uv": [6, 12, 5.33333, 13], "texture": "#3"}
			}
		},
		{
			"from": [7.5, 13.16421, 6.29289],
			"to": [8.5, 14.16421, 8.29289],
			"rotation": {"angle": -45, "axis": "x", "origin": [7.5, 13.16421, 6.29289]},
			"faces": {
				"north": {"uv": [10, 12.66667, 10.66667, 13.33333], "texture": "#3"},
				"east": {"uv": [9.33333, 4, 10.66667, 4.66667], "texture": "#3"},
				"south": {"uv": [12.66667, 10, 13.33333, 10.66667], "texture": "#3"},
				"west": {"uv": [9.33333, 4.66667, 10.66667, 5.33333], "texture": "#3"},
				"up": {"uv": [2.66667, 6.66667, 2, 5.33333], "texture": "#3"},
				"down": {"uv": [6, 9.33333, 5.33333, 10.66667], "texture": "#3"}
			}
		},
		{
			"from": [7.0975, 8.99944, 8.25],
			"to": [8.9025, 9.91444, 9.165],
			"rotation": {"angle": -45, "axis": "x", "origin": [7.7475, 8.74944, 8]},
			"faces": {
				"north": {"uv": [9.33333, 5.33333, 10.5, 6], "texture": "#3"},
				"east": {"uv": [10.66667, 12.66667, 11.33333, 13.33333], "texture": "#3"},
				"south": {"uv": [9.33333, 6, 10.5, 6.66667], "texture": "#3"},
				"west": {"uv": [12.66667, 10.66667, 13.33333, 11.33333], "texture": "#3"},
				"up": {"uv": [4.5, 10.66667, 3.33333, 10], "texture": "#3"},
				"down": {"uv": [11.16667, 3.33333, 10, 4], "texture": "#3"}
			}
		},
		{
			"from": [7.0975, 10.37444, 8.25],
			"to": [8.9025, 11.28944, 9.165],
			"rotation": {"angle": -45, "axis": "x", "origin": [7.7475, 10.12444, 8]},
			"faces": {
				"north": {"uv": [10, 8, 11.16667, 8.66667], "texture": "#3"},
				"east": {"uv": [12.66667, 12, 13.33333, 12.66667], "texture": "#3"},
				"south": {"uv": [8.66667, 10, 9.83333, 10.66667], "texture": "#3"},
				"west": {"uv": [12.66667, 12.66667, 13.33333, 13.33333], "texture": "#3"},
				"up": {"uv": [11.16667, 9.33333, 10, 8.66667], "texture": "#3"},
				"down": {"uv": [11.16667, 9.33333, 10, 10], "texture": "#3"}
			}
		},
		{
			"from": [7.0975, 7.62444, 8.25],
			"to": [8.9025, 8.53944, 9.165],
			"rotation": {"angle": -45, "axis": "x", "origin": [7.7475, 7.37444, 8]},
			"faces": {
				"north": {"uv": [6, 10, 7.16667, 10.66667], "texture": "#3"},
				"east": {"uv": [11.33333, 12.66667, 12, 13.33333], "texture": "#3"},
				"south": {"uv": [10, 6.66667, 11.16667, 7.33333], "texture": "#3"},
				"west": {"uv": [12.66667, 11.33333, 13.33333, 12], "texture": "#3"},
				"up": {"uv": [8.5, 10.66667, 7.33333, 10], "texture": "#3"},
				"down": {"uv": [11.16667, 7.33333, 10, 8], "texture": "#3"}
			}
		},
		{
			"from": [6.5, -2.25, 6.5],
			"to": [9.5, -0.25, 6.5],
			"rotation": {"angle": 45, "axis": "y", "origin": [8, -1.25, 8]},
			"faces": {
				"north": {"uv": [0, 4, 6, 8], "texture": "#1"}
			}
		},
		{
			"from": [6.5, -2.25, 6.5],
			"to": [6.5, -0.25, 9.5],
			"rotation": {"angle": 45, "axis": "y", "origin": [8, -1.25, 8]},
			"faces": {
				"west": {"uv": [6, 4, 12, 8], "texture": "#1"}
			}
		},
		{
			"from": [6.5, -2.25, 9.5],
			"to": [9.5, -0.25, 9.5],
			"rotation": {"angle": 45, "axis": "y", "origin": [8, -1.25, 8]},
			"faces": {
				"south": {"uv": [0, 0, 6, 4], "texture": "#1"}
			}
		},
		{
			"from": [9.5, -2.25, 6.5],
			"to": [9.5, -0.25, 9.5],
			"rotation": {"angle": 45, "axis": "y", "origin": [8, -1.25, 8]},
			"faces": {
				"east": {"uv": [6, 0, 12, 4], "texture": "#1"}
			}
		},
		{
			"from": [9.5, 7.5, 6.5],
			"to": [9.5, 9.5, 9.5],
			"rotation": {"angle": -45, "axis": "y", "origin": [8, 8.5, 8]},
			"faces": {
				"east": {"uv": [12, 0, 6, 4], "texture": "#1"}
			}
		},
		{
			"from": [6.5, 7.5, 6.5],
			"to": [9.5, 9.5, 6.5],
			"rotation": {"angle": -45, "axis": "y", "origin": [8, 8.5, 8]},
			"faces": {
				"north": {"uv": [6, 0, 0, 4], "texture": "#1"}
			}
		},
		{
			"from": [6.5, 7.5, 6.5],
			"to": [6.5, 9.5, 9.5],
			"rotation": {"angle": -45, "axis": "y", "origin": [8, 8.5, 8]},
			"faces": {
				"west": {"uv": [12, 4, 6, 8], "texture": "#1"}
			}
		},
		{
			"from": [6.5, 7.5, 9.5],
			"to": [9.5, 9.5, 9.5],
			"rotation": {"angle": -45, "axis": "y", "origin": [8, 8.5, 8]},
			"faces": {
				"south": {"uv": [6, 4, 0, 8], "texture": "#1"}
			}
		},
		{
			"from": [7.001, -4, 7],
			"to": [9.001, -2.5, 7],
			"rotation": {"angle": 45, "axis": "y", "origin": [8, -3.25, 8]},
			"faces": {
				"north": {"uv": [16, 0, 8, 6], "texture": "#2"},
				"east": {"uv": [0, 0, 0, 6], "texture": "#2"},
				"west": {"uv": [0, 0, 0, 6], "texture": "#2"},
				"up": {"uv": [8, 0, 0, 0], "texture": "#2"},
				"down": {"uv": [8, 0, 0, 0], "texture": "#2"}
			}
		},
		{
			"from": [7.001, -4, 9],
			"to": [9.001, -2.5, 9],
			"rotation": {"angle": 45, "axis": "y", "origin": [8, -3.25, 8]},
			"faces": {
				"east": {"uv": [0, 0, 0, 6], "texture": "#2"},
				"south": {"uv": [16, 8, 8, 14], "texture": "#2"},
				"west": {"uv": [0, 0, 0, 6], "texture": "#2"},
				"up": {"uv": [8, 0, 0, 0], "texture": "#2"},
				"down": {"uv": [8, 0, 0, 0], "texture": "#2"}
			}
		},
		{
			"from": [9, -4, 7],
			"to": [9, -2.5, 9],
			"rotation": {"angle": 45, "axis": "y", "origin": [8, -3.25, 8]},
			"faces": {
				"north": {"uv": [0, 0, 0, 6], "texture": "#2"},
				"east": {"uv": [8, 8, 0, 14], "texture": "#2"},
				"south": {"uv": [0, 0, 0, 6], "texture": "#2"},
				"up": {"uv": [0, 0, 0, 8], "texture": "#2"},
				"down": {"uv": [0, 8, 0, 0], "texture": "#2"}
			}
		},
		{
			"from": [7, -4, 7],
			"to": [7, -2.5, 9],
			"rotation": {"angle": 45, "axis": "y", "origin": [8, -3.25, 8]},
			"faces": {
				"north": {"uv": [0, 0, 0, 6], "texture": "#2"},
				"south": {"uv": [0, 0, 0, 6], "texture": "#2"},
				"west": {"uv": [8, 0, 0, 6], "texture": "#2"},
				"up": {"uv": [0, 0, 0, 8], "texture": "#2"},
				"down": {"uv": [0, 8, 0, 0], "texture": "#2"}
			}
		},
		{
			"from": [7.35, 7.41924, 7.35],
			"to": [8.65, 12.46924, 8.65],
			"rotation": {"angle": 0, "axis": "y", "origin": [7.25, 7.41924, 7.25]},
			"faces": {
				"north": {"uv": [2.66667, 0, 3.5, 3.33333], "texture": "#3"},
				"east": {"uv": [2.66667, 3.33333, 3.5, 6.66667], "texture": "#3"},
				"south": {"uv": [4, 0, 4.83333, 3.33333], "texture": "#3"},
				"west": {"uv": [4, 3.33333, 4.83333, 6.66667], "texture": "#3"},
				"down": {"uv": [12.16667, 1.33333, 11.33333, 2.16667], "texture": "#3"}
			}
		},
		{
			"from": [7.8035, 13.96813, 2.053],
			"to": [8.1965, 16.46813, 4.728],
			"rotation": {"angle": 22.5, "axis": "x", "origin": [8, 14.50488, 3.49461]},
			"faces": {
				"north": {"uv": [12, 6.66667, 12.33333, 8.33333], "texture": "#3"},
				"east": {"uv": [0, 5.33333, 1.66667, 7], "texture": "#3"},
				"south": {"uv": [7.33333, 12, 7.66667, 13.66667], "texture": "#3"},
				"west": {"uv": [5.33333, 0, 7, 1.66667], "texture": "#3"},
				"up": {"uv": [8.33333, 13.66667, 8, 12], "texture": "#3"},
				"down": {"uv": [9, 12, 8.66667, 13.66667], "texture": "#3"}
			}
		},
		{
			"from": [7.8085, 11.06046, 0.63233],
			"to": [8.1915, 14.56046, 4.13233],
			"rotation": {"angle": -45, "axis": "x", "origin": [7.975, 14.00468, 2.16961]},
			"faces": {
				"north": {"uv": [10, 10, 10.33333, 12.33333], "texture": "#3"},
				"east": {"uv": [0, 0, 2.33333, 2.33333], "texture": "#3"},
				"south": {"uv": [0, 10.66667, 0.33333, 13], "texture": "#3"},
				"west": {"uv": [0, 2.66667, 2.33333, 5], "texture": "#3"},
				"up": {"uv": [11, 2.33333, 10.66667, 0], "texture": "#3"},
				"down": {"uv": [1, 10.66667, 0.66667, 13], "texture": "#3"}
			}
		},
		{
			"from": [7.8085, 15.41289, 3.39292],
			"to": [8.1915, 17.46289, 5.89292],
			"rotation": {"angle": -22.5, "axis": "x", "origin": [8.0085, 15.96289, 4.64292]},
			"faces": {
				"north": {"uv": [0, 13.33333, 0.33333, 14.66667], "texture": "#3"},
				"east": {"uv": [5.33333, 6, 7, 7.33333], "texture": "#3"},
				"south": {"uv": [13.33333, 0, 13.66667, 1.33333], "texture": "#3"},
				"west": {"uv": [2, 6.66667, 3.66667, 8], "texture": "#3"},
				"up": {"uv": [9.66667, 13.66667, 9.33333, 12], "texture": "#3"},
				"down": {"uv": [12.33333, 10, 12, 11.66667], "texture": "#3"}
			}
		},
		{
			"from": [7.8035, 10.4032, 2.053],
			"to": [8.1965, 12.6532, 4.728],
			"rotation": {"angle": -22.5, "axis": "x", "origin": [8, 12.11644, 3.49461]},
			"faces": {
				"north": {"uv": [12.66667, 2, 13, 3.5], "texture": "#3"},
				"east": {"uv": [5.33333, 2, 7, 3.5], "texture": "#3"},
				"south": {"uv": [2.66667, 12.66667, 3, 14.16667], "texture": "#3"},
				"west": {"uv": [5.33333, 4, 7, 5.5], "texture": "#3"},
				"up": {"uv": [1.66667, 14.33333, 1.33333, 12.66667], "texture": "#3"},
				"down": {"uv": [2.33333, 12.66667, 2, 14.33333], "texture": "#3"}
			}
		},
		{
			"from": [7.8085, 9.3894, 3.29725],
			"to": [8.1915, 11.4394, 5.79725],
			"rotation": {"angle": 22.5, "axis": "x", "origin": [8.0085, 10.8894, 4.54725]},
			"faces": {
				"north": {"uv": [0.66667, 13.33333, 1, 14.66667], "texture": "#3"},
				"east": {"uv": [0, 7.33333, 1.66667, 8.66667], "texture": "#3"},
				"south": {"uv": [13.33333, 1.33333, 13.66667, 2.66667], "texture": "#3"},
				"west": {"uv": [7.33333, 0, 9, 1.33333], "texture": "#3"},
				"up": {"uv": [12.33333, 13.66667, 12, 12], "texture": "#3"},
				"down": {"uv": [13, 0, 12.66667, 1.66667], "texture": "#3"}
			}
		},
		{
			"from": [8.00732, 12.60355, 5.13934],
			"to": [8.98232, 13.57855, 7.88934],
			"rotation": {"angle": 45, "axis": "z", "origin": [7.98232, 12.60355, 4.13934]},
			"faces": {
				"east": {"uv": [7.33333, 4, 9.16667, 4.66667], "texture": "#3"},
				"west": {"uv": [7.33333, 4.66667, 9.16667, 5.33333], "texture": "#3"},
				"up": {"uv": [6, 9.16667, 5.33333, 7.33333], "texture": "#3"},
				"down": {"uv": [8, 5.33333, 7.33333, 7.16667], "texture": "#3"}
			}
		},
		{
			"from": [7.25, 12.14645, 5.07513],
			"to": [8.75, 13.64645, 6.57513],
			"rotation": {"angle": -45, "axis": "x", "origin": [7.25, 11.89645, 4.82513]},
			"faces": {
				"north": {"uv": [3.33333, 8.66667, 4.33333, 9.66667], "texture": "#3"},
				"east": {"uv": [6, 8.66667, 7, 9.66667], "texture": "#3"},
				"south": {"uv": [7.33333, 8.66667, 8.33333, 9.66667], "texture": "#3"},
				"west": {"uv": [8.66667, 7.33333, 9.66667, 8.33333], "texture": "#3"},
				"up": {"uv": [9.66667, 9.66667, 8.66667, 8.66667], "texture": "#3"},
				"down": {"uv": [1, 9.33333, 0, 10.33333], "texture": "#3"}
			}
		},
		{
			"from": [7.6, 12.75, 4.7],
			"to": [8.4, 13.75, 7.2],
			"rotation": {"angle": 22.5, "axis": "x", "origin": [7.5, 12.75, 4.7]},
			"faces": {
				"east": {"uv": [8, 6.66667, 9.66667, 7.33333], "texture": "#3"},
				"west": {"uv": [0, 8.66667, 1.66667, 9.33333], "texture": "#3"},
				"down": {"uv": [10.5, 1.33333, 10, 3], "texture": "#3"}
			}
		},
		{
			"from": [6.25, 12.75, 4.6],
			"to": [7.75, 13.75, 5.1],
			"rotation": {"angle": 0, "axis": "y", "origin": [6.25, 12.75, 4.6]},
			"faces": {
				"north": {"uv": [11.33333, 9.33333, 12.33333, 10], "texture": "#3"},
				"south": {"uv": [12, 5.33333, 13, 6], "texture": "#3"},
				"west": {"uv": [12.66667, 13.33333, 13, 14], "texture": "#3"},
				"up": {"uv": [14.33333, 5.66667, 13.33333, 5.33333], "texture": "#3"},
				"down": {"uv": [7, 13.33333, 6, 13.66667], "texture": "#3"}
			}
		},
		{
			"from": [6.733, 9.94645, 5.35],
			"to": [6.763, 12.94645, 6.6],
			"rotation": {"angle": 0, "axis": "y", "origin": [6.725, 8.94645, 5.6]},
			"faces": {
				"east": {"uv": [4.83333, 6.66667, 4, 8.66667], "texture": "#3"},
				"west": {"uv": [4, 6.66667, 4.83333, 8.66667], "texture": "#3"}
			}
		},
		{
			"from": [6.25, 12.75, 6.85],
			"to": [7.75, 13.75, 7.35],
			"rotation": {"angle": 0, "axis": "y", "origin": [6.25, 12.75, 6.85]},
			"faces": {
				"north": {"uv": [6, 12, 7, 12.66667], "texture": "#3"},
				"south": {"uv": [12, 6, 13, 6.66667], "texture": "#3"},
				"west": {"uv": [13.33333, 12.66667, 13.66667, 13.33333], "texture": "#3"},
				"up": {"uv": [14.33333, 6.33333, 13.33333, 6], "texture": "#3"},
				"down": {"uv": [14.33333, 6.66667, 13.33333, 7], "texture": "#3"}
			}
		},
		{
			"from": [6.5, 13, 5.1],
			"to": [7, 13.5, 6.85],
			"rotation": {"angle": 45, "axis": "z", "origin": [6.75, 13.25, 5.1]},
			"faces": {
				"east": {"uv": [13.33333, 2.66667, 14.5, 3], "texture": "#3"},
				"west": {"uv": [3.33333, 13.33333, 4.5, 13.66667], "texture": "#3"},
				"up": {"uv": [13.66667, 4.5, 13.33333, 3.33333], "texture": "#3"},
				"down": {"uv": [5, 13.33333, 4.66667, 14.5], "texture": "#3"}
			}
		},
		{
			"from": [8.25, 12.75, 4.6],
			"to": [9.75, 13.75, 5.1],
			"rotation": {"angle": 0, "axis": "y", "origin": [9.75, 12.75, 4.6]},
			"faces": {
				"north": {"uv": [12.33333, 9.33333, 11.33333, 10], "texture": "#3"},
				"east": {"uv": [13, 13.33333, 12.66667, 14], "texture": "#3"},
				"south": {"uv": [13, 5.33333, 12, 6], "texture": "#3"},
				"up": {"uv": [13.33333, 5.66667, 14.33333, 5.33333], "texture": "#3"},
				"down": {"uv": [6, 13.33333, 7, 13.66667], "texture": "#3"}
			}
		},
		{
			"from": [9, 13, 5.1],
			"to": [9.5, 13.5, 6.85],
			"rotation": {"angle": -45, "axis": "z", "origin": [9.25, 13.25, 5.1]},
			"faces": {
				"east": {"uv": [4.5, 13.33333, 3.33333, 13.66667], "texture": "#3"},
				"west": {"uv": [14.5, 2.66667, 13.33333, 3], "texture": "#3"},
				"up": {"uv": [13.33333, 4.5, 13.66667, 3.33333], "texture": "#3"},
				"down": {"uv": [4.66667, 13.33333, 5, 14.5], "texture": "#3"}
			}
		},
		{
			"from": [8.25, 12.75, 6.85],
			"to": [9.75, 13.75, 7.35],
			"rotation": {"angle": 0, "axis": "y", "origin": [9.75, 12.75, 6.85]},
			"faces": {
				"north": {"uv": [7, 12, 6, 12.66667], "texture": "#3"},
				"east": {"uv": [13.66667, 12.66667, 13.33333, 13.33333], "texture": "#3"},
				"south": {"uv": [13, 6, 12, 6.66667], "texture": "#3"},
				"up": {"uv": [13.33333, 6.33333, 14.33333, 6], "texture": "#3"},
				"down": {"uv": [13.33333, 6.66667, 14.33333, 7], "texture": "#3"}
			}
		},
		{
			"from": [9.237, 9.94645, 5.35],
			"to": [9.267, 12.94645, 6.6],
			"rotation": {"angle": 0, "axis": "y", "origin": [9.275, 8.94645, 5.6]},
			"faces": {
				"east": {"uv": [4.83333, 6.66667, 4, 8.66667], "texture": "#3"},
				"west": {"uv": [4, 6.66667, 4.83333, 8.66667], "texture": "#3"}
			}
		},
		{
			"from": [7.5, 11.75, 7.5],
			"to": [8.5, 13.25, 9],
			"rotation": {"angle": 45, "axis": "x", "origin": [7.5, 11.75, 9]},
			"faces": {
				"north": {"uv": [12.66667, 4, 12, 5], "texture": "#3"},
				"east": {"uv": [9.66667, 1.33333, 8.66667, 2.33333], "texture": "#3"},
				"south": {"uv": [4.66667, 12, 4, 13], "texture": "#3"},
				"west": {"uv": [9.66667, 2.66667, 8.66667, 3.66667], "texture": "#3"},
				"up": {"uv": [5.33333, 12, 4.66667, 13], "texture": "#3"},
				"down": {"uv": [6, 13, 5.33333, 12], "texture": "#3"}
			}
		},
		{
			"from": [7.5, 13.16421, 7.70711],
			"to": [8.5, 14.16421, 9.70711],
			"rotation": {"angle": 45, "axis": "x", "origin": [7.5, 13.16421, 9.70711]},
			"faces": {
				"north": {"uv": [13.33333, 10, 12.66667, 10.66667], "texture": "#3"},
				"east": {"uv": [10.66667, 4, 9.33333, 4.66667], "texture": "#3"},
				"south": {"uv": [10.66667, 12.66667, 10, 13.33333], "texture": "#3"},
				"west": {"uv": [10.66667, 4.66667, 9.33333, 5.33333], "texture": "#3"},
				"up": {"uv": [2.66667, 5.33333, 2, 6.66667], "texture": "#3"},
				"down": {"uv": [6, 10.66667, 5.33333, 9.33333], "texture": "#3"}
			}
		},
		{
			"from": [7.8035, 13.96813, 11.272],
			"to": [8.1965, 16.46813, 13.947],
			"rotation": {"angle": -22.5, "axis": "x", "origin": [8, 14.50488, 12.50539]},
			"faces": {
				"north": {"uv": [7.66667, 12, 7.33333, 13.66667], "texture": "#3"},
				"east": {"uv": [1.66667, 5.33333, 0, 7], "texture": "#3"},
				"south": {"uv": [12.33333, 6.66667, 12, 8.33333], "texture": "#3"},
				"west": {"uv": [7, 0, 5.33333, 1.66667], "texture": "#3"},
				"up": {"uv": [8.33333, 12, 8, 13.66667], "texture": "#3"},
				"down": {"uv": [9, 13.66667, 8.66667, 12], "texture": "#3"}
			}
		},
		{
			"from": [7.8085, 15.41289, 10.10708],
			"to": [8.1915, 17.46289, 12.60708],
			"rotation": {"angle": 22.5, "axis": "x", "origin": [8.0085, 15.96289, 11.35708]},
			"faces": {
				"north": {"uv": [13.66667, 0, 13.33333, 1.33333], "texture": "#3"},
				"east": {"uv": [7, 6, 5.33333, 7.33333], "texture": "#3"},
				"south": {"uv": [0.33333, 13.33333, 0, 14.66667], "texture": "#3"},
				"west": {"uv": [3.66667, 6.66667, 2, 8], "texture": "#3"},
				"up": {"uv": [9.66667, 12, 9.33333, 13.66667], "texture": "#3"},
				"down": {"uv": [12.33333, 11.66667, 12, 10], "texture": "#3"}
			}
		},
		{
			"from": [7.8085, 11.06046, 11.86767],
			"to": [8.1915, 14.56046, 15.36767],
			"rotation": {"angle": 45, "axis": "x", "origin": [7.975, 14.00468, 13.83039]},
			"faces": {
				"north": {"uv": [0.33333, 10.66667, 0, 13], "texture": "#3"},
				"east": {"uv": [2.33333, 0, 0, 2.33333], "texture": "#3"},
				"south": {"uv": [10.33333, 10, 10, 12.33333], "texture": "#3"},
				"west": {"uv": [2.33333, 2.66667, 0, 5], "texture": "#3"},
				"up": {"uv": [11, 0, 10.66667, 2.33333], "texture": "#3"},
				"down": {"uv": [1, 13, 0.66667, 10.66667], "texture": "#3"}
			}
		},
		{
			"from": [7.8085, 9.3894, 10.20275],
			"to": [8.1915, 11.4394, 12.70275],
			"rotation": {"angle": -22.5, "axis": "x", "origin": [8.0085, 10.8894, 11.45275]},
			"faces": {
				"north": {"uv": [13.66667, 1.33333, 13.33333, 2.66667], "texture": "#3"},
				"east": {"uv": [1.66667, 7.33333, 0, 8.66667], "texture": "#3"},
				"south": {"uv": [1, 13.33333, 0.66667, 14.66667], "texture": "#3"},
				"west": {"uv": [9, 0, 7.33333, 1.33333], "texture": "#3"},
				"up": {"uv": [12.33333, 12, 12, 13.66667], "texture": "#3"},
				"down": {"uv": [13, 1.66667, 12.66667, 0], "texture": "#3"}
			}
		},
		{
			"from": [7.8035, 10.4032, 11.272],
			"to": [8.1965, 12.6532, 13.947],
			"rotation": {"angle": 22.5, "axis": "x", "origin": [8, 12.11644, 12.50539]},
			"faces": {
				"north": {"uv": [3, 12.66667, 2.66667, 14.16667], "texture": "#3"},
				"east": {"uv": [7, 2, 5.33333, 3.5], "texture": "#3"},
				"south": {"uv": [13, 2, 12.66667, 3.5], "texture": "#3"},
				"west": {"uv": [7, 4, 5.33333, 5.5], "texture": "#3"},
				"up": {"uv": [1.66667, 12.66667, 1.33333, 14.33333], "texture": "#3"},
				"down": {"uv": [2.33333, 14.33333, 2, 12.66667], "texture": "#3"}
			}
		},
		{
			"from": [8.00732, 12.60355, 8.11066],
			"to": [8.98232, 13.57855, 10.86066],
			"rotation": {"angle": 45, "axis": "z", "origin": [7.98232, 12.60355, 11.86066]},
			"faces": {
				"east": {"uv": [9.16667, 4, 7.33333, 4.66667], "texture": "#3"},
				"west": {"uv": [9.16667, 4.66667, 7.33333, 5.33333], "texture": "#3"},
				"up": {"uv": [6, 7.33333, 5.33333, 9.16667], "texture": "#3"},
				"down": {"uv": [8, 7.16667, 7.33333, 5.33333], "texture": "#3"}
			}
		},
		{
			"from": [7.25, 12.14645, 9.42487],
			"to": [8.75, 13.64645, 10.92487],
			"rotation": {"angle": 45, "axis": "x", "origin": [7.25, 11.89645, 11.17487]},
			"faces": {
				"north": {"uv": [8.33333, 8.66667, 7.33333, 9.66667], "texture": "#3"},
				"east": {"uv": [7, 8.66667, 6, 9.66667], "texture": "#3"},
				"south": {"uv": [4.33333, 8.66667, 3.33333, 9.66667], "texture": "#3"},
				"west": {"uv": [9.66667, 7.33333, 8.66667, 8.33333], "texture": "#3"},
				"up": {"uv": [9.66667, 8.66667, 8.66667, 9.66667], "texture": "#3"},
				"down": {"uv": [1, 10.33333, 0, 9.33333], "texture": "#3"}
			}
		},
		{
			"from": [7.6, 12.75, 8.8],
			"to": [8.4, 13.75, 11.3],
			"rotation": {"angle": -22.5, "axis": "x", "origin": [7.5, 12.75, 11.3]},
			"faces": {
				"east": {"uv": [9.66667, 6.66667, 8, 7.33333], "texture": "#3"},
				"west": {"uv": [1.66667, 8.66667, 0, 9.33333], "texture": "#3"},
				"down": {"uv": [10.5, 3, 10, 1.33333], "texture": "#3"}
			}
		},
		{
			"from": [6.25, 12.75, 10.9],
			"to": [7.75, 13.75, 11.4],
			"rotation": {"angle": 0, "axis": "y", "origin": [6.25, 12.75, 11.4]},
			"faces": {
				"north": {"uv": [13, 5.33333, 12, 6], "texture": "#3"},
				"south": {"uv": [12.33333, 9.33333, 11.33333, 10], "texture": "#3"},
				"west": {"uv": [13, 13.33333, 12.66667, 14], "texture": "#3"},
				"up": {"uv": [14.33333, 5.33333, 13.33333, 5.66667], "texture": "#3"},
				"down": {"uv": [7, 13.66667, 6, 13.33333], "texture": "#3"}
			}
		},
		{
			"from": [6.5, 13, 9.15],
			"to": [7, 13.5, 10.9],
			"rotation": {"angle": 45, "axis": "z", "origin": [6.75, 13.25, 10.9]},
			"faces": {
				"east": {"uv": [14.5, 2.66667, 13.33333, 3], "texture": "#3"},
				"west": {"uv": [4.5, 13.33333, 3.33333, 13.66667], "texture": "#3"},
				"up": {"uv": [13.66667, 3.33333, 13.33333, 4.5], "texture": "#3"},
				"down": {"uv": [5, 14.5, 4.66667, 13.33333], "texture": "#3"}
			}
		},
		{
			"from": [6.733, 9.94645, 9.4],
			"to": [6.763, 12.94645, 10.65],
			"rotation": {"angle": 0, "axis": "y", "origin": [6.725, 8.94645, 10.4]},
			"faces": {
				"east": {"uv": [4, 6.66667, 4.83333, 8.66667], "texture": "#3"},
				"west": {"uv": [4.83333, 6.66667, 4, 8.66667], "texture": "#3"}
			}
		},
		{
			"from": [9.237, 9.94645, 9.4],
			"to": [9.267, 12.94645, 10.65],
			"rotation": {"angle": 0, "axis": "y", "origin": [9.275, 8.94645, 10.4]},
			"faces": {
				"east": {"uv": [4, 6.66667, 4.83333, 8.66667], "texture": "#3"},
				"west": {"uv": [4.83333, 6.66667, 4, 8.66667], "texture": "#3"}
			}
		},
		{
			"from": [9, 13, 9.15],
			"to": [9.5, 13.5, 10.9],
			"rotation": {"angle": -45, "axis": "z", "origin": [9.25, 13.25, 10.9]},
			"faces": {
				"east": {"uv": [3.33333, 13.33333, 4.5, 13.66667], "texture": "#3"},
				"west": {"uv": [13.33333, 2.66667, 14.5, 3], "texture": "#3"},
				"up": {"uv": [13.33333, 3.33333, 13.66667, 4.5], "texture": "#3"},
				"down": {"uv": [4.66667, 14.5, 5, 13.33333], "texture": "#3"}
			}
		},
		{
			"from": [8.25, 12.75, 10.9],
			"to": [9.75, 13.75, 11.4],
			"rotation": {"angle": 0, "axis": "y", "origin": [9.75, 12.75, 11.4]},
			"faces": {
				"north": {"uv": [12, 5.33333, 13, 6], "texture": "#3"},
				"east": {"uv": [12.66667, 13.33333, 13, 14], "texture": "#3"},
				"south": {"uv": [11.33333, 9.33333, 12.33333, 10], "texture": "#3"},
				"up": {"uv": [13.33333, 5.33333, 14.33333, 5.66667], "texture": "#3"},
				"down": {"uv": [6, 13.66667, 7, 13.33333], "texture": "#3"}
			}
		},
		{
			"from": [6.25, 12.75, 8.65],
			"to": [7.75, 13.75, 9.15],
			"rotation": {"angle": 0, "axis": "y", "origin": [6.25, 12.75, 9.15]},
			"faces": {
				"north": {"uv": [13, 6, 12, 6.66667], "texture": "#3"},
				"south": {"uv": [7, 12, 6, 12.66667], "texture": "#3"},
				"west": {"uv": [13.66667, 12.66667, 13.33333, 13.33333], "texture": "#3"},
				"up": {"uv": [14.33333, 6, 13.33333, 6.33333], "texture": "#3"},
				"down": {"uv": [14.33333, 7, 13.33333, 6.66667], "texture": "#3"}
			}
		},
		{
			"from": [8.25, 12.75, 8.65],
			"to": [9.75, 13.75, 9.15],
			"rotation": {"angle": 0, "axis": "y", "origin": [9.75, 12.75, 9.15]},
			"faces": {
				"north": {"uv": [12, 6, 13, 6.66667], "texture": "#3"},
				"east": {"uv": [13.33333, 12.66667, 13.66667, 13.33333], "texture": "#3"},
				"south": {"uv": [6, 12, 7, 12.66667], "texture": "#3"},
				"up": {"uv": [13.33333, 6, 14.33333, 6.33333], "texture": "#3"},
				"down": {"uv": [13.33333, 7, 14.33333, 6.66667], "texture": "#3"}
			}
		}
	],
	"gui_light": "front",
	"display": {
		"thirdperson_righthand": {
			"translation": [0, 1.5, 1]
		},
		"thirdperson_lefthand": {
			"translation": [0, 1.5, 1]
		},
		"firstperson_righthand": {
			"rotation": [-10, 0, 0],
			"translation": [0, 1.75, 0]
		},
		"firstperson_lefthand": {
			"rotation": [-10, 0, 0],
			"translation": [0, 1.75, 0]
		},
		"ground": {
			"rotation": [-45, 0, 0],
			"translation": [0, 4, 0],
			"scale": [0.7, 0.7, 0.7]
		},
		"gui": {
			"rotation": [-90, 45, 90],
			"translation": [0.25, -0.25, 0],
			"scale": [0.8, 0.8, 0.8]
		},
		"head": {
			"rotation": [0, -90, 0]
		},
		"fixed": {
			"rotation": [0, -90, 0],
			"translation": [0, 0, -1.5],
			"scale": [2, 2, 2]
		}
	}
}