{
	"credit": "Made by PolygonMC",
	"texture_size": [12, 12],
	"textures": {
		"0": "arcanistset:backpack",
		"1": "arcanistset:animations/animations_1",
		"2": "arcanistset:animations/animations_2",
		"particle": "arcanistset:animations/animations_1"
	},
	"elements": [
		{
			"from": [3.5, 0, 5],
			"to": [12.5, 5, 11.5],
			"rotation": {"angle": 0, "axis": "y", "origin": [4, 0, 0]},
			"faces": {
				"north": {"uv": [0, 5.6, 3.6, 7.6], "texture": "#0"},
				"east": {"uv": [7.2, 4, 9.8, 6], "texture": "#0"},
				"south": {"uv": [3.6, 5.6, 7.2, 7.6], "texture": "#0"},
				"west": {"uv": [7.2, 6, 9.8, 8], "texture": "#0"},
				"up": {"uv": [7.2, 2.6, 3.6, 0], "texture": "#0"},
				"down": {"uv": [7.2, 2.8, 3.6, 5.4], "texture": "#0"}
			}
		},
		{
			"from": [4, 5, 5],
			"to": [12, 10, 11],
			"rotation": {"angle": 0, "axis": "y", "origin": [4, 0, 0]},
			"faces": {
				"north": {"uv": [7.2, 0, 10.4, 2], "texture": "#0"},
				"east": {"uv": [0, 7.6, 2.4, 9.6], "texture": "#0"},
				"south": {"uv": [7.2, 2, 10.4, 4], "texture": "#0"},
				"west": {"uv": [2.4, 7.6, 4.8, 9.6], "texture": "#0"}
			}
		},
		{
			"from": [3.5, 10, 5],
			"to": [12.5, 11, 12],
			"rotation": {"angle": 0, "axis": "y", "origin": [4, 0, 0]},
			"faces": {
				"north": {"uv": [10.4, 3.6, 14, 4], "texture": "#0"},
				"east": {"uv": [11.2, 2.8, 14, 3.2], "texture": "#0"},
				"south": {"uv": [11.2, 2, 14.8, 2.4], "texture": "#0"},
				"west": {"uv": [11.2, 3.2, 14, 3.6], "texture": "#0"},
				"up": {"uv": [3.6, 2.8, 0, 0], "texture": "#0"},
				"down": {"uv": [3.6, 2.8, 0, 5.6], "texture": "#0"}
			}
		},
		{
			"from": [3.5, 8, 11],
			"to": [12.5, 10, 12],
			"rotation": {"angle": 0, "axis": "y", "origin": [4, 0, 0]},
			"faces": {
				"north": {"uv": [0, 9.6, 3.6, 10.4], "texture": "#0"},
				"east": {"uv": [4.4, 9.6, 4.8, 10.4], "texture": "#0"},
				"south": {"uv": [10, 4, 13.6, 4.8], "texture": "#0"},
				"west": {"uv": [13.6, 4.4, 14, 5.2], "texture": "#0"},
				"down": {"uv": [14.8, 2.4, 11.2, 2.8], "texture": "#0"}
			}
		},
		{
			"from": [5.75, 0, 11.5],
			"to": [10.25, 3, 13.5],
			"rotation": {"angle": 0, "axis": "y", "origin": [5.5, 0, 0]},
			"faces": {
				"east": {"uv": [1.2, 11.6, 2, 12.8], "texture": "#0"},
				"south": {"uv": [10, 6, 11.8, 7.2], "texture": "#0"},
				"west": {"uv": [3.6, 12, 4.4, 13.2], "texture": "#0"},
				"down": {"uv": [13, 1.2, 11.2, 2], "texture": "#0"}
			}
		},
		{
			"from": [5.5, 3, 11.5],
			"to": [10.5, 3.5, 14],
			"rotation": {"angle": 0, "axis": "y", "origin": [5.5, 0, 0]},
			"faces": {
				"east": {"uv": [13.6, 11.2, 14.6, 11.4], "texture": "#0"},
				"south": {"uv": [12.8, 12, 14.8, 12.2], "texture": "#0"},
				"west": {"uv": [13.6, 11.6, 14.6, 11.8], "texture": "#0"},
				"up": {"uv": [2, 11.4, 0, 10.4], "texture": "#0"},
				"down": {"uv": [12.4, 0, 10.4, 1], "texture": "#0"}
			}
		},
		{
			"from": [5.5, 2, 13.5],
			"to": [10.5, 3, 14],
			"rotation": {"angle": 0, "axis": "y", "origin": [5.5, 0, 0]},
			"faces": {
				"north": {"uv": [4.8, 7.6, 6.8, 8], "texture": "#0"},
				"east": {"uv": [6.8, 7.6, 7, 8], "texture": "#0"},
				"south": {"uv": [12.4, 12.4, 14.4, 12.8], "texture": "#0"},
				"west": {"uv": [7.2, 14, 7.4, 14.4], "texture": "#0"},
				"down": {"uv": [15.6, 4, 13.6, 4.2], "texture": "#0"}
			}
		},
		{
			"from": [1, 2, 5.75],
			"to": [1.5, 3, 10.75],
			"rotation": {"angle": 0, "axis": "y", "origin": [1.875, 2.375, 8.25]},
			"faces": {
				"north": {"uv": [7.2, 14, 7.4, 14.4], "texture": "#0"},
				"east": {"uv": [4.8, 7.6, 6.8, 8], "texture": "#0"},
				"south": {"uv": [6.8, 7.6, 7, 8], "texture": "#0"},
				"west": {"uv": [12.4, 12.4, 14.4, 12.8], "texture": "#0"},
				"down": {"uv": [15.6, 4, 13.6, 4.2], "rotation": 270, "texture": "#0"}
			}
		},
		{
			"from": [1, 3, 5.75],
			"to": [3.5, 3.5, 10.75],
			"rotation": {"angle": 0, "axis": "y", "origin": [1.875, 2.375, 8.25]},
			"faces": {
				"north": {"uv": [13.6, 11.6, 14.6, 11.8], "texture": "#0"},
				"south": {"uv": [13.6, 11.2, 14.6, 11.4], "texture": "#0"},
				"west": {"uv": [12.8, 12, 14.8, 12.2], "texture": "#0"},
				"up": {"uv": [2, 11.4, 0, 10.4], "rotation": 90, "texture": "#0"},
				"down": {"uv": [12.4, 0, 10.4, 1], "rotation": 270, "texture": "#0"}
			}
		},
		{
			"from": [1.5, 0, 6],
			"to": [3.5, 3, 10.5],
			"rotation": {"angle": 0, "axis": "y", "origin": [1.875, 2.375, 8.25]},
			"faces": {
				"north": {"uv": [3.6, 12, 4.4, 13.2], "texture": "#0"},
				"south": {"uv": [1.2, 11.6, 2, 12.8], "texture": "#0"},
				"west": {"uv": [10, 6, 11.8, 7.2], "texture": "#0"},
				"down": {"uv": [13, 1.2, 11.2, 2], "rotation": 270, "texture": "#0"}
			}
		},
		{
			"from": [4.25, 1.75, 11.75],
			"to": [11.75, 3.25, 13.25],
			"faces": {
				"north": {"uv": [10, 7.2, 13, 7.8], "texture": "#0"},
				"east": {"uv": [2, 13.6, 2.6, 14.2], "texture": "#0"},
				"south": {"uv": [4.4, 10.4, 7.4, 11], "texture": "#0"},
				"west": {"uv": [2.8, 13.6, 3.4, 14.2], "texture": "#0"},
				"up": {"uv": [10.6, 11, 7.6, 10.4], "texture": "#0"},
				"down": {"uv": [13.8, 10.4, 10.8, 11], "texture": "#0"}
			}
		},
		{
			"from": [9.75, 10.75, 0.5],
			"to": [11.25, 11.25, 4.5],
			"rotation": {"angle": 0, "axis": "y", "origin": [11.5, 11, 2.5]},
			"faces": {
				"north": {"uv": [14, 3.6, 14.6, 3.8], "texture": "#0"},
				"east": {"uv": [13.6, 9.2, 15.2, 9.4], "texture": "#0"},
				"west": {"uv": [13.6, 9.6, 15.2, 9.8], "texture": "#0"},
				"up": {"uv": [6.6, 14, 6, 12.4], "texture": "#0"},
				"down": {"uv": [7.4, 12.4, 6.8, 14], "texture": "#0"}
			}
		},
		{
			"from": [9.75, 2.75, 0.5],
			"to": [11.25, 3.25, 4.5],
			"rotation": {"angle": 0, "axis": "y", "origin": [11.5, 11, 2.5]},
			"faces": {
				"north": {"uv": [14, 1.6, 14.6, 1.8], "texture": "#0"},
				"east": {"uv": [8.8, 13.6, 10.4, 13.8], "texture": "#0"},
				"west": {"uv": [13.6, 8.8, 15.2, 9], "texture": "#0"},
				"up": {"uv": [5, 14, 4.4, 12.4], "texture": "#0"},
				"down": {"uv": [5.8, 12.4, 5.2, 14], "texture": "#0"}
			}
		},
		{
			"from": [9.75, 3.25, 0.5],
			"to": [11.25, 10.75, 1],
			"rotation": {"angle": 0, "axis": "x", "origin": [10.5, 9.25, 1.75]},
			"faces": {
				"north": {"uv": [2, 10.4, 2.6, 13.4], "texture": "#0"},
				"east": {"uv": [1.6, 12.8, 1.8, 15.8], "texture": "#0"},
				"south": {"uv": [2.8, 10.4, 3.4, 13.4], "texture": "#0"},
				"west": {"uv": [13.2, 4.8, 13.4, 7.8], "texture": "#0"}
			}
		},
		{
			"from": [9.5, 2.5, 4.5],
			"to": [11.5, 4.5, 5.5],
			"rotation": {"angle": 0, "axis": "y", "origin": [12, 10, 4]},
			"faces": {
				"north": {"uv": [12.8, 11.2, 13.6, 12], "texture": "#0"},
				"east": {"uv": [7.6, 13.6, 8, 14.4], "texture": "#0"},
				"west": {"uv": [13.6, 7.6, 14, 8.4], "texture": "#0"},
				"up": {"uv": [8.8, 14, 8, 13.6], "texture": "#0"},
				"down": {"uv": [14.4, 8.4, 13.6, 8.8], "texture": "#0"}
			}
		},
		{
			"from": [9.5, 9.5, 4.5],
			"to": [11.5, 11.5, 5.5],
			"rotation": {"angle": 0, "axis": "y", "origin": [12, 10, 4]},
			"faces": {
				"north": {"uv": [0, 12.8, 0.8, 13.6], "texture": "#0"},
				"east": {"uv": [13.6, 5.2, 14, 6], "texture": "#0"},
				"south": {"uv": [0.8, 12.8, 1.6, 13.6], "texture": "#0"},
				"west": {"uv": [13.6, 6, 14, 6.8], "texture": "#0"},
				"up": {"uv": [14.4, 7.2, 13.6, 6.8], "texture": "#0"},
				"down": {"uv": [14.4, 7.2, 13.6, 7.6], "texture": "#0"}
			}
		},
		{
			"from": [4.5, 9.5, 4.5],
			"to": [6.5, 11.5, 5.5],
			"rotation": {"angle": 0, "axis": "y", "origin": [4, 10, 4]},
			"faces": {
				"north": {"uv": [0.8, 12.8, 0, 13.6], "texture": "#0"},
				"east": {"uv": [14, 6, 13.6, 6.8], "texture": "#0"},
				"south": {"uv": [1.6, 12.8, 0.8, 13.6], "texture": "#0"},
				"west": {"uv": [14, 5.2, 13.6, 6], "texture": "#0"},
				"up": {"uv": [13.6, 7.2, 14.4, 6.8], "texture": "#0"},
				"down": {"uv": [13.6, 7.2, 14.4, 7.6], "texture": "#0"}
			}
		},
		{
			"from": [4.75, 10.75, 0.5],
			"to": [6.25, 11.25, 4.5],
			"rotation": {"angle": 0, "axis": "y", "origin": [4.5, 11, 2.5]},
			"faces": {
				"north": {"uv": [14.6, 3.6, 14, 3.8], "texture": "#0"},
				"east": {"uv": [15.2, 9.6, 13.6, 9.8], "texture": "#0"},
				"west": {"uv": [15.2, 9.2, 13.6, 9.4], "texture": "#0"},
				"up": {"uv": [6, 14, 6.6, 12.4], "texture": "#0"},
				"down": {"uv": [6.8, 12.4, 7.4, 14], "texture": "#0"}
			}
		},
		{
			"from": [4.75, 3.25, 0.5],
			"to": [6.25, 10.75, 1],
			"rotation": {"angle": 0, "axis": "x", "origin": [5.5, 9.25, 1.75]},
			"faces": {
				"north": {"uv": [2.6, 10.4, 2, 13.4], "texture": "#0"},
				"east": {"uv": [13.4, 4.8, 13.2, 7.8], "texture": "#0"},
				"south": {"uv": [3.4, 10.4, 2.8, 13.4], "texture": "#0"},
				"west": {"uv": [1.8, 12.8, 1.6, 15.8], "texture": "#0"}
			}
		},
		{
			"from": [4.75, 2.75, 0.5],
			"to": [6.25, 3.25, 4.5],
			"rotation": {"angle": 0, "axis": "y", "origin": [4.5, 11, 2.5]},
			"faces": {
				"north": {"uv": [14.6, 1.6, 14, 1.8], "texture": "#0"},
				"east": {"uv": [15.2, 8.8, 13.6, 9], "texture": "#0"},
				"west": {"uv": [10.4, 13.6, 8.8, 13.8], "texture": "#0"},
				"up": {"uv": [4.4, 14, 5, 12.4], "texture": "#0"},
				"down": {"uv": [5.2, 12.4, 5.8, 14], "texture": "#0"}
			}
		},
		{
			"from": [4.5, 2.5, 4.5],
			"to": [6.5, 4.5, 5.5],
			"rotation": {"angle": 0, "axis": "y", "origin": [4, 10, 4]},
			"faces": {
				"north": {"uv": [13.6, 11.2, 12.8, 12], "texture": "#0"},
				"east": {"uv": [14, 7.6, 13.6, 8.4], "texture": "#0"},
				"west": {"uv": [8, 13.6, 7.6, 14.4], "texture": "#0"},
				"up": {"uv": [8, 14, 8.8, 13.6], "texture": "#0"},
				"down": {"uv": [13.6, 8.4, 14.4, 8.8], "texture": "#0"}
			}
		},
		{
			"from": [13.625, -2.25, 5.375],
			"to": [16.125, -1.75, 7.875],
			"rotation": {"angle": -45, "axis": "z", "origin": [13.75, -0.625, 6.625]},
			"faces": {
				"north": {"uv": [14.6, 13.6, 13.6, 13.8], "texture": "#0"},
				"east": {"uv": [14.6, 13.2, 13.6, 13.4], "texture": "#0"},
				"south": {"uv": [14.6, 12.8, 13.6, 13], "texture": "#0"},
				"west": {"uv": [13, 13.6, 12, 13.8], "texture": "#0"},
				"up": {"uv": [10.2, 11.2, 9.2, 12.2], "rotation": 90, "texture": "#0"},
				"down": {"uv": [11.4, 12.2, 10.4, 11.2], "rotation": 270, "texture": "#0"}
			}
		},
		{
			"from": [13.625, 0.25, 5.375],
			"to": [16.125, 0.75, 7.875],
			"rotation": {"angle": -45, "axis": "z", "origin": [13.75, -0.625, 6.625]},
			"faces": {
				"north": {"uv": [15, 1.2, 14, 1.4], "texture": "#0"},
				"east": {"uv": [15, 0.8, 14, 1], "texture": "#0"},
				"south": {"uv": [15, 0.4, 14, 0.6], "texture": "#0"},
				"west": {"uv": [15, 0, 14, 0.2], "texture": "#0"},
				"up": {"uv": [1, 11.6, 0, 12.6], "rotation": 90, "texture": "#0"},
				"down": {"uv": [12.6, 12.2, 11.6, 11.2], "rotation": 270, "texture": "#0"}
			}
		},
		{
			"from": [13.825, -1.75, 5.575],
			"to": [15.925, 1.25, 7.675],
			"rotation": {"angle": -45, "axis": "z", "origin": [13.75, -0.625, 6.625]},
			"faces": {
				"north": {"uv": [10, 12.4, 9.2, 13.6], "texture": "#0"},
				"east": {"uv": [9.2, 12.4, 8.4, 13.6], "texture": "#0"},
				"south": {"uv": [8.4, 12.4, 7.6, 13.6], "texture": "#0"},
				"west": {"uv": [13.2, 4.8, 12.4, 6], "texture": "#0"},
				"up": {"uv": [13.2, 12.8, 12.4, 13.6], "rotation": 90, "texture": "#0"}
			}
		},
		{
			"from": [12.375, -2, 6.375],
			"to": [13.875, -1.5, 6.875],
			"rotation": {"angle": -45, "axis": "z", "origin": [13.75, -0.625, 6.625]},
			"faces": {
				"north": {"uv": [5.4, 14, 4.8, 14.2], "texture": "#0"},
				"south": {"uv": [14.6, 4.4, 14, 4.6], "texture": "#0"},
				"west": {"uv": [14.2, 7.6, 14, 7.8], "texture": "#0"},
				"up": {"uv": [14.2, 4.8, 14, 5.4], "rotation": 90, "texture": "#0"},
				"down": {"uv": [5.8, 14.6, 5.6, 14], "rotation": 270, "texture": "#0"}
			}
		},
		{
			"from": [12.375, -1.5, 6.375],
			"to": [12.875, 0.5, 6.875],
			"rotation": {"angle": -45, "axis": "z", "origin": [13.75, -0.625, 6.625]},
			"faces": {
				"north": {"uv": [4.6, 14, 4.4, 14.8], "texture": "#0"},
				"east": {"uv": [4.2, 14, 4, 14.8], "texture": "#0"},
				"south": {"uv": [3.8, 14, 3.6, 14.8], "texture": "#0"},
				"west": {"uv": [14.2, 2.8, 14, 3.6], "texture": "#0"}
			}
		},
		{
			"from": [12.375, 0.5, 6.375],
			"to": [13.875, 1, 6.875],
			"rotation": {"angle": -45, "axis": "z", "origin": [13.75, -0.625, 6.625]},
			"faces": {
				"north": {"uv": [6.6, 14, 6, 14.2], "texture": "#0"},
				"south": {"uv": [14.6, 5.6, 14, 5.8], "texture": "#0"},
				"west": {"uv": [8.2, 14, 8, 14.2], "texture": "#0"},
				"up": {"uv": [14.2, 6, 14, 6.6], "rotation": 90, "texture": "#0"},
				"down": {"uv": [7, 14.6, 6.8, 14], "rotation": 270, "texture": "#0"}
			}
		},
		{
			"from": [13.875, -2.25, 8.375],
			"to": [16.375, -1.75, 10.875],
			"rotation": {"angle": -22.5, "axis": "z", "origin": [14, -0.625, 9.625]},
			"faces": {
				"north": {"uv": [14.6, 13.6, 13.6, 13.8], "texture": "#0"},
				"east": {"uv": [14.6, 13.2, 13.6, 13.4], "texture": "#0"},
				"south": {"uv": [14.6, 12.8, 13.6, 13], "texture": "#0"},
				"west": {"uv": [13, 13.6, 12, 13.8], "texture": "#0"},
				"up": {"uv": [10.2, 11.2, 9.2, 12.2], "rotation": 90, "texture": "#0"},
				"down": {"uv": [11.4, 12.2, 10.4, 11.2], "rotation": 270, "texture": "#0"}
			}
		},
		{
			"from": [13.875, 0.25, 8.375],
			"to": [16.375, 0.75, 10.875],
			"rotation": {"angle": -22.5, "axis": "z", "origin": [14, -0.625, 9.625]},
			"faces": {
				"north": {"uv": [15, 1.2, 14, 1.4], "texture": "#0"},
				"east": {"uv": [15, 0.8, 14, 1], "texture": "#0"},
				"south": {"uv": [15, 0.4, 14, 0.6], "texture": "#0"},
				"west": {"uv": [15, 0, 14, 0.2], "texture": "#0"},
				"up": {"uv": [1, 11.6, 0, 12.6], "rotation": 90, "texture": "#0"},
				"down": {"uv": [12.6, 12.2, 11.6, 11.2], "rotation": 270, "texture": "#0"}
			}
		},
		{
			"from": [14.075, -1.75, 8.575],
			"to": [16.175, 1.25, 10.675],
			"rotation": {"angle": -22.5, "axis": "z", "origin": [14, -0.625, 9.625]},
			"faces": {
				"north": {"uv": [10, 12.4, 9.2, 13.6], "texture": "#0"},
				"east": {"uv": [9.2, 12.4, 8.4, 13.6], "texture": "#0"},
				"south": {"uv": [8.4, 12.4, 7.6, 13.6], "texture": "#0"},
				"west": {"uv": [13.2, 4.8, 12.4, 6], "texture": "#0"},
				"up": {"uv": [13.2, 12.8, 12.4, 13.6], "rotation": 90, "texture": "#0"}
			}
		},
		{
			"from": [12.625, -2, 9.375],
			"to": [14.125, -1.5, 9.875],
			"rotation": {"angle": -22.5, "axis": "z", "origin": [14, -0.625, 9.625]},
			"faces": {
				"north": {"uv": [5.4, 14, 4.8, 14.2], "texture": "#0"},
				"south": {"uv": [14.6, 4.4, 14, 4.6], "texture": "#0"},
				"west": {"uv": [14.2, 7.6, 14, 7.8], "texture": "#0"},
				"up": {"uv": [14.2, 4.8, 14, 5.4], "rotation": 90, "texture": "#0"},
				"down": {"uv": [5.8, 14.6, 5.6, 14], "rotation": 270, "texture": "#0"}
			}
		},
		{
			"from": [12.625, -1.5, 9.375],
			"to": [13.125, 0.5, 9.875],
			"rotation": {"angle": -22.5, "axis": "z", "origin": [14, -0.625, 9.625]},
			"faces": {
				"north": {"uv": [4.6, 14, 4.4, 14.8], "texture": "#0"},
				"east": {"uv": [4.2, 14, 4, 14.8], "texture": "#0"},
				"south": {"uv": [3.8, 14, 3.6, 14.8], "texture": "#0"},
				"west": {"uv": [14.2, 2.8, 14, 3.6], "texture": "#0"}
			}
		},
		{
			"from": [12.625, 0.5, 9.375],
			"to": [14.125, 1, 9.875],
			"rotation": {"angle": -22.5, "axis": "z", "origin": [14, -0.625, 9.625]},
			"faces": {
				"north": {"uv": [6.6, 14, 6, 14.2], "texture": "#0"},
				"south": {"uv": [14.6, 5.6, 14, 5.8], "texture": "#0"},
				"west": {"uv": [8.2, 14, 8, 14.2], "texture": "#0"},
				"up": {"uv": [14.2, 6, 14, 6.6], "rotation": 90, "texture": "#0"},
				"down": {"uv": [7, 14.6, 6.8, 14], "rotation": 270, "texture": "#0"}
			}
		},
		{
			"from": [4, 10.75, 7],
			"to": [5, 13.75, 10],
			"rotation": {"angle": 0, "axis": "y", "origin": [2.5, 0, 0]},
			"faces": {
				"north": {"uv": [13.2, 12.8, 13.6, 14], "texture": "#0"},
				"east": {"uv": [4.4, 11.2, 5.6, 12.4], "texture": "#0"},
				"south": {"uv": [0, 13.6, 0.4, 14.8], "texture": "#0"},
				"west": {"uv": [5.6, 11.2, 6.8, 12.4], "texture": "#0"},
				"up": {"uv": [14, 1.2, 13.6, 0], "texture": "#0"}
			}
		},
		{
			"from": [11, 10.75, 7],
			"to": [12, 13.75, 10],
			"rotation": {"angle": 0, "axis": "y", "origin": [13.5, 0, 0]},
			"faces": {
				"north": {"uv": [13.6, 12.8, 13.2, 14], "texture": "#0"},
				"east": {"uv": [6.8, 11.2, 5.6, 12.4], "texture": "#0"},
				"south": {"uv": [0.4, 13.6, 0, 14.8], "texture": "#0"},
				"west": {"uv": [5.6, 11.2, 4.4, 12.4], "texture": "#0"},
				"up": {"uv": [13.6, 1.2, 14, 0], "texture": "#0"}
			}
		},
		{
			"from": [2.5, 10.95, 7.2],
			"to": [13.5, 13.55, 9.8],
			"rotation": {"angle": 0, "axis": "y", "origin": [2.5, 0, 0]},
			"faces": {
				"north": {"uv": [4.8, 8, 9.2, 9], "texture": "#0"},
				"east": {"uv": [12, 6, 13, 7], "texture": "#0"},
				"south": {"uv": [4.8, 9.2, 9.2, 10.2], "texture": "#0"},
				"west": {"uv": [12.4, 0, 13.4, 1], "texture": "#0"},
				"up": {"uv": [13.6, 9, 9.2, 8], "texture": "#0"},
				"down": {"uv": [13.6, 9.2, 9.2, 10.2], "texture": "#0"}
			}
		},
		{
			"from": [12.5, 1, 5.25],
			"to": [14.5, 4, 11.25],
			"faces": {
				"north": {"uv": [10, 12.4, 10.8, 13.6], "texture": "#0"},
				"east": {"uv": [10, 4.8, 12.4, 6], "texture": "#0"},
				"south": {"uv": [10.8, 12.4, 11.6, 13.6], "texture": "#0"},
				"up": {"uv": [4.4, 12, 3.6, 9.6], "texture": "#0"},
				"down": {"uv": [11.2, 1.2, 10.4, 3.6], "texture": "#0"}
			}
		},
		{
			"from": [9.5, 7.5, 11.5],
			"to": [11.5, 9.5, 12.5],
			"rotation": {"angle": 0, "axis": "y", "origin": [10.5, 8, 12]},
			"faces": {
				"north": {"uv": [13.2, 1.2, 14, 2], "texture": "#0"},
				"east": {"uv": [10.4, 13.6, 10.8, 14.4], "texture": "#0"},
				"south": {"uv": [3.6, 13.2, 4.4, 14], "texture": "#0"},
				"west": {"uv": [10.8, 13.6, 11.2, 14.4], "texture": "#0"},
				"up": {"uv": [14.4, 10.4, 13.6, 10], "texture": "#0"},
				"down": {"uv": [12, 13.6, 11.2, 14], "texture": "#0"}
			}
		},
		{
			"from": [4.5, 4.5, 12.47],
			"to": [6.5, 7.5, 12.5],
			"rotation": {"angle": 0, "axis": "y", "origin": [10.5, 8, 11.97]},
			"faces": {
				"north": {"uv": [12.4, 12.4, 11.6, 13.6], "texture": "#0"},
				"south": {"uv": [11.6, 12.4, 12.4, 13.6], "texture": "#0"}
			}
		},
		{
			"from": [4.5, 7.5, 11.5],
			"to": [6.5, 9.5, 12.5],
			"rotation": {"angle": 0, "axis": "y", "origin": [5.5, 8, 12]},
			"faces": {
				"north": {"uv": [14, 1.2, 13.2, 2], "texture": "#0"},
				"east": {"uv": [11.2, 13.6, 10.8, 14.4], "texture": "#0"},
				"south": {"uv": [4.4, 13.2, 3.6, 14], "texture": "#0"},
				"west": {"uv": [10.8, 13.6, 10.4, 14.4], "texture": "#0"},
				"up": {"uv": [13.6, 10.4, 14.4, 10], "texture": "#0"},
				"down": {"uv": [11.2, 13.6, 12, 14], "texture": "#0"}
			}
		},
		{
			"from": [9.5, 4.5, 12.47],
			"to": [11.5, 7.5, 12.5],
			"rotation": {"angle": 0, "axis": "y", "origin": [5.5, 8, 11.97]},
			"faces": {
				"north": {"uv": [11.6, 12.4, 12.4, 13.6], "texture": "#0"},
				"south": {"uv": [12.4, 12.4, 11.6, 13.6], "texture": "#0"}
			}
		},
		{
			"from": [0, 10.75, 10],
			"to": [2, 13.75, 10],
			"rotation": {"angle": 45, "axis": "x", "origin": [1, 12.25, 8.5]},
			"faces": {
				"south": {"uv": [0, 4, 6, 8], "rotation": 90, "texture": "#1"}
			}
		},
		{
			"from": [0, 10.75, 7],
			"to": [2, 10.75, 10],
			"rotation": {"angle": 45, "axis": "x", "origin": [1, 12.25, 8.5]},
			"faces": {
				"down": {"uv": [6, 4, 12, 8], "rotation": 90, "texture": "#1"}
			}
		},
		{
			"from": [0, 10.75, 7],
			"to": [2, 13.75, 7],
			"rotation": {"angle": 45, "axis": "x", "origin": [1, 12.25, 8.5]},
			"faces": {
				"north": {"uv": [0, 0, 6, 4], "rotation": 270, "texture": "#1"}
			}
		},
		{
			"from": [0, 13.75, 7],
			"to": [2, 13.75, 10],
			"rotation": {"angle": 45, "axis": "x", "origin": [1, 12.25, 8.5]},
			"faces": {
				"up": {"uv": [6, 0, 12, 4], "rotation": 90, "texture": "#1"}
			}
		},
		{
			"from": [-1.75, 11.251, 9.5],
			"to": [-0.25, 13.251, 9.5],
			"rotation": {"angle": 45, "axis": "x", "origin": [-1, 12.25, 8.5]},
			"faces": {
				"east": {"uv": [8, 0, 0, 0], "rotation": 270, "texture": "#2"},
				"south": {"uv": [16, 0, 8, 6], "rotation": 90, "texture": "#2"},
				"west": {"uv": [8, 0, 0, 0], "rotation": 270, "texture": "#2"},
				"up": {"uv": [0, 0, 0, 6], "rotation": 90, "texture": "#2"},
				"down": {"uv": [0, 0, 0, 6], "rotation": 90, "texture": "#2"}
			}
		},
		{
			"from": [-1.75, 11.251, 7.5],
			"to": [-0.25, 13.251, 7.5],
			"rotation": {"angle": 45, "axis": "x", "origin": [-1, 12.25, 8.5]},
			"faces": {
				"north": {"uv": [16, 8, 8, 14], "rotation": 270, "texture": "#2"},
				"east": {"uv": [8, 0, 0, 0], "rotation": 270, "texture": "#2"},
				"west": {"uv": [8, 0, 0, 0], "rotation": 270, "texture": "#2"},
				"up": {"uv": [0, 0, 0, 6], "rotation": 90, "texture": "#2"},
				"down": {"uv": [0, 0, 0, 6], "rotation": 90, "texture": "#2"}
			}
		},
		{
			"from": [-1.75, 13.25, 7.5],
			"to": [-0.25, 13.25, 9.5],
			"rotation": {"angle": 45, "axis": "x", "origin": [-1, 12.25, 8.5]},
			"faces": {
				"north": {"uv": [0, 0, 0, 6], "rotation": 270, "texture": "#2"},
				"east": {"uv": [0, 0, 0, 8], "rotation": 270, "texture": "#2"},
				"south": {"uv": [0, 0, 0, 6], "rotation": 90, "texture": "#2"},
				"west": {"uv": [0, 8, 0, 0], "rotation": 270, "texture": "#2"},
				"up": {"uv": [8, 8, 0, 14], "rotation": 90, "texture": "#2"}
			}
		},
		{
			"from": [-1.75, 11.25, 7.5],
			"to": [-0.25, 11.25, 9.5],
			"rotation": {"angle": 45, "axis": "x", "origin": [-1, 12.25, 8.5]},
			"faces": {
				"north": {"uv": [0, 0, 0, 6], "rotation": 270, "texture": "#2"},
				"east": {"uv": [0, 0, 0, 8], "rotation": 270, "texture": "#2"},
				"south": {"uv": [0, 0, 0, 6], "rotation": 90, "texture": "#2"},
				"west": {"uv": [0, 8, 0, 0], "rotation": 270, "texture": "#2"},
				"down": {"uv": [8, 0, 0, 6], "rotation": 90, "texture": "#2"}
			}
		},
		{
			"from": [14, 10.75, 10],
			"to": [16, 13.75, 10],
			"rotation": {"angle": 45, "axis": "x", "origin": [15, 12.25, 8.5]},
			"faces": {
				"south": {"uv": [0, 8, 6, 4], "rotation": 90, "texture": "#1"}
			}
		},
		{
			"from": [14, 10.75, 7],
			"to": [16, 10.75, 10],
			"rotation": {"angle": 45, "axis": "x", "origin": [15, 12.25, 8.5]},
			"faces": {
				"down": {"uv": [6, 8, 12, 4], "rotation": 90, "texture": "#1"}
			}
		},
		{
			"from": [14, 10.75, 7],
			"to": [16, 13.75, 7],
			"rotation": {"angle": 45, "axis": "x", "origin": [15, 12.25, 8.5]},
			"faces": {
				"north": {"uv": [0, 4, 6, 0], "rotation": 270, "texture": "#1"}
			}
		},
		{
			"from": [14, 13.75, 7],
			"to": [16, 13.75, 10],
			"rotation": {"angle": 45, "axis": "x", "origin": [15, 12.25, 8.5]},
			"faces": {
				"up": {"uv": [6, 4, 12, 0], "rotation": 90, "texture": "#1"}
			}
		},
		{
			"from": [16.25, 11.251, 9.5],
			"to": [17.75, 13.251, 9.5],
			"rotation": {"angle": 45, "axis": "x", "origin": [17, 12.25, 8.5]},
			"faces": {
				"east": {"uv": [8, 0, 0, 0], "rotation": 270, "texture": "#2"},
				"south": {"uv": [16, 6, 8, 0], "rotation": 90, "texture": "#2"},
				"west": {"uv": [8, 0, 0, 0], "rotation": 270, "texture": "#2"},
				"up": {"uv": [0, 6, 0, 0], "rotation": 90, "texture": "#2"},
				"down": {"uv": [0, 6, 0, 0], "rotation": 90, "texture": "#2"}
			}
		},
		{
			"from": [16.25, 11.251, 7.5],
			"to": [17.75, 13.251, 7.5],
			"rotation": {"angle": 45, "axis": "x", "origin": [17, 12.25, 8.5]},
			"faces": {
				"north": {"uv": [16, 14, 8, 8], "rotation": 270, "texture": "#2"},
				"east": {"uv": [8, 0, 0, 0], "rotation": 270, "texture": "#2"},
				"west": {"uv": [8, 0, 0, 0], "rotation": 270, "texture": "#2"},
				"up": {"uv": [0, 6, 0, 0], "rotation": 90, "texture": "#2"},
				"down": {"uv": [0, 6, 0, 0], "rotation": 90, "texture": "#2"}
			}
		},
		{
			"from": [16.25, 13.25, 7.5],
			"to": [17.75, 13.25, 9.5],
			"rotation": {"angle": 45, "axis": "x", "origin": [17, 12.25, 8.5]},
			"faces": {
				"north": {"uv": [0, 6, 0, 0], "rotation": 270, "texture": "#2"},
				"east": {"uv": [0, 0, 0, 8], "rotation": 270, "texture": "#2"},
				"south": {"uv": [0, 6, 0, 0], "rotation": 90, "texture": "#2"},
				"west": {"uv": [0, 8, 0, 0], "rotation": 270, "texture": "#2"},
				"up": {"uv": [8, 14, 0, 8], "rotation": 90, "texture": "#2"}
			}
		},
		{
			"from": [16.25, 11.25, 7.5],
			"to": [17.75, 11.25, 9.5],
			"rotation": {"angle": 45, "axis": "x", "origin": [17, 12.25, 8.5]},
			"faces": {
				"north": {"uv": [0, 6, 0, 0], "rotation": 270, "texture": "#2"},
				"east": {"uv": [0, 0, 0, 8], "rotation": 270, "texture": "#2"},
				"south": {"uv": [0, 6, 0, 0], "rotation": 90, "texture": "#2"},
				"west": {"uv": [0, 8, 0, 0], "rotation": 270, "texture": "#2"},
				"down": {"uv": [8, 6, 0, 0], "rotation": 90, "texture": "#2"}
			}
		}
	],
	"gui_light": "front",
	"display": {
		"thirdperson_righthand": {
			"rotation": [33, 180, 0],
			"translation": [0, -0.75, -3],
			"scale": [0.7, 0.7, 0.7]
		},
		"thirdperson_lefthand": {
			"rotation": [68, 0, 0],
			"translation": [-5.5, -8.25, 11],
			"scale": [1.17109, 1.17109, 1.17109]
		},
		"firstperson_righthand": {
			"rotation": [-19.5, 0, 0],
			"translation": [0, 6.5, 0],
			"scale": [0.70898, 0.70898, 0.70898]
		},
		"firstperson_lefthand": {
			"rotation": [-19.5, 0, 0],
			"translation": [0, 6.5, 0],
			"scale": [0, 0, 0]
		},
		"ground": {
			"rotation": [-40, 0, 0],
			"translation": [0, 4.75, 0],
			"scale": [0.7, 0.7, 0.7]
		},
		"gui": {
			"rotation": [0, -35, 0],
			"translation": [-0.25, 1.5, 0]
		},
		"head": {
			"translation": [0, -47.25, 9.5],
			"scale": [1.86523, 1.86523, 1.86523]
		},
		"fixed": {
			"rotation": [-90, 0, 0],
			"translation": [0, 1, -25],
			"scale": [3, 3, 3]
		}
	}
}