{
	"credit": "Made by PolygonMC",
	"texture_size": [20, 20],
	"textures": {
		"2": "arcanistset:animations/animations_2",
		"4": "arcanistset:bow",
		"particle": "arcanistset:animations/animations_1"
	},
	"elements": [
		{
			"from": [7.6, 6.625, 7.6],
			"to": [8.4, 9.375, 8.4],
			"rotation": {"angle": 0, "axis": "y", "origin": [8, 8, 8]},
			"faces": {
				"north": {"uv": [9.6, 4.8, 10.2, 7], "texture": "#4"},
				"east": {"uv": [5.6, 9.6, 6.2, 11.8], "texture": "#4"},
				"south": {"uv": [9.6, 7.2, 10.2, 9.4], "texture": "#4"},
				"west": {"uv": [9.6, 9.6, 10.2, 11.8], "texture": "#4"}
			}
		},
		{
			"from": [7.5, 9.375, 7.5],
			"to": [8.5, 10.875, 8.5],
			"rotation": {"angle": 0, "axis": "y", "origin": [7.5, 11.375, 7.5]},
			"faces": {
				"north": {"uv": [4.8, 11.2, 5.6, 12.4], "texture": "#4"},
				"east": {"uv": [5.6, 12, 6.4, 13.2], "texture": "#4"},
				"south": {"uv": [12, 5.6, 12.8, 6.8], "texture": "#4"},
				"west": {"uv": [8, 12, 8.8, 13.2], "texture": "#4"},
				"down": {"uv": [12, 4, 11.2, 4.8], "texture": "#4"}
			}
		},
		{
			"from": [7.35, 9.875, 7.35],
			"to": [8.65, 10.375, 8.65],
			"rotation": {"angle": 0, "axis": "y", "origin": [7.5, 10.375, 7.5]},
			"faces": {
				"north": {"uv": [13.6, 9.6, 14.6, 10], "texture": "#4"},
				"east": {"uv": [10.4, 13.6, 11.4, 14], "texture": "#4"},
				"south": {"uv": [13.6, 10.4, 14.6, 10.8], "texture": "#4"},
				"west": {"uv": [13.6, 11.2, 14.6, 11.6], "texture": "#4"},
				"up": {"uv": [12.2, 3.4, 11.2, 2.4], "texture": "#4"},
				"down": {"uv": [4.2, 11.2, 3.2, 12.2], "texture": "#4"}
			}
		},
		{
			"from": [7.25, 10.25, 8],
			"to": [8.75, 12, 9.75],
			"rotation": {"angle": -45, "axis": "x", "origin": [7.5, 10.25, 8]},
			"faces": {
				"north": {"uv": [8, 7.2, 9.2, 8.6], "texture": "#4"},
				"east": {"uv": [6.4, 4.8, 7.8, 6.2], "texture": "#4"},
				"south": {"uv": [8, 8.8, 9.2, 10.2], "texture": "#4"},
				"west": {"uv": [6.4, 6.4, 7.8, 7.8], "texture": "#4"},
				"up": {"uv": [10.8, 1.4, 9.6, 0], "texture": "#4"},
				"down": {"uv": [10.8, 1.6, 9.6, 3], "texture": "#4"}
			}
		},
		{
			"from": [7.5, 10.25, 7],
			"to": [8.5, 11.75, 8.5],
			"rotation": {"angle": -45, "axis": "x", "origin": [7.5, 10.25, 7]},
			"faces": {
				"north": {"uv": [8.8, 12, 9.6, 13.2], "texture": "#4"},
				"east": {"uv": [9.6, 3.2, 10.8, 4.4], "texture": "#4"},
				"south": {"uv": [9.6, 12, 10.4, 13.2], "texture": "#4"},
				"west": {"uv": [4, 9.6, 5.2, 10.8], "texture": "#4"},
				"up": {"uv": [11.2, 13.2, 10.4, 12], "texture": "#4"},
				"down": {"uv": [12, 12, 11.2, 13.2], "texture": "#4"}
			}
		},
		{
			"from": [7.625, 10.56851, 4.6686],
			"to": [8.375, 11.56851, 6.6686],
			"rotation": {"angle": 22.5, "axis": "x", "origin": [8, 11.30368, 8]},
			"faces": {
				"north": {"uv": [13.6, 6.4, 14.2, 7.2], "texture": "#4"},
				"east": {"uv": [10.4, 4.8, 12, 5.6], "texture": "#4"},
				"west": {"uv": [10.4, 5.6, 12, 6.4], "texture": "#4"},
				"up": {"uv": [12.6, 13.6, 12, 12], "texture": "#4"},
				"down": {"uv": [0.6, 12.8, 0, 14.4], "texture": "#4"}
			}
		},
		{
			"from": [7.75, 10.80368, 4.87182],
			"to": [8.25, 11.80368, 6.62182],
			"rotation": {"angle": 0, "axis": "y", "origin": [8, 11.30368, 8]},
			"faces": {
				"north": {"uv": [12, 13.6, 12.4, 14.4], "texture": "#4"},
				"east": {"uv": [1.6, 11.2, 3, 12], "texture": "#4"},
				"west": {"uv": [11.2, 1.6, 12.6, 2.4], "texture": "#4"},
				"down": {"uv": [6.8, 13.6, 6.4, 15], "texture": "#4"}
			}
		},
		{
			"from": [7.875, 10.94317, 5.14957],
			"to": [8.125, 11.94317, 6.64957],
			"rotation": {"angle": -22.5, "axis": "x", "origin": [8, 11.30368, 8]},
			"faces": {
				"north": {"uv": [14.4, 0.8, 14.6, 1.6], "texture": "#4"},
				"east": {"uv": [12.8, 1.6, 14, 2.4], "texture": "#4"},
				"west": {"uv": [12.8, 2.4, 14, 3.2], "texture": "#4"},
				"down": {"uv": [13.8, 12.8, 13.6, 14], "texture": "#4"}
			}
		},
		{
			"from": [7.5, 11.66421, 6.29289],
			"to": [8.5, 12.66421, 8.29289],
			"rotation": {"angle": -45, "axis": "x", "origin": [7.5, 11.66421, 6.29289]},
			"faces": {
				"north": {"uv": [12.8, 12, 13.6, 12.8], "texture": "#4"},
				"east": {"uv": [6.4, 10.4, 8, 11.2], "texture": "#4"},
				"south": {"uv": [12.8, 12.8, 13.6, 13.6], "texture": "#4"},
				"west": {"uv": [10.4, 6.4, 12, 7.2], "texture": "#4"},
				"up": {"uv": [11.2, 8.8, 10.4, 7.2], "texture": "#4"},
				"down": {"uv": [8.8, 10.4, 8, 12], "texture": "#4"}
			}
		},
		{
			"from": [7.75, 12.45711, 3.35],
			"to": [8.25, 12.95711, 6.35],
			"rotation": {"angle": 45, "axis": "z", "origin": [8, 12.70711, 4.85]},
			"faces": {
				"north": {"uv": [14.4, 1.6, 14.8, 2], "texture": "#4"},
				"east": {"uv": [3.2, 12.8, 5.6, 13.2], "texture": "#4"},
				"south": {"uv": [14.4, 2.4, 14.8, 2.8], "texture": "#4"},
				"west": {"uv": [12.8, 3.2, 15.2, 3.6], "texture": "#4"},
				"up": {"uv": [1.2, 15.2, 0.8, 12.8], "texture": "#4"},
				"down": {"uv": [13.2, 5.6, 12.8, 8], "texture": "#4"}
			}
		},
		{
			"from": [7.6, 12.70711, 2.43579],
			"to": [8.4, 13.70711, 3.43579],
			"rotation": {"angle": 45, "axis": "x", "origin": [7.75, 12.70711, 2.43579]},
			"faces": {
				"north": {"uv": [8, 13.6, 8.6, 14.4], "texture": "#4"},
				"east": {"uv": [5.6, 13.6, 6.4, 14.4], "texture": "#4"},
				"south": {"uv": [8.8, 13.6, 9.4, 14.4], "texture": "#4"},
				"west": {"uv": [13.6, 5.6, 14.4, 6.4], "texture": "#4"},
				"up": {"uv": [14.2, 9.6, 13.6, 8.8], "texture": "#4"},
				"down": {"uv": [10.2, 13.6, 9.6, 14.4], "texture": "#4"}
			}
		},
		{
			"from": [7.0005, 11.70676, 2.1],
			"to": [9.0005, 11.70676, 3.6],
			"rotation": {"angle": -45, "axis": "z", "origin": [8, 12.70676, 2.85]},
			"faces": {
				"north": {"uv": [8, 0, 0, 0], "rotation": 180, "texture": "#2"},
				"east": {"uv": [0, 0, 0, 6], "rotation": 270, "texture": "#2"},
				"south": {"uv": [8, 0, 0, 0], "texture": "#2"},
				"west": {"uv": [0, 0, 0, 6], "rotation": 90, "texture": "#2"},
				"down": {"uv": [8, 0, 16, 6], "texture": "#2"}
			}
		},
		{
			"from": [8.9995, 11.70676, 2.1],
			"to": [8.9995, 13.70676, 3.6],
			"rotation": {"angle": -45, "axis": "z", "origin": [8, 12.70676, 2.85]},
			"faces": {
				"north": {"uv": [0, 0, 0, 8], "rotation": 180, "texture": "#2"},
				"east": {"uv": [0, 8, 8, 14], "rotation": 270, "texture": "#2"},
				"south": {"uv": [0, 8, 0, 0], "texture": "#2"},
				"up": {"uv": [0, 0, 0, 6], "rotation": 180, "texture": "#2"},
				"down": {"uv": [0, 0, 0, 6], "texture": "#2"}
			}
		},
		{
			"from": [6.9995, 11.70676, 2.1],
			"to": [6.9995, 13.70676, 3.6],
			"rotation": {"angle": -45, "axis": "z", "origin": [8, 12.70676, 2.85]},
			"faces": {
				"north": {"uv": [0, 0, 0, 8], "rotation": 180, "texture": "#2"},
				"south": {"uv": [0, 8, 0, 0], "texture": "#2"},
				"west": {"uv": [0, 0, 8, 6], "rotation": 90, "texture": "#2"},
				"up": {"uv": [0, 0, 0, 6], "rotation": 180, "texture": "#2"},
				"down": {"uv": [0, 0, 0, 6], "texture": "#2"}
			}
		},
		{
			"from": [7.0005, 13.70676, 2.1],
			"to": [9.0005, 13.70676, 3.6],
			"rotation": {"angle": -45, "axis": "z", "origin": [8, 12.70676, 2.85]},
			"faces": {
				"north": {"uv": [8, 0, 0, 0], "rotation": 180, "texture": "#2"},
				"east": {"uv": [0, 0, 0, 6], "rotation": 270, "texture": "#2"},
				"south": {"uv": [8, 0, 0, 0], "texture": "#2"},
				"west": {"uv": [0, 0, 0, 6], "rotation": 90, "texture": "#2"},
				"up": {"uv": [8, 8, 16, 14], "rotation": 180, "texture": "#2"}
			}
		},
		{
			"from": [7.00085, 4.25, 2.10035],
			"to": [9.00085, 4.25, 3.60035],
			"rotation": {"angle": 45, "axis": "z", "origin": [8.00035, 3.25, 2.85035]},
			"faces": {
				"north": {"uv": [8, 0, 0, 0], "rotation": 180, "texture": "#2"},
				"east": {"uv": [0, 0, 0, 6], "rotation": 270, "texture": "#2"},
				"south": {"uv": [8, 0, 0, 0], "texture": "#2"},
				"west": {"uv": [0, 0, 0, 6], "rotation": 90, "texture": "#2"},
				"up": {"uv": [8, 6, 16, 0], "texture": "#2"}
			}
		},
		{
			"from": [8.99985, 2.25, 2.10035],
			"to": [8.99985, 4.25, 3.60035],
			"rotation": {"angle": 45, "axis": "z", "origin": [8.00035, 3.25, 2.85035]},
			"faces": {
				"north": {"uv": [0, 8, 0, 0], "rotation": 180, "texture": "#2"},
				"east": {"uv": [8, 8, 0, 14], "rotation": 270, "texture": "#2"},
				"south": {"uv": [0, 0, 0, 8], "texture": "#2"},
				"up": {"uv": [0, 6, 0, 0], "texture": "#2"},
				"down": {"uv": [0, 6, 0, 0], "rotation": 180, "texture": "#2"}
			}
		},
		{
			"from": [6.99985, 2.25, 2.10035],
			"to": [6.99985, 4.25, 3.60035],
			"rotation": {"angle": 45, "axis": "z", "origin": [8.00035, 3.25, 2.85035]},
			"faces": {
				"north": {"uv": [0, 8, 0, 0], "rotation": 180, "texture": "#2"},
				"south": {"uv": [0, 0, 0, 8], "texture": "#2"},
				"west": {"uv": [8, 0, 0, 6], "rotation": 90, "texture": "#2"},
				"up": {"uv": [0, 6, 0, 0], "texture": "#2"},
				"down": {"uv": [0, 6, 0, 0], "rotation": 180, "texture": "#2"}
			}
		},
		{
			"from": [7.00085, 2.25, 2.10035],
			"to": [9.00085, 2.25, 3.60035],
			"rotation": {"angle": 45, "axis": "z", "origin": [8.00035, 3.25, 2.85035]},
			"faces": {
				"north": {"uv": [8, 0, 0, 0], "rotation": 180, "texture": "#2"},
				"east": {"uv": [0, 0, 0, 6], "rotation": 270, "texture": "#2"},
				"south": {"uv": [8, 0, 0, 0], "texture": "#2"},
				"west": {"uv": [0, 0, 0, 6], "rotation": 90, "texture": "#2"},
				"down": {"uv": [8, 14, 16, 8], "rotation": 180, "texture": "#2"}
			}
		},
		{
			"from": [7.35, 15.01612, 10.81967],
			"to": [8.65, 16.31612, 12.11967],
			"rotation": {"angle": 22.5, "axis": "x", "origin": [8, 15.39368, 12.11378]},
			"faces": {
				"north": {"uv": [11.2, 7.2, 12.2, 8.2], "texture": "#4"},
				"east": {"uv": [11.2, 8.8, 12.2, 9.8], "texture": "#4"},
				"south": {"uv": [11.2, 10.4, 12.2, 11.4], "texture": "#4"},
				"west": {"uv": [12, 0, 13, 1], "texture": "#4"},
				"up": {"uv": [2.6, 13, 1.6, 12], "texture": "#4"},
				"down": {"uv": [13, 4, 12, 5], "texture": "#4"}
			}
		},
		{
			"from": [7.5, 15.72678, 11.53033],
			"to": [8.5, 16.72678, 12.53033],
			"rotation": {"angle": 22.5, "axis": "x", "origin": [8, 15.39368, 12.11378]},
			"faces": {
				"north": {"uv": [13.6, 0.8, 14.4, 1.6], "texture": "#4"},
				"east": {"uv": [3.2, 13.6, 4, 14.4], "texture": "#4"},
				"south": {"uv": [4, 13.6, 4.8, 14.4], "texture": "#4"},
				"west": {"uv": [13.6, 4, 14.4, 4.8], "texture": "#4"},
				"up": {"uv": [5.6, 14.4, 4.8, 13.6], "texture": "#4"},
				"down": {"uv": [14.4, 4.8, 13.6, 5.6], "texture": "#4"}
			}
		},
		{
			"from": [7.75, 14.4659, 12.00878],
			"to": [8.25, 16.4659, 13.00878],
			"rotation": {"angle": 0, "axis": "x", "origin": [8, 15.39368, 12.11378]},
			"faces": {
				"north": {"uv": [1.6, 13.6, 2, 15.2], "texture": "#4"},
				"east": {"uv": [11.2, 0, 12, 1.6], "texture": "#4"},
				"south": {"uv": [2.4, 13.6, 2.8, 15.2], "texture": "#4"},
				"west": {"uv": [0.8, 11.2, 1.6, 12.8], "texture": "#4"}
			}
		},
		{
			"from": [7.7475, 14.37049, 12.65268],
			"to": [8.2525, 15.37049, 13.40268],
			"rotation": {"angle": 45, "axis": "x", "origin": [8, 15.39368, 12.11378]},
			"faces": {
				"north": {"uv": [13.6, 12, 14, 12.8], "texture": "#4"},
				"east": {"uv": [7.2, 13.6, 7.8, 14.4], "texture": "#4"},
				"south": {"uv": [12.8, 13.6, 13.2, 14.4], "texture": "#4"},
				"west": {"uv": [13.6, 7.2, 14.2, 8], "texture": "#4"},
				"up": {"uv": [0.4, 15, 0, 14.4], "texture": "#4"},
				"down": {"uv": [14.8, 0, 14.4, 0.6], "texture": "#4"}
			}
		},
		{
			"from": [7.558, 15.23447, 9.81671],
			"to": [8.442, 16.11847, 11.38071],
			"rotation": {"angle": -22.5, "axis": "x", "origin": [8, 16.05147, 10.99871]},
			"faces": {
				"east": {"uv": [6.4, 12.8, 7.6, 13.6], "texture": "#4"},
				"west": {"uv": [12.8, 8, 14, 8.8], "texture": "#4"},
				"up": {"uv": [13.6, 10, 12.8, 8.8], "texture": "#4"},
				"down": {"uv": [13.6, 10.4, 12.8, 11.6], "texture": "#4"}
			}
		},
		{
			"from": [7.4475, 13.90548, 9.2974],
			"to": [8.5525, 15.86048, 10.4024],
			"rotation": {"angle": 45, "axis": "x", "origin": [8, 15.05798, 9.4749]},
			"faces": {
				"north": {"uv": [8.8, 10.4, 9.6, 12], "texture": "#4"},
				"east": {"uv": [10.4, 8.8, 11.2, 10.4], "texture": "#4"},
				"south": {"uv": [10.4, 10.4, 11.2, 12], "texture": "#4"},
				"west": {"uv": [0, 11.2, 0.8, 12.8], "texture": "#4"},
				"up": {"uv": [14.4, 0.8, 13.6, 0], "texture": "#4"}
			}
		},
		{
			"from": [7.35, 12.35, 7.6],
			"to": [8.65, 14.65, 8.9],
			"rotation": {"angle": 22.5, "axis": "x", "origin": [7.25, 12.25, 7.5]},
			"faces": {
				"north": {"uv": [8, 0, 9, 1.8], "texture": "#4"},
				"east": {"uv": [8, 2.4, 9, 4.2], "texture": "#4"},
				"south": {"uv": [8, 4.8, 9, 6.6], "texture": "#4"},
				"west": {"uv": [6.4, 8, 7.4, 9.8], "texture": "#4"},
				"up": {"uv": [7.4, 12.2, 6.4, 11.2], "texture": "#4"}
			}
		},
		{
			"from": [7.25, 4, 8],
			"to": [8.75, 5.75, 9.75],
			"rotation": {"angle": 45, "axis": "x", "origin": [7.5, 5.75, 8]},
			"faces": {
				"north": {"uv": [8, 8.6, 9.2, 7.2], "texture": "#4"},
				"east": {"uv": [6.4, 6.2, 7.8, 4.8], "texture": "#4"},
				"south": {"uv": [8, 10.2, 9.2, 8.8], "texture": "#4"},
				"west": {"uv": [6.4, 7.8, 7.8, 6.4], "texture": "#4"},
				"up": {"uv": [10.8, 3, 9.6, 1.6], "texture": "#4"},
				"down": {"uv": [10.8, 0, 9.6, 1.4], "texture": "#4"}
			}
		},
		{
			"from": [7.5, 4.25, 7],
			"to": [8.5, 5.75, 8.5],
			"rotation": {"angle": 45, "axis": "x", "origin": [7.5, 5.75, 7]},
			"faces": {
				"north": {"uv": [8.8, 13.2, 9.6, 12], "texture": "#4"},
				"east": {"uv": [9.6, 4.4, 10.8, 3.2], "texture": "#4"},
				"south": {"uv": [9.6, 13.2, 10.4, 12], "texture": "#4"},
				"west": {"uv": [4, 10.8, 5.2, 9.6], "texture": "#4"},
				"up": {"uv": [12, 13.2, 11.2, 12], "texture": "#4"},
				"down": {"uv": [11.2, 12, 10.4, 13.2], "texture": "#4"}
			}
		},
		{
			"from": [7.625, 4.43149, 4.6686],
			"to": [8.375, 5.43149, 6.6686],
			"rotation": {"angle": -22.5, "axis": "x", "origin": [8, 4.69632, 8]},
			"faces": {
				"north": {"uv": [13.6, 7.2, 14.2, 6.4], "texture": "#4"},
				"east": {"uv": [10.4, 5.6, 12, 4.8], "texture": "#4"},
				"west": {"uv": [10.4, 6.4, 12, 5.6], "texture": "#4"},
				"up": {"uv": [0.6, 14.4, 0, 12.8], "texture": "#4"},
				"down": {"uv": [12.6, 12, 12, 13.6], "texture": "#4"}
			}
		},
		{
			"from": [7.5, 3.33579, 6.29289],
			"to": [8.5, 4.33579, 8.29289],
			"rotation": {"angle": 45, "axis": "x", "origin": [7.5, 4.33579, 6.29289]},
			"faces": {
				"north": {"uv": [12.8, 12.8, 13.6, 12], "texture": "#4"},
				"east": {"uv": [6.4, 11.2, 8, 10.4], "texture": "#4"},
				"south": {"uv": [12.8, 13.6, 13.6, 12.8], "texture": "#4"},
				"west": {"uv": [10.4, 7.2, 12, 6.4], "texture": "#4"},
				"up": {"uv": [8.8, 12, 8, 10.4], "texture": "#4"},
				"down": {"uv": [11.2, 7.2, 10.4, 8.8], "texture": "#4"}
			}
		},
		{
			"from": [7.75, 3.04289, 3.35],
			"to": [8.25, 3.54289, 6.35],
			"rotation": {"angle": -45, "axis": "z", "origin": [8, 3.29289, 4.85]},
			"faces": {
				"north": {"uv": [14.4, 2, 14.8, 1.6], "rotation": 180, "texture": "#4"},
				"east": {"uv": [12.8, 3.6, 15.2, 3.2], "rotation": 180, "texture": "#4"},
				"south": {"uv": [14.4, 2.8, 14.8, 2.4], "rotation": 180, "texture": "#4"},
				"west": {"uv": [3.2, 13.2, 5.6, 12.8], "rotation": 180, "texture": "#4"},
				"up": {"uv": [1.2, 12.8, 0.8, 15.2], "rotation": 180, "texture": "#4"},
				"down": {"uv": [13.2, 8, 12.8, 5.6], "rotation": 180, "texture": "#4"}
			}
		},
		{
			"from": [7.6, 2.29289, 2.43579],
			"to": [8.4, 3.29289, 3.43579],
			"rotation": {"angle": -45, "axis": "x", "origin": [7.75, 3.29289, 2.43579]},
			"faces": {
				"north": {"uv": [8, 14.4, 8.6, 13.6], "texture": "#4"},
				"east": {"uv": [5.6, 14.4, 6.4, 13.6], "texture": "#4"},
				"south": {"uv": [8.8, 14.4, 9.4, 13.6], "texture": "#4"},
				"west": {"uv": [13.6, 6.4, 14.4, 5.6], "texture": "#4"},
				"up": {"uv": [10.2, 14.4, 9.6, 13.6], "texture": "#4"},
				"down": {"uv": [14.2, 8.8, 13.6, 9.6], "texture": "#4"}
			}
		},
		{
			"from": [7.985, 0.03934, 3.85],
			"to": [8.015, 3.03934, 5.1],
			"rotation": {"angle": 0, "axis": "x", "origin": [8, 1.53934, 4.475]},
			"faces": {
				"east": {"uv": [6.4, 4.8, 7.4, 2.4], "rotation": 180, "texture": "#4"},
				"west": {"uv": [6.4, 2.4, 7.4, 0], "rotation": 180, "texture": "#4"}
			}
		},
		{
			"from": [7.985, 9.45355, 3.85],
			"to": [8.015, 12.45355, 5.1],
			"rotation": {"angle": 0, "axis": "z", "origin": [8, 10.95355, 4.475]},
			"faces": {
				"east": {"uv": [6.4, 0, 7.4, 2.4], "texture": "#4"},
				"west": {"uv": [6.4, 2.4, 7.4, 4.8], "texture": "#4"}
			}
		},
		{
			"from": [7.35, 1.35, 7.6],
			"to": [8.65, 3.65, 8.9],
			"rotation": {"angle": -22.5, "axis": "x", "origin": [7.25, 3.75, 7.5]},
			"faces": {
				"north": {"uv": [8, 1.8, 9, 0], "texture": "#4"},
				"east": {"uv": [8, 4.2, 9, 2.4], "texture": "#4"},
				"south": {"uv": [8, 6.6, 9, 4.8], "texture": "#4"},
				"west": {"uv": [6.4, 9.8, 7.4, 8], "texture": "#4"},
				"down": {"uv": [7.4, 11.2, 6.4, 12.2], "texture": "#4"}
			}
		},
		{
			"from": [7.4475, 0.13952, 9.2974],
			"to": [8.5525, 2.09452, 10.4024],
			"rotation": {"angle": -45, "axis": "x", "origin": [8, 0.94202, 9.4749]},
			"faces": {
				"north": {"uv": [8.8, 12, 9.6, 10.4], "texture": "#4"},
				"east": {"uv": [10.4, 10.4, 11.2, 8.8], "texture": "#4"},
				"south": {"uv": [10.4, 12, 11.2, 10.4], "texture": "#4"},
				"west": {"uv": [0, 12.8, 0.8, 11.2], "texture": "#4"},
				"down": {"uv": [14.4, 0, 13.6, 0.8], "texture": "#4"}
			}
		},
		{
			"from": [7.558, -0.11847, 9.81671],
			"to": [8.442, 0.76553, 11.38071],
			"rotation": {"angle": 22.5, "axis": "x", "origin": [8, -0.05147, 10.99871]},
			"faces": {
				"east": {"uv": [6.4, 13.6, 7.6, 12.8], "texture": "#4"},
				"west": {"uv": [12.8, 8.8, 14, 8], "texture": "#4"},
				"up": {"uv": [13.6, 11.6, 12.8, 10.4], "texture": "#4"},
				"down": {"uv": [13.6, 8.8, 12.8, 10], "texture": "#4"}
			}
		},
		{
			"from": [7.7475, 0.62951, 12.65268],
			"to": [8.2525, 1.62951, 13.40268],
			"rotation": {"angle": -45, "axis": "x", "origin": [8, 0.60632, 12.11378]},
			"faces": {
				"north": {"uv": [13.6, 12.8, 14, 12], "texture": "#4"},
				"east": {"uv": [7.2, 14.4, 7.8, 13.6], "texture": "#4"},
				"south": {"uv": [12.8, 14.4, 13.2, 13.6], "texture": "#4"},
				"west": {"uv": [13.6, 8, 14.2, 7.2], "texture": "#4"},
				"up": {"uv": [14.8, 0.6, 14.4, 0], "texture": "#4"},
				"down": {"uv": [0.4, 14.4, 0, 15], "texture": "#4"}
			}
		},
		{
			"from": [7.75, -0.4659, 12.00878],
			"to": [8.25, 1.5341, 13.00878],
			"rotation": {"angle": 0, "axis": "x", "origin": [8, 0.60632, 12.11378]},
			"faces": {
				"north": {"uv": [1.6, 15.2, 2, 13.6], "texture": "#4"},
				"east": {"uv": [11.2, 1.6, 12, 0], "texture": "#4"},
				"south": {"uv": [2.4, 15.2, 2.8, 13.6], "texture": "#4"},
				"west": {"uv": [0.8, 12.8, 1.6, 11.2], "texture": "#4"}
			}
		},
		{
			"from": [7.5, -0.72678, 11.53033],
			"to": [8.5, 0.27322, 12.53033],
			"rotation": {"angle": -22.5, "axis": "x", "origin": [8, 0.60632, 12.11378]},
			"faces": {
				"north": {"uv": [13.6, 1.6, 14.4, 0.8], "texture": "#4"},
				"east": {"uv": [3.2, 14.4, 4, 13.6], "texture": "#4"},
				"south": {"uv": [4, 14.4, 4.8, 13.6], "texture": "#4"},
				"west": {"uv": [13.6, 4.8, 14.4, 4], "texture": "#4"},
				"up": {"uv": [14.4, 5.6, 13.6, 4.8], "texture": "#4"},
				"down": {"uv": [5.6, 13.6, 4.8, 14.4], "texture": "#4"}
			}
		},
		{
			"from": [7.35, -0.31612, 10.81967],
			"to": [8.65, 0.98388, 12.11967],
			"rotation": {"angle": -22.5, "axis": "x", "origin": [8, 0.60632, 12.11378]},
			"faces": {
				"north": {"uv": [11.2, 8.2, 12.2, 7.2], "texture": "#4"},
				"east": {"uv": [11.2, 9.8, 12.2, 8.8], "texture": "#4"},
				"south": {"uv": [11.2, 11.4, 12.2, 10.4], "texture": "#4"},
				"west": {"uv": [12, 1, 13, 0], "texture": "#4"},
				"up": {"uv": [13, 5, 12, 4], "texture": "#4"},
				"down": {"uv": [2.6, 12, 1.6, 13], "texture": "#4"}
			}
		},
		{
			"from": [7.5, 5.125, 7.5],
			"to": [8.5, 6.625, 8.5],
			"rotation": {"angle": 0, "axis": "y", "origin": [7.5, 4.625, 7.5]},
			"faces": {
				"north": {"uv": [4.8, 12.4, 5.6, 11.2], "texture": "#4"},
				"east": {"uv": [5.6, 13.2, 6.4, 12], "texture": "#4"},
				"south": {"uv": [12, 6.8, 12.8, 5.6], "texture": "#4"},
				"west": {"uv": [8, 13.2, 8.8, 12], "texture": "#4"},
				"up": {"uv": [12, 4.8, 11.2, 4], "texture": "#4"}
			}
		},
		{
			"from": [7.35, 5.625, 7.35],
			"to": [8.65, 6.125, 8.65],
			"rotation": {"angle": 0, "axis": "y", "origin": [7.5, 5.625, 7.5]},
			"faces": {
				"north": {"uv": [13.6, 10, 14.6, 9.6], "texture": "#4"},
				"east": {"uv": [10.4, 14, 11.4, 13.6], "texture": "#4"},
				"south": {"uv": [13.6, 10.8, 14.6, 10.4], "texture": "#4"},
				"west": {"uv": [13.6, 11.6, 14.6, 11.2], "texture": "#4"},
				"up": {"uv": [4.2, 12.2, 3.2, 11.2], "texture": "#4"},
				"down": {"uv": [12.2, 2.4, 11.2, 3.4], "texture": "#4"}
			}
		},
		{
			"from": [7.75, 4.19632, 4.87182],
			"to": [8.25, 5.19632, 6.62182],
			"rotation": {"angle": 0, "axis": "y", "origin": [8, 4.69632, 8]},
			"faces": {
				"north": {"uv": [12, 14.4, 12.4, 13.6], "texture": "#4"},
				"east": {"uv": [1.6, 12, 3, 11.2], "texture": "#4"},
				"west": {"uv": [11.2, 2.4, 12.6, 1.6], "texture": "#4"},
				"up": {"uv": [6.8, 15, 6.4, 13.6], "texture": "#4"}
			}
		},
		{
			"from": [7.875, 4.05683, 5.14957],
			"to": [8.125, 5.05683, 6.64957],
			"rotation": {"angle": 22.5, "axis": "x", "origin": [8, 4.69632, 8]},
			"faces": {
				"north": {"uv": [14.4, 1.6, 14.6, 0.8], "texture": "#4"},
				"east": {"uv": [12.8, 2.4, 14, 1.6], "texture": "#4"},
				"west": {"uv": [12.8, 3.2, 14, 2.4], "texture": "#4"},
				"up": {"uv": [13.8, 14, 13.6, 12.8], "texture": "#4"}
			}
		},
		{
			"from": [7.985, 1.25, 12.25],
			"to": [8.015, 14.75, 17.25],
			"rotation": {"angle": 0, "axis": "y", "origin": [7.985, 0.5, 5]},
			"faces": {
				"east": {"uv": [4, 0, 0, 10.8], "texture": "#4"},
				"west": {"uv": [0, 0, 4, 10.8], "texture": "#4"}
			}
		}
	],
	"gui_light": "front",
	"display": {
		"thirdperson_righthand": {
			"translation": [0, -2, 1]
		},
		"thirdperson_lefthand": {
			"translation": [0, -2, 1]
		},
		"firstperson_righthand": {
			"translation": [-0.75, 4.75, 0]
		},
		"firstperson_lefthand": {
			"translation": [-0.75, 4.75, 0]
		},
		"ground": {
			"rotation": [45, 0, 0],
			"translation": [0, 4, 0],
			"scale": [0.7, 0.7, 0.7]
		},
		"gui": {
			"rotation": [90, 45, 90],
			"translation": [-0.5, 0.5, 0],
			"scale": [0.7, 0.7, 0.7]
		},
		"head": {
			"rotation": [90, -45, 90]
		},
		"fixed": {
			"rotation": [0, -90, 0],
			"translation": [0, 0, -1.25],
			"scale": [2, 2, 2]
		}
	}
}