{
	"credit": "Made by PolygonMC",
	"texture_size": [24, 24],
	"textures": {
		"1": "arcanistset:animations/animations_1",
		"2": "arcanistset:animations/animations_2",
		"3": "arcanistset:fishing_rod",
		"particle": "arcanistset:animations/animations_1"
	},
	"elements": [
		{
			"from": [7.35, 0.6, 7.35],
			"to": [8.65, 1.9, 8.65],
			"rotation": {"angle": -45, "axis": "x", "origin": [8, 1.25, 8]},
			"faces": {
				"north": {"uv": [10, 9.33333, 10.83333, 10.16667], "texture": "#3"},
				"east": {"uv": [0, 10.66667, 0.83333, 11.5], "texture": "#3"},
				"south": {"uv": [10.66667, 0, 11.5, 0.83333], "texture": "#3"},
				"west": {"uv": [1.33333, 10.66667, 2.16667, 11.5], "texture": "#3"},
				"up": {"uv": [11.5, 2.16667, 10.66667, 1.33333], "texture": "#3"},
				"down": {"uv": [5.5, 10.66667, 4.66667, 11.5], "texture": "#3"}
			}
		},
		{
			"from": [7.5, 1.66924, 7.5],
			"to": [8.5, 3.16924, 8.5],
			"rotation": {"angle": 0, "axis": "y", "origin": [7.5, 1.16924, 7.5]},
			"faces": {
				"north": {"uv": [7.33333, 10.66667, 8, 11.66667], "texture": "#3"},
				"east": {"uv": [11.33333, 2.66667, 12, 3.66667], "texture": "#3"},
				"south": {"uv": [4, 11.33333, 4.66667, 12.33333], "texture": "#3"},
				"west": {"uv": [11.33333, 4, 12, 5], "texture": "#3"},
				"up": {"uv": [8.66667, 5.33333, 8, 4.66667], "texture": "#3"}
			}
		},
		{
			"from": [7.6, 3.16924, 7.6],
			"to": [8.4, 5.91924, 8.4],
			"rotation": {"angle": 0, "axis": "y", "origin": [8, 4.54424, 8]},
			"faces": {
				"north": {"uv": [5.33333, 8, 5.83333, 9.83333], "texture": "#3"},
				"east": {"uv": [2.66667, 9.33333, 3.16667, 11.16667], "texture": "#3"},
				"south": {"uv": [3.33333, 9.33333, 3.83333, 11.16667], "texture": "#3"},
				"west": {"uv": [4, 9.33333, 4.5, 11.16667], "texture": "#3"}
			}
		},
		{
			"from": [7.35, 2.16924, 7.35],
			"to": [8.65, 2.66924, 8.65],
			"rotation": {"angle": 0, "axis": "y", "origin": [7.5, 2.16924, 7.5]},
			"faces": {
				"north": {"uv": [4.66667, 12.66667, 5.5, 13], "texture": "#3"},
				"east": {"uv": [12.66667, 4.66667, 13.5, 5], "texture": "#3"},
				"south": {"uv": [12.66667, 5.33333, 13.5, 5.66667], "texture": "#3"},
				"west": {"uv": [12.66667, 6, 13.5, 6.33333], "texture": "#3"},
				"up": {"uv": [6.83333, 11.5, 6, 10.66667], "texture": "#3"},
				"down": {"uv": [11.5, 6.66667, 10.66667, 7.5], "texture": "#3"}
			}
		},
		{
			"from": [7.5, 5.91924, 7.5],
			"to": [8.5, 7.41924, 8.5],
			"rotation": {"angle": 0, "axis": "y", "origin": [7.5, 7.91924, 7.5]},
			"faces": {
				"north": {"uv": [11.33333, 5.33333, 12, 6.33333], "texture": "#3"},
				"east": {"uv": [8, 11.33333, 8.66667, 12.33333], "texture": "#3"},
				"south": {"uv": [11.33333, 9.33333, 12, 10.33333], "texture": "#3"},
				"west": {"uv": [11.33333, 10.66667, 12, 11.66667], "texture": "#3"},
				"down": {"uv": [6, 10, 5.33333, 10.66667], "texture": "#3"}
			}
		},
		{
			"from": [7.35, 6.41924, 7.35],
			"to": [8.65, 6.91924, 8.65],
			"rotation": {"angle": 0, "axis": "y", "origin": [7.5, 6.91924, 7.5]},
			"faces": {
				"north": {"uv": [6.66667, 12.66667, 7.5, 13], "texture": "#3"},
				"east": {"uv": [12.66667, 6.66667, 13.5, 7], "texture": "#3"},
				"south": {"uv": [12.66667, 7.33333, 13.5, 7.66667], "texture": "#3"},
				"west": {"uv": [8, 12.66667, 8.83333, 13], "texture": "#3"},
				"up": {"uv": [11.5, 8.83333, 10.66667, 8], "texture": "#3"},
				"down": {"uv": [9.5, 10.66667, 8.66667, 11.5], "texture": "#3"}
			}
		},
		{
			"from": [7.5, -0.25, 8],
			"to": [8.5, 0.75, 9],
			"rotation": {"angle": -45, "axis": "x", "origin": [7.75, -0.25, 8]},
			"faces": {
				"north": {"uv": [10.66667, 2.66667, 11.33333, 3.33333], "texture": "#3"},
				"east": {"uv": [2, 12, 2.66667, 12.66667], "texture": "#3"},
				"south": {"uv": [12, 4, 12.66667, 4.66667], "texture": "#3"},
				"west": {"uv": [4.66667, 12, 5.33333, 12.66667], "texture": "#3"},
				"up": {"uv": [12.66667, 5.33333, 12, 4.66667], "texture": "#3"},
				"down": {"uv": [6, 12, 5.33333, 12.66667], "texture": "#3"}
			}
		},
		{
			"from": [7.75, 0.13268, 6.07612],
			"to": [8.25, 1.13268, 8.07612],
			"rotation": {"angle": 22.5, "axis": "x", "origin": [7.75, 0.13268, 7.07612]},
			"faces": {
				"east": {"uv": [8.66667, 6, 10, 6.66667], "texture": "#3"},
				"west": {"uv": [9.33333, 2.66667, 10.66667, 3.33333], "texture": "#3"},
				"up": {"uv": [12.33333, 6.66667, 12, 5.33333], "texture": "#3"},
				"down": {"uv": [6.33333, 12, 6, 13.33333], "texture": "#3"}
			}
		},
		{
			"from": [7.7475, 0.63059, 5.7315],
			"to": [8.2525, 1.63059, 6.4815],
			"rotation": {"angle": -22.5, "axis": "x", "origin": [7.9975, 1.63059, 6.2315]},
			"faces": {
				"north": {"uv": [12.66667, 11.33333, 13, 12], "texture": "#3"},
				"east": {"uv": [12, 12, 12.5, 12.66667], "texture": "#3"},
				"south": {"uv": [12, 12.66667, 12.33333, 13.33333], "texture": "#3"},
				"west": {"uv": [12.66667, 0, 13.16667, 0.66667], "texture": "#3"},
				"up": {"uv": [13.66667, 3.16667, 13.33333, 2.66667], "texture": "#3"},
				"down": {"uv": [3.66667, 13.33333, 3.33333, 13.83333], "texture": "#3"}
			}
		},
		{
			"from": [7.75, 0.13268, 7.92388],
			"to": [8.25, 1.13268, 9.92388],
			"rotation": {"angle": -22.5, "axis": "x", "origin": [7.75, 0.13268, 8.92388]},
			"faces": {
				"east": {"uv": [10, 6, 8.66667, 6.66667], "texture": "#3"},
				"west": {"uv": [10.66667, 2.66667, 9.33333, 3.33333], "texture": "#3"},
				"up": {"uv": [12.33333, 5.33333, 12, 6.66667], "texture": "#3"},
				"down": {"uv": [6.33333, 13.33333, 6, 12], "texture": "#3"}
			}
		},
		{
			"from": [7.7475, 0.63059, 9.5185],
			"to": [8.2525, 1.63059, 10.2685],
			"rotation": {"angle": 22.5, "axis": "x", "origin": [7.9975, 1.63059, 9.7685]},
			"faces": {
				"north": {"uv": [12.33333, 12.66667, 12, 13.33333], "texture": "#3"},
				"east": {"uv": [12.5, 12, 12, 12.66667], "texture": "#3"},
				"south": {"uv": [13, 11.33333, 12.66667, 12], "texture": "#3"},
				"west": {"uv": [13.16667, 0, 12.66667, 0.66667], "texture": "#3"},
				"up": {"uv": [13.66667, 2.66667, 13.33333, 3.16667], "texture": "#3"},
				"down": {"uv": [3.66667, 13.83333, 3.33333, 13.33333], "texture": "#3"}
			}
		},
		{
			"from": [7.25, 6.9, 8],
			"to": [8.75, 8.65, 9.75],
			"rotation": {"angle": -45, "axis": "x", "origin": [7.5, 6.9, 8]},
			"faces": {
				"north": {"uv": [7.33333, 5.33333, 8.33333, 6.5], "texture": "#3"},
				"east": {"uv": [6.66667, 0, 7.83333, 1.16667], "texture": "#3"},
				"south": {"uv": [6.66667, 7.33333, 7.66667, 8.5], "texture": "#3"},
				"west": {"uv": [6.66667, 1.33333, 7.83333, 2.5], "texture": "#3"},
				"up": {"uv": [9, 1.16667, 8, 0], "texture": "#3"},
				"down": {"uv": [9, 1.33333, 8, 2.5], "texture": "#3"}
			}
		},
		{
			"from": [7.5, 6.9, 7.5],
			"to": [8.5, 8.4, 9],
			"rotation": {"angle": 45, "axis": "x", "origin": [7.5, 6.9, 9]},
			"faces": {
				"north": {"uv": [12.66667, 0, 12, 1], "texture": "#3"},
				"east": {"uv": [9, 6.66667, 8, 7.66667], "texture": "#3"},
				"south": {"uv": [0.66667, 12, 0, 13], "texture": "#3"},
				"west": {"uv": [9, 8, 8, 9], "texture": "#3"},
				"up": {"uv": [1.33333, 12, 0.66667, 13], "texture": "#3"},
				"down": {"uv": [2, 13, 1.33333, 12], "texture": "#3"}
			}
		},
		{
			"from": [7.5, 8.31421, 7.70711],
			"to": [8.5, 9.31421, 9.70711],
			"rotation": {"angle": 45, "axis": "x", "origin": [7.5, 8.31421, 9.70711]},
			"faces": {
				"north": {"uv": [12.66667, 6.66667, 12, 7.33333], "texture": "#3"},
				"east": {"uv": [10.66667, 6.66667, 9.33333, 7.33333], "texture": "#3"},
				"south": {"uv": [7.33333, 12, 6.66667, 12.66667], "texture": "#3"},
				"west": {"uv": [10.66667, 7.33333, 9.33333, 8], "texture": "#3"},
				"up": {"uv": [5.33333, 9.33333, 4.66667, 10.66667], "texture": "#3"},
				"down": {"uv": [6.66667, 10.66667, 6, 9.33333], "texture": "#3"}
			}
		},
		{
			"from": [7.0975, 10.49944, 8.25],
			"to": [8.9025, 11.41444, 9.165],
			"rotation": {"angle": -45, "axis": "x", "origin": [7.7475, 10.24944, 8]},
			"faces": {
				"north": {"uv": [9.33333, 8, 10.5, 8.66667], "texture": "#3"},
				"east": {"uv": [7.33333, 12, 8, 12.66667], "texture": "#3"},
				"south": {"uv": [8.66667, 9.33333, 9.83333, 10], "texture": "#3"},
				"west": {"uv": [12, 7.33333, 12.66667, 8], "texture": "#3"},
				"up": {"uv": [10.5, 9.33333, 9.33333, 8.66667], "texture": "#3"},
				"down": {"uv": [1.16667, 10, 0, 10.66667], "texture": "#3"}
			}
		},
		{
			"from": [7.0975, 12.12444, 8.25],
			"to": [8.9025, 13.03944, 9.165],
			"rotation": {"angle": -45, "axis": "x", "origin": [7.7475, 11.87444, 8]},
			"faces": {
				"north": {"uv": [1.33333, 10, 2.5, 10.66667], "texture": "#3"},
				"east": {"uv": [12, 8, 12.66667, 8.66667], "texture": "#3"},
				"south": {"uv": [10, 3.33333, 11.16667, 4], "texture": "#3"},
				"west": {"uv": [8.66667, 12, 9.33333, 12.66667], "texture": "#3"},
				"up": {"uv": [11.16667, 4.66667, 10, 4], "texture": "#3"},
				"down": {"uv": [11.16667, 4.66667, 10, 5.33333], "texture": "#3"}
			}
		},
		{
			"from": [7.0975, 8.87444, 8.25],
			"to": [8.9025, 9.78944, 9.165],
			"rotation": {"angle": -45, "axis": "x", "origin": [7.7475, 8.62444, 8]},
			"faces": {
				"north": {"uv": [10, 5.33333, 11.16667, 6], "texture": "#3"},
				"east": {"uv": [12, 8.66667, 12.66667, 9.33333], "texture": "#3"},
				"south": {"uv": [10, 6, 11.16667, 6.66667], "texture": "#3"},
				"west": {"uv": [9.33333, 12, 10, 12.66667], "texture": "#3"},
				"up": {"uv": [7.83333, 10.66667, 6.66667, 10], "texture": "#3"},
				"down": {"uv": [9.83333, 10, 8.66667, 10.66667], "texture": "#3"}
			}
		},
		{
			"from": [6.5, -2.25, 6.5],
			"to": [9.5, -0.25, 6.5],
			"rotation": {"angle": 45, "axis": "y", "origin": [8, -1.25, 8]},
			"faces": {
				"north": {"uv": [0, 4, 6, 8], "texture": "#1"}
			}
		},
		{
			"from": [6.5, -2.25, 6.5],
			"to": [6.5, -0.25, 9.5],
			"rotation": {"angle": 45, "axis": "y", "origin": [8, -1.25, 8]},
			"faces": {
				"west": {"uv": [6, 4, 12, 8], "texture": "#1"}
			}
		},
		{
			"from": [6.5, -2.25, 9.5],
			"to": [9.5, -0.25, 9.5],
			"rotation": {"angle": 45, "axis": "y", "origin": [8, -1.25, 8]},
			"faces": {
				"south": {"uv": [0, 0, 6, 4], "texture": "#1"}
			}
		},
		{
			"from": [9.5, -2.25, 6.5],
			"to": [9.5, -0.25, 9.5],
			"rotation": {"angle": 45, "axis": "y", "origin": [8, -1.25, 8]},
			"faces": {
				"east": {"uv": [6, 0, 12, 4], "texture": "#1"}
			}
		},
		{
			"from": [7.001, -4, 7],
			"to": [9.001, -2.5, 7],
			"rotation": {"angle": 45, "axis": "y", "origin": [8, -3.25, 8]},
			"faces": {
				"north": {"uv": [16, 0, 8, 6], "texture": "#2"},
				"east": {"uv": [0, 0, 0, 6], "texture": "#2"},
				"west": {"uv": [0, 0, 0, 6], "texture": "#2"},
				"up": {"uv": [8, 0, 0, 0], "texture": "#2"},
				"down": {"uv": [8, 0, 0, 0], "texture": "#2"}
			}
		},
		{
			"from": [7.001, -4, 9],
			"to": [9.001, -2.5, 9],
			"rotation": {"angle": 45, "axis": "y", "origin": [8, -3.25, 8]},
			"faces": {
				"east": {"uv": [0, 0, 0, 6], "texture": "#2"},
				"south": {"uv": [16, 8, 8, 14], "texture": "#2"},
				"west": {"uv": [0, 0, 0, 6], "texture": "#2"},
				"up": {"uv": [8, 0, 0, 0], "texture": "#2"},
				"down": {"uv": [8, 0, 0, 0], "texture": "#2"}
			}
		},
		{
			"from": [9, -4, 7],
			"to": [9, -2.5, 9],
			"rotation": {"angle": 45, "axis": "y", "origin": [8, -3.25, 8]},
			"faces": {
				"north": {"uv": [0, 0, 0, 6], "texture": "#2"},
				"east": {"uv": [8, 8, 0, 14], "texture": "#2"},
				"south": {"uv": [0, 0, 0, 6], "texture": "#2"},
				"up": {"uv": [0, 0, 0, 8], "texture": "#2"},
				"down": {"uv": [0, 8, 0, 0], "texture": "#2"}
			}
		},
		{
			"from": [7, -4, 7],
			"to": [7, -2.5, 9],
			"rotation": {"angle": 45, "axis": "y", "origin": [8, -3.25, 8]},
			"faces": {
				"north": {"uv": [0, 0, 0, 6], "texture": "#2"},
				"south": {"uv": [0, 0, 0, 6], "texture": "#2"},
				"west": {"uv": [8, 0, 0, 6], "texture": "#2"},
				"up": {"uv": [0, 0, 0, 8], "texture": "#2"},
				"down": {"uv": [0, 8, 0, 0], "texture": "#2"}
			}
		},
		{
			"from": [7.001, 12.75, 7],
			"to": [9.001, 14.25, 7],
			"rotation": {"angle": 45, "axis": "y", "origin": [8, 13.5, 8]},
			"faces": {
				"north": {"uv": [16, 0, 8, 6], "texture": "#2"},
				"east": {"uv": [0, 0, 0, 6], "texture": "#2"},
				"west": {"uv": [0, 0, 0, 6], "texture": "#2"},
				"up": {"uv": [8, 0, 0, 0], "texture": "#2"},
				"down": {"uv": [8, 0, 0, 0], "texture": "#2"}
			}
		},
		{
			"from": [7.001, 12.75, 9],
			"to": [9.001, 14.25, 9],
			"rotation": {"angle": 45, "axis": "y", "origin": [8, 13.5, 8]},
			"faces": {
				"east": {"uv": [0, 0, 0, 6], "texture": "#2"},
				"south": {"uv": [16, 8, 8, 14], "texture": "#2"},
				"west": {"uv": [0, 0, 0, 6], "texture": "#2"},
				"up": {"uv": [8, 0, 0, 0], "texture": "#2"},
				"down": {"uv": [8, 0, 0, 0], "texture": "#2"}
			}
		},
		{
			"from": [9, 12.75, 7],
			"to": [9, 14.25, 9],
			"rotation": {"angle": 45, "axis": "y", "origin": [8, 13.5, 8]},
			"faces": {
				"north": {"uv": [0, 0, 0, 6], "texture": "#2"},
				"east": {"uv": [8, 8, 0, 14], "texture": "#2"},
				"south": {"uv": [0, 0, 0, 6], "texture": "#2"},
				"up": {"uv": [0, 0, 0, 8], "texture": "#2"},
				"down": {"uv": [0, 8, 0, 0], "texture": "#2"}
			}
		},
		{
			"from": [7, 12.75, 7],
			"to": [7, 14.25, 9],
			"rotation": {"angle": 45, "axis": "y", "origin": [8, 13.5, 8]},
			"faces": {
				"north": {"uv": [0, 0, 0, 6], "texture": "#2"},
				"south": {"uv": [0, 0, 0, 6], "texture": "#2"},
				"west": {"uv": [8, 0, 0, 6], "texture": "#2"},
				"up": {"uv": [0, 0, 0, 8], "texture": "#2"},
				"down": {"uv": [0, 8, 0, 0], "texture": "#2"}
			}
		},
		{
			"from": [7.001, 16, 9],
			"to": [9.001, 17.5, 9],
			"rotation": {"angle": -45, "axis": "y", "origin": [8, 16.75, 8]},
			"faces": {
				"east": {"uv": [0, 0, 0, 6], "texture": "#2"},
				"south": {"uv": [8, 0, 16, 6], "texture": "#2"},
				"west": {"uv": [0, 0, 0, 6], "texture": "#2"},
				"up": {"uv": [8, 0, 0, 0], "texture": "#2"},
				"down": {"uv": [8, 0, 0, 0], "texture": "#2"}
			}
		},
		{
			"from": [7.001, 16, 7],
			"to": [9.001, 17.5, 7],
			"rotation": {"angle": -45, "axis": "y", "origin": [8, 16.75, 8]},
			"faces": {
				"north": {"uv": [8, 8, 16, 14], "texture": "#2"},
				"east": {"uv": [0, 0, 0, 6], "texture": "#2"},
				"west": {"uv": [0, 0, 0, 6], "texture": "#2"},
				"up": {"uv": [8, 0, 0, 0], "texture": "#2"},
				"down": {"uv": [8, 0, 0, 0], "texture": "#2"}
			}
		},
		{
			"from": [9, 16, 7],
			"to": [9, 17.5, 9],
			"rotation": {"angle": -45, "axis": "y", "origin": [8, 16.75, 8]},
			"faces": {
				"north": {"uv": [0, 0, 0, 6], "texture": "#2"},
				"east": {"uv": [0, 8, 8, 14], "texture": "#2"},
				"south": {"uv": [0, 0, 0, 6], "texture": "#2"},
				"up": {"uv": [0, 8, 0, 0], "texture": "#2"},
				"down": {"uv": [0, 0, 0, 8], "texture": "#2"}
			}
		},
		{
			"from": [7, 16, 7],
			"to": [7, 17.5, 9],
			"rotation": {"angle": -45, "axis": "y", "origin": [8, 16.75, 8]},
			"faces": {
				"north": {"uv": [0, 0, 0, 6], "texture": "#2"},
				"south": {"uv": [0, 0, 0, 6], "texture": "#2"},
				"west": {"uv": [0, 0, 8, 6], "texture": "#2"},
				"up": {"uv": [0, 8, 0, 0], "texture": "#2"},
				"down": {"uv": [0, 0, 0, 8], "texture": "#2"}
			}
		},
		{
			"from": [7.001, 19, 7],
			"to": [9.001, 20.5, 7],
			"rotation": {"angle": 45, "axis": "y", "origin": [8, 19.75, 8]},
			"faces": {
				"north": {"uv": [16, 0, 8, 6], "texture": "#2"},
				"east": {"uv": [0, 0, 0, 6], "texture": "#2"},
				"west": {"uv": [0, 0, 0, 6], "texture": "#2"},
				"up": {"uv": [8, 0, 0, 0], "texture": "#2"},
				"down": {"uv": [8, 0, 0, 0], "texture": "#2"}
			}
		},
		{
			"from": [7.001, 19, 9],
			"to": [9.001, 20.5, 9],
			"rotation": {"angle": 45, "axis": "y", "origin": [8, 19.75, 8]},
			"faces": {
				"east": {"uv": [0, 0, 0, 6], "texture": "#2"},
				"south": {"uv": [16, 8, 8, 14], "texture": "#2"},
				"west": {"uv": [0, 0, 0, 6], "texture": "#2"},
				"up": {"uv": [8, 0, 0, 0], "texture": "#2"},
				"down": {"uv": [8, 0, 0, 0], "texture": "#2"}
			}
		},
		{
			"from": [9, 19, 7],
			"to": [9, 20.5, 9],
			"rotation": {"angle": 45, "axis": "y", "origin": [8, 19.75, 8]},
			"faces": {
				"north": {"uv": [0, 0, 0, 6], "texture": "#2"},
				"east": {"uv": [8, 8, 0, 14], "texture": "#2"},
				"south": {"uv": [0, 0, 0, 6], "texture": "#2"},
				"up": {"uv": [0, 0, 0, 8], "texture": "#2"},
				"down": {"uv": [0, 8, 0, 0], "texture": "#2"}
			}
		},
		{
			"from": [7, 19, 7],
			"to": [7, 20.5, 9],
			"rotation": {"angle": 45, "axis": "y", "origin": [8, 19.75, 8]},
			"faces": {
				"north": {"uv": [0, 0, 0, 6], "texture": "#2"},
				"south": {"uv": [0, 0, 0, 6], "texture": "#2"},
				"west": {"uv": [8, 0, 0, 6], "texture": "#2"},
				"up": {"uv": [0, 0, 0, 8], "texture": "#2"},
				"down": {"uv": [0, 8, 0, 0], "texture": "#2"}
			}
		},
		{
			"from": [7.35, 8.66924, 7.35],
			"to": [8.65, 13.71924, 8.65],
			"rotation": {"angle": 0, "axis": "y", "origin": [7.25, 8.66924, 7.25]},
			"faces": {
				"north": {"uv": [2.66667, 0, 3.5, 3.33333], "texture": "#3"},
				"east": {"uv": [2.66667, 3.33333, 3.5, 6.66667], "texture": "#3"},
				"south": {"uv": [4, 0, 4.83333, 3.33333], "texture": "#3"},
				"west": {"uv": [4, 3.33333, 4.83333, 6.66667], "texture": "#3"},
				"up": {"uv": [10.83333, 11.5, 10, 10.66667], "texture": "#3"},
				"down": {"uv": [3.5, 11.33333, 2.66667, 12.16667], "texture": "#3"}
			}
		},
		{
			"from": [8.00732, 7.75355, 8.11066],
			"to": [8.98232, 8.72855, 10.86066],
			"rotation": {"angle": 45, "axis": "z", "origin": [7.98232, 7.75355, 11.86066]},
			"faces": {
				"east": {"uv": [7.83333, 6.66667, 6, 7.33333], "texture": "#3"},
				"west": {"uv": [9.16667, 2.66667, 7.33333, 3.33333], "texture": "#3"},
				"up": {"uv": [8, 3.33333, 7.33333, 5.16667], "texture": "#3"},
				"down": {"uv": [6.66667, 9.16667, 6, 7.33333], "texture": "#3"}
			}
		},
		{
			"from": [7.25, 7.29645, 9.42487],
			"to": [8.75, 8.79645, 10.92487],
			"rotation": {"angle": 45, "axis": "x", "origin": [7.25, 7.04645, 11.17487]},
			"faces": {
				"north": {"uv": [9.66667, 4.66667, 8.66667, 5.66667], "texture": "#3"},
				"east": {"uv": [2.33333, 8.66667, 1.33333, 9.66667], "texture": "#3"},
				"south": {"uv": [1, 8.66667, 0, 9.66667], "texture": "#3"},
				"west": {"uv": [7.66667, 8.66667, 6.66667, 9.66667], "texture": "#3"},
				"up": {"uv": [10.33333, 0, 9.33333, 1], "texture": "#3"},
				"down": {"uv": [10.33333, 2.33333, 9.33333, 1.33333], "texture": "#3"}
			}
		},
		{
			"from": [7.6, 7.9, 8.8],
			"to": [8.4, 8.9, 11.3],
			"rotation": {"angle": -22.5, "axis": "x", "origin": [7.5, 7.9, 11.3]},
			"faces": {
				"east": {"uv": [9.66667, 3.33333, 8, 4], "texture": "#3"},
				"west": {"uv": [9.66667, 4, 8, 4.66667], "texture": "#3"},
				"down": {"uv": [8.5, 11, 8, 9.33333], "texture": "#3"}
			}
		},
		{
			"from": [6.25, 7.9, 10.9],
			"to": [7.75, 8.9, 11.4],
			"rotation": {"angle": 0, "axis": "y", "origin": [6.25, 7.9, 11.4]},
			"faces": {
				"north": {"uv": [13, 2, 12, 2.66667], "texture": "#3"},
				"south": {"uv": [13, 1.33333, 12, 2], "texture": "#3"},
				"west": {"uv": [13, 12, 12.66667, 12.66667], "texture": "#3"},
				"up": {"uv": [13.66667, 0.66667, 12.66667, 1], "texture": "#3"},
				"down": {"uv": [3, 13, 2, 12.66667], "texture": "#3"}
			}
		},
		{
			"from": [6.733, 5.09645, 9.4],
			"to": [6.763, 8.09645, 10.65],
			"rotation": {"angle": 0, "axis": "y", "origin": [6.725, 4.09645, 10.4]},
			"faces": {
				"east": {"uv": [6.83333, 2.66667, 6, 4.66667], "texture": "#3"},
				"west": {"uv": [6.83333, 4.66667, 6, 6.66667], "texture": "#3"}
			}
		},
		{
			"from": [6.25, 7.9, 8.65],
			"to": [7.75, 8.9, 9.15],
			"rotation": {"angle": 0, "axis": "y", "origin": [6.25, 7.9, 9.15]},
			"faces": {
				"north": {"uv": [13, 3.33333, 12, 4], "texture": "#3"},
				"south": {"uv": [13, 2.66667, 12, 3.33333], "texture": "#3"},
				"west": {"uv": [13, 12.66667, 12.66667, 13.33333], "texture": "#3"},
				"up": {"uv": [4.33333, 12.66667, 3.33333, 13], "texture": "#3"},
				"down": {"uv": [13.66667, 4.33333, 12.66667, 4], "texture": "#3"}
			}
		},
		{
			"from": [6.5, 8.15, 9.15],
			"to": [7, 8.65, 10.9],
			"rotation": {"angle": 45, "axis": "z", "origin": [6.75, 8.4, 10.9]},
			"faces": {
				"east": {"uv": [11.16667, 12, 10, 12.33333], "texture": "#3"},
				"west": {"uv": [13.16667, 10, 12, 10.33333], "texture": "#3"},
				"up": {"uv": [12.33333, 10.66667, 12, 11.83333], "texture": "#3"},
				"down": {"uv": [11.66667, 13.16667, 11.33333, 12], "texture": "#3"}
			}
		},
		{
			"from": [8.25, 7.9, 10.9],
			"to": [9.75, 8.9, 11.4],
			"rotation": {"angle": 0, "axis": "y", "origin": [9.75, 7.9, 11.4]},
			"faces": {
				"north": {"uv": [12, 2, 13, 2.66667], "texture": "#3"},
				"east": {"uv": [12.66667, 12, 13, 12.66667], "texture": "#3"},
				"south": {"uv": [12, 1.33333, 13, 2], "texture": "#3"},
				"up": {"uv": [12.66667, 0.66667, 13.66667, 1], "texture": "#3"},
				"down": {"uv": [2, 13, 3, 12.66667], "texture": "#3"}
			}
		},
		{
			"from": [9, 8.15, 9.15],
			"to": [9.5, 8.65, 10.9],
			"rotation": {"angle": -45, "axis": "z", "origin": [9.25, 8.4, 10.9]},
			"faces": {
				"east": {"uv": [12, 10, 13.16667, 10.33333], "texture": "#3"},
				"west": {"uv": [10, 12, 11.16667, 12.33333], "texture": "#3"},
				"up": {"uv": [12, 10.66667, 12.33333, 11.83333], "texture": "#3"},
				"down": {"uv": [11.33333, 13.16667, 11.66667, 12], "texture": "#3"}
			}
		},
		{
			"from": [8.25, 7.9, 8.65],
			"to": [9.75, 8.9, 9.15],
			"rotation": {"angle": 0, "axis": "y", "origin": [9.75, 7.9, 9.15]},
			"faces": {
				"north": {"uv": [12, 3.33333, 13, 4], "texture": "#3"},
				"east": {"uv": [12.66667, 12.66667, 13, 13.33333], "texture": "#3"},
				"south": {"uv": [12, 2.66667, 13, 3.33333], "texture": "#3"},
				"up": {"uv": [3.33333, 12.66667, 4.33333, 13], "texture": "#3"},
				"down": {"uv": [12.66667, 4.33333, 13.66667, 4], "texture": "#3"}
			}
		},
		{
			"from": [9.237, 5.09645, 9.4],
			"to": [9.267, 8.09645, 10.65],
			"rotation": {"angle": 0, "axis": "y", "origin": [9.275, 4.09645, 10.4]},
			"faces": {
				"east": {"uv": [6, 4.66667, 6.83333, 6.66667], "texture": "#3"},
				"west": {"uv": [6, 2.66667, 6.83333, 4.66667], "texture": "#3"}
			}
		},
		{
			"from": [7.5, 13.71924, 7.5],
			"to": [8.5, 17.71924, 8.5],
			"rotation": {"angle": 0, "axis": "y", "origin": [7.5, 13.71924, 7.5]},
			"faces": {
				"north": {"uv": [5.33333, 0, 6, 2.66667], "texture": "#3"},
				"east": {"uv": [5.33333, 2.66667, 6, 5.33333], "texture": "#3"},
				"south": {"uv": [5.33333, 5.33333, 6, 8], "texture": "#3"},
				"west": {"uv": [6, 0, 6.66667, 2.66667], "texture": "#3"},
				"up": {"uv": [12.66667, 10, 12, 9.33333], "texture": "#3"}
			}
		},
		{
			"from": [7.6, 17.71924, 7.6],
			"to": [8.4, 21.46924, 8.4],
			"rotation": {"angle": 0, "axis": "y", "origin": [7.5, 17.71924, 7.5]},
			"faces": {
				"north": {"uv": [2.66667, 6.66667, 3.16667, 9.16667], "texture": "#3"},
				"east": {"uv": [3.33333, 6.66667, 3.83333, 9.16667], "texture": "#3"},
				"south": {"uv": [4, 6.66667, 4.5, 9.16667], "texture": "#3"},
				"west": {"uv": [4.66667, 6.66667, 5.16667, 9.16667], "texture": "#3"},
				"up": {"uv": [13.16667, 8.5, 12.66667, 8], "texture": "#3"}
			}
		},
		{
			"from": [7.985, 8.46924, 3.6],
			"to": [8.015, 21.46924, 7.6],
			"rotation": {"angle": 0, "axis": "y", "origin": [7.985, 10.46924, 3.6]},
			"faces": {
				"east": {"uv": [2.66667, 0, 0, 8.66667], "texture": "#3"},
				"west": {"uv": [0, 0, 2.66667, 8.66667], "texture": "#3"}
			}
		},
		{
			"from": [7.6, 17.425, 3.05],
			"to": [8.4, 18.225, 3.85],
			"rotation": {"angle": 22.5, "axis": "x", "origin": [8, 17.25, 2.95]},
			"faces": {
				"north": {"uv": [12.66667, 8.66667, 13.16667, 9.16667], "texture": "#3"},
				"east": {"uv": [9.33333, 12.66667, 9.83333, 13.16667], "texture": "#3"},
				"south": {"uv": [12.66667, 9.33333, 13.16667, 9.83333], "texture": "#3"},
				"west": {"uv": [10, 12.66667, 10.5, 13.16667], "texture": "#3"},
				"up": {"uv": [11.16667, 13.16667, 10.66667, 12.66667], "texture": "#3"},
				"down": {"uv": [13.16667, 10.66667, 12.66667, 11.16667], "texture": "#3"}
			}
		},
		{
			"from": [7.75, 16.425, 3.2],
			"to": [8.25, 17.425, 3.7],
			"rotation": {"angle": 22.5, "axis": "x", "origin": [8, 17.25, 2.95]},
			"faces": {
				"north": {"uv": [0, 13.33333, 0.33333, 14], "texture": "#3"},
				"east": {"uv": [13.33333, 0, 13.66667, 0.66667], "texture": "#3"},
				"south": {"uv": [0.66667, 13.33333, 1, 14], "texture": "#3"},
				"west": {"uv": [1.33333, 13.33333, 1.66667, 14], "texture": "#3"},
				"down": {"uv": [13.66667, 3.33333, 13.33333, 3.66667], "texture": "#3"}
			}
		},
		{
			"from": [7.75, 16.425, 2.7],
			"to": [8.25, 16.925, 3.2],
			"rotation": {"angle": 22.5, "axis": "x", "origin": [8, 17.25, 2.95]},
			"faces": {
				"east": {"uv": [4, 13.33333, 4.33333, 13.66667], "texture": "#3"},
				"west": {"uv": [4.66667, 13.33333, 5, 13.66667], "texture": "#3"},
				"up": {"uv": [5.66667, 13.66667, 5.33333, 13.33333], "texture": "#3"},
				"down": {"uv": [6.33333, 13.33333, 6, 13.66667], "texture": "#3"}
			}
		},
		{
			"from": [7.75, 16.425, 2.2],
			"to": [8.25, 17.425, 2.7],
			"rotation": {"angle": 22.5, "axis": "x", "origin": [8, 17.25, 2.95]},
			"faces": {
				"north": {"uv": [13.33333, 1.33333, 13.66667, 2], "texture": "#3"},
				"east": {"uv": [2, 13.33333, 2.33333, 14], "texture": "#3"},
				"south": {"uv": [13.33333, 2, 13.66667, 2.66667], "texture": "#3"},
				"west": {"uv": [2.66667, 13.33333, 3, 14], "texture": "#3"},
				"up": {"uv": [7, 13.66667, 6.66667, 13.33333], "texture": "#3"},
				"down": {"uv": [7.66667, 13.33333, 7.33333, 13.66667], "texture": "#3"}
			}
		}
	],
	"gui_light": "front",
	"display": {
		"thirdperson_righthand": {
			"translation": [0, 1.5, 1]
		},
		"thirdperson_lefthand": {
			"translation": [0, 1.5, 1]
		},
		"firstperson_righthand": {
			"rotation": [-10, 0, 0],
			"translation": [0, 1.75, 0]
		},
		"firstperson_lefthand": {
			"rotation": [-10, 0, 0],
			"translation": [0, 1.75, 0]
		},
		"ground": {
			"rotation": [-45, 0, 0],
			"translation": [0, 4, 0],
			"scale": [0.7, 0.7, 0.7]
		},
		"gui": {
			"rotation": [-90, 45, 90],
			"translation": [0.25, -0.25, 0],
			"scale": [0.8, 0.8, 0.8]
		},
		"head": {
			"rotation": [0, -90, 0]
		},
		"fixed": {
			"rotation": [0, -90, 0],
			"translation": [0, 0, -1.5],
			"scale": [2, 2, 2]
		}
	}
}