{
	"credit": "Made by PolygonMC",
	"texture_size": [28, 28],
	"textures": {
		"1": "arcanistset:animations/animations_1",
		"2": "arcanistset:animations/animations_2",
		"4": "arcanistset:scythe",
		"particle": "arcanistset:animations/animations_1"
	},
	"elements": [
		{
			"from": [7.35, 0.6, 7.35],
			"to": [8.65, 1.9, 8.65],
			"rotation": {"angle": -45, "axis": "x", "origin": [8, 1.25, 8]},
			"faces": {
				"north": {"uv": [11.42857, 3.42857, 12.14286, 4.14286], "texture": "#4"},
				"east": {"uv": [4, 11.42857, 4.71429, 12.14286], "texture": "#4"},
				"south": {"uv": [5.14286, 11.42857, 5.85714, 12.14286], "texture": "#4"},
				"west": {"uv": [6.28571, 11.42857, 7, 12.14286], "texture": "#4"},
				"up": {"uv": [8.14286, 12.14286, 7.42857, 11.42857], "texture": "#4"},
				"down": {"uv": [12.14286, 8, 11.42857, 8.71429], "texture": "#4"}
			}
		},
		{
			"from": [7.5, 10.91924, 7.5],
			"to": [8.5, 12.41924, 8.5],
			"rotation": {"angle": 0, "axis": "y", "origin": [7.5, 14.66924, 7.5]},
			"faces": {
				"north": {"uv": [1.14286, 6.28571, 1.71429, 7.14286], "texture": "#4"},
				"east": {"uv": [8.57143, 11.42857, 9.14286, 12.28571], "texture": "#4"},
				"south": {"uv": [12, 5.71429, 12.57143, 6.57143], "texture": "#4"},
				"west": {"uv": [12, 6.85714, 12.57143, 7.71429], "texture": "#4"},
				"up": {"uv": [5.71429, 9.71429, 5.14286, 9.14286], "texture": "#4"},
				"down": {"uv": [2.28571, 11.42857, 1.71429, 12], "texture": "#4"}
			}
		},
		{
			"from": [7.6, 12.41924, 7.6],
			"to": [8.4, 15.16924, 8.4],
			"rotation": {"angle": 0, "axis": "y", "origin": [8, 18.04424, 8]},
			"faces": {
				"north": {"uv": [7.42857, 8, 7.85714, 9.57143], "texture": "#4"},
				"east": {"uv": [7.42857, 9.71429, 7.85714, 11.28571], "texture": "#4"},
				"south": {"uv": [0, 10.28571, 0.42857, 11.85714], "texture": "#4"},
				"west": {"uv": [10.28571, 0, 10.71429, 1.57143], "texture": "#4"}
			}
		},
		{
			"from": [7.35, 11.41924, 7.35],
			"to": [8.65, 11.91924, 8.65],
			"rotation": {"angle": 0, "axis": "y", "origin": [7.5, 15.66924, 7.5]},
			"faces": {
				"north": {"uv": [4.57143, 13.71429, 5.28571, 14], "texture": "#4"},
				"east": {"uv": [13.71429, 4.57143, 14.42857, 4.85714], "texture": "#4"},
				"south": {"uv": [13.71429, 5.14286, 14.42857, 5.42857], "texture": "#4"},
				"west": {"uv": [5.71429, 13.71429, 6.42857, 14], "texture": "#4"},
				"up": {"uv": [10.42857, 12.14286, 9.71429, 11.42857], "texture": "#4"},
				"down": {"uv": [12.14286, 10.85714, 11.42857, 11.57143], "texture": "#4"}
			}
		},
		{
			"from": [7.6, 8.16924, 7.6],
			"to": [8.4, 10.91924, 8.4],
			"rotation": {"angle": 0, "axis": "y", "origin": [8, 8.79424, 8]},
			"faces": {
				"north": {"uv": [0.57143, 10.28571, 1, 11.85714], "texture": "#4"},
				"east": {"uv": [10.28571, 1.71429, 10.71429, 3.28571], "texture": "#4"},
				"south": {"uv": [2.28571, 10.28571, 2.71429, 11.85714], "texture": "#4"},
				"west": {"uv": [2.85714, 10.28571, 3.28571, 11.85714], "texture": "#4"}
			}
		},
		{
			"from": [7.5, 1.66924, 7.5],
			"to": [8.5, 3.16924, 8.5],
			"rotation": {"angle": 0, "axis": "y", "origin": [7.5, 12.16924, 7.5]},
			"faces": {
				"north": {"uv": [9.14286, 12, 9.71429, 12.85714], "texture": "#4"},
				"east": {"uv": [12, 9.14286, 12.57143, 10], "texture": "#4"},
				"south": {"uv": [11.42857, 12, 12, 12.85714], "texture": "#4"},
				"west": {"uv": [12, 12, 12.57143, 12.85714], "texture": "#4"},
				"up": {"uv": [13.14286, 8.57143, 12.57143, 8], "texture": "#4"}
			}
		},
		{
			"from": [7.35, 2.16924, 7.35],
			"to": [8.65, 2.66924, 8.65],
			"rotation": {"angle": 0, "axis": "y", "origin": [7.5, 13.16924, 7.5]},
			"faces": {
				"north": {"uv": [13.71429, 5.71429, 14.42857, 6], "texture": "#4"},
				"east": {"uv": [13.71429, 6.85714, 14.42857, 7.14286], "texture": "#4"},
				"south": {"uv": [13.71429, 7.42857, 14.42857, 7.71429], "texture": "#4"},
				"west": {"uv": [13.71429, 8.57143, 14.42857, 8.85714], "texture": "#4"},
				"up": {"uv": [0.71429, 12.71429, 0, 12], "texture": "#4"},
				"down": {"uv": [12.71429, 0, 12, 0.71429], "texture": "#4"}
			}
		},
		{
			"from": [7.5, 15.16924, 7.5],
			"to": [8.5, 16.66924, 8.5],
			"rotation": {"angle": 0, "axis": "y", "origin": [7.5, 21.41924, 7.5]},
			"faces": {
				"north": {"uv": [12.57143, 3.42857, 13.14286, 4.28571], "texture": "#4"},
				"east": {"uv": [4, 12.57143, 4.57143, 13.42857], "texture": "#4"},
				"south": {"uv": [4.57143, 12.57143, 5.14286, 13.42857], "texture": "#4"},
				"west": {"uv": [5.14286, 12.57143, 5.71429, 13.42857], "texture": "#4"},
				"down": {"uv": [13.14286, 8.57143, 12.57143, 9.14286], "texture": "#4"}
			}
		},
		{
			"from": [7.35, 15.66924, 7.35],
			"to": [8.65, 16.16924, 8.65],
			"rotation": {"angle": 0, "axis": "y", "origin": [7.5, 20.41924, 7.5]},
			"faces": {
				"north": {"uv": [13.71429, 9.14286, 14.42857, 9.42857], "texture": "#4"},
				"east": {"uv": [13.71429, 9.71429, 14.42857, 10], "texture": "#4"},
				"south": {"uv": [10.28571, 13.71429, 11, 14], "texture": "#4"},
				"west": {"uv": [11.42857, 13.71429, 12.14286, 14], "texture": "#4"},
				"up": {"uv": [12.71429, 1.85714, 12, 1.14286], "texture": "#4"},
				"down": {"uv": [2.42857, 12, 1.71429, 12.71429], "texture": "#4"}
			}
		},
		{
			"from": [7.5, -0.25, 8],
			"to": [8.5, 0.75, 9],
			"rotation": {"angle": -45, "axis": "x", "origin": [7.75, -0.25, 8]},
			"faces": {
				"north": {"uv": [12.57143, 9.14286, 13.14286, 9.71429], "texture": "#4"},
				"east": {"uv": [12.57143, 9.71429, 13.14286, 10.28571], "texture": "#4"},
				"south": {"uv": [10.28571, 12.57143, 10.85714, 13.14286], "texture": "#4"},
				"west": {"uv": [12.57143, 10.85714, 13.14286, 11.42857], "texture": "#4"},
				"up": {"uv": [13.14286, 12, 12.57143, 11.42857], "texture": "#4"},
				"down": {"uv": [13.14286, 12, 12.57143, 12.57143], "texture": "#4"}
			}
		},
		{
			"from": [7.75, 0.13268, 6.07612],
			"to": [8.25, 1.13268, 8.07612],
			"rotation": {"angle": 22.5, "axis": "x", "origin": [7.75, 0.13268, 7.07612]},
			"faces": {
				"east": {"uv": [3.42857, 2.85714, 4.57143, 3.42857], "texture": "#4"},
				"west": {"uv": [9.14286, 3.42857, 10.28571, 4], "texture": "#4"},
				"up": {"uv": [12.85714, 13.71429, 12.57143, 12.57143], "texture": "#4"},
				"down": {"uv": [0.28571, 13.14286, 0, 14.28571], "texture": "#4"}
			}
		},
		{
			"from": [7.7475, 0.63059, 5.7315],
			"to": [8.2525, 1.63059, 6.4815],
			"rotation": {"angle": -22.5, "axis": "x", "origin": [7.9975, 1.63059, 6.2315]},
			"faces": {
				"north": {"uv": [14.28571, 0, 14.57143, 0.57143], "texture": "#4"},
				"east": {"uv": [9.14286, 13.14286, 9.57143, 13.71429], "texture": "#4"},
				"south": {"uv": [14.28571, 0.57143, 14.57143, 1.14286], "texture": "#4"},
				"west": {"uv": [13.14286, 9.71429, 13.57143, 10.28571], "texture": "#4"},
				"up": {"uv": [14.57143, 3.85714, 14.28571, 3.42857], "texture": "#4"},
				"down": {"uv": [14.57143, 4, 14.28571, 4.42857], "texture": "#4"}
			}
		},
		{
			"from": [7.75, 0.13268, 7.92388],
			"to": [8.25, 1.13268, 9.92388],
			"rotation": {"angle": -22.5, "axis": "x", "origin": [7.75, 0.13268, 8.92388]},
			"faces": {
				"east": {"uv": [4.57143, 2.85714, 3.42857, 3.42857], "texture": "#4"},
				"west": {"uv": [10.28571, 3.42857, 9.14286, 4], "texture": "#4"},
				"up": {"uv": [12.85714, 12.57143, 12.57143, 13.71429], "texture": "#4"},
				"down": {"uv": [0.28571, 14.28571, 0, 13.14286], "texture": "#4"}
			}
		},
		{
			"from": [7.7475, 0.63059, 9.5185],
			"to": [8.2525, 1.63059, 10.2685],
			"rotation": {"angle": 22.5, "axis": "x", "origin": [7.9975, 1.63059, 9.7685]},
			"faces": {
				"north": {"uv": [14.57143, 0.57143, 14.28571, 1.14286], "texture": "#4"},
				"east": {"uv": [9.57143, 13.14286, 9.14286, 13.71429], "texture": "#4"},
				"south": {"uv": [14.57143, 0, 14.28571, 0.57143], "texture": "#4"},
				"west": {"uv": [13.57143, 9.71429, 13.14286, 10.28571], "texture": "#4"},
				"up": {"uv": [14.57143, 3.42857, 14.28571, 3.85714], "texture": "#4"},
				"down": {"uv": [14.57143, 4.42857, 14.28571, 4], "texture": "#4"}
			}
		},
		{
			"from": [7.25, 21, 8],
			"to": [8.75, 22.75, 9.75],
			"rotation": {"angle": -45, "axis": "x", "origin": [7.5, 21, 8]},
			"faces": {
				"north": {"uv": [8.57143, 4.57143, 9.42857, 5.57143], "texture": "#4"},
				"east": {"uv": [8, 1.71429, 9, 2.71429], "texture": "#4"},
				"south": {"uv": [5.71429, 8.57143, 6.57143, 9.57143], "texture": "#4"},
				"west": {"uv": [8, 2.85714, 9, 3.85714], "texture": "#4"},
				"up": {"uv": [9.42857, 6.71429, 8.57143, 5.71429], "texture": "#4"},
				"down": {"uv": [9.42857, 6.85714, 8.57143, 7.85714], "texture": "#4"}
			}
		},
		{
			"from": [7.5, 21, 7],
			"to": [8.5, 22.5, 8.5],
			"rotation": {"angle": -45, "axis": "x", "origin": [7.5, 21, 7]},
			"faces": {
				"north": {"uv": [5.71429, 12.57143, 6.28571, 13.42857], "texture": "#4"},
				"east": {"uv": [0, 9.14286, 0.85714, 10], "texture": "#4"},
				"south": {"uv": [12.57143, 5.71429, 13.14286, 6.57143], "texture": "#4"},
				"west": {"uv": [9.14286, 0, 10, 0.85714], "texture": "#4"},
				"up": {"uv": [6.85714, 13.42857, 6.28571, 12.57143], "texture": "#4"},
				"down": {"uv": [7.42857, 12.57143, 6.85714, 13.42857], "texture": "#4"}
			}
		},
		{
			"from": [7.5, 22.41421, 6.29289],
			"to": [8.5, 23.41421, 8.29289],
			"rotation": {"angle": -45, "axis": "x", "origin": [7.5, 22.41421, 6.29289]},
			"faces": {
				"north": {"uv": [13.14286, 0, 13.71429, 0.57143], "texture": "#4"},
				"east": {"uv": [10.28571, 3.42857, 11.42857, 4], "texture": "#4"},
				"south": {"uv": [0.57143, 13.14286, 1.14286, 13.71429], "texture": "#4"},
				"west": {"uv": [4, 10.28571, 5.14286, 10.85714], "texture": "#4"},
				"up": {"uv": [4.57143, 5.71429, 4, 4.57143], "texture": "#4"},
				"down": {"uv": [5.71429, 5.71429, 5.14286, 6.85714], "texture": "#4"}
			}
		},
		{
			"from": [7.0975, 18.24944, 8.25],
			"to": [8.9025, 19.16444, 9.165],
			"rotation": {"angle": -45, "axis": "x", "origin": [7.7475, 17.99944, 8]},
			"faces": {
				"north": {"uv": [10.28571, 8, 11.28571, 8.57143], "texture": "#4"},
				"east": {"uv": [13.14286, 0.57143, 13.71429, 1.14286], "texture": "#4"},
				"south": {"uv": [10.28571, 8.57143, 11.28571, 9.14286], "texture": "#4"},
				"west": {"uv": [13.14286, 1.14286, 13.71429, 1.71429], "texture": "#4"},
				"up": {"uv": [10.71429, 10.85714, 9.71429, 10.28571], "texture": "#4"},
				"down": {"uv": [11.85714, 0, 10.85714, 0.57143], "texture": "#4"}
			}
		},
		{
			"from": [7.0975, 19.62444, 8.25],
			"to": [8.9025, 20.53944, 9.165],
			"rotation": {"angle": -45, "axis": "x", "origin": [7.7475, 19.37444, 8]},
			"faces": {
				"north": {"uv": [10.85714, 0.57143, 11.85714, 1.14286], "texture": "#4"},
				"east": {"uv": [1.71429, 13.14286, 2.28571, 13.71429], "texture": "#4"},
				"south": {"uv": [1.14286, 10.85714, 2.14286, 11.42857], "texture": "#4"},
				"west": {"uv": [13.14286, 1.71429, 13.71429, 2.28571], "texture": "#4"},
				"up": {"uv": [11.85714, 1.71429, 10.85714, 1.14286], "texture": "#4"},
				"down": {"uv": [11.85714, 1.71429, 10.85714, 2.28571], "texture": "#4"}
			}
		},
		{
			"from": [7.0975, 16.87444, 8.25],
			"to": [8.9025, 17.78944, 9.165],
			"rotation": {"angle": -45, "axis": "x", "origin": [7.7475, 16.62444, 8]},
			"faces": {
				"north": {"uv": [10.85714, 2.28571, 11.85714, 2.85714], "texture": "#4"},
				"east": {"uv": [2.28571, 13.14286, 2.85714, 13.71429], "texture": "#4"},
				"south": {"uv": [10.85714, 2.85714, 11.85714, 3.42857], "texture": "#4"},
				"west": {"uv": [13.14286, 2.28571, 13.71429, 2.85714], "texture": "#4"},
				"up": {"uv": [5, 11.42857, 4, 10.85714], "texture": "#4"},
				"down": {"uv": [11.85714, 4.57143, 10.85714, 5.14286], "texture": "#4"}
			}
		},
		{
			"from": [6.5, -2.25, 6.5],
			"to": [9.5, -0.25, 6.5],
			"rotation": {"angle": 45, "axis": "y", "origin": [8, -1.25, 8]},
			"faces": {
				"north": {"uv": [0, 4, 6, 8], "texture": "#1"}
			}
		},
		{
			"from": [6.5, -2.25, 6.5],
			"to": [6.5, -0.25, 9.5],
			"rotation": {"angle": 45, "axis": "y", "origin": [8, -1.25, 8]},
			"faces": {
				"west": {"uv": [6, 4, 12, 8], "texture": "#1"}
			}
		},
		{
			"from": [6.5, -2.25, 9.5],
			"to": [9.5, -0.25, 9.5],
			"rotation": {"angle": 45, "axis": "y", "origin": [8, -1.25, 8]},
			"faces": {
				"south": {"uv": [0, 0, 6, 4], "texture": "#1"}
			}
		},
		{
			"from": [9.5, -2.25, 6.5],
			"to": [9.5, -0.25, 9.5],
			"rotation": {"angle": 45, "axis": "y", "origin": [8, -1.25, 8]},
			"faces": {
				"east": {"uv": [6, 0, 12, 4], "texture": "#1"}
			}
		},
		{
			"from": [9.5, 16.75, 6.5],
			"to": [9.5, 18.75, 9.5],
			"rotation": {"angle": -45, "axis": "y", "origin": [8, 17.75, 8]},
			"faces": {
				"east": {"uv": [12, 0, 6, 4], "texture": "#1"}
			}
		},
		{
			"from": [6.5, 16.75, 6.5],
			"to": [9.5, 18.75, 6.5],
			"rotation": {"angle": -45, "axis": "y", "origin": [8, 17.75, 8]},
			"faces": {
				"north": {"uv": [6, 0, 0, 4], "texture": "#1"}
			}
		},
		{
			"from": [6.5, 16.75, 6.5],
			"to": [6.5, 18.75, 9.5],
			"rotation": {"angle": -45, "axis": "y", "origin": [8, 17.75, 8]},
			"faces": {
				"west": {"uv": [12, 4, 6, 8], "texture": "#1"}
			}
		},
		{
			"from": [6.5, 16.75, 9.5],
			"to": [9.5, 18.75, 9.5],
			"rotation": {"angle": -45, "axis": "y", "origin": [8, 17.75, 8]},
			"faces": {
				"south": {"uv": [6, 4, 0, 8], "texture": "#1"}
			}
		},
		{
			"from": [7.001, -4, 7],
			"to": [9.001, -2.5, 7],
			"rotation": {"angle": 45, "axis": "y", "origin": [8, -3.25, 8]},
			"faces": {
				"north": {"uv": [16, 0, 8, 6], "texture": "#2"},
				"east": {"uv": [0, 0, 0, 6], "texture": "#2"},
				"west": {"uv": [0, 0, 0, 6], "texture": "#2"},
				"up": {"uv": [8, 0, 0, 0], "texture": "#2"},
				"down": {"uv": [8, 0, 0, 0], "texture": "#2"}
			}
		},
		{
			"from": [7.001, -4, 9],
			"to": [9.001, -2.5, 9],
			"rotation": {"angle": 45, "axis": "y", "origin": [8, -3.25, 8]},
			"faces": {
				"east": {"uv": [0, 0, 0, 6], "texture": "#2"},
				"south": {"uv": [16, 8, 8, 14], "texture": "#2"},
				"west": {"uv": [0, 0, 0, 6], "texture": "#2"},
				"up": {"uv": [8, 0, 0, 0], "texture": "#2"},
				"down": {"uv": [8, 0, 0, 0], "texture": "#2"}
			}
		},
		{
			"from": [9, -4, 7],
			"to": [9, -2.5, 9],
			"rotation": {"angle": 45, "axis": "y", "origin": [8, -3.25, 8]},
			"faces": {
				"north": {"uv": [0, 0, 0, 6], "texture": "#2"},
				"east": {"uv": [8, 8, 0, 14], "texture": "#2"},
				"south": {"uv": [0, 0, 0, 6], "texture": "#2"},
				"up": {"uv": [0, 0, 0, 8], "texture": "#2"},
				"down": {"uv": [0, 8, 0, 0], "texture": "#2"}
			}
		},
		{
			"from": [7, -4, 7],
			"to": [7, -2.5, 9],
			"rotation": {"angle": 45, "axis": "y", "origin": [8, -3.25, 8]},
			"faces": {
				"north": {"uv": [0, 0, 0, 6], "texture": "#2"},
				"south": {"uv": [0, 0, 0, 6], "texture": "#2"},
				"west": {"uv": [8, 0, 0, 6], "texture": "#2"},
				"up": {"uv": [0, 0, 0, 8], "texture": "#2"},
				"down": {"uv": [0, 8, 0, 0], "texture": "#2"}
			}
		},
		{
			"from": [6.5, 24.06066, 11.48553],
			"to": [9.5, 24.06066, 13.48553],
			"rotation": {"angle": -45, "axis": "z", "origin": [8, 22.56066, 12.48553]},
			"faces": {
				"up": {"uv": [0, 4, 6, 8], "texture": "#1"}
			}
		},
		{
			"from": [9.5, 21.06066, 11.48553],
			"to": [9.5, 24.06066, 13.48553],
			"rotation": {"angle": -45, "axis": "z", "origin": [8, 22.56066, 12.48553]},
			"faces": {
				"east": {"uv": [6, 4, 12, 8], "rotation": 90, "texture": "#1"}
			}
		},
		{
			"from": [6.5, 21.06066, 11.48553],
			"to": [9.5, 21.06066, 13.48553],
			"rotation": {"angle": -45, "axis": "z", "origin": [8, 22.56066, 12.48553]},
			"faces": {
				"down": {"uv": [0, 0, 6, 4], "rotation": 180, "texture": "#1"}
			}
		},
		{
			"from": [6.5, 21.06066, 11.48553],
			"to": [6.5, 24.06066, 13.48553],
			"rotation": {"angle": -45, "axis": "z", "origin": [8, 22.56066, 12.48553]},
			"faces": {
				"west": {"uv": [6, 0, 12, 4], "rotation": 270, "texture": "#1"}
			}
		},
		{
			"from": [6.999, 23.56066, 13.73553],
			"to": [8.999, 23.56066, 15.23553],
			"rotation": {"angle": -45, "axis": "z", "origin": [8, 22.56066, 14.48553]},
			"faces": {
				"north": {"uv": [8, 0, 0, 0], "texture": "#2"},
				"east": {"uv": [0, 0, 0, 6], "rotation": 90, "texture": "#2"},
				"south": {"uv": [8, 0, 0, 0], "rotation": 180, "texture": "#2"},
				"west": {"uv": [0, 0, 0, 6], "rotation": 270, "texture": "#2"},
				"up": {"uv": [16, 0, 8, 6], "texture": "#2"}
			}
		},
		{
			"from": [6.999, 21.56066, 13.73553],
			"to": [8.999, 21.56066, 15.23553],
			"rotation": {"angle": -45, "axis": "z", "origin": [8, 22.56066, 14.48553]},
			"faces": {
				"north": {"uv": [8, 0, 0, 0], "texture": "#2"},
				"east": {"uv": [0, 0, 0, 6], "rotation": 90, "texture": "#2"},
				"south": {"uv": [8, 0, 0, 0], "rotation": 180, "texture": "#2"},
				"west": {"uv": [0, 0, 0, 6], "rotation": 270, "texture": "#2"},
				"down": {"uv": [16, 8, 8, 14], "rotation": 180, "texture": "#2"}
			}
		},
		{
			"from": [7, 21.56066, 13.73553],
			"to": [7, 23.56066, 15.23553],
			"rotation": {"angle": -45, "axis": "z", "origin": [8, 22.56066, 14.48553]},
			"faces": {
				"north": {"uv": [0, 0, 0, 8], "texture": "#2"},
				"south": {"uv": [0, 8, 0, 0], "rotation": 180, "texture": "#2"},
				"west": {"uv": [8, 8, 0, 14], "rotation": 270, "texture": "#2"},
				"up": {"uv": [0, 0, 0, 6], "texture": "#2"},
				"down": {"uv": [0, 0, 0, 6], "rotation": 180, "texture": "#2"}
			}
		},
		{
			"from": [9, 21.56066, 13.73553],
			"to": [9, 23.56066, 15.23553],
			"rotation": {"angle": -45, "axis": "z", "origin": [8, 22.56066, 14.48553]},
			"faces": {
				"north": {"uv": [0, 0, 0, 8], "texture": "#2"},
				"east": {"uv": [8, 0, 0, 6], "rotation": 90, "texture": "#2"},
				"south": {"uv": [0, 8, 0, 0], "rotation": 180, "texture": "#2"},
				"up": {"uv": [0, 0, 0, 6], "texture": "#2"},
				"down": {"uv": [0, 0, 0, 6], "rotation": 180, "texture": "#2"}
			}
		},
		{
			"from": [7.35, 16.66924, 7.35],
			"to": [8.65, 21.71924, 8.65],
			"rotation": {"angle": 0, "axis": "y", "origin": [7.25, 16.66924, 7.25]},
			"faces": {
				"north": {"uv": [1.71429, 4.57143, 2.42857, 7.42857], "texture": "#4"},
				"east": {"uv": [2.85714, 4.57143, 3.57143, 7.42857], "texture": "#4"},
				"south": {"uv": [4.57143, 2.85714, 5.28571, 5.71429], "texture": "#4"},
				"west": {"uv": [5.71429, 1.14286, 6.42857, 4], "texture": "#4"},
				"down": {"uv": [12.71429, 2.28571, 12, 3], "texture": "#4"}
			}
		},
		{
			"from": [7.0975, 4.74944, 8.25],
			"to": [8.9025, 5.66444, 9.165],
			"rotation": {"angle": -45, "axis": "x", "origin": [7.7475, 4.49944, 8]},
			"faces": {
				"north": {"uv": [5.14286, 10.85714, 6.14286, 11.42857], "texture": "#4"},
				"east": {"uv": [2.85714, 13.14286, 3.42857, 13.71429], "texture": "#4"},
				"south": {"uv": [10.85714, 5.14286, 11.85714, 5.71429], "texture": "#4"},
				"west": {"uv": [13.14286, 2.85714, 13.71429, 3.42857], "texture": "#4"},
				"up": {"uv": [11.85714, 6.28571, 10.85714, 5.71429], "texture": "#4"},
				"down": {"uv": [7.28571, 10.85714, 6.28571, 11.42857], "texture": "#4"}
			}
		},
		{
			"from": [7.35, 3.16924, 7.35],
			"to": [8.65, 8.21924, 8.65],
			"rotation": {"angle": 0, "axis": "y", "origin": [7.25, 3.16924, 7.25]},
			"faces": {
				"north": {"uv": [4, 5.71429, 4.71429, 8.57143], "texture": "#4"},
				"east": {"uv": [5.71429, 4, 6.42857, 6.85714], "texture": "#4"},
				"south": {"uv": [0, 6.28571, 0.71429, 9.14286], "texture": "#4"},
				"west": {"uv": [6.85714, 1.14286, 7.57143, 4], "texture": "#4"},
				"up": {"uv": [3.57143, 12.71429, 2.85714, 12], "texture": "#4"},
				"down": {"uv": [12.71429, 4.57143, 12, 5.28571], "texture": "#4"}
			}
		},
		{
			"from": [7.0975, 6.12444, 8.25],
			"to": [8.9025, 7.03944, 9.165],
			"rotation": {"angle": -45, "axis": "x", "origin": [7.7475, 5.87444, 8]},
			"faces": {
				"north": {"uv": [10.85714, 6.28571, 11.85714, 6.85714], "texture": "#4"},
				"east": {"uv": [3.42857, 13.14286, 4, 13.71429], "texture": "#4"},
				"south": {"uv": [10.85714, 6.85714, 11.85714, 7.42857], "texture": "#4"},
				"west": {"uv": [13.14286, 3.42857, 13.71429, 4], "texture": "#4"},
				"up": {"uv": [11.85714, 8, 10.85714, 7.42857], "texture": "#4"},
				"down": {"uv": [9, 10.85714, 8, 11.42857], "texture": "#4"}
			}
		},
		{
			"from": [7.0975, 3.37444, 8.25],
			"to": [8.9025, 4.28944, 9.165],
			"rotation": {"angle": -45, "axis": "x", "origin": [7.7475, 3.12444, 8]},
			"faces": {
				"north": {"uv": [10.85714, 9.14286, 11.85714, 9.71429], "texture": "#4"},
				"east": {"uv": [13.14286, 4, 13.71429, 4.57143], "texture": "#4"},
				"south": {"uv": [9.71429, 10.85714, 10.71429, 11.42857], "texture": "#4"},
				"west": {"uv": [13.14286, 4.57143, 13.71429, 5.14286], "texture": "#4"},
				"up": {"uv": [11.85714, 10.28571, 10.85714, 9.71429], "texture": "#4"},
				"down": {"uv": [11.85714, 10.28571, 10.85714, 10.85714], "texture": "#4"}
			}
		},
		{
			"from": [8.00732, 21.85355, 5.13934],
			"to": [8.98232, 22.82855, 7.88934],
			"rotation": {"angle": 45, "axis": "z", "origin": [7.98232, 21.85355, 4.13934]},
			"faces": {
				"east": {"uv": [4, 8.57143, 5.57143, 9.14286], "texture": "#4"},
				"west": {"uv": [8.57143, 4, 10.14286, 4.57143], "texture": "#4"},
				"up": {"uv": [5.71429, 2.71429, 5.14286, 1.14286], "texture": "#4"},
				"down": {"uv": [7.42857, 8, 6.85714, 9.57143], "texture": "#4"}
			}
		},
		{
			"from": [7.25, 21.39645, 5.07513],
			"to": [8.75, 22.89645, 6.57513],
			"rotation": {"angle": -45, "axis": "x", "origin": [7.25, 21.14645, 4.82513]},
			"faces": {
				"north": {"uv": [9.14286, 1.14286, 10, 2], "texture": "#4"},
				"east": {"uv": [2.28571, 9.14286, 3.14286, 10], "texture": "#4"},
				"south": {"uv": [9.14286, 2.28571, 10, 3.14286], "texture": "#4"},
				"west": {"uv": [4, 9.14286, 4.85714, 10], "texture": "#4"},
				"up": {"uv": [9.42857, 10, 8.57143, 9.14286], "texture": "#4"},
				"down": {"uv": [2, 9.71429, 1.14286, 10.57143], "texture": "#4"}
			}
		},
		{
			"from": [7.6, 22, 4.7],
			"to": [8.4, 23, 7.2],
			"rotation": {"angle": 22.5, "axis": "x", "origin": [7.5, 22, 4.7]},
			"faces": {
				"east": {"uv": [8.57143, 8, 10, 8.57143], "texture": "#4"},
				"west": {"uv": [8.57143, 8.57143, 10, 9.14286], "texture": "#4"},
				"down": {"uv": [9.57143, 10.28571, 9.14286, 11.71429], "texture": "#4"}
			}
		},
		{
			"from": [6.25, 22, 4.6],
			"to": [7.75, 23, 5.1],
			"rotation": {"angle": 0, "axis": "y", "origin": [6.25, 22, 4.6]},
			"faces": {
				"north": {"uv": [12, 10.28571, 12.85714, 10.85714], "texture": "#4"},
				"south": {"uv": [12.57143, 6.85714, 13.42857, 7.42857], "texture": "#4"},
				"west": {"uv": [14.28571, 1.14286, 14.57143, 1.71429], "texture": "#4"},
				"up": {"uv": [11.14286, 13.42857, 10.28571, 13.14286], "texture": "#4"},
				"down": {"uv": [14, 10.28571, 13.14286, 10.57143], "texture": "#4"}
			}
		},
		{
			"from": [6.733, 19.19645, 5.35],
			"to": [6.763, 22.19645, 6.6],
			"rotation": {"angle": 0, "axis": "y", "origin": [6.725, 18.19645, 5.6]},
			"faces": {
				"east": {"uv": [2.28571, 7.42857, 3, 9.14286], "texture": "#4"},
				"west": {"uv": [8, 0, 8.71429, 1.71429], "texture": "#4"}
			}
		},
		{
			"from": [6.25, 22, 6.85],
			"to": [7.75, 23, 7.35],
			"rotation": {"angle": 0, "axis": "y", "origin": [6.25, 22, 6.85]},
			"faces": {
				"north": {"uv": [7.42857, 12.57143, 8.28571, 13.14286], "texture": "#4"},
				"south": {"uv": [12.57143, 7.42857, 13.42857, 8], "texture": "#4"},
				"west": {"uv": [14.28571, 1.71429, 14.57143, 2.28571], "texture": "#4"},
				"up": {"uv": [14, 11.14286, 13.14286, 10.85714], "texture": "#4"},
				"down": {"uv": [12.28571, 13.14286, 11.42857, 13.42857], "texture": "#4"}
			}
		},
		{
			"from": [6.5, 22.25, 5.1],
			"to": [7, 22.75, 6.85],
			"rotation": {"angle": 45, "axis": "z", "origin": [6.75, 22.5, 5.1]},
			"faces": {
				"east": {"uv": [13.14286, 6.28571, 14.14286, 6.57143], "texture": "#4"},
				"west": {"uv": [13.14286, 8, 14.14286, 8.28571], "texture": "#4"},
				"up": {"uv": [8.28571, 14.14286, 8, 13.14286], "texture": "#4"},
				"down": {"uv": [13.42857, 8.57143, 13.14286, 9.57143], "texture": "#4"}
			}
		},
		{
			"from": [8.25, 22, 4.6],
			"to": [9.75, 23, 5.1],
			"rotation": {"angle": 0, "axis": "y", "origin": [9.75, 22, 4.6]},
			"faces": {
				"north": {"uv": [12.85714, 10.28571, 12, 10.85714], "texture": "#4"},
				"east": {"uv": [14.57143, 1.14286, 14.28571, 1.71429], "texture": "#4"},
				"south": {"uv": [13.42857, 6.85714, 12.57143, 7.42857], "texture": "#4"},
				"up": {"uv": [10.28571, 13.42857, 11.14286, 13.14286], "texture": "#4"},
				"down": {"uv": [13.14286, 10.28571, 14, 10.57143], "texture": "#4"}
			}
		},
		{
			"from": [9.237, 19.19645, 5.35],
			"to": [9.267, 22.19645, 6.6],
			"rotation": {"angle": 0, "axis": "y", "origin": [9.275, 18.19645, 5.6]},
			"faces": {
				"east": {"uv": [8.71429, 0, 8, 1.71429], "texture": "#4"},
				"west": {"uv": [3, 7.42857, 2.28571, 9.14286], "texture": "#4"}
			}
		},
		{
			"from": [9, 22.25, 5.1],
			"to": [9.5, 22.75, 6.85],
			"rotation": {"angle": -45, "axis": "z", "origin": [9.25, 22.5, 5.1]},
			"faces": {
				"east": {"uv": [14.14286, 8, 13.14286, 8.28571], "texture": "#4"},
				"west": {"uv": [14.14286, 6.28571, 13.14286, 6.57143], "texture": "#4"},
				"up": {"uv": [8, 14.14286, 8.28571, 13.14286], "texture": "#4"},
				"down": {"uv": [13.14286, 8.57143, 13.42857, 9.57143], "texture": "#4"}
			}
		},
		{
			"from": [8.25, 22, 6.85],
			"to": [9.75, 23, 7.35],
			"rotation": {"angle": 0, "axis": "y", "origin": [9.75, 22, 6.85]},
			"faces": {
				"north": {"uv": [8.28571, 12.57143, 7.42857, 13.14286], "texture": "#4"},
				"east": {"uv": [14.57143, 1.71429, 14.28571, 2.28571], "texture": "#4"},
				"south": {"uv": [13.42857, 7.42857, 12.57143, 8], "texture": "#4"},
				"up": {"uv": [13.14286, 11.14286, 14, 10.85714], "texture": "#4"},
				"down": {"uv": [11.42857, 13.14286, 12.28571, 13.42857], "texture": "#4"}
			}
		},
		{
			"from": [7.5, 21, 7.5],
			"to": [8.5, 22.5, 9],
			"rotation": {"angle": 45, "axis": "x", "origin": [7.5, 21, 9]},
			"faces": {
				"north": {"uv": [13.14286, 5.71429, 12.57143, 6.57143], "texture": "#4"},
				"east": {"uv": [0.85714, 9.14286, 0, 10], "texture": "#4"},
				"south": {"uv": [6.28571, 12.57143, 5.71429, 13.42857], "texture": "#4"},
				"west": {"uv": [10, 0, 9.14286, 0.85714], "texture": "#4"},
				"up": {"uv": [6.85714, 12.57143, 6.28571, 13.42857], "texture": "#4"},
				"down": {"uv": [7.42857, 13.42857, 6.85714, 12.57143], "texture": "#4"}
			}
		},
		{
			"from": [7.5, 22.41421, 7.70711],
			"to": [8.5, 23.41421, 9.70711],
			"rotation": {"angle": 45, "axis": "x", "origin": [7.5, 22.41421, 9.70711]},
			"faces": {
				"north": {"uv": [1.14286, 13.14286, 0.57143, 13.71429], "texture": "#4"},
				"east": {"uv": [11.42857, 3.42857, 10.28571, 4], "texture": "#4"},
				"south": {"uv": [13.71429, 0, 13.14286, 0.57143], "texture": "#4"},
				"west": {"uv": [5.14286, 10.28571, 4, 10.85714], "texture": "#4"},
				"up": {"uv": [4.57143, 4.57143, 4, 5.71429], "texture": "#4"},
				"down": {"uv": [5.71429, 6.85714, 5.14286, 5.71429], "texture": "#4"}
			}
		},
		{
			"from": [8.00732, 21.85355, 8.11066],
			"to": [8.98232, 22.82855, 10.86066],
			"rotation": {"angle": 45, "axis": "z", "origin": [7.98232, 21.85355, 11.86066]},
			"faces": {
				"east": {"uv": [5.57143, 8.57143, 4, 9.14286], "texture": "#4"},
				"west": {"uv": [10.14286, 4, 8.57143, 4.57143], "texture": "#4"},
				"up": {"uv": [5.71429, 1.14286, 5.14286, 2.71429], "texture": "#4"},
				"down": {"uv": [7.42857, 9.57143, 6.85714, 8], "texture": "#4"}
			}
		},
		{
			"from": [7.25, 21.39645, 9.42487],
			"to": [8.75, 22.89645, 10.92487],
			"rotation": {"angle": 45, "axis": "x", "origin": [7.25, 21.14645, 11.17487]},
			"faces": {
				"north": {"uv": [10, 2.28571, 9.14286, 3.14286], "texture": "#4"},
				"east": {"uv": [3.14286, 9.14286, 2.28571, 10], "texture": "#4"},
				"south": {"uv": [10, 1.14286, 9.14286, 2], "texture": "#4"},
				"west": {"uv": [4.85714, 9.14286, 4, 10], "texture": "#4"},
				"up": {"uv": [9.42857, 9.14286, 8.57143, 10], "texture": "#4"},
				"down": {"uv": [2, 10.57143, 1.14286, 9.71429], "texture": "#4"}
			}
		},
		{
			"from": [7.6, 22, 8.8],
			"to": [8.4, 23, 11.3],
			"rotation": {"angle": -22.5, "axis": "x", "origin": [7.5, 22, 11.3]},
			"faces": {
				"east": {"uv": [10, 8, 8.57143, 8.57143], "texture": "#4"},
				"west": {"uv": [10, 8.57143, 8.57143, 9.14286], "texture": "#4"},
				"down": {"uv": [9.57143, 11.71429, 9.14286, 10.28571], "texture": "#4"}
			}
		},
		{
			"from": [6.25, 22, 10.9],
			"to": [7.75, 23, 11.4],
			"rotation": {"angle": 0, "axis": "y", "origin": [6.25, 22, 11.4]},
			"faces": {
				"north": {"uv": [13.42857, 6.85714, 12.57143, 7.42857], "texture": "#4"},
				"south": {"uv": [12.85714, 10.28571, 12, 10.85714], "texture": "#4"},
				"west": {"uv": [14.57143, 1.14286, 14.28571, 1.71429], "texture": "#4"},
				"up": {"uv": [11.14286, 13.14286, 10.28571, 13.42857], "texture": "#4"},
				"down": {"uv": [14, 10.57143, 13.14286, 10.28571], "texture": "#4"}
			}
		},
		{
			"from": [6.733, 19.19645, 9.4],
			"to": [6.763, 22.19645, 10.65],
			"rotation": {"angle": 0, "axis": "y", "origin": [6.725, 18.19645, 10.4]},
			"faces": {
				"east": {"uv": [3, 7.42857, 2.28571, 9.14286], "texture": "#4"},
				"west": {"uv": [8.71429, 0, 8, 1.71429], "texture": "#4"}
			}
		},
		{
			"from": [6.25, 22, 8.65],
			"to": [7.75, 23, 9.15],
			"rotation": {"angle": 0, "axis": "y", "origin": [6.25, 22, 9.15]},
			"faces": {
				"north": {"uv": [13.42857, 7.42857, 12.57143, 8], "texture": "#4"},
				"south": {"uv": [8.28571, 12.57143, 7.42857, 13.14286], "texture": "#4"},
				"west": {"uv": [14.57143, 1.71429, 14.28571, 2.28571], "texture": "#4"},
				"up": {"uv": [14, 10.85714, 13.14286, 11.14286], "texture": "#4"},
				"down": {"uv": [12.28571, 13.42857, 11.42857, 13.14286], "texture": "#4"}
			}
		},
		{
			"from": [6.5, 22.25, 9.15],
			"to": [7, 22.75, 10.9],
			"rotation": {"angle": 45, "axis": "z", "origin": [6.75, 22.5, 10.9]},
			"faces": {
				"east": {"uv": [14.14286, 6.28571, 13.14286, 6.57143], "texture": "#4"},
				"west": {"uv": [14.14286, 8, 13.14286, 8.28571], "texture": "#4"},
				"up": {"uv": [8.28571, 13.14286, 8, 14.14286], "texture": "#4"},
				"down": {"uv": [13.42857, 9.57143, 13.14286, 8.57143], "texture": "#4"}
			}
		},
		{
			"from": [8.25, 22, 8.65],
			"to": [9.75, 23, 9.15],
			"rotation": {"angle": 0, "axis": "y", "origin": [9.75, 22, 9.15]},
			"faces": {
				"north": {"uv": [12.57143, 7.42857, 13.42857, 8], "texture": "#4"},
				"east": {"uv": [14.28571, 1.71429, 14.57143, 2.28571], "texture": "#4"},
				"south": {"uv": [7.42857, 12.57143, 8.28571, 13.14286], "texture": "#4"},
				"up": {"uv": [13.14286, 10.85714, 14, 11.14286], "texture": "#4"},
				"down": {"uv": [11.42857, 13.42857, 12.28571, 13.14286], "texture": "#4"}
			}
		},
		{
			"from": [9, 22.25, 9.15],
			"to": [9.5, 22.75, 10.9],
			"rotation": {"angle": -45, "axis": "z", "origin": [9.25, 22.5, 10.9]},
			"faces": {
				"east": {"uv": [13.14286, 8, 14.14286, 8.28571], "texture": "#4"},
				"west": {"uv": [13.14286, 6.28571, 14.14286, 6.57143], "texture": "#4"},
				"up": {"uv": [8, 13.14286, 8.28571, 14.14286], "texture": "#4"},
				"down": {"uv": [13.14286, 9.57143, 13.42857, 8.57143], "texture": "#4"}
			}
		},
		{
			"from": [9.237, 19.19645, 9.4],
			"to": [9.267, 22.19645, 10.65],
			"rotation": {"angle": 0, "axis": "y", "origin": [9.275, 18.19645, 10.4]},
			"faces": {
				"east": {"uv": [8, 0, 8.71429, 1.71429], "texture": "#4"},
				"west": {"uv": [2.28571, 7.42857, 3, 9.14286], "texture": "#4"}
			}
		},
		{
			"from": [8.25, 22, 10.9],
			"to": [9.75, 23, 11.4],
			"rotation": {"angle": 0, "axis": "y", "origin": [9.75, 22, 11.4]},
			"faces": {
				"north": {"uv": [12.57143, 6.85714, 13.42857, 7.42857], "texture": "#4"},
				"east": {"uv": [14.28571, 1.14286, 14.57143, 1.71429], "texture": "#4"},
				"south": {"uv": [12, 10.28571, 12.85714, 10.85714], "texture": "#4"},
				"up": {"uv": [10.28571, 13.14286, 11.14286, 13.42857], "texture": "#4"},
				"down": {"uv": [13.14286, 10.57143, 14, 10.28571], "texture": "#4"}
			}
		},
		{
			"from": [7.75, 22.12132, 3.32513],
			"to": [8.25, 23.62132, 4.82513],
			"rotation": {"angle": 0, "axis": "y", "origin": [7.75, 22.12132, -1.67487]},
			"faces": {
				"north": {"uv": [13.14286, 11.42857, 13.42857, 12.28571], "texture": "#4"},
				"east": {"uv": [9.71429, 4.57143, 10.57143, 5.42857], "texture": "#4"},
				"south": {"uv": [13.14286, 12.57143, 13.42857, 13.42857], "texture": "#4"},
				"west": {"uv": [5.14286, 9.71429, 6, 10.57143], "texture": "#4"},
				"up": {"uv": [14, 0.85714, 13.71429, 0], "texture": "#4"},
				"down": {"uv": [0.85714, 13.71429, 0.57143, 14.57143], "texture": "#4"}
			}
		},
		{
			"from": [7.7535, 22.35125, 2.16923],
			"to": [8.2465, 23.75125, 3.66923],
			"rotation": {"angle": 22.5, "axis": "x", "origin": [8.2535, 23.10125, 2.91923]},
			"faces": {
				"north": {"uv": [1.14286, 13.71429, 1.42857, 14.57143], "texture": "#4"},
				"east": {"uv": [9.71429, 5.71429, 10.57143, 6.57143], "texture": "#4"},
				"west": {"uv": [6.28571, 9.71429, 7.14286, 10.57143], "texture": "#4"},
				"up": {"uv": [14, 2, 13.71429, 1.14286], "texture": "#4"},
				"down": {"uv": [2, 13.71429, 1.71429, 14.57143], "texture": "#4"}
			}
		},
		{
			"from": [7.7585, 23.00601, 1.18931],
			"to": [8.2415, 24.30601, 2.68931],
			"rotation": {"angle": 45, "axis": "x", "origin": [8.2585, 23.75601, 1.93931]},
			"faces": {
				"north": {"uv": [2.28571, 13.71429, 2.57143, 14.57143], "texture": "#4"},
				"east": {"uv": [9.71429, 6.85714, 10.57143, 7.71429], "texture": "#4"},
				"west": {"uv": [9.71429, 9.14286, 10.57143, 10], "texture": "#4"},
				"up": {"uv": [14, 3.14286, 13.71429, 2.28571], "texture": "#4"},
				"down": {"uv": [3.14286, 13.71429, 2.85714, 14.57143], "texture": "#4"}
			}
		},
		{
			"from": [7.7635, 23.98593, -5.74045],
			"to": [8.2365, 25.48593, 1.75955],
			"rotation": {"angle": -22.5, "axis": "x", "origin": [8.2635, 24.73593, 1.28455]},
			"faces": {
				"north": {"uv": [3.42857, 13.71429, 3.71429, 14.57143], "texture": "#4"},
				"east": {"uv": [0, 3.42857, 4.28571, 4.28571], "texture": "#4"},
				"south": {"uv": [13.71429, 3.42857, 14, 4.28571], "texture": "#4"},
				"west": {"uv": [3.42857, 0, 7.71429, 0.85714], "texture": "#4"},
				"up": {"uv": [3.71429, 11.71429, 3.42857, 7.42857], "texture": "#4"},
				"down": {"uv": [8.28571, 5.71429, 8, 10], "texture": "#4"}
			}
		},
		{
			"from": [7.8635, 21.0904, -6.43575],
			"to": [8.1365, 23.3404, -0.43575],
			"rotation": {"angle": -22.5, "axis": "x", "origin": [8, 22.3904, 0.06425]},
			"faces": {
				"north": {"uv": [13.14286, 13.71429, 13.28571, 15], "texture": "#4"},
				"east": {"uv": [0, 0, 3.42857, 1.28571], "texture": "#4"},
				"south": {"uv": [13.71429, 13.14286, 13.85714, 14.42857], "texture": "#4"},
				"west": {"uv": [0, 1.71429, 3.42857, 3], "texture": "#4"},
				"up": {"uv": [8.71429, 16, 8.57143, 12.57143], "texture": "#4"},
				"down": {"uv": [9.85714, 12.57143, 9.71429, 16], "texture": "#4"}
			}
		},
		{
			"from": [7.8685, 20.92675, -0.76124],
			"to": [8.1315, 23.92675, 1.73876],
			"rotation": {"angle": 0, "axis": "x", "origin": [8.005, 22.22675, -0.26124]},
			"faces": {
				"east": {"uv": [3.42857, 1.14286, 4.85714, 2.85714], "texture": "#4"},
				"south": {"uv": [4, 13.71429, 4.14286, 15.42857], "texture": "#4"},
				"west": {"uv": [0, 4.57143, 1.42857, 6.28571], "texture": "#4"},
				"up": {"uv": [7, 15.14286, 6.85714, 13.71429], "texture": "#4"},
				"down": {"uv": [9.28571, 13.71429, 9.14286, 15.14286], "texture": "#4"}
			}
		},
		{
			"from": [7.8735, 20.25921, 1.36764],
			"to": [8.1265, 22.50921, 3.86764],
			"rotation": {"angle": 22.5, "axis": "x", "origin": [8.005, 21.83421, 3.46764]},
			"faces": {
				"east": {"uv": [6.85714, 4, 8.28571, 5.28571], "texture": "#4"},
				"south": {"uv": [0, 14.28571, 0.14286, 15.57143], "texture": "#4"},
				"west": {"uv": [5.14286, 6.85714, 6.57143, 8.14286], "texture": "#4"},
				"up": {"uv": [13.85714, 12.85714, 13.71429, 11.42857], "texture": "#4"},
				"down": {"uv": [12.71429, 13.71429, 12.57143, 15.14286], "texture": "#4"}
			}
		},
		{
			"from": [7.7685, 19.04863, -6.02816],
			"to": [8.2315, 22.54863, -4.55316],
			"rotation": {"angle": 22.5, "axis": "x", "origin": [8.0185, 21.29863, -5.27816]},
			"faces": {
				"north": {"uv": [10.85714, 10.85714, 11.14286, 12.85714], "texture": "#4"},
				"east": {"uv": [6.85714, 5.71429, 7.71429, 7.71429], "texture": "#4"},
				"south": {"uv": [1.14286, 11.42857, 1.42857, 13.42857], "texture": "#4"},
				"west": {"uv": [1.14286, 7.42857, 2, 9.42857], "texture": "#4"}
			}
		},
		{
			"from": [7.7635, 18.36046, -6.06434],
			"to": [8.2365, 19.36046, -4.06434],
			"rotation": {"angle": 45, "axis": "x", "origin": [7.995, 19.86046, -5.06434]},
			"faces": {
				"north": {"uv": [14.28571, 2.28571, 14.57143, 2.85714], "texture": "#4"},
				"east": {"uv": [10.28571, 4, 11.42857, 4.57143], "texture": "#4"},
				"south": {"uv": [14.28571, 2.85714, 14.57143, 3.42857], "texture": "#4"},
				"west": {"uv": [8, 10.28571, 9.14286, 10.85714], "texture": "#4"},
				"up": {"uv": [13.42857, 6.28571, 13.14286, 5.14286], "texture": "#4"},
				"down": {"uv": [7.71429, 13.14286, 7.42857, 14.28571], "texture": "#4"}
			}
		}
	],
	"gui_light": "front",
	"display": {
		"thirdperson_righthand": {
			"translation": [0, -3.5, 1]
		},
		"thirdperson_lefthand": {
			"translation": [0, -3.5, 1]
		},
		"firstperson_righthand": {
			"rotation": [-10, 0, 0],
			"translation": [0, -4, 0]
		},
		"firstperson_lefthand": {
			"rotation": [-10, 0, 0],
			"translation": [0, -4, 0]
		},
		"ground": {
			"rotation": [-45, 0, 0],
			"translation": [0, 4, 0],
			"scale": [0.7, 0.7, 0.7]
		},
		"gui": {
			"rotation": [-90, 45, 90],
			"translation": [2.5, -2.5, 0],
			"scale": [0.7, 0.7, 0.7]
		},
		"head": {
			"rotation": [0, -90, 0]
		},
		"fixed": {
			"rotation": [0, -90, 0],
			"translation": [0, -9.75, -1.5],
			"scale": [2, 2, 2]
		}
	}
}