{
	"credit": "Made by PolygonMC",
	"texture_size": [20, 20],
	"textures": {
		"1": "arcanistset:animations/animations_1",
		"2": "arcanistset:animations/animations_2",
		"5": "arcanistset:shovel",
		"particle": "arcanistset:animations/animations_1"
	},
	"elements": [
		{
			"from": [7.35, 0.6, 7.35],
			"to": [8.65, 1.9, 8.65],
			"rotation": {"angle": -45, "axis": "x", "origin": [8, 1.25, 8]},
			"faces": {
				"north": {"uv": [9.6, 8, 10.6, 9], "texture": "#5"},
				"east": {"uv": [8.8, 9.6, 9.8, 10.6], "texture": "#5"},
				"south": {"uv": [1.6, 10.4, 2.6, 11.4], "texture": "#5"},
				"west": {"uv": [3.2, 10.4, 4.2, 11.4], "texture": "#5"},
				"up": {"uv": [5.8, 11.4, 4.8, 10.4], "texture": "#5"},
				"down": {"uv": [11.4, 4.8, 10.4, 5.8], "texture": "#5"}
			}
		},
		{
			"from": [7.5, 1.66924, 7.5],
			"to": [8.5, 3.16924, 8.5],
			"rotation": {"angle": 0, "axis": "y", "origin": [7.5, 1.16924, 7.5]},
			"faces": {
				"north": {"uv": [11.2, 8, 12, 9.2], "texture": "#5"},
				"east": {"uv": [9.6, 11.2, 10.4, 12.4], "texture": "#5"},
				"south": {"uv": [10.4, 11.2, 11.2, 12.4], "texture": "#5"},
				"west": {"uv": [11.2, 11.2, 12, 12.4], "texture": "#5"},
				"up": {"uv": [13.6, 4, 12.8, 3.2], "texture": "#5"}
			}
		},
		{
			"from": [7.6, 3.16924, 7.6],
			"to": [8.4, 5.91924, 8.4],
			"rotation": {"angle": 0, "axis": "y", "origin": [8, 4.54424, 8]},
			"faces": {
				"north": {"uv": [8, 4.8, 8.6, 7], "texture": "#5"},
				"east": {"uv": [6.4, 8, 7, 10.2], "texture": "#5"},
				"south": {"uv": [7.2, 8, 7.8, 10.2], "texture": "#5"},
				"west": {"uv": [8, 7.2, 8.6, 9.4], "texture": "#5"}
			}
		},
		{
			"from": [7.35, 2.16924, 7.35],
			"to": [8.65, 2.66924, 8.65],
			"rotation": {"angle": 0, "axis": "y", "origin": [7.5, 2.16924, 7.5]},
			"faces": {
				"north": {"uv": [5.6, 13.6, 6.6, 14], "texture": "#5"},
				"east": {"uv": [13.6, 5.6, 14.6, 6], "texture": "#5"},
				"south": {"uv": [13.6, 6.4, 14.6, 6.8], "texture": "#5"},
				"west": {"uv": [13.6, 7.2, 14.6, 7.6], "texture": "#5"},
				"up": {"uv": [7.4, 11.4, 6.4, 10.4], "texture": "#5"},
				"down": {"uv": [11.4, 6.4, 10.4, 7.4], "texture": "#5"}
			}
		},
		{
			"from": [7.5, 5.91924, 7.5],
			"to": [8.5, 7.41924, 8.5],
			"rotation": {"angle": 0, "axis": "y", "origin": [7.5, 7.91924, 7.5]},
			"faces": {
				"north": {"uv": [0, 12, 0.8, 13.2], "texture": "#5"},
				"east": {"uv": [0.8, 12, 1.6, 13.2], "texture": "#5"},
				"south": {"uv": [1.6, 12, 2.4, 13.2], "texture": "#5"},
				"west": {"uv": [2.4, 12, 3.2, 13.2], "texture": "#5"},
				"down": {"uv": [13.6, 4, 12.8, 4.8], "texture": "#5"}
			}
		},
		{
			"from": [7.35, 6.41924, 7.35],
			"to": [8.65, 6.91924, 8.65],
			"rotation": {"angle": 0, "axis": "y", "origin": [7.5, 6.91924, 7.5]},
			"faces": {
				"north": {"uv": [8, 13.6, 9, 14], "texture": "#5"},
				"east": {"uv": [13.6, 9.6, 14.6, 10], "texture": "#5"},
				"south": {"uv": [13.6, 10.4, 14.6, 10.8], "texture": "#5"},
				"west": {"uv": [11.2, 13.6, 12.2, 14], "texture": "#5"},
				"up": {"uv": [11.4, 10.6, 10.4, 9.6], "texture": "#5"},
				"down": {"uv": [12.2, 0, 11.2, 1], "texture": "#5"}
			}
		},
		{
			"from": [7.5, -0.25, 8],
			"to": [8.5, 0.75, 9],
			"rotation": {"angle": -45, "axis": "x", "origin": [7.75, -0.25, 8]},
			"faces": {
				"north": {"uv": [12.8, 4.8, 13.6, 5.6], "texture": "#5"},
				"east": {"uv": [12.8, 5.6, 13.6, 6.4], "texture": "#5"},
				"south": {"uv": [8, 12.8, 8.8, 13.6], "texture": "#5"},
				"west": {"uv": [8.8, 12.8, 9.6, 13.6], "texture": "#5"},
				"up": {"uv": [10.4, 13.6, 9.6, 12.8], "texture": "#5"},
				"down": {"uv": [13.6, 9.6, 12.8, 10.4], "texture": "#5"}
			}
		},
		{
			"from": [7.75, 0.13268, 6.07612],
			"to": [8.25, 1.13268, 8.07612],
			"rotation": {"angle": 22.5, "axis": "x", "origin": [7.75, 0.13268, 7.07612]},
			"faces": {
				"east": {"uv": [1.6, 8.8, 3.2, 9.6], "texture": "#5"},
				"west": {"uv": [3.2, 8.8, 4.8, 9.6], "texture": "#5"},
				"up": {"uv": [10.8, 14.4, 10.4, 12.8], "texture": "#5"},
				"down": {"uv": [13.2, 10.4, 12.8, 12], "texture": "#5"}
			}
		},
		{
			"from": [7.7475, 0.63059, 5.7315],
			"to": [8.2525, 1.63059, 6.4815],
			"rotation": {"angle": -22.5, "axis": "x", "origin": [7.9975, 1.63059, 6.2315]},
			"faces": {
				"north": {"uv": [14.4, 0.8, 14.8, 1.6], "texture": "#5"},
				"east": {"uv": [13.6, 2.4, 14.2, 3.2], "texture": "#5"},
				"south": {"uv": [1.6, 14.4, 2, 15.2], "texture": "#5"},
				"west": {"uv": [3.2, 13.6, 3.8, 14.4], "texture": "#5"},
				"up": {"uv": [14.8, 3, 14.4, 2.4], "texture": "#5"},
				"down": {"uv": [3.6, 14.4, 3.2, 15], "texture": "#5"}
			}
		},
		{
			"from": [7.75, 0.13268, 7.92388],
			"to": [8.25, 1.13268, 9.92388],
			"rotation": {"angle": -22.5, "axis": "x", "origin": [7.75, 0.13268, 8.92388]},
			"faces": {
				"east": {"uv": [3.2, 8.8, 1.6, 9.6], "texture": "#5"},
				"west": {"uv": [4.8, 8.8, 3.2, 9.6], "texture": "#5"},
				"up": {"uv": [10.8, 12.8, 10.4, 14.4], "texture": "#5"},
				"down": {"uv": [13.2, 12, 12.8, 10.4], "texture": "#5"}
			}
		},
		{
			"from": [7.7475, 0.63059, 9.5185],
			"to": [8.2525, 1.63059, 10.2685],
			"rotation": {"angle": 22.5, "axis": "x", "origin": [7.9975, 1.63059, 9.7685]},
			"faces": {
				"north": {"uv": [2, 14.4, 1.6, 15.2], "texture": "#5"},
				"east": {"uv": [14.2, 2.4, 13.6, 3.2], "texture": "#5"},
				"south": {"uv": [14.8, 0.8, 14.4, 1.6], "texture": "#5"},
				"west": {"uv": [3.8, 13.6, 3.2, 14.4], "texture": "#5"},
				"up": {"uv": [14.8, 2.4, 14.4, 3], "texture": "#5"},
				"down": {"uv": [3.6, 15, 3.2, 14.4], "texture": "#5"}
			}
		},
		{
			"from": [7.0975, 8.99944, 8.25],
			"to": [8.9025, 9.91444, 9.165],
			"rotation": {"angle": -45, "axis": "x", "origin": [7.7475, 8.74944, 8]},
			"faces": {
				"north": {"uv": [9.6, 0, 11, 0.8], "texture": "#5"},
				"east": {"uv": [11.2, 12.8, 12, 13.6], "texture": "#5"},
				"south": {"uv": [9.6, 0.8, 11, 1.6], "texture": "#5"},
				"west": {"uv": [12, 12.8, 12.8, 13.6], "texture": "#5"},
				"up": {"uv": [3, 10.4, 1.6, 9.6], "texture": "#5"},
				"down": {"uv": [11, 1.6, 9.6, 2.4], "texture": "#5"}
			}
		},
		{
			"from": [7.0975, 7.62444, 8.25],
			"to": [8.9025, 8.53944, 9.165],
			"rotation": {"angle": -45, "axis": "x", "origin": [7.7475, 7.37444, 8]},
			"faces": {
				"north": {"uv": [9.6, 2.4, 11, 3.2], "texture": "#5"},
				"east": {"uv": [12.8, 12.8, 13.6, 13.6], "texture": "#5"},
				"south": {"uv": [3.2, 9.6, 4.6, 10.4], "texture": "#5"},
				"west": {"uv": [0, 13.6, 0.8, 14.4], "texture": "#5"},
				"up": {"uv": [11, 4, 9.6, 3.2], "texture": "#5"},
				"down": {"uv": [11, 4, 9.6, 4.8], "texture": "#5"}
			}
		},
		{
			"from": [7.35, 7.41924, 7.35],
			"to": [8.65, 10.46924, 8.65],
			"rotation": {"angle": 0, "axis": "y", "origin": [7.25, 7.41924, 7.25]},
			"faces": {
				"north": {"uv": [0, 4.8, 1, 7.2], "texture": "#5"},
				"east": {"uv": [1.6, 4.8, 2.6, 7.2], "texture": "#5"},
				"south": {"uv": [3.2, 4.8, 4.2, 7.2], "texture": "#5"},
				"west": {"uv": [4.8, 4.8, 5.8, 7.2], "texture": "#5"},
				"down": {"uv": [12.2, 1.6, 11.2, 2.6], "texture": "#5"}
			}
		},
		{
			"from": [6.5, -2.25, 6.5],
			"to": [9.5, -0.25, 6.5],
			"rotation": {"angle": 45, "axis": "y", "origin": [8, -1.25, 8]},
			"faces": {
				"north": {"uv": [0, 4, 6, 8], "texture": "#1"}
			}
		},
		{
			"from": [6.5, -2.25, 6.5],
			"to": [6.5, -0.25, 9.5],
			"rotation": {"angle": 45, "axis": "y", "origin": [8, -1.25, 8]},
			"faces": {
				"west": {"uv": [6, 4, 12, 8], "texture": "#1"}
			}
		},
		{
			"from": [6.5, -2.25, 9.5],
			"to": [9.5, -0.25, 9.5],
			"rotation": {"angle": 45, "axis": "y", "origin": [8, -1.25, 8]},
			"faces": {
				"south": {"uv": [0, 0, 6, 4], "texture": "#1"}
			}
		},
		{
			"from": [9.5, -2.25, 6.5],
			"to": [9.5, -0.25, 9.5],
			"rotation": {"angle": 45, "axis": "y", "origin": [8, -1.25, 8]},
			"faces": {
				"east": {"uv": [6, 0, 12, 4], "texture": "#1"}
			}
		},
		{
			"from": [9.5, 7.5, 6.5],
			"to": [9.5, 9.5, 9.5],
			"rotation": {"angle": -45, "axis": "y", "origin": [8, 8.5, 8]},
			"faces": {
				"east": {"uv": [12, 0, 6, 4], "texture": "#1"}
			}
		},
		{
			"from": [6.5, 7.5, 6.5],
			"to": [9.5, 9.5, 6.5],
			"rotation": {"angle": -45, "axis": "y", "origin": [8, 8.5, 8]},
			"faces": {
				"north": {"uv": [6, 0, 0, 4], "texture": "#1"}
			}
		},
		{
			"from": [6.5, 7.5, 6.5],
			"to": [6.5, 9.5, 9.5],
			"rotation": {"angle": -45, "axis": "y", "origin": [8, 8.5, 8]},
			"faces": {
				"west": {"uv": [12, 4, 6, 8], "texture": "#1"}
			}
		},
		{
			"from": [6.5, 7.5, 9.5],
			"to": [9.5, 9.5, 9.5],
			"rotation": {"angle": -45, "axis": "y", "origin": [8, 8.5, 8]},
			"faces": {
				"south": {"uv": [6, 4, 0, 8], "texture": "#1"}
			}
		},
		{
			"from": [7.001, -4, 7],
			"to": [9.001, -2.5, 7],
			"rotation": {"angle": 45, "axis": "y", "origin": [8, -3.25, 8]},
			"faces": {
				"north": {"uv": [16, 0, 8, 6], "texture": "#2"},
				"east": {"uv": [0, 0, 0, 6], "texture": "#2"},
				"west": {"uv": [0, 0, 0, 6], "texture": "#2"},
				"up": {"uv": [8, 0, 0, 0], "texture": "#2"},
				"down": {"uv": [8, 0, 0, 0], "texture": "#2"}
			}
		},
		{
			"from": [7.001, -4, 9],
			"to": [9.001, -2.5, 9],
			"rotation": {"angle": 45, "axis": "y", "origin": [8, -3.25, 8]},
			"faces": {
				"east": {"uv": [0, 0, 0, 6], "texture": "#2"},
				"south": {"uv": [16, 8, 8, 14], "texture": "#2"},
				"west": {"uv": [0, 0, 0, 6], "texture": "#2"},
				"up": {"uv": [8, 0, 0, 0], "texture": "#2"},
				"down": {"uv": [8, 0, 0, 0], "texture": "#2"}
			}
		},
		{
			"from": [9, -4, 7],
			"to": [9, -2.5, 9],
			"rotation": {"angle": 45, "axis": "y", "origin": [8, -3.25, 8]},
			"faces": {
				"north": {"uv": [0, 0, 0, 6], "texture": "#2"},
				"east": {"uv": [8, 8, 0, 14], "texture": "#2"},
				"south": {"uv": [0, 0, 0, 6], "texture": "#2"},
				"up": {"uv": [0, 0, 0, 8], "texture": "#2"},
				"down": {"uv": [0, 8, 0, 0], "texture": "#2"}
			}
		},
		{
			"from": [7, -4, 7],
			"to": [7, -2.5, 9],
			"rotation": {"angle": 45, "axis": "y", "origin": [8, -3.25, 8]},
			"faces": {
				"north": {"uv": [0, 0, 0, 6], "texture": "#2"},
				"south": {"uv": [0, 0, 0, 6], "texture": "#2"},
				"west": {"uv": [8, 0, 0, 6], "texture": "#2"},
				"up": {"uv": [0, 0, 0, 8], "texture": "#2"},
				"down": {"uv": [0, 8, 0, 0], "texture": "#2"}
			}
		},
		{
			"from": [7.25, 9.75, 8],
			"to": [8.75, 11.5, 9.75],
			"rotation": {"angle": -45, "axis": "x", "origin": [7.5, 9.75, 8]},
			"faces": {
				"north": {"uv": [1.6, 7.2, 2.8, 8.6], "texture": "#5"},
				"east": {"uv": [6.4, 4.8, 7.8, 6.2], "texture": "#5"},
				"south": {"uv": [3.2, 7.2, 4.4, 8.6], "texture": "#5"},
				"west": {"uv": [6.4, 6.4, 7.8, 7.8], "texture": "#5"},
				"up": {"uv": [6, 8.6, 4.8, 7.2], "texture": "#5"},
				"down": {"uv": [9.2, 0, 8, 1.4], "texture": "#5"}
			}
		},
		{
			"from": [7.5, 9.75, 7],
			"to": [8.5, 11.25, 8.5],
			"rotation": {"angle": -45, "axis": "x", "origin": [7.5, 9.75, 7]},
			"faces": {
				"north": {"uv": [3.2, 12, 4, 13.2], "texture": "#5"},
				"east": {"uv": [8, 1.6, 9.2, 2.8], "texture": "#5"},
				"south": {"uv": [4, 12, 4.8, 13.2], "texture": "#5"},
				"west": {"uv": [8, 3.2, 9.2, 4.4], "texture": "#5"},
				"up": {"uv": [5.6, 13.2, 4.8, 12], "texture": "#5"},
				"down": {"uv": [12.8, 4.8, 12, 6], "texture": "#5"}
			}
		},
		{
			"from": [7.625, 12.42317, 6.45393],
			"to": [8.375, 14.42317, 7.45393],
			"rotation": {"angle": 0, "axis": "x", "origin": [8, 13.05368, 6.37645]},
			"faces": {
				"north": {"uv": [5.6, 12, 6.2, 13.6], "texture": "#5"},
				"east": {"uv": [4.8, 8.8, 5.6, 10.4], "texture": "#5"},
				"south": {"uv": [6.4, 12, 7, 13.6], "texture": "#5"},
				"west": {"uv": [8.8, 4.8, 9.6, 6.4], "texture": "#5"},
				"up": {"uv": [14.2, 4, 13.6, 3.2], "texture": "#5"}
			}
		},
		{
			"from": [7.75, 12.3083, 5.87645],
			"to": [8.25, 14.0583, 6.87645],
			"rotation": {"angle": -22.5, "axis": "x", "origin": [8, 13.05368, 6.37645]},
			"faces": {
				"north": {"uv": [2.4, 13.6, 2.8, 15], "texture": "#5"},
				"east": {"uv": [9.6, 4.8, 10.4, 6.2], "texture": "#5"},
				"west": {"uv": [8, 9.6, 8.8, 11], "texture": "#5"},
				"up": {"uv": [14.8, 2.4, 14.4, 1.6], "texture": "#5"}
			}
		},
		{
			"from": [7.875, 11.88052, 5.48793],
			"to": [8.125, 12.88052, 6.98793],
			"rotation": {"angle": 45, "axis": "x", "origin": [8, 13.05368, 6.37645]},
			"faces": {
				"north": {"uv": [6.4, 14.4, 6.6, 15.2], "texture": "#5"},
				"east": {"uv": [12, 6.4, 13.2, 7.2], "texture": "#5"},
				"west": {"uv": [12, 7.2, 13.2, 8], "texture": "#5"},
				"down": {"uv": [14.6, 3.2, 14.4, 4.4], "texture": "#5"}
			}
		},
		{
			"from": [7.5, 11.16421, 6.29289],
			"to": [8.5, 12.16421, 8.29289],
			"rotation": {"angle": -45, "axis": "x", "origin": [7.5, 11.16421, 6.29289]},
			"faces": {
				"north": {"uv": [0.8, 13.6, 1.6, 14.4], "texture": "#5"},
				"east": {"uv": [8.8, 6.4, 10.4, 7.2], "texture": "#5"},
				"south": {"uv": [13.6, 0.8, 14.4, 1.6], "texture": "#5"},
				"west": {"uv": [8.8, 7.2, 10.4, 8], "texture": "#5"},
				"up": {"uv": [6.4, 10.4, 5.6, 8.8], "texture": "#5"},
				"down": {"uv": [9.6, 8, 8.8, 9.6], "texture": "#5"}
			}
		},
		{
			"from": [8.25, 10.5, 4.25],
			"to": [8.75, 11, 7.25],
			"rotation": {"angle": 45, "axis": "z", "origin": [8, 10.25, 3.25]},
			"faces": {
				"north": {"uv": [7.2, 14.4, 7.6, 14.8], "texture": "#5"},
				"east": {"uv": [12, 8, 14.4, 8.4], "texture": "#5"},
				"south": {"uv": [8, 14.4, 8.4, 14.8], "texture": "#5"},
				"west": {"uv": [12, 8.8, 14.4, 9.2], "texture": "#5"},
				"up": {"uv": [7.6, 14.4, 7.2, 12], "texture": "#5"},
				"down": {"uv": [12.4, 9.6, 12, 12], "texture": "#5"}
			}
		},
		{
			"from": [7.6, 10.95711, 3.33579],
			"to": [8.4, 11.95711, 4.33579],
			"rotation": {"angle": 45, "axis": "x", "origin": [7.75, 10.95711, 3.33579]},
			"faces": {
				"north": {"uv": [4, 13.6, 4.6, 14.4], "texture": "#5"},
				"east": {"uv": [1.6, 13.6, 2.4, 14.4], "texture": "#5"},
				"south": {"uv": [13.6, 4, 14.2, 4.8], "texture": "#5"},
				"west": {"uv": [13.6, 1.6, 14.4, 2.4], "texture": "#5"},
				"up": {"uv": [5.4, 14.4, 4.8, 13.6], "texture": "#5"},
				"down": {"uv": [14.2, 4.8, 13.6, 5.6], "texture": "#5"}
			}
		},
		{
			"from": [7.985, 7.65355, 4.75],
			"to": [8.015, 10.65355, 6],
			"rotation": {"angle": 0, "axis": "y", "origin": [7.985, 6.65355, 5]},
			"faces": {
				"east": {"uv": [6.4, 0, 7.4, 2.4], "texture": "#5"},
				"west": {"uv": [6.4, 2.4, 7.4, 4.8], "texture": "#5"}
			}
		},
		{
			"from": [7.625, 12.42317, 8.54607],
			"to": [8.375, 14.42317, 9.54607],
			"rotation": {"angle": 0, "axis": "x", "origin": [8, 13.05368, 9.62355]},
			"faces": {
				"north": {"uv": [7, 12, 6.4, 13.6], "texture": "#5"},
				"east": {"uv": [5.6, 8.8, 4.8, 10.4], "texture": "#5"},
				"south": {"uv": [6.2, 12, 5.6, 13.6], "texture": "#5"},
				"west": {"uv": [9.6, 4.8, 8.8, 6.4], "texture": "#5"},
				"up": {"uv": [14.2, 3.2, 13.6, 4], "texture": "#5"}
			}
		},
		{
			"from": [7.75, 12.3083, 9.12355],
			"to": [8.25, 14.0583, 10.12355],
			"rotation": {"angle": 22.5, "axis": "x", "origin": [8, 13.05368, 9.62355]},
			"faces": {
				"east": {"uv": [10.4, 4.8, 9.6, 6.2], "texture": "#5"},
				"south": {"uv": [2.8, 13.6, 2.4, 15], "texture": "#5"},
				"west": {"uv": [8.8, 9.6, 8, 11], "texture": "#5"},
				"up": {"uv": [14.8, 1.6, 14.4, 2.4], "texture": "#5"}
			}
		},
		{
			"from": [7.875, 11.88052, 9.01207],
			"to": [8.125, 12.88052, 10.51207],
			"rotation": {"angle": -45, "axis": "x", "origin": [8, 13.05368, 9.62355]},
			"faces": {
				"east": {"uv": [13.2, 6.4, 12, 7.2], "texture": "#5"},
				"south": {"uv": [6.6, 14.4, 6.4, 15.2], "texture": "#5"},
				"west": {"uv": [13.2, 7.2, 12, 8], "texture": "#5"},
				"down": {"uv": [14.6, 4.4, 14.4, 3.2], "texture": "#5"}
			}
		},
		{
			"from": [7.5, 11.16421, 7.70711],
			"to": [8.5, 12.16421, 9.70711],
			"rotation": {"angle": 45, "axis": "x", "origin": [7.5, 11.16421, 9.70711]},
			"faces": {
				"north": {"uv": [14.4, 0.8, 13.6, 1.6], "texture": "#5"},
				"east": {"uv": [10.4, 6.4, 8.8, 7.2], "texture": "#5"},
				"south": {"uv": [1.6, 13.6, 0.8, 14.4], "texture": "#5"},
				"west": {"uv": [10.4, 7.2, 8.8, 8], "texture": "#5"},
				"up": {"uv": [6.4, 8.8, 5.6, 10.4], "texture": "#5"},
				"down": {"uv": [9.6, 9.6, 8.8, 8], "texture": "#5"}
			}
		},
		{
			"from": [7.5, 9.75, 7.5],
			"to": [8.5, 11.25, 9],
			"rotation": {"angle": 45, "axis": "x", "origin": [7.5, 9.75, 9]},
			"faces": {
				"north": {"uv": [4.8, 12, 4, 13.2], "texture": "#5"},
				"east": {"uv": [9.2, 1.6, 8, 2.8], "texture": "#5"},
				"south": {"uv": [4, 12, 3.2, 13.2], "texture": "#5"},
				"west": {"uv": [9.2, 3.2, 8, 4.4], "texture": "#5"},
				"up": {"uv": [5.6, 12, 4.8, 13.2], "texture": "#5"},
				"down": {"uv": [12.8, 6, 12, 4.8], "texture": "#5"}
			}
		},
		{
			"from": [8.25, 10.5, 8.75],
			"to": [8.75, 11, 11.75],
			"rotation": {"angle": 45, "axis": "z", "origin": [8, 10.25, 12.75]},
			"faces": {
				"north": {"uv": [8.4, 14.4, 8, 14.8], "texture": "#5"},
				"east": {"uv": [14.4, 8, 12, 8.4], "texture": "#5"},
				"south": {"uv": [7.6, 14.4, 7.2, 14.8], "texture": "#5"},
				"west": {"uv": [14.4, 8.8, 12, 9.2], "texture": "#5"},
				"up": {"uv": [7.6, 12, 7.2, 14.4], "texture": "#5"},
				"down": {"uv": [12.4, 12, 12, 9.6], "texture": "#5"}
			}
		},
		{
			"from": [7.985, 7.65355, 10],
			"to": [8.015, 10.65355, 11.25],
			"rotation": {"angle": 0, "axis": "y", "origin": [7.985, 6.65355, 11]},
			"faces": {
				"east": {"uv": [7.4, 0, 6.4, 2.4], "texture": "#5"},
				"west": {"uv": [7.4, 2.4, 6.4, 4.8], "texture": "#5"}
			}
		},
		{
			"from": [7.6, 10.95711, 11.66421],
			"to": [8.4, 11.95711, 12.66421],
			"rotation": {"angle": -45, "axis": "x", "origin": [7.75, 10.95711, 12.66421]},
			"faces": {
				"north": {"uv": [14.2, 4, 13.6, 4.8], "texture": "#5"},
				"east": {"uv": [2.4, 13.6, 1.6, 14.4], "texture": "#5"},
				"south": {"uv": [4.6, 13.6, 4, 14.4], "texture": "#5"},
				"west": {"uv": [14.4, 1.6, 13.6, 2.4], "texture": "#5"},
				"up": {"uv": [5.4, 13.6, 4.8, 14.4], "texture": "#5"},
				"down": {"uv": [14.2, 5.6, 13.6, 4.8], "texture": "#5"}
			}
		},
		{
			"from": [7.7875, 11, 6.25],
			"to": [8.2125, 17, 9.75],
			"rotation": {"angle": 0, "axis": "y", "origin": [7.7875, 11, 6.25]},
			"faces": {
				"north": {"uv": [0, 7.2, 0.4, 12], "texture": "#5"},
				"east": {"uv": [0, 0, 2.8, 4.8], "texture": "#5"},
				"south": {"uv": [0.8, 7.2, 1.2, 12], "texture": "#5"},
				"west": {"uv": [3.2, 0, 6, 4.8], "texture": "#5"}
			}
		},
		{
			"from": [7.7875, 17, 6.78],
			"to": [8.2125, 17.53, 9.22],
			"rotation": {"angle": 0, "axis": "y", "origin": [7.7875, 11.5, 6.28]},
			"faces": {
				"east": {"uv": [12, 12, 14, 12.4], "texture": "#5"},
				"west": {"uv": [12.8, 0, 14.8, 0.4], "texture": "#5"},
				"up": {"uv": [13.2, 2.8, 12.8, 0.8], "texture": "#5"}
			}
		},
		{
			"from": [7.7865, 13.7019, 6.16967],
			"to": [8.2135, 15.2019, 7.61967],
			"rotation": {"angle": -45, "axis": "x", "origin": [7.5115, 13.9519, 5.36967]},
			"faces": {
				"north": {"uv": [9.6, 13.6, 10, 14.6], "texture": "#5"},
				"east": {"uv": [11.2, 3.2, 12.2, 4.2], "texture": "#5"},
				"south": {"uv": [12.8, 13.6, 13.2, 14.6], "texture": "#5"},
				"west": {"uv": [8, 11.2, 9, 12.2], "texture": "#5"},
				"up": {"uv": [14, 13.8, 13.6, 12.8], "texture": "#5"},
				"down": {"uv": [0.4, 14.4, 0, 15.4], "texture": "#5"}
			}
		},
		{
			"from": [7.7865, 16.08579, 7.35355],
			"to": [8.2135, 16.83579, 8.10355],
			"rotation": {"angle": -45, "axis": "x", "origin": [7.5115, 15.58579, 6.60355]},
			"faces": {
				"north": {"uv": [4, 14.4, 4.4, 15], "texture": "#5"},
				"east": {"uv": [13.6, 11.2, 14.2, 11.8], "texture": "#5"},
				"south": {"uv": [4.8, 14.4, 5.2, 15], "texture": "#5"},
				"west": {"uv": [0.8, 14.4, 1.4, 15], "texture": "#5"},
				"up": {"uv": [14.8, 5.4, 14.4, 4.8], "texture": "#5"},
				"down": {"uv": [6, 14.4, 5.6, 15], "texture": "#5"}
			}
		},
		{
			"from": [7.7865, 16.08579, 7.89645],
			"to": [8.2135, 16.83579, 8.64645],
			"rotation": {"angle": 45, "axis": "x", "origin": [7.5115, 15.58579, 9.39645]},
			"faces": {
				"north": {"uv": [5.2, 14.4, 4.8, 15], "texture": "#5"},
				"east": {"uv": [14.2, 11.2, 13.6, 11.8], "texture": "#5"},
				"south": {"uv": [4.4, 14.4, 4, 15], "texture": "#5"},
				"west": {"uv": [1.4, 14.4, 0.8, 15], "texture": "#5"},
				"up": {"uv": [14.8, 4.8, 14.4, 5.4], "texture": "#5"},
				"down": {"uv": [6, 15, 5.6, 14.4], "texture": "#5"}
			}
		},
		{
			"from": [7.7865, 13.7019, 8.38033],
			"to": [8.2135, 15.2019, 9.83033],
			"rotation": {"angle": 45, "axis": "x", "origin": [7.5115, 13.9519, 10.63033]},
			"faces": {
				"north": {"uv": [13.2, 13.6, 12.8, 14.6], "texture": "#5"},
				"east": {"uv": [12.2, 3.2, 11.2, 4.2], "texture": "#5"},
				"south": {"uv": [10, 13.6, 9.6, 14.6], "texture": "#5"},
				"west": {"uv": [9, 11.2, 8, 12.2], "texture": "#5"},
				"up": {"uv": [14, 12.8, 13.6, 13.8], "texture": "#5"},
				"down": {"uv": [0.4, 15.4, 0, 14.4], "texture": "#5"}
			}
		}
	],
	"gui_light": "front",
	"display": {
		"thirdperson_righthand": {
			"translation": [0, 1.5, 1]
		},
		"thirdperson_lefthand": {
			"translation": [0, 1.5, 1]
		},
		"firstperson_righthand": {
			"rotation": [-10, 0, 0],
			"translation": [0, 1.75, 0]
		},
		"firstperson_lefthand": {
			"rotation": [-10, 0, 0],
			"translation": [0, 1.75, 0]
		},
		"ground": {
			"rotation": [-45, 0, 0],
			"translation": [0, 4, 0],
			"scale": [0.7, 0.7, 0.7]
		},
		"gui": {
			"rotation": [-90, 45, 90],
			"translation": [0.25, -0.25, 0],
			"scale": [0.8, 0.8, 0.8]
		},
		"head": {
			"rotation": [0, -90, 0]
		},
		"fixed": {
			"rotation": [0, -90, 0],
			"translation": [0, 0, -1.5],
			"scale": [2, 2, 2]
		}
	}
}