{
	"credit": "Made by PolygonMC",
	"texture_size": [24, 24],
	"textures": {
		"1": "arcanistset:animations/animations_1",
		"2": "arcanistset:animations/animations_2",
		"3": "arcanistset:spear",
		"particle": "arcanistset:animations/animations_1"
	},
	"elements": [
		{
			"from": [7.35, 0.6, 7.35],
			"to": [8.65, 1.9, 8.65],
			"rotation": {"angle": -45, "axis": "x", "origin": [8, 1.25, 8]},
			"faces": {
				"north": {"uv": [3.33333, 11.33333, 4.16667, 12.16667], "texture": "#3"},
				"east": {"uv": [6, 11.33333, 6.83333, 12.16667], "texture": "#3"},
				"south": {"uv": [11.33333, 6.66667, 12.16667, 7.5], "texture": "#3"},
				"west": {"uv": [7.33333, 11.33333, 8.16667, 12.16667], "texture": "#3"},
				"up": {"uv": [9.5, 12.16667, 8.66667, 11.33333], "texture": "#3"},
				"down": {"uv": [10.83333, 11.33333, 10, 12.16667], "texture": "#3"}
			}
		},
		{
			"from": [7.5, 10.91924, 7.5],
			"to": [8.5, 12.41924, 8.5],
			"rotation": {"angle": 0, "axis": "y", "origin": [7.5, 14.66924, 7.5]},
			"faces": {
				"north": {"uv": [12, 9.33333, 12.66667, 10.33333], "texture": "#3"},
				"east": {"uv": [11.33333, 12, 12, 13], "texture": "#3"},
				"south": {"uv": [12, 12, 12.66667, 13], "texture": "#3"},
				"west": {"uv": [2.66667, 12.66667, 3.33333, 13.66667], "texture": "#3"},
				"up": {"uv": [2, 6.66667, 1.33333, 6], "texture": "#3"},
				"down": {"uv": [8, 10, 7.33333, 10.66667], "texture": "#3"}
			}
		},
		{
			"from": [7.6, 12.41924, 7.6],
			"to": [8.4, 15.16924, 8.4],
			"rotation": {"angle": 0, "axis": "y", "origin": [8, 18.04424, 8]},
			"faces": {
				"north": {"uv": [3.33333, 8.66667, 3.83333, 10.5], "texture": "#3"},
				"east": {"uv": [8, 8.66667, 8.5, 10.5], "texture": "#3"},
				"south": {"uv": [8.66667, 8.66667, 9.16667, 10.5], "texture": "#3"},
				"west": {"uv": [0, 9.33333, 0.5, 11.16667], "texture": "#3"}
			}
		},
		{
			"from": [7.35, 11.41924, 7.35],
			"to": [8.65, 11.91924, 8.65],
			"rotation": {"angle": 0, "axis": "y", "origin": [7.5, 15.66924, 7.5]},
			"faces": {
				"north": {"uv": [14, 7.33333, 14.83333, 7.66667], "texture": "#3"},
				"east": {"uv": [14, 8, 14.83333, 8.33333], "texture": "#3"},
				"south": {"uv": [8.66667, 14, 9.5, 14.33333], "texture": "#3"},
				"west": {"uv": [14, 8.66667, 14.83333, 9], "texture": "#3"},
				"up": {"uv": [12.16667, 11.5, 11.33333, 10.66667], "texture": "#3"},
				"down": {"uv": [0.83333, 12, 0, 12.83333], "texture": "#3"}
			}
		},
		{
			"from": [7.6, 8.16924, 7.6],
			"to": [8.4, 10.91924, 8.4],
			"rotation": {"angle": 0, "axis": "y", "origin": [8, 8.79424, 8]},
			"faces": {
				"north": {"uv": [0.66667, 9.33333, 1.16667, 11.16667], "texture": "#3"},
				"east": {"uv": [1.33333, 9.33333, 1.83333, 11.16667], "texture": "#3"},
				"south": {"uv": [4, 9.33333, 4.5, 11.16667], "texture": "#3"},
				"west": {"uv": [4.66667, 9.33333, 5.16667, 11.16667], "texture": "#3"}
			}
		},
		{
			"from": [7.5, 1.66924, 7.5],
			"to": [8.5, 3.16924, 8.5],
			"rotation": {"angle": 0, "axis": "y", "origin": [7.5, 12.16924, 7.5]},
			"faces": {
				"north": {"uv": [12.66667, 10, 13.33333, 11], "texture": "#3"},
				"east": {"uv": [10.66667, 12.66667, 11.33333, 13.66667], "texture": "#3"},
				"south": {"uv": [12.66667, 11.33333, 13.33333, 12.33333], "texture": "#3"},
				"west": {"uv": [12.66667, 12.66667, 13.33333, 13.66667], "texture": "#3"},
				"up": {"uv": [10.66667, 14, 10, 13.33333], "texture": "#3"}
			}
		},
		{
			"from": [7.35, 2.16924, 7.35],
			"to": [8.65, 2.66924, 8.65],
			"rotation": {"angle": 0, "axis": "y", "origin": [7.5, 13.16924, 7.5]},
			"faces": {
				"north": {"uv": [11.33333, 14, 12.16667, 14.33333], "texture": "#3"},
				"east": {"uv": [14, 11.33333, 14.83333, 11.66667], "texture": "#3"},
				"south": {"uv": [14, 12, 14.83333, 12.33333], "texture": "#3"},
				"west": {"uv": [12.66667, 14, 13.5, 14.33333], "texture": "#3"},
				"up": {"uv": [12.83333, 4.16667, 12, 3.33333], "texture": "#3"},
				"down": {"uv": [5.5, 12, 4.66667, 12.83333], "texture": "#3"}
			}
		},
		{
			"from": [7.5, 15.16924, 7.5],
			"to": [8.5, 16.66924, 8.5],
			"rotation": {"angle": 0, "axis": "y", "origin": [7.5, 21.41924, 7.5]},
			"faces": {
				"north": {"uv": [3.33333, 12.66667, 4, 13.66667], "texture": "#3"},
				"east": {"uv": [4, 12.66667, 4.66667, 13.66667], "texture": "#3"},
				"south": {"uv": [6, 12.66667, 6.66667, 13.66667], "texture": "#3"},
				"west": {"uv": [12.66667, 6, 13.33333, 7], "texture": "#3"},
				"down": {"uv": [4, 10.66667, 3.33333, 11.33333], "texture": "#3"}
			}
		},
		{
			"from": [7.35, 15.66924, 7.35],
			"to": [8.65, 16.16924, 8.65],
			"rotation": {"angle": 0, "axis": "y", "origin": [7.5, 20.41924, 7.5]},
			"faces": {
				"north": {"uv": [14, 9.33333, 14.83333, 9.66667], "texture": "#3"},
				"east": {"uv": [10, 14, 10.83333, 14.33333], "texture": "#3"},
				"south": {"uv": [14, 10, 14.83333, 10.33333], "texture": "#3"},
				"west": {"uv": [14, 10.66667, 14.83333, 11], "texture": "#3"},
				"up": {"uv": [12.83333, 1.5, 12, 0.66667], "texture": "#3"},
				"down": {"uv": [2.16667, 12, 1.33333, 12.83333], "texture": "#3"}
			}
		},
		{
			"from": [7.5, -0.25, 8],
			"to": [8.5, 0.75, 9],
			"rotation": {"angle": -45, "axis": "x", "origin": [7.75, -0.25, 8]},
			"faces": {
				"north": {"uv": [11.33333, 2, 12, 2.66667], "texture": "#3"},
				"east": {"uv": [4.66667, 11.33333, 5.33333, 12], "texture": "#3"},
				"south": {"uv": [12, 6, 12.66667, 6.66667], "texture": "#3"},
				"west": {"uv": [13.33333, 0.66667, 14, 1.33333], "texture": "#3"},
				"up": {"uv": [2, 14, 1.33333, 13.33333], "texture": "#3"},
				"down": {"uv": [14, 1.33333, 13.33333, 2], "texture": "#3"}
			}
		},
		{
			"from": [7.75, 0.13268, 6.07612],
			"to": [8.25, 1.13268, 8.07612],
			"rotation": {"angle": 22.5, "axis": "x", "origin": [7.75, 0.13268, 7.07612]},
			"faces": {
				"east": {"uv": [9.33333, 2.66667, 10.66667, 3.33333], "texture": "#3"},
				"west": {"uv": [9.33333, 3.33333, 10.66667, 4], "texture": "#3"},
				"up": {"uv": [2.33333, 14.66667, 2, 13.33333], "texture": "#3"},
				"down": {"uv": [13.66667, 2, 13.33333, 3.33333], "texture": "#3"}
			}
		},
		{
			"from": [7.7475, 0.63059, 5.7315],
			"to": [8.2525, 1.63059, 6.4815],
			"rotation": {"angle": -22.5, "axis": "x", "origin": [7.9975, 1.63059, 6.2315]},
			"faces": {
				"north": {"uv": [14, 12.66667, 14.33333, 13.33333], "texture": "#3"},
				"east": {"uv": [14, 4, 14.5, 4.66667], "texture": "#3"},
				"south": {"uv": [14, 13.33333, 14.33333, 14], "texture": "#3"},
				"west": {"uv": [14, 4.66667, 14.5, 5.33333], "texture": "#3"},
				"up": {"uv": [15, 5.16667, 14.66667, 4.66667], "texture": "#3"},
				"down": {"uv": [5.66667, 14.66667, 5.33333, 15.16667], "texture": "#3"}
			}
		},
		{
			"from": [7.75, 0.13268, 7.92388],
			"to": [8.25, 1.13268, 9.92388],
			"rotation": {"angle": -22.5, "axis": "x", "origin": [7.75, 0.13268, 8.92388]},
			"faces": {
				"east": {"uv": [9.33333, 8, 10.66667, 8.66667], "texture": "#3"},
				"west": {"uv": [9.33333, 8.66667, 10.66667, 9.33333], "texture": "#3"},
				"up": {"uv": [13.66667, 4.66667, 13.33333, 3.33333], "texture": "#3"},
				"down": {"uv": [5, 13.33333, 4.66667, 14.66667], "texture": "#3"}
			}
		},
		{
			"from": [7.7475, 0.63059, 9.5185],
			"to": [8.2525, 1.63059, 10.2685],
			"rotation": {"angle": 22.5, "axis": "x", "origin": [7.9975, 1.63059, 9.7685]},
			"faces": {
				"north": {"uv": [14, 14, 14.33333, 14.66667], "texture": "#3"},
				"east": {"uv": [5.33333, 14, 5.83333, 14.66667], "texture": "#3"},
				"south": {"uv": [14.66667, 1.33333, 15, 2], "texture": "#3"},
				"west": {"uv": [14, 5.33333, 14.5, 6], "texture": "#3"},
				"up": {"uv": [15, 5.83333, 14.66667, 5.33333], "texture": "#3"},
				"down": {"uv": [6.33333, 14.66667, 6, 15.16667], "texture": "#3"}
			}
		},
		{
			"from": [7.25, 21, 8],
			"to": [8.75, 22.75, 9.75],
			"rotation": {"angle": -45, "axis": "x", "origin": [7.5, 21, 8]},
			"faces": {
				"north": {"uv": [7.33333, 4, 8.33333, 5.16667], "texture": "#3"},
				"east": {"uv": [4, 6.66667, 5.16667, 7.83333], "texture": "#3"},
				"south": {"uv": [7.33333, 5.33333, 8.33333, 6.5], "texture": "#3"},
				"west": {"uv": [0, 7.33333, 1.16667, 8.5], "texture": "#3"},
				"up": {"uv": [8.33333, 7.83333, 7.33333, 6.66667], "texture": "#3"},
				"down": {"uv": [5, 8, 4, 9.16667], "texture": "#3"}
			}
		},
		{
			"from": [7.5, 21, 7],
			"to": [8.5, 22.5, 8.5],
			"rotation": {"angle": -45, "axis": "x", "origin": [7.5, 21, 7]},
			"faces": {
				"north": {"uv": [6.66667, 12.66667, 7.33333, 13.66667], "texture": "#3"},
				"east": {"uv": [8.66667, 0, 9.66667, 1], "texture": "#3"},
				"south": {"uv": [7.33333, 12.66667, 8, 13.66667], "texture": "#3"},
				"west": {"uv": [8.66667, 1.33333, 9.66667, 2.33333], "texture": "#3"},
				"up": {"uv": [8.66667, 13.66667, 8, 12.66667], "texture": "#3"},
				"down": {"uv": [9.33333, 12.66667, 8.66667, 13.66667], "texture": "#3"}
			}
		},
		{
			"from": [7.5, 22.41421, 6.29289],
			"to": [8.5, 23.41421, 8.29289],
			"rotation": {"angle": -45, "axis": "x", "origin": [7.5, 22.41421, 6.29289]},
			"faces": {
				"north": {"uv": [13.33333, 4.66667, 14, 5.33333], "texture": "#3"},
				"east": {"uv": [9.33333, 9.33333, 10.66667, 10], "texture": "#3"},
				"south": {"uv": [5.33333, 13.33333, 6, 14], "texture": "#3"},
				"west": {"uv": [10, 0, 11.33333, 0.66667], "texture": "#3"},
				"up": {"uv": [10.66667, 2, 10, 0.66667], "texture": "#3"},
				"down": {"uv": [2.66667, 10, 2, 11.33333], "texture": "#3"}
			}
		},
		{
			"from": [7.0975, 18.24944, 8.25],
			"to": [8.9025, 19.16444, 9.165],
			"rotation": {"angle": -45, "axis": "x", "origin": [7.7475, 17.99944, 8]},
			"faces": {
				"north": {"uv": [10, 2, 11.16667, 2.66667], "texture": "#3"},
				"east": {"uv": [13.33333, 5.33333, 14, 6], "texture": "#3"},
				"south": {"uv": [6, 10, 7.16667, 10.66667], "texture": "#3"},
				"west": {"uv": [13.33333, 6, 14, 6.66667], "texture": "#3"},
				"up": {"uv": [11.16667, 7.33333, 10, 6.66667], "texture": "#3"},
				"down": {"uv": [11.16667, 7.33333, 10, 8], "texture": "#3"}
			}
		},
		{
			"from": [7.0975, 19.62444, 8.25],
			"to": [8.9025, 20.53944, 9.165],
			"rotation": {"angle": -45, "axis": "x", "origin": [7.7475, 19.37444, 8]},
			"faces": {
				"north": {"uv": [9.33333, 10, 10.5, 10.66667], "texture": "#3"},
				"east": {"uv": [13.33333, 6.66667, 14, 7.33333], "texture": "#3"},
				"south": {"uv": [10.66667, 0.66667, 11.83333, 1.33333], "texture": "#3"},
				"west": {"uv": [13.33333, 8, 14, 8.66667], "texture": "#3"},
				"up": {"uv": [11.83333, 2, 10.66667, 1.33333], "texture": "#3"},
				"down": {"uv": [11.83333, 2.66667, 10.66667, 3.33333], "texture": "#3"}
			}
		},
		{
			"from": [7.0975, 16.87444, 8.25],
			"to": [8.9025, 17.78944, 9.165],
			"rotation": {"angle": -45, "axis": "x", "origin": [7.7475, 16.62444, 8]},
			"faces": {
				"north": {"uv": [10.66667, 3.33333, 11.83333, 4], "texture": "#3"},
				"east": {"uv": [13.33333, 8.66667, 14, 9.33333], "texture": "#3"},
				"south": {"uv": [10.66667, 4, 11.83333, 4.66667], "texture": "#3"},
				"west": {"uv": [9.33333, 13.33333, 10, 14], "texture": "#3"},
				"up": {"uv": [11.83333, 5.33333, 10.66667, 4.66667], "texture": "#3"},
				"down": {"uv": [11.83333, 5.33333, 10.66667, 6], "texture": "#3"}
			}
		},
		{
			"from": [6.5, -2.25, 6.5],
			"to": [9.5, -0.25, 6.5],
			"rotation": {"angle": 45, "axis": "y", "origin": [8, -1.25, 8]},
			"faces": {
				"north": {"uv": [0, 4, 6, 8], "texture": "#1"}
			}
		},
		{
			"from": [6.5, -2.25, 6.5],
			"to": [6.5, -0.25, 9.5],
			"rotation": {"angle": 45, "axis": "y", "origin": [8, -1.25, 8]},
			"faces": {
				"west": {"uv": [6, 4, 12, 8], "texture": "#1"}
			}
		},
		{
			"from": [6.5, -2.25, 9.5],
			"to": [9.5, -0.25, 9.5],
			"rotation": {"angle": 45, "axis": "y", "origin": [8, -1.25, 8]},
			"faces": {
				"south": {"uv": [0, 0, 6, 4], "texture": "#1"}
			}
		},
		{
			"from": [9.5, -2.25, 6.5],
			"to": [9.5, -0.25, 9.5],
			"rotation": {"angle": 45, "axis": "y", "origin": [8, -1.25, 8]},
			"faces": {
				"east": {"uv": [6, 0, 12, 4], "texture": "#1"}
			}
		},
		{
			"from": [9.5, 16.75, 6.5],
			"to": [9.5, 18.75, 9.5],
			"rotation": {"angle": -45, "axis": "y", "origin": [8, 17.75, 8]},
			"faces": {
				"east": {"uv": [12, 0, 6, 4], "texture": "#1"}
			}
		},
		{
			"from": [6.5, 16.75, 6.5],
			"to": [9.5, 18.75, 6.5],
			"rotation": {"angle": -45, "axis": "y", "origin": [8, 17.75, 8]},
			"faces": {
				"north": {"uv": [6, 0, 0, 4], "texture": "#1"}
			}
		},
		{
			"from": [6.5, 16.75, 6.5],
			"to": [6.5, 18.75, 9.5],
			"rotation": {"angle": -45, "axis": "y", "origin": [8, 17.75, 8]},
			"faces": {
				"west": {"uv": [12, 4, 6, 8], "texture": "#1"}
			}
		},
		{
			"from": [6.5, 16.75, 9.5],
			"to": [9.5, 18.75, 9.5],
			"rotation": {"angle": -45, "axis": "y", "origin": [8, 17.75, 8]},
			"faces": {
				"south": {"uv": [6, 4, 0, 8], "texture": "#1"}
			}
		},
		{
			"from": [7.001, -4, 7],
			"to": [9.001, -2.5, 7],
			"rotation": {"angle": 45, "axis": "y", "origin": [8, -3.25, 8]},
			"faces": {
				"north": {"uv": [16, 0, 8, 6], "texture": "#2"},
				"east": {"uv": [0, 0, 0, 6], "texture": "#2"},
				"west": {"uv": [0, 0, 0, 6], "texture": "#2"},
				"up": {"uv": [8, 0, 0, 0], "texture": "#2"},
				"down": {"uv": [8, 0, 0, 0], "texture": "#2"}
			}
		},
		{
			"from": [7.001, -4, 9],
			"to": [9.001, -2.5, 9],
			"rotation": {"angle": 45, "axis": "y", "origin": [8, -3.25, 8]},
			"faces": {
				"east": {"uv": [0, 0, 0, 6], "texture": "#2"},
				"south": {"uv": [16, 8, 8, 14], "texture": "#2"},
				"west": {"uv": [0, 0, 0, 6], "texture": "#2"},
				"up": {"uv": [8, 0, 0, 0], "texture": "#2"},
				"down": {"uv": [8, 0, 0, 0], "texture": "#2"}
			}
		},
		{
			"from": [9, -4, 7],
			"to": [9, -2.5, 9],
			"rotation": {"angle": 45, "axis": "y", "origin": [8, -3.25, 8]},
			"faces": {
				"north": {"uv": [0, 0, 0, 6], "texture": "#2"},
				"east": {"uv": [8, 8, 0, 14], "texture": "#2"},
				"south": {"uv": [0, 0, 0, 6], "texture": "#2"},
				"up": {"uv": [0, 0, 0, 8], "texture": "#2"},
				"down": {"uv": [0, 8, 0, 0], "texture": "#2"}
			}
		},
		{
			"from": [7, -4, 7],
			"to": [7, -2.5, 9],
			"rotation": {"angle": 45, "axis": "y", "origin": [8, -3.25, 8]},
			"faces": {
				"north": {"uv": [0, 0, 0, 6], "texture": "#2"},
				"south": {"uv": [0, 0, 0, 6], "texture": "#2"},
				"west": {"uv": [8, 0, 0, 6], "texture": "#2"},
				"up": {"uv": [0, 0, 0, 8], "texture": "#2"},
				"down": {"uv": [0, 8, 0, 0], "texture": "#2"}
			}
		},
		{
			"from": [7.001, 27, 9],
			"to": [9.001, 28.5, 9],
			"rotation": {"angle": -45, "axis": "y", "origin": [8, 27.75, 8]},
			"faces": {
				"east": {"uv": [0, 0, 0, 6], "texture": "#2"},
				"south": {"uv": [8, 0, 16, 6], "texture": "#2"},
				"west": {"uv": [0, 0, 0, 6], "texture": "#2"},
				"up": {"uv": [8, 0, 0, 0], "texture": "#2"},
				"down": {"uv": [8, 0, 0, 0], "texture": "#2"}
			}
		},
		{
			"from": [7.001, 27, 7],
			"to": [9.001, 28.5, 7],
			"rotation": {"angle": -45, "axis": "y", "origin": [8, 27.75, 8]},
			"faces": {
				"north": {"uv": [8, 8, 16, 14], "texture": "#2"},
				"east": {"uv": [0, 0, 0, 6], "texture": "#2"},
				"west": {"uv": [0, 0, 0, 6], "texture": "#2"},
				"up": {"uv": [8, 0, 0, 0], "texture": "#2"},
				"down": {"uv": [8, 0, 0, 0], "texture": "#2"}
			}
		},
		{
			"from": [9, 27, 7],
			"to": [9, 28.5, 9],
			"rotation": {"angle": -45, "axis": "y", "origin": [8, 27.75, 8]},
			"faces": {
				"north": {"uv": [0, 0, 0, 6], "texture": "#2"},
				"east": {"uv": [0, 8, 8, 14], "texture": "#2"},
				"south": {"uv": [0, 0, 0, 6], "texture": "#2"},
				"up": {"uv": [0, 8, 0, 0], "texture": "#2"},
				"down": {"uv": [0, 0, 0, 8], "texture": "#2"}
			}
		},
		{
			"from": [7, 27, 7],
			"to": [7, 28.5, 9],
			"rotation": {"angle": -45, "axis": "y", "origin": [8, 27.75, 8]},
			"faces": {
				"north": {"uv": [0, 0, 0, 6], "texture": "#2"},
				"south": {"uv": [0, 0, 0, 6], "texture": "#2"},
				"west": {"uv": [0, 0, 8, 6], "texture": "#2"},
				"up": {"uv": [0, 8, 0, 0], "texture": "#2"},
				"down": {"uv": [0, 0, 0, 8], "texture": "#2"}
			}
		},
		{
			"from": [7.35, 16.66924, 7.35],
			"to": [8.65, 21.71924, 8.65],
			"rotation": {"angle": 0, "axis": "y", "origin": [7.25, 16.66924, 7.25]},
			"faces": {
				"north": {"uv": [2, 0, 2.83333, 3.33333], "texture": "#3"},
				"east": {"uv": [3.33333, 0, 4.16667, 3.33333], "texture": "#3"},
				"south": {"uv": [2, 3.33333, 2.83333, 6.66667], "texture": "#3"},
				"west": {"uv": [3.33333, 3.33333, 4.16667, 6.66667], "texture": "#3"},
				"down": {"uv": [12.83333, 2, 12, 2.83333], "texture": "#3"}
			}
		},
		{
			"from": [7.0975, 4.74944, 8.25],
			"to": [8.9025, 5.66444, 9.165],
			"rotation": {"angle": -45, "axis": "x", "origin": [7.7475, 4.49944, 8]},
			"faces": {
				"north": {"uv": [10.66667, 10, 11.83333, 10.66667], "texture": "#3"},
				"east": {"uv": [12, 13.33333, 12.66667, 14], "texture": "#3"},
				"south": {"uv": [0, 11.33333, 1.16667, 12], "texture": "#3"},
				"west": {"uv": [13.33333, 12, 14, 12.66667], "texture": "#3"},
				"up": {"uv": [12.5, 0.66667, 11.33333, 0], "texture": "#3"},
				"down": {"uv": [2.5, 11.33333, 1.33333, 12], "texture": "#3"}
			}
		},
		{
			"from": [7.35, 3.16924, 7.35],
			"to": [8.65, 8.21924, 8.65],
			"rotation": {"angle": 0, "axis": "y", "origin": [7.25, 3.16924, 7.25]},
			"faces": {
				"north": {"uv": [0, 4, 0.83333, 7.33333], "texture": "#3"},
				"east": {"uv": [4.66667, 0, 5.5, 3.33333], "texture": "#3"},
				"south": {"uv": [4.66667, 3.33333, 5.5, 6.66667], "texture": "#3"},
				"west": {"uv": [6, 0, 6.83333, 3.33333], "texture": "#3"},
				"up": {"uv": [12.83333, 5.5, 12, 4.66667], "texture": "#3"},
				"down": {"uv": [12.83333, 8, 12, 8.83333], "texture": "#3"}
			}
		},
		{
			"from": [7.0975, 6.12444, 8.25],
			"to": [8.9025, 7.03944, 9.165],
			"rotation": {"angle": -45, "axis": "x", "origin": [7.7475, 5.87444, 8]},
			"faces": {
				"north": {"uv": [8.66667, 10.66667, 9.83333, 11.33333], "texture": "#3"},
				"east": {"uv": [11.33333, 13.33333, 12, 14], "texture": "#3"},
				"south": {"uv": [10.66667, 8.66667, 11.83333, 9.33333], "texture": "#3"},
				"west": {"uv": [13.33333, 11.33333, 14, 12], "texture": "#3"},
				"up": {"uv": [11.83333, 10, 10.66667, 9.33333], "texture": "#3"},
				"down": {"uv": [11.16667, 10.66667, 10, 11.33333], "texture": "#3"}
			}
		},
		{
			"from": [7.0975, 3.37444, 8.25],
			"to": [8.9025, 4.28944, 9.165],
			"rotation": {"angle": -45, "axis": "x", "origin": [7.7475, 3.12444, 8]},
			"faces": {
				"north": {"uv": [6, 10.66667, 7.16667, 11.33333], "texture": "#3"},
				"east": {"uv": [13.33333, 10, 14, 10.66667], "texture": "#3"},
				"south": {"uv": [10.66667, 6, 11.83333, 6.66667], "texture": "#3"},
				"west": {"uv": [13.33333, 10.66667, 14, 11.33333], "texture": "#3"},
				"up": {"uv": [8.5, 11.33333, 7.33333, 10.66667], "texture": "#3"},
				"down": {"uv": [11.83333, 8, 10.66667, 8.66667], "texture": "#3"}
			}
		},
		{
			"from": [8.00732, 21.85355, 5.13934],
			"to": [8.98232, 22.82855, 7.88934],
			"rotation": {"angle": 45, "axis": "z", "origin": [7.98232, 21.85355, 4.13934]},
			"faces": {
				"east": {"uv": [7.33333, 2.66667, 9.16667, 3.33333], "texture": "#3"},
				"west": {"uv": [7.33333, 3.33333, 9.16667, 4], "texture": "#3"},
				"up": {"uv": [2, 5.83333, 1.33333, 4], "texture": "#3"},
				"down": {"uv": [6, 6.66667, 5.33333, 8.5], "texture": "#3"}
			}
		},
		{
			"from": [7.25, 21.39645, 5.07513],
			"to": [8.75, 22.89645, 6.57513],
			"rotation": {"angle": -45, "axis": "x", "origin": [7.25, 21.14645, 4.82513]},
			"faces": {
				"north": {"uv": [2, 8.66667, 3, 9.66667], "texture": "#3"},
				"east": {"uv": [8.66667, 4, 9.66667, 5], "texture": "#3"},
				"south": {"uv": [5.33333, 8.66667, 6.33333, 9.66667], "texture": "#3"},
				"west": {"uv": [8.66667, 5.33333, 9.66667, 6.33333], "texture": "#3"},
				"up": {"uv": [7.66667, 9.66667, 6.66667, 8.66667], "texture": "#3"},
				"down": {"uv": [9.66667, 6.66667, 8.66667, 7.66667], "texture": "#3"}
			}
		},
		{
			"from": [7.6, 22, 4.7],
			"to": [8.4, 23, 7.2],
			"rotation": {"angle": 22.5, "axis": "x", "origin": [7.5, 22, 4.7]},
			"faces": {
				"east": {"uv": [7.33333, 8, 9, 8.66667], "texture": "#3"},
				"west": {"uv": [0, 8.66667, 1.66667, 9.33333], "texture": "#3"},
				"down": {"uv": [5.83333, 10, 5.33333, 11.66667], "texture": "#3"}
			}
		},
		{
			"from": [6.25, 22, 4.6],
			"to": [7.75, 23, 5.1],
			"rotation": {"angle": 0, "axis": "y", "origin": [6.25, 22, 4.6]},
			"faces": {
				"north": {"uv": [12.66667, 0, 13.66667, 0.66667], "texture": "#3"},
				"south": {"uv": [12.66667, 7.33333, 13.66667, 8], "texture": "#3"},
				"west": {"uv": [2, 14.66667, 2.33333, 15.33333], "texture": "#3"},
				"up": {"uv": [7, 14.33333, 6, 14], "texture": "#3"},
				"down": {"uv": [15, 6, 14, 6.33333], "texture": "#3"}
			}
		},
		{
			"from": [6.733, 19.19645, 5.35],
			"to": [6.763, 22.19645, 6.6],
			"rotation": {"angle": 0, "axis": "y", "origin": [6.725, 18.19645, 5.6]},
			"faces": {
				"east": {"uv": [1.33333, 6.66667, 2.16667, 8.66667], "texture": "#3"},
				"west": {"uv": [2.66667, 6.66667, 3.5, 8.66667], "texture": "#3"}
			}
		},
		{
			"from": [6.25, 22, 6.85],
			"to": [7.75, 23, 7.35],
			"rotation": {"angle": 0, "axis": "y", "origin": [6.25, 22, 6.85]},
			"faces": {
				"north": {"uv": [9.33333, 12.66667, 10.33333, 13.33333], "texture": "#3"},
				"south": {"uv": [12.66667, 9.33333, 13.66667, 10], "texture": "#3"},
				"west": {"uv": [14.66667, 2, 15, 2.66667], "texture": "#3"},
				"up": {"uv": [15, 7, 14, 6.66667], "texture": "#3"},
				"down": {"uv": [8.33333, 14, 7.33333, 14.33333], "texture": "#3"}
			}
		},
		{
			"from": [6.5, 22.25, 5.1],
			"to": [7, 22.75, 6.85],
			"rotation": {"angle": 45, "axis": "z", "origin": [6.75, 22.5, 5.1]},
			"faces": {
				"east": {"uv": [14, 0, 15.16667, 0.33333], "texture": "#3"},
				"west": {"uv": [14, 0.66667, 15.16667, 1], "texture": "#3"},
				"up": {"uv": [1.66667, 15.16667, 1.33333, 14], "texture": "#3"},
				"down": {"uv": [14.33333, 1.33333, 14, 2.5], "texture": "#3"}
			}
		},
		{
			"from": [8.25, 22, 6.85],
			"to": [9.75, 23, 7.35],
			"rotation": {"angle": 0, "axis": "y", "origin": [9.75, 22, 6.85]},
			"faces": {
				"north": {"uv": [10.33333, 12.66667, 9.33333, 13.33333], "texture": "#3"},
				"east": {"uv": [15, 2, 14.66667, 2.66667], "texture": "#3"},
				"south": {"uv": [13.66667, 9.33333, 12.66667, 10], "texture": "#3"},
				"up": {"uv": [14, 7, 15, 6.66667], "texture": "#3"},
				"down": {"uv": [7.33333, 14, 8.33333, 14.33333], "texture": "#3"}
			}
		},
		{
			"from": [9, 22.25, 5.1],
			"to": [9.5, 22.75, 6.85],
			"rotation": {"angle": -45, "axis": "z", "origin": [9.25, 22.5, 5.1]},
			"faces": {
				"east": {"uv": [15.16667, 0.66667, 14, 1], "texture": "#3"},
				"west": {"uv": [15.16667, 0, 14, 0.33333], "texture": "#3"},
				"up": {"uv": [1.33333, 15.16667, 1.66667, 14], "texture": "#3"},
				"down": {"uv": [14, 1.33333, 14.33333, 2.5], "texture": "#3"}
			}
		},
		{
			"from": [8.25, 22, 4.6],
			"to": [9.75, 23, 5.1],
			"rotation": {"angle": 0, "axis": "y", "origin": [9.75, 22, 4.6]},
			"faces": {
				"north": {"uv": [13.66667, 0, 12.66667, 0.66667], "texture": "#3"},
				"east": {"uv": [2.33333, 14.66667, 2, 15.33333], "texture": "#3"},
				"south": {"uv": [13.66667, 7.33333, 12.66667, 8], "texture": "#3"},
				"up": {"uv": [6, 14.33333, 7, 14], "texture": "#3"},
				"down": {"uv": [14, 6, 15, 6.33333], "texture": "#3"}
			}
		},
		{
			"from": [9.237, 19.19645, 5.35],
			"to": [9.267, 22.19645, 6.6],
			"rotation": {"angle": 0, "axis": "y", "origin": [9.275, 18.19645, 5.6]},
			"faces": {
				"east": {"uv": [3.5, 6.66667, 2.66667, 8.66667], "texture": "#3"},
				"west": {"uv": [2.16667, 6.66667, 1.33333, 8.66667], "texture": "#3"}
			}
		},
		{
			"from": [7.5, 21, 7.5],
			"to": [8.5, 22.5, 9],
			"rotation": {"angle": 45, "axis": "x", "origin": [7.5, 21, 9]},
			"faces": {
				"north": {"uv": [8, 12.66667, 7.33333, 13.66667], "texture": "#3"},
				"east": {"uv": [9.66667, 0, 8.66667, 1], "texture": "#3"},
				"south": {"uv": [7.33333, 12.66667, 6.66667, 13.66667], "texture": "#3"},
				"west": {"uv": [9.66667, 1.33333, 8.66667, 2.33333], "texture": "#3"},
				"up": {"uv": [8.66667, 12.66667, 8, 13.66667], "texture": "#3"},
				"down": {"uv": [9.33333, 13.66667, 8.66667, 12.66667], "texture": "#3"}
			}
		},
		{
			"from": [7.5, 22.41421, 7.70711],
			"to": [8.5, 23.41421, 9.70711],
			"rotation": {"angle": 45, "axis": "x", "origin": [7.5, 22.41421, 9.70711]},
			"faces": {
				"north": {"uv": [6, 13.33333, 5.33333, 14], "texture": "#3"},
				"east": {"uv": [10.66667, 9.33333, 9.33333, 10], "texture": "#3"},
				"south": {"uv": [14, 4.66667, 13.33333, 5.33333], "texture": "#3"},
				"west": {"uv": [11.33333, 0, 10, 0.66667], "texture": "#3"},
				"up": {"uv": [10.66667, 0.66667, 10, 2], "texture": "#3"},
				"down": {"uv": [2.66667, 11.33333, 2, 10], "texture": "#3"}
			}
		},
		{
			"from": [8.00732, 21.85355, 8.11066],
			"to": [8.98232, 22.82855, 10.86066],
			"rotation": {"angle": 45, "axis": "z", "origin": [7.98232, 21.85355, 11.86066]},
			"faces": {
				"east": {"uv": [9.16667, 2.66667, 7.33333, 3.33333], "texture": "#3"},
				"west": {"uv": [9.16667, 3.33333, 7.33333, 4], "texture": "#3"},
				"up": {"uv": [2, 4, 1.33333, 5.83333], "texture": "#3"},
				"down": {"uv": [6, 8.5, 5.33333, 6.66667], "texture": "#3"}
			}
		},
		{
			"from": [7.25, 21.39645, 9.42487],
			"to": [8.75, 22.89645, 10.92487],
			"rotation": {"angle": 45, "axis": "x", "origin": [7.25, 21.14645, 11.17487]},
			"faces": {
				"north": {"uv": [6.33333, 8.66667, 5.33333, 9.66667], "texture": "#3"},
				"east": {"uv": [9.66667, 4, 8.66667, 5], "texture": "#3"},
				"south": {"uv": [3, 8.66667, 2, 9.66667], "texture": "#3"},
				"west": {"uv": [9.66667, 5.33333, 8.66667, 6.33333], "texture": "#3"},
				"up": {"uv": [7.66667, 8.66667, 6.66667, 9.66667], "texture": "#3"},
				"down": {"uv": [9.66667, 7.66667, 8.66667, 6.66667], "texture": "#3"}
			}
		},
		{
			"from": [7.6, 22, 8.8],
			"to": [8.4, 23, 11.3],
			"rotation": {"angle": -22.5, "axis": "x", "origin": [7.5, 22, 11.3]},
			"faces": {
				"east": {"uv": [9, 8, 7.33333, 8.66667], "texture": "#3"},
				"west": {"uv": [1.66667, 8.66667, 0, 9.33333], "texture": "#3"},
				"down": {"uv": [5.83333, 11.66667, 5.33333, 10], "texture": "#3"}
			}
		},
		{
			"from": [6.25, 22, 10.9],
			"to": [7.75, 23, 11.4],
			"rotation": {"angle": 0, "axis": "y", "origin": [6.25, 22, 11.4]},
			"faces": {
				"north": {"uv": [13.66667, 7.33333, 12.66667, 8], "texture": "#3"},
				"south": {"uv": [13.66667, 0, 12.66667, 0.66667], "texture": "#3"},
				"west": {"uv": [2.33333, 14.66667, 2, 15.33333], "texture": "#3"},
				"up": {"uv": [7, 14, 6, 14.33333], "texture": "#3"},
				"down": {"uv": [15, 6.33333, 14, 6], "texture": "#3"}
			}
		},
		{
			"from": [6.733, 19.19645, 9.4],
			"to": [6.763, 22.19645, 10.65],
			"rotation": {"angle": 0, "axis": "y", "origin": [6.725, 18.19645, 10.4]},
			"faces": {
				"east": {"uv": [2.16667, 6.66667, 1.33333, 8.66667], "texture": "#3"},
				"west": {"uv": [3.5, 6.66667, 2.66667, 8.66667], "texture": "#3"}
			}
		},
		{
			"from": [6.5, 22.25, 9.15],
			"to": [7, 22.75, 10.9],
			"rotation": {"angle": 45, "axis": "z", "origin": [6.75, 22.5, 10.9]},
			"faces": {
				"east": {"uv": [15.16667, 0, 14, 0.33333], "texture": "#3"},
				"west": {"uv": [15.16667, 0.66667, 14, 1], "texture": "#3"},
				"up": {"uv": [1.66667, 14, 1.33333, 15.16667], "texture": "#3"},
				"down": {"uv": [14.33333, 2.5, 14, 1.33333], "texture": "#3"}
			}
		},
		{
			"from": [9.237, 19.19645, 9.4],
			"to": [9.267, 22.19645, 10.65],
			"rotation": {"angle": 0, "axis": "y", "origin": [9.275, 18.19645, 10.4]},
			"faces": {
				"east": {"uv": [2.66667, 6.66667, 3.5, 8.66667], "texture": "#3"},
				"west": {"uv": [1.33333, 6.66667, 2.16667, 8.66667], "texture": "#3"}
			}
		},
		{
			"from": [8.25, 22, 10.9],
			"to": [9.75, 23, 11.4],
			"rotation": {"angle": 0, "axis": "y", "origin": [9.75, 22, 11.4]},
			"faces": {
				"north": {"uv": [12.66667, 7.33333, 13.66667, 8], "texture": "#3"},
				"east": {"uv": [2, 14.66667, 2.33333, 15.33333], "texture": "#3"},
				"south": {"uv": [12.66667, 0, 13.66667, 0.66667], "texture": "#3"},
				"up": {"uv": [6, 14, 7, 14.33333], "texture": "#3"},
				"down": {"uv": [14, 6.33333, 15, 6], "texture": "#3"}
			}
		},
		{
			"from": [9, 22.25, 9.15],
			"to": [9.5, 22.75, 10.9],
			"rotation": {"angle": -45, "axis": "z", "origin": [9.25, 22.5, 10.9]},
			"faces": {
				"east": {"uv": [14, 0.66667, 15.16667, 1], "texture": "#3"},
				"west": {"uv": [14, 0, 15.16667, 0.33333], "texture": "#3"},
				"up": {"uv": [1.33333, 14, 1.66667, 15.16667], "texture": "#3"},
				"down": {"uv": [14, 2.5, 14.33333, 1.33333], "texture": "#3"}
			}
		},
		{
			"from": [6.25, 22, 8.65],
			"to": [7.75, 23, 9.15],
			"rotation": {"angle": 0, "axis": "y", "origin": [6.25, 22, 9.15]},
			"faces": {
				"north": {"uv": [13.66667, 9.33333, 12.66667, 10], "texture": "#3"},
				"south": {"uv": [10.33333, 12.66667, 9.33333, 13.33333], "texture": "#3"},
				"west": {"uv": [15, 2, 14.66667, 2.66667], "texture": "#3"},
				"up": {"uv": [15, 6.66667, 14, 7], "texture": "#3"},
				"down": {"uv": [8.33333, 14.33333, 7.33333, 14], "texture": "#3"}
			}
		},
		{
			"from": [8.25, 22, 8.65],
			"to": [9.75, 23, 9.15],
			"rotation": {"angle": 0, "axis": "y", "origin": [9.75, 22, 9.15]},
			"faces": {
				"north": {"uv": [12.66667, 9.33333, 13.66667, 10], "texture": "#3"},
				"east": {"uv": [14.66667, 2, 15, 2.66667], "texture": "#3"},
				"south": {"uv": [9.33333, 12.66667, 10.33333, 13.33333], "texture": "#3"},
				"up": {"uv": [14, 6.66667, 15, 7], "texture": "#3"},
				"down": {"uv": [7.33333, 14.33333, 8.33333, 14], "texture": "#3"}
			}
		},
		{
			"from": [7.75, 22.75, 6.75],
			"to": [8.25, 25.75, 9.25],
			"rotation": {"angle": 0, "axis": "y", "origin": [4.75, -4.25, 6.75]},
			"faces": {
				"north": {"uv": [0, 13.33333, 0.33333, 15.33333], "texture": "#3"},
				"east": {"uv": [0, 0, 1.66667, 2], "texture": "#3"},
				"south": {"uv": [0.66667, 13.33333, 1, 15.33333], "texture": "#3"},
				"west": {"uv": [0, 2, 1.66667, 4], "texture": "#3"}
			}
		},
		{
			"from": [7.7475, 24.86768, 7.12854],
			"to": [8.2525, 26.63768, 8.89854],
			"rotation": {"angle": 45, "axis": "x", "origin": [7.9975, 25.76768, 8.00354]},
			"faces": {
				"north": {"uv": [2.66667, 14, 3, 15.16667], "texture": "#3"},
				"east": {"uv": [7.33333, 0, 8.5, 1.16667], "texture": "#3"},
				"south": {"uv": [14, 2.66667, 14.33333, 3.83333], "texture": "#3"},
				"west": {"uv": [7.33333, 1.33333, 8.5, 2.5], "texture": "#3"},
				"up": {"uv": [3.66667, 15.16667, 3.33333, 14], "texture": "#3"},
				"down": {"uv": [4.33333, 14, 4, 15.16667], "texture": "#3"}
			}
		},
		{
			"from": [7.75, 26, 7.25],
			"to": [8.25, 30, 8.75],
			"rotation": {"angle": 0, "axis": "y", "origin": [7.75, 26, 7.25]},
			"faces": {
				"north": {"uv": [2.66667, 10, 3, 12.66667], "texture": "#3"},
				"east": {"uv": [6, 3.33333, 7, 6], "texture": "#3"},
				"south": {"uv": [10, 4, 10.33333, 6.66667], "texture": "#3"},
				"west": {"uv": [6, 6, 7, 8.66667], "texture": "#3"}
			}
		},
		{
			"from": [7.7475, 29.24835, 8],
			"to": [8.2525, 30.31035, 9.062],
			"rotation": {"angle": -45, "axis": "x", "origin": [7.4975, 29.24835, 8]},
			"faces": {
				"north": {"uv": [14.66667, 2.66667, 15, 3.33333], "texture": "#3"},
				"east": {"uv": [13.33333, 12.66667, 14, 13.33333], "texture": "#3"},
				"south": {"uv": [14.66667, 3.33333, 15, 4], "texture": "#3"},
				"west": {"uv": [13.33333, 13.33333, 14, 14], "texture": "#3"},
				"up": {"uv": [15, 4.66667, 14.66667, 4], "texture": "#3"},
				"down": {"uv": [5, 14.66667, 4.66667, 15.33333], "texture": "#3"}
			}
		}
	],
	"gui_light": "front",
	"display": {
		"thirdperson_righthand": {
			"translation": [0, -3.5, 1]
		},
		"thirdperson_lefthand": {
			"translation": [0, -3.5, 1]
		},
		"firstperson_righthand": {
			"rotation": [-10, 0, 0],
			"translation": [0, -4, 0]
		},
		"firstperson_lefthand": {
			"rotation": [-10, 0, 0],
			"translation": [0, -4, 0]
		},
		"ground": {
			"rotation": [-45, 0, 0],
			"translation": [0, 4, 0],
			"scale": [0.7, 0.7, 0.7]
		},
		"gui": {
			"rotation": [-90, 45, 90],
			"translation": [2.5, -2.5, 0],
			"scale": [0.7, 0.7, 0.7]
		},
		"head": {
			"rotation": [0, -90, 0]
		},
		"fixed": {
			"rotation": [0, -90, 0],
			"translation": [0, -9.75, -1.5],
			"scale": [2, 2, 2]
		}
	}
}