{
	"credit": "Made by PolygonMC",
	"texture_size": [12, 12],
	"textures": {
		"1": "arcanistset:animations/animations_1",
		"2": "arcanistset:animations/animations_2",
		"3": "arcanistset:sword",
		"particle": "arcanistset:animations/animations_1"
	},
	"elements": [
		{
			"from": [7.35, 0.6, 7.35],
			"to": [8.65, 1.9, 8.65],
			"rotation": {"angle": -45, "axis": "x", "origin": [8, 1.25, 8]},
			"faces": {
				"north": {"uv": [1.14286, 10.85714, 1.85714, 11.57143], "texture": "#3"},
				"east": {"uv": [10.85714, 1.14286, 11.57143, 1.85714], "texture": "#3"},
				"south": {"uv": [2.28571, 10.85714, 3, 11.57143], "texture": "#3"},
				"west": {"uv": [10.85714, 3.42857, 11.57143, 4.14286], "texture": "#3"},
				"up": {"uv": [11.57143, 5.28571, 10.85714, 4.57143], "texture": "#3"},
				"down": {"uv": [5.85714, 10.85714, 5.14286, 11.57143], "texture": "#3"}
			}
		},
		{
			"from": [7.5, 1.66924, 7.5],
			"to": [8.5, 3.16924, 8.5],
			"rotation": {"angle": 0, "axis": "y", "origin": [7.5, 1.16924, 7.5]},
			"faces": {
				"north": {"uv": [10.85714, 10.85714, 11.42857, 11.71429], "texture": "#3"},
				"east": {"uv": [0, 11.42857, 0.57143, 12.28571], "texture": "#3"},
				"south": {"uv": [11.42857, 0, 12, 0.85714], "texture": "#3"},
				"west": {"uv": [0.57143, 11.42857, 1.14286, 12.28571], "texture": "#3"},
				"up": {"uv": [9.14286, 6.85714, 8.57143, 6.28571], "texture": "#3"}
			}
		},
		{
			"from": [7.6, 3.16924, 7.6],
			"to": [8.4, 5.91924, 8.4],
			"rotation": {"angle": 0, "axis": "y", "origin": [8, 4.54424, 8]},
			"faces": {
				"north": {"uv": [6.85714, 9.71429, 7.28571, 11.28571], "texture": "#3"},
				"east": {"uv": [10.28571, 1.14286, 10.71429, 2.71429], "texture": "#3"},
				"south": {"uv": [3.42857, 10.28571, 3.85714, 11.85714], "texture": "#3"},
				"west": {"uv": [4, 10.28571, 4.42857, 11.85714], "texture": "#3"}
			}
		},
		{
			"from": [7.35, 2.16924, 7.35],
			"to": [8.65, 2.66924, 8.65],
			"rotation": {"angle": 0, "axis": "y", "origin": [7.5, 2.16924, 7.5]},
			"faces": {
				"north": {"uv": [13.14286, 9.14286, 13.85714, 9.42857], "texture": "#3"},
				"east": {"uv": [13.14286, 9.71429, 13.85714, 10], "texture": "#3"},
				"south": {"uv": [13.14286, 10.28571, 13.85714, 10.57143], "texture": "#3"},
				"west": {"uv": [13.14286, 10.85714, 13.85714, 11.14286], "texture": "#3"},
				"up": {"uv": [8.14286, 11.57143, 7.42857, 10.85714], "texture": "#3"},
				"down": {"uv": [11.57143, 7.42857, 10.85714, 8.14286], "texture": "#3"}
			}
		},
		{
			"from": [7.5, 5.91924, 7.5],
			"to": [8.5, 7.41924, 8.5],
			"rotation": {"angle": 0, "axis": "y", "origin": [7.5, 7.91924, 7.5]},
			"faces": {
				"north": {"uv": [11.42857, 2.28571, 12, 3.14286], "texture": "#3"},
				"east": {"uv": [11.42857, 5.71429, 12, 6.57143], "texture": "#3"},
				"south": {"uv": [6.85714, 11.42857, 7.42857, 12.28571], "texture": "#3"},
				"west": {"uv": [11.42857, 10.85714, 12, 11.71429], "texture": "#3"},
				"down": {"uv": [9.71429, 8.57143, 9.14286, 9.14286], "texture": "#3"}
			}
		},
		{
			"from": [7.35, 6.41924, 7.35],
			"to": [8.65, 6.91924, 8.65],
			"rotation": {"angle": 0, "axis": "y", "origin": [7.5, 6.91924, 7.5]},
			"faces": {
				"north": {"uv": [13.14286, 11.42857, 13.85714, 11.71429], "texture": "#3"},
				"east": {"uv": [13.14286, 12, 13.85714, 12.28571], "texture": "#3"},
				"south": {"uv": [12.57143, 13.14286, 13.28571, 13.42857], "texture": "#3"},
				"west": {"uv": [13.14286, 12.57143, 13.85714, 12.85714], "texture": "#3"},
				"up": {"uv": [9.28571, 11.57143, 8.57143, 10.85714], "texture": "#3"},
				"down": {"uv": [11.57143, 8.57143, 10.85714, 9.28571], "texture": "#3"}
			}
		},
		{
			"from": [7.5, -0.25, 8],
			"to": [8.5, 0.75, 9],
			"rotation": {"angle": -45, "axis": "x", "origin": [7.75, -0.25, 8]},
			"faces": {
				"north": {"uv": [10.85714, 2.28571, 11.42857, 2.85714], "texture": "#3"},
				"east": {"uv": [10.85714, 5.71429, 11.42857, 6.28571], "texture": "#3"},
				"south": {"uv": [12, 5.71429, 12.57143, 6.28571], "texture": "#3"},
				"west": {"uv": [12, 6.28571, 12.57143, 6.85714], "texture": "#3"},
				"up": {"uv": [1.14286, 13.14286, 0.57143, 12.57143], "texture": "#3"},
				"down": {"uv": [13.14286, 1.71429, 12.57143, 2.28571], "texture": "#3"}
			}
		},
		{
			"from": [7.75, 0.13268, 6.07612],
			"to": [8.25, 1.13268, 8.07612],
			"rotation": {"angle": 22.5, "axis": "x", "origin": [7.75, 0.13268, 7.07612]},
			"faces": {
				"east": {"uv": [9.71429, 5.71429, 10.85714, 6.28571], "texture": "#3"},
				"west": {"uv": [10.28571, 2.85714, 11.42857, 3.42857], "texture": "#3"},
				"up": {"uv": [12.85714, 3.42857, 12.57143, 2.28571], "texture": "#3"},
				"down": {"uv": [3.14286, 12.57143, 2.85714, 13.71429], "texture": "#3"}
			}
		},
		{
			"from": [7.7475, 0.63059, 5.7315],
			"to": [8.2525, 1.63059, 6.4815],
			"rotation": {"angle": -22.5, "axis": "x", "origin": [7.9975, 1.63059, 6.2315]},
			"faces": {
				"north": {"uv": [13.71429, 0, 14, 0.57143], "texture": "#3"},
				"east": {"uv": [1.14286, 13.14286, 1.57143, 13.71429], "texture": "#3"},
				"south": {"uv": [13.71429, 0.57143, 14, 1.14286], "texture": "#3"},
				"west": {"uv": [13.14286, 1.14286, 13.57143, 1.71429], "texture": "#3"},
				"up": {"uv": [14, 1.57143, 13.71429, 1.14286], "texture": "#3"},
				"down": {"uv": [2, 13.71429, 1.71429, 14.14286], "texture": "#3"}
			}
		},
		{
			"from": [7.75, 0.13268, 7.92388],
			"to": [8.25, 1.13268, 9.92388],
			"rotation": {"angle": -22.5, "axis": "x", "origin": [7.75, 0.13268, 8.92388]},
			"faces": {
				"east": {"uv": [10.85714, 5.71429, 9.71429, 6.28571], "texture": "#3"},
				"west": {"uv": [11.42857, 2.85714, 10.28571, 3.42857], "texture": "#3"},
				"up": {"uv": [12.85714, 2.28571, 12.57143, 3.42857], "texture": "#3"},
				"down": {"uv": [3.14286, 13.71429, 2.85714, 12.57143], "texture": "#3"}
			}
		},
		{
			"from": [7.7475, 0.63059, 9.5185],
			"to": [8.2525, 1.63059, 10.2685],
			"rotation": {"angle": 22.5, "axis": "x", "origin": [7.9975, 1.63059, 9.7685]},
			"faces": {
				"north": {"uv": [14, 0.57143, 13.71429, 1.14286], "texture": "#3"},
				"east": {"uv": [1.57143, 13.14286, 1.14286, 13.71429], "texture": "#3"},
				"south": {"uv": [14, 0, 13.71429, 0.57143], "texture": "#3"},
				"west": {"uv": [13.57143, 1.14286, 13.14286, 1.71429], "texture": "#3"},
				"up": {"uv": [14, 1.14286, 13.71429, 1.57143], "texture": "#3"},
				"down": {"uv": [2, 14.14286, 1.71429, 13.71429], "texture": "#3"}
			}
		},
		{
			"from": [7.25, 6.75, 8],
			"to": [8.75, 8.5, 9.75],
			"rotation": {"angle": -45, "axis": "x", "origin": [7.5, 6.75, 8]},
			"faces": {
				"north": {"uv": [7.42857, 9.14286, 8.28571, 10.14286], "texture": "#3"},
				"east": {"uv": [3.42857, 9.14286, 4.42857, 10.14286], "texture": "#3"},
				"south": {"uv": [9.14286, 7.42857, 10, 8.42857], "texture": "#3"},
				"west": {"uv": [9.14286, 6.28571, 10.14286, 7.28571], "texture": "#3"},
				"up": {"uv": [9.42857, 10.14286, 8.57143, 9.14286], "texture": "#3"},
				"down": {"uv": [10.57143, 3.42857, 9.71429, 4.42857], "texture": "#3"}
			}
		},
		{
			"from": [7.5, 6.75, 7],
			"to": [8.5, 8.25, 8.5],
			"rotation": {"angle": -45, "axis": "x", "origin": [7.5, 6.75, 7]},
			"faces": {
				"north": {"uv": [12, 0, 12.57143, 0.85714], "texture": "#3"},
				"east": {"uv": [9.71429, 4.57143, 10.57143, 5.42857], "texture": "#3"},
				"south": {"uv": [1.14286, 12, 1.71429, 12.85714], "texture": "#3"},
				"west": {"uv": [9.71429, 8.57143, 10.57143, 9.42857], "texture": "#3"},
				"up": {"uv": [12.57143, 2, 12, 1.14286], "texture": "#3"},
				"down": {"uv": [2.28571, 12, 1.71429, 12.85714], "texture": "#3"}
			}
		},
		{
			"from": [7.625, 7.06851, 4.6686],
			"to": [8.375, 8.06851, 6.6686],
			"rotation": {"angle": 22.5, "axis": "x", "origin": [8, 7.80368, 8]},
			"faces": {
				"north": {"uv": [1.71429, 13.14286, 2.14286, 13.71429], "texture": "#3"},
				"east": {"uv": [5.14286, 10.28571, 6.28571, 10.85714], "texture": "#3"},
				"west": {"uv": [10.28571, 6.28571, 11.42857, 6.85714], "texture": "#3"},
				"up": {"uv": [2.71429, 13.14286, 2.28571, 12], "texture": "#3"},
				"down": {"uv": [12.42857, 2.28571, 12, 3.42857], "texture": "#3"}
			}
		},
		{
			"from": [7.75, 7.30368, 4.87182],
			"to": [8.25, 8.30368, 6.62182],
			"rotation": {"angle": 0, "axis": "x", "origin": [8, 7.80368, 8]},
			"faces": {
				"north": {"uv": [1.14286, 13.71429, 1.42857, 14.28571], "texture": "#3"},
				"east": {"uv": [8.57143, 10.28571, 9.57143, 10.85714], "texture": "#3"},
				"west": {"uv": [0, 10.85714, 1, 11.42857], "texture": "#3"},
				"down": {"uv": [12.85714, 12, 12.57143, 13], "texture": "#3"}
			}
		},
		{
			"from": [7.875, 7.44317, 5.14957],
			"to": [8.125, 8.44317, 6.64957],
			"rotation": {"angle": -22.5, "axis": "x", "origin": [8, 7.80368, 8]},
			"faces": {
				"north": {"uv": [2.28571, 13.71429, 2.42857, 14.28571], "texture": "#3"},
				"east": {"uv": [11.42857, 6.85714, 12.28571, 7.42857], "texture": "#3"},
				"west": {"uv": [2.85714, 12, 3.71429, 12.57143], "texture": "#3"},
				"down": {"uv": [13.85714, 1.71429, 13.71429, 2.57143], "texture": "#3"}
			}
		},
		{
			"from": [7.5, 8.16421, 6.29289],
			"to": [8.5, 9.16421, 8.29289],
			"rotation": {"angle": -45, "axis": "x", "origin": [7.5, 8.16421, 6.29289]},
			"faces": {
				"north": {"uv": [3.42857, 12.57143, 4, 13.14286], "texture": "#3"},
				"east": {"uv": [10.28571, 6.85714, 11.42857, 7.42857], "texture": "#3"},
				"south": {"uv": [4, 12.57143, 4.57143, 13.14286], "texture": "#3"},
				"west": {"uv": [7.42857, 10.28571, 8.57143, 10.85714], "texture": "#3"},
				"up": {"uv": [5.71429, 8.57143, 5.14286, 7.42857], "texture": "#3"},
				"down": {"uv": [10.85714, 7.42857, 10.28571, 8.57143], "texture": "#3"}
			}
		},
		{
			"from": [8.25, 7.5, 3],
			"to": [8.75, 8, 6],
			"rotation": {"angle": 45, "axis": "z", "origin": [8, 7.25, 2]},
			"faces": {
				"north": {"uv": [2.85714, 13.71429, 3.14286, 14], "texture": "#3"},
				"east": {"uv": [12, 3.42857, 13.71429, 3.71429], "texture": "#3"},
				"south": {"uv": [13.71429, 2.85714, 14, 3.14286], "texture": "#3"},
				"west": {"uv": [4, 12, 5.71429, 12.28571], "texture": "#3"},
				"up": {"uv": [12.28571, 5.71429, 12, 4], "texture": "#3"},
				"down": {"uv": [6, 12, 5.71429, 13.71429], "texture": "#3"}
			}
		},
		{
			"from": [7.6, 7.95711, 2.08579],
			"to": [8.4, 8.95711, 3.08579],
			"rotation": {"angle": 45, "axis": "x", "origin": [7.75, 7.95711, 2.08579]},
			"faces": {
				"north": {"uv": [13.14286, 1.71429, 13.57143, 2.28571], "texture": "#3"},
				"east": {"uv": [12.57143, 4, 13.14286, 4.57143], "texture": "#3"},
				"south": {"uv": [2.28571, 13.14286, 2.71429, 13.71429], "texture": "#3"},
				"west": {"uv": [4.57143, 12.57143, 5.14286, 13.14286], "texture": "#3"},
				"up": {"uv": [13.57143, 2.85714, 13.14286, 2.28571], "texture": "#3"},
				"down": {"uv": [13.57143, 2.85714, 13.14286, 3.42857], "texture": "#3"}
			}
		},
		{
			"from": [7.7, 8.25, 7],
			"to": [8.3, 27.25, 9],
			"rotation": {"angle": 0, "axis": "y", "origin": [7.65, 8.25, 6.5]},
			"faces": {
				"north": {"uv": [2.28571, 0, 2.57143, 10.85714], "texture": "#3"},
				"east": {"uv": [0, 0, 1.14286, 10.85714], "texture": "#3"},
				"south": {"uv": [2.85714, 0, 3.14286, 10.85714], "texture": "#3"},
				"west": {"uv": [1.14286, 0, 2.28571, 10.85714], "texture": "#3"}
			}
		},
		{
			"from": [7.695, 26.24944, 8],
			"to": [8.305, 27.66444, 9.415],
			"rotation": {"angle": -45, "axis": "x", "origin": [7.745, 26.24944, 8]},
			"faces": {
				"north": {"uv": [3.42857, 13.14286, 3.71429, 14], "texture": "#3"},
				"east": {"uv": [9.71429, 9.71429, 10.57143, 10.57143], "texture": "#3"},
				"south": {"uv": [4, 13.14286, 4.28571, 14], "texture": "#3"},
				"west": {"uv": [10.28571, 0, 11.14286, 0.85714], "texture": "#3"},
				"up": {"uv": [13.42857, 4.85714, 13.14286, 4], "texture": "#3"},
				"down": {"uv": [4.85714, 13.14286, 4.57143, 14], "texture": "#3"}
			}
		},
		{
			"from": [7.5975, 13.84944, 8.1],
			"to": [8.4025, 15.06444, 9.315],
			"rotation": {"angle": -45, "axis": "x", "origin": [7.7475, 13.74944, 8]},
			"faces": {
				"north": {"uv": [12.57143, 8.57143, 13, 9.28571], "texture": "#3"},
				"east": {"uv": [9.71429, 10.85714, 10.42857, 11.57143], "texture": "#3"},
				"south": {"uv": [12.57143, 9.71429, 13, 10.42857], "texture": "#3"},
				"west": {"uv": [10.85714, 9.71429, 11.57143, 10.42857], "texture": "#3"},
				"up": {"uv": [13, 11.57143, 12.57143, 10.85714], "texture": "#3"},
				"down": {"uv": [12.42857, 12.57143, 12, 13.28571], "texture": "#3"}
			}
		},
		{
			"from": [7.5975, 11.99944, 8.25],
			"to": [8.4025, 12.91444, 9.165],
			"rotation": {"angle": -45, "axis": "x", "origin": [7.7475, 11.74944, 8]},
			"faces": {
				"north": {"uv": [5.14286, 13.14286, 5.57143, 13.71429], "texture": "#3"},
				"east": {"uv": [12.57143, 4.57143, 13.14286, 5.14286], "texture": "#3"},
				"south": {"uv": [13.14286, 5.14286, 13.57143, 5.71429], "texture": "#3"},
				"west": {"uv": [5.14286, 12.57143, 5.71429, 13.14286], "texture": "#3"},
				"up": {"uv": [13.57143, 6.28571, 13.14286, 5.71429], "texture": "#3"},
				"down": {"uv": [13.57143, 6.28571, 13.14286, 6.85714], "texture": "#3"}
			}
		},
		{
			"from": [7.5975, 10.24944, 8.25],
			"to": [8.4025, 11.16444, 9.165],
			"rotation": {"angle": -45, "axis": "x", "origin": [7.7475, 9.99944, 8]},
			"faces": {
				"north": {"uv": [13.14286, 6.85714, 13.57143, 7.42857], "texture": "#3"},
				"east": {"uv": [12.57143, 5.14286, 13.14286, 5.71429], "texture": "#3"},
				"south": {"uv": [13.14286, 7.42857, 13.57143, 8], "texture": "#3"},
				"west": {"uv": [12.57143, 5.71429, 13.14286, 6.28571], "texture": "#3"},
				"up": {"uv": [13.57143, 8.57143, 13.14286, 8], "texture": "#3"},
				"down": {"uv": [13.57143, 8.57143, 13.14286, 9.14286], "texture": "#3"}
			}
		},
		{
			"from": [7.7535, 15.5, 6.3],
			"to": [8.2465, 18.5, 8.3],
			"rotation": {"angle": -22.5, "axis": "x", "origin": [7.7535, 15.5, 6.5]},
			"faces": {
				"north": {"uv": [7.42857, 12, 7.71429, 13.71429], "texture": "#3"},
				"east": {"uv": [5.71429, 0, 6.85714, 1.71429], "texture": "#3"},
				"west": {"uv": [5.71429, 1.71429, 6.85714, 3.42857], "texture": "#3"},
				"up": {"uv": [6.57143, 13.71429, 6.28571, 12.57143], "texture": "#3"},
				"down": {"uv": [12.85714, 6.28571, 12.57143, 7.42857], "texture": "#3"}
			}
		},
		{
			"from": [7.7585, 17.96632, 5.91732],
			"to": [8.2415, 20.46632, 8.09232],
			"rotation": {"angle": 22.5, "axis": "x", "origin": [7.7585, 19.96632, 6.11732]},
			"faces": {
				"north": {"uv": [9.14286, 12, 9.42857, 13.42857], "texture": "#3"},
				"east": {"uv": [6.85714, 0, 8.14286, 1.42857], "texture": "#3"},
				"west": {"uv": [6.85714, 1.71429, 8.14286, 3.14286], "texture": "#3"}
			}
		},
		{
			"from": [7.7585, 26.23535, 6.01299],
			"to": [8.2415, 29.23535, 7.86299],
			"rotation": {"angle": 22.5, "axis": "x", "origin": [7.7585, 28.23535, 6.21299]},
			"faces": {
				"north": {"uv": [12, 7.42857, 12.28571, 9.14286], "texture": "#3"},
				"east": {"uv": [3.42857, 5.71429, 4.57143, 7.42857], "texture": "#3"},
				"west": {"uv": [5.71429, 3.42857, 6.85714, 5.14286], "texture": "#3"}
			}
		},
		{
			"from": [7.7535, 24.5, 6.3],
			"to": [8.2465, 26.75, 8.725],
			"rotation": {"angle": -22.5, "axis": "x", "origin": [7.7535, 24, 6.5]},
			"faces": {
				"north": {"uv": [10.28571, 12, 10.57143, 13.28571], "texture": "#3"},
				"east": {"uv": [6.85714, 3.42857, 8.28571, 4.71429], "texture": "#3"},
				"west": {"uv": [6.85714, 5.14286, 8.28571, 6.42857], "texture": "#3"},
				"up": {"uv": [12.28571, 10.57143, 12, 9.14286], "texture": "#3"}
			}
		},
		{
			"from": [7.7585, 26.23535, 8.13701],
			"to": [8.2415, 29.23535, 9.98701],
			"rotation": {"angle": -22.5, "axis": "x", "origin": [7.7585, 28.23535, 9.78701]},
			"faces": {
				"east": {"uv": [4.57143, 5.71429, 5.71429, 7.42857], "texture": "#3"},
				"south": {"uv": [8, 12, 8.28571, 13.71429], "texture": "#3"},
				"west": {"uv": [5.71429, 5.14286, 6.85714, 6.85714], "texture": "#3"}
			}
		},
		{
			"from": [7.7535, 24.5, 7.25],
			"to": [8.2465, 26.75, 9.7],
			"rotation": {"angle": 22.5, "axis": "x", "origin": [7.7535, 24, 9.5]},
			"faces": {
				"east": {"uv": [5.71429, 6.85714, 7.14286, 8.14286], "texture": "#3"},
				"south": {"uv": [10.85714, 12, 11.14286, 13.28571], "texture": "#3"},
				"west": {"uv": [3.42857, 7.42857, 4.85714, 8.71429], "texture": "#3"},
				"up": {"uv": [10, 13.42857, 9.71429, 12], "texture": "#3"}
			}
		},
		{
			"from": [7.7635, 19.96632, 6.12],
			"to": [8.2365, 24.96632, 7.245],
			"rotation": {"angle": 0, "axis": "x", "origin": [7.7635, 21.96632, 6.29232]},
			"faces": {
				"north": {"uv": [4.57143, 9.14286, 4.85714, 12], "texture": "#3"},
				"east": {"uv": [3.42857, 0, 4.14286, 2.85714], "texture": "#3"},
				"west": {"uv": [3.42857, 2.85714, 4.14286, 5.71429], "texture": "#3"}
			}
		},
		{
			"from": [7.7635, 11.96632, 6.315],
			"to": [8.2365, 16.96632, 7.465],
			"rotation": {"angle": 0, "axis": "x", "origin": [7.7635, 21.96632, 6.29232]},
			"faces": {
				"north": {"uv": [6.28571, 9.71429, 6.57143, 12.57143], "texture": "#3"},
				"east": {"uv": [4.57143, 0, 5.28571, 2.85714], "texture": "#3"},
				"west": {"uv": [4.57143, 2.85714, 5.28571, 5.71429], "texture": "#3"}
			}
		},
		{
			"from": [7.75, 27.48945, 8.375],
			"to": [8.25, 29.73945, 10.625],
			"rotation": {"angle": -45, "axis": "x", "origin": [7.5, 27.11445, 8]},
			"faces": {
				"north": {"uv": [12, 10.85714, 12.28571, 12.14286], "texture": "#3"},
				"east": {"uv": [8.57143, 0, 9.85714, 1.28571], "texture": "#3"},
				"south": {"uv": [11.42857, 12, 11.71429, 13.28571], "texture": "#3"},
				"west": {"uv": [8.57143, 1.71429, 9.85714, 3], "texture": "#3"},
				"up": {"uv": [0.28571, 13.85714, 0, 12.57143], "texture": "#3"},
				"down": {"uv": [12.85714, 0, 12.57143, 1.28571], "texture": "#3"}
			}
		},
		{
			"from": [7.985, 4.65355, 3.5],
			"to": [8.015, 7.65355, 4.75],
			"rotation": {"angle": 0, "axis": "y", "origin": [7.985, 3.65355, 3.75]},
			"faces": {
				"east": {"uv": [8.57143, 3.42857, 9.28571, 5.14286], "texture": "#3"},
				"west": {"uv": [5.14286, 8.57143, 5.85714, 10.28571], "texture": "#3"}
			}
		},
		{
			"from": [7.985, 4.65355, 11.25],
			"to": [8.015, 7.65355, 12.5],
			"rotation": {"angle": 0, "axis": "y", "origin": [7.985, 3.65355, 12.25]},
			"faces": {
				"east": {"uv": [9.28571, 3.42857, 8.57143, 5.14286], "texture": "#3"},
				"west": {"uv": [5.85714, 8.57143, 5.14286, 10.28571], "texture": "#3"}
			}
		},
		{
			"from": [7.5, 6.75, 7.5],
			"to": [8.5, 8.25, 9],
			"rotation": {"angle": 45, "axis": "x", "origin": [7.5, 6.75, 9]},
			"faces": {
				"north": {"uv": [1.71429, 12, 1.14286, 12.85714], "texture": "#3"},
				"east": {"uv": [10.57143, 4.57143, 9.71429, 5.42857], "texture": "#3"},
				"south": {"uv": [12.57143, 0, 12, 0.85714], "texture": "#3"},
				"west": {"uv": [10.57143, 8.57143, 9.71429, 9.42857], "texture": "#3"},
				"up": {"uv": [12.57143, 1.14286, 12, 2], "texture": "#3"},
				"down": {"uv": [2.28571, 12.85714, 1.71429, 12], "texture": "#3"}
			}
		},
		{
			"from": [7.625, 7.06851, 9.3314],
			"to": [8.375, 8.06851, 11.3314],
			"rotation": {"angle": -22.5, "axis": "x", "origin": [8, 7.80368, 8]},
			"faces": {
				"east": {"uv": [6.28571, 10.28571, 5.14286, 10.85714], "texture": "#3"},
				"south": {"uv": [2.14286, 13.14286, 1.71429, 13.71429], "texture": "#3"},
				"west": {"uv": [11.42857, 6.28571, 10.28571, 6.85714], "texture": "#3"},
				"up": {"uv": [2.71429, 12, 2.28571, 13.14286], "texture": "#3"},
				"down": {"uv": [12.42857, 3.42857, 12, 2.28571], "texture": "#3"}
			}
		},
		{
			"from": [7.75, 7.30368, 9.37818],
			"to": [8.25, 8.30368, 11.12818],
			"rotation": {"angle": 0, "axis": "x", "origin": [8, 7.80368, 8]},
			"faces": {
				"east": {"uv": [9.57143, 10.28571, 8.57143, 10.85714], "texture": "#3"},
				"south": {"uv": [1.42857, 13.71429, 1.14286, 14.28571], "texture": "#3"},
				"west": {"uv": [1, 10.85714, 0, 11.42857], "texture": "#3"},
				"down": {"uv": [12.85714, 13, 12.57143, 12], "texture": "#3"}
			}
		},
		{
			"from": [7.875, 7.44317, 9.35043],
			"to": [8.125, 8.44317, 10.85043],
			"rotation": {"angle": 22.5, "axis": "x", "origin": [8, 7.80368, 8]},
			"faces": {
				"east": {"uv": [12.28571, 6.85714, 11.42857, 7.42857], "texture": "#3"},
				"south": {"uv": [2.42857, 13.71429, 2.28571, 14.28571], "texture": "#3"},
				"west": {"uv": [3.71429, 12, 2.85714, 12.57143], "texture": "#3"},
				"down": {"uv": [13.85714, 2.57143, 13.71429, 1.71429], "texture": "#3"}
			}
		},
		{
			"from": [7.5, 8.16421, 7.70711],
			"to": [8.5, 9.16421, 9.70711],
			"rotation": {"angle": 45, "axis": "x", "origin": [7.5, 8.16421, 9.70711]},
			"faces": {
				"north": {"uv": [4.57143, 12.57143, 4, 13.14286], "texture": "#3"},
				"east": {"uv": [11.42857, 6.85714, 10.28571, 7.42857], "texture": "#3"},
				"south": {"uv": [4, 12.57143, 3.42857, 13.14286], "texture": "#3"},
				"west": {"uv": [8.57143, 10.28571, 7.42857, 10.85714], "texture": "#3"},
				"up": {"uv": [5.71429, 7.42857, 5.14286, 8.57143], "texture": "#3"},
				"down": {"uv": [10.85714, 8.57143, 10.28571, 7.42857], "texture": "#3"}
			}
		},
		{
			"from": [8.25, 7.5, 10],
			"to": [8.75, 8, 13],
			"rotation": {"angle": 45, "axis": "z", "origin": [8, 7.25, 14]},
			"faces": {
				"north": {"uv": [14, 2.85714, 13.71429, 3.14286], "texture": "#3"},
				"east": {"uv": [13.71429, 3.42857, 12, 3.71429], "texture": "#3"},
				"south": {"uv": [3.14286, 13.71429, 2.85714, 14], "texture": "#3"},
				"west": {"uv": [5.71429, 12, 4, 12.28571], "texture": "#3"},
				"up": {"uv": [12.28571, 4, 12, 5.71429], "texture": "#3"},
				"down": {"uv": [6, 13.71429, 5.71429, 12], "texture": "#3"}
			}
		},
		{
			"from": [7.6, 7.95711, 12.91421],
			"to": [8.4, 8.95711, 13.91421],
			"rotation": {"angle": -45, "axis": "x", "origin": [7.75, 7.95711, 13.91421]},
			"faces": {
				"north": {"uv": [2.71429, 13.14286, 2.28571, 13.71429], "texture": "#3"},
				"east": {"uv": [13.14286, 4, 12.57143, 4.57143], "texture": "#3"},
				"south": {"uv": [13.57143, 1.71429, 13.14286, 2.28571], "texture": "#3"},
				"west": {"uv": [5.14286, 12.57143, 4.57143, 13.14286], "texture": "#3"},
				"up": {"uv": [13.57143, 2.28571, 13.14286, 2.85714], "texture": "#3"},
				"down": {"uv": [13.57143, 3.42857, 13.14286, 2.85714], "texture": "#3"}
			}
		},
		{
			"from": [7.75, 12.45951, 5.69329],
			"to": [8.25, 14.45951, 7.44329],
			"rotation": {"angle": 22.5, "axis": "x", "origin": [7.5, 12.53451, 4.19329]},
			"faces": {
				"north": {"uv": [6.85714, 12.57143, 7.14286, 13.71429], "texture": "#3"},
				"east": {"uv": [8.57143, 5.14286, 9.57143, 6.28571], "texture": "#3"},
				"west": {"uv": [6.28571, 8.57143, 7.28571, 9.71429], "texture": "#3"},
				"up": {"uv": [13.42857, 1, 13.14286, 0], "texture": "#3"},
				"down": {"uv": [0.85714, 13.14286, 0.57143, 14.14286], "texture": "#3"}
			}
		},
		{
			"from": [7.7625, 11.99475, 5.28265],
			"to": [8.2375, 13.99475, 7.80765],
			"rotation": {"angle": 45, "axis": "x", "origin": [7.4875, 12.24475, 3.78265]},
			"faces": {
				"north": {"uv": [12.57143, 7.42857, 12.85714, 8.57143], "texture": "#3"},
				"east": {"uv": [7.42857, 6.85714, 9, 8], "texture": "#3"},
				"west": {"uv": [7.42857, 8, 9, 9.14286], "texture": "#3"},
				"down": {"uv": [8.85714, 12, 8.57143, 13.57143], "texture": "#3"}
			}
		},
		{
			"from": [7.7535, 15.5, 7.7],
			"to": [8.2465, 18.5, 9.7],
			"rotation": {"angle": 22.5, "axis": "x", "origin": [7.7535, 15.5, 9.5]},
			"faces": {
				"east": {"uv": [6.85714, 0, 5.71429, 1.71429], "texture": "#3"},
				"south": {"uv": [7.71429, 12, 7.42857, 13.71429], "texture": "#3"},
				"west": {"uv": [6.85714, 1.71429, 5.71429, 3.42857], "texture": "#3"},
				"up": {"uv": [6.57143, 12.57143, 6.28571, 13.71429], "texture": "#3"},
				"down": {"uv": [12.85714, 7.42857, 12.57143, 6.28571], "texture": "#3"}
			}
		},
		{
			"from": [7.7585, 17.96632, 7.90768],
			"to": [8.2415, 20.46632, 10.08268],
			"rotation": {"angle": -22.5, "axis": "x", "origin": [7.7585, 19.96632, 9.88268]},
			"faces": {
				"east": {"uv": [8.14286, 0, 6.85714, 1.42857], "texture": "#3"},
				"south": {"uv": [9.42857, 12, 9.14286, 13.42857], "texture": "#3"},
				"west": {"uv": [8.14286, 1.71429, 6.85714, 3.14286], "texture": "#3"}
			}
		},
		{
			"from": [7.7635, 19.96632, 8.755],
			"to": [8.2365, 24.96632, 9.88],
			"rotation": {"angle": 0, "axis": "x", "origin": [7.7635, 21.96632, 9.70768]},
			"faces": {
				"east": {"uv": [4.14286, 0, 3.42857, 2.85714], "texture": "#3"},
				"south": {"uv": [4.85714, 9.14286, 4.57143, 12], "texture": "#3"},
				"west": {"uv": [4.14286, 2.85714, 3.42857, 5.71429], "texture": "#3"}
			}
		},
		{
			"from": [7.75, 12.45951, 8.55671],
			"to": [8.25, 14.45951, 10.30671],
			"rotation": {"angle": -22.5, "axis": "x", "origin": [7.5, 12.53451, 11.80671]},
			"faces": {
				"east": {"uv": [9.57143, 5.14286, 8.57143, 6.28571], "texture": "#3"},
				"south": {"uv": [7.14286, 12.57143, 6.85714, 13.71429], "texture": "#3"},
				"west": {"uv": [7.28571, 8.57143, 6.28571, 9.71429], "texture": "#3"},
				"up": {"uv": [13.42857, 0, 13.14286, 1], "texture": "#3"},
				"down": {"uv": [0.85714, 14.14286, 0.57143, 13.14286], "texture": "#3"}
			}
		},
		{
			"from": [7.7625, 11.99475, 8.19235],
			"to": [8.2375, 13.99475, 10.71735],
			"rotation": {"angle": -45, "axis": "x", "origin": [7.4875, 12.24475, 12.21735]},
			"faces": {
				"east": {"uv": [9, 6.85714, 7.42857, 8], "texture": "#3"},
				"south": {"uv": [12.85714, 7.42857, 12.57143, 8.57143], "texture": "#3"},
				"west": {"uv": [9, 8, 7.42857, 9.14286], "texture": "#3"},
				"down": {"uv": [8.85714, 13.57143, 8.57143, 12], "texture": "#3"}
			}
		},
		{
			"from": [7.7635, 11.96632, 8.535],
			"to": [8.2365, 16.96632, 9.685],
			"rotation": {"angle": 0, "axis": "x", "origin": [7.7635, 21.96632, 9.70768]},
			"faces": {
				"east": {"uv": [5.28571, 0, 4.57143, 2.85714], "texture": "#3"},
				"south": {"uv": [6.57143, 9.71429, 6.28571, 12.57143], "texture": "#3"},
				"west": {"uv": [5.28571, 2.85714, 4.57143, 5.71429], "texture": "#3"}
			}
		},
		{
			"from": [6.5, 13.5, 6.5],
			"to": [6.5, 15.5, 9.5],
			"rotation": {"angle": 45, "axis": "y", "origin": [8, 14.5, 8]},
			"faces": {
				"west": {"uv": [6, 4, 12, 8], "texture": "#1"}
			}
		},
		{
			"from": [9.5, 13.5, 6.5],
			"to": [9.5, 15.5, 9.5],
			"rotation": {"angle": 45, "axis": "y", "origin": [8, 14.5, 8]},
			"faces": {
				"east": {"uv": [6, 0, 12, 4], "texture": "#1"}
			}
		},
		{
			"from": [6.5, 13.5, 9.5],
			"to": [9.5, 15.5, 9.5],
			"rotation": {"angle": 45, "axis": "y", "origin": [8, 14.5, 8]},
			"faces": {
				"south": {"uv": [0, 0, 6, 4], "texture": "#1"}
			}
		},
		{
			"from": [6.5, 13.5, 6.5],
			"to": [9.5, 15.5, 6.5],
			"rotation": {"angle": 45, "axis": "y", "origin": [8, 14.5, 8]},
			"faces": {
				"north": {"uv": [0, 4, 6, 8], "texture": "#1"}
			}
		},
		{
			"from": [6.5, -2.25, 6.5],
			"to": [9.5, -0.25, 6.5],
			"rotation": {"angle": 45, "axis": "y", "origin": [8, -1.25, 8]},
			"faces": {
				"north": {"uv": [0, 4, 6, 8], "texture": "#1"}
			}
		},
		{
			"from": [6.5, -2.25, 6.5],
			"to": [6.5, -0.25, 9.5],
			"rotation": {"angle": 45, "axis": "y", "origin": [8, -1.25, 8]},
			"faces": {
				"west": {"uv": [6, 4, 12, 8], "texture": "#1"}
			}
		},
		{
			"from": [6.5, -2.25, 9.5],
			"to": [9.5, -0.25, 9.5],
			"rotation": {"angle": 45, "axis": "y", "origin": [8, -1.25, 8]},
			"faces": {
				"south": {"uv": [0, 0, 6, 4], "texture": "#1"}
			}
		},
		{
			"from": [9.5, -2.25, 6.5],
			"to": [9.5, -0.25, 9.5],
			"rotation": {"angle": 45, "axis": "y", "origin": [8, -1.25, 8]},
			"faces": {
				"east": {"uv": [6, 0, 12, 4], "texture": "#1"}
			}
		},
		{
			"from": [7.001, -4, 7],
			"to": [9.001, -2.5, 7],
			"rotation": {"angle": 45, "axis": "y", "origin": [8, -3.25, 8]},
			"faces": {
				"north": {"uv": [16, 0, 8, 6], "texture": "#2"},
				"east": {"uv": [0, 0, 0, 6], "texture": "#2"},
				"west": {"uv": [0, 0, 0, 6], "texture": "#2"},
				"up": {"uv": [8, 0, 0, 0], "texture": "#2"},
				"down": {"uv": [8, 0, 0, 0], "texture": "#2"}
			}
		},
		{
			"from": [7.001, -4, 9],
			"to": [9.001, -2.5, 9],
			"rotation": {"angle": 45, "axis": "y", "origin": [8, -3.25, 8]},
			"faces": {
				"east": {"uv": [0, 0, 0, 6], "texture": "#2"},
				"south": {"uv": [16, 8, 8, 14], "texture": "#2"},
				"west": {"uv": [0, 0, 0, 6], "texture": "#2"},
				"up": {"uv": [8, 0, 0, 0], "texture": "#2"},
				"down": {"uv": [8, 0, 0, 0], "texture": "#2"}
			}
		},
		{
			"from": [9, -4, 7],
			"to": [9, -2.5, 9],
			"rotation": {"angle": 45, "axis": "y", "origin": [8, -3.25, 8]},
			"faces": {
				"north": {"uv": [0, 0, 0, 6], "texture": "#2"},
				"east": {"uv": [8, 8, 0, 14], "texture": "#2"},
				"south": {"uv": [0, 0, 0, 6], "texture": "#2"},
				"up": {"uv": [0, 0, 0, 8], "texture": "#2"},
				"down": {"uv": [0, 8, 0, 0], "texture": "#2"}
			}
		},
		{
			"from": [7, -4, 7],
			"to": [7, -2.5, 9],
			"rotation": {"angle": 45, "axis": "y", "origin": [8, -3.25, 8]},
			"faces": {
				"north": {"uv": [0, 0, 0, 6], "texture": "#2"},
				"south": {"uv": [0, 0, 0, 6], "texture": "#2"},
				"west": {"uv": [8, 0, 0, 6], "texture": "#2"},
				"up": {"uv": [0, 0, 0, 8], "texture": "#2"},
				"down": {"uv": [0, 8, 0, 0], "texture": "#2"}
			}
		},
		{
			"from": [7.00085, 7, 1.75035],
			"to": [9.00085, 7, 3.25035],
			"rotation": {"angle": -45, "axis": "z", "origin": [8.00035, 8, 2.50035]},
			"faces": {
				"north": {"uv": [8, 0, 0, 0], "rotation": 180, "texture": "#2"},
				"east": {"uv": [0, 0, 0, 6], "rotation": 270, "texture": "#2"},
				"south": {"uv": [8, 0, 0, 0], "texture": "#2"},
				"west": {"uv": [0, 0, 0, 6], "rotation": 90, "texture": "#2"},
				"down": {"uv": [8, 0, 16, 6], "texture": "#2"}
			}
		},
		{
			"from": [8.99985, 7, 1.75035],
			"to": [8.99985, 9, 3.25035],
			"rotation": {"angle": -45, "axis": "z", "origin": [8.00035, 8, 2.50035]},
			"faces": {
				"north": {"uv": [0, 0, 0, 8], "rotation": 180, "texture": "#2"},
				"east": {"uv": [0, 8, 8, 14], "rotation": 270, "texture": "#2"},
				"south": {"uv": [0, 8, 0, 0], "texture": "#2"},
				"up": {"uv": [0, 0, 0, 6], "rotation": 180, "texture": "#2"},
				"down": {"uv": [0, 0, 0, 6], "texture": "#2"}
			}
		},
		{
			"from": [6.99985, 7, 1.75035],
			"to": [6.99985, 9, 3.25035],
			"rotation": {"angle": -45, "axis": "z", "origin": [8.00035, 8, 2.50035]},
			"faces": {
				"north": {"uv": [0, 0, 0, 8], "rotation": 180, "texture": "#2"},
				"south": {"uv": [0, 8, 0, 0], "texture": "#2"},
				"west": {"uv": [0, 0, 8, 6], "rotation": 90, "texture": "#2"},
				"up": {"uv": [0, 0, 0, 6], "rotation": 180, "texture": "#2"},
				"down": {"uv": [0, 0, 0, 6], "texture": "#2"}
			}
		},
		{
			"from": [7.00085, 9, 1.75035],
			"to": [9.00085, 9, 3.25035],
			"rotation": {"angle": -45, "axis": "z", "origin": [8.00035, 8, 2.50035]},
			"faces": {
				"north": {"uv": [8, 0, 0, 0], "rotation": 180, "texture": "#2"},
				"east": {"uv": [0, 0, 0, 6], "rotation": 270, "texture": "#2"},
				"south": {"uv": [8, 0, 0, 0], "texture": "#2"},
				"west": {"uv": [0, 0, 0, 6], "rotation": 90, "texture": "#2"},
				"up": {"uv": [8, 8, 16, 14], "rotation": 180, "texture": "#2"}
			}
		},
		{
			"from": [7.00085, 9, 12.74965],
			"to": [9.00085, 9, 14.24965],
			"rotation": {"angle": 45, "axis": "z", "origin": [8.00035, 8, 13.49965]},
			"faces": {
				"north": {"uv": [0, 0, 8, 0], "texture": "#2"},
				"east": {"uv": [0, 6, 0, 0], "rotation": 270, "texture": "#2"},
				"south": {"uv": [0, 0, 8, 0], "rotation": 180, "texture": "#2"},
				"west": {"uv": [0, 6, 0, 0], "rotation": 90, "texture": "#2"},
				"up": {"uv": [8, 0, 16, 6], "texture": "#2"}
			}
		},
		{
			"from": [8.99985, 7, 12.74965],
			"to": [8.99985, 9, 14.24965],
			"rotation": {"angle": 45, "axis": "z", "origin": [8.00035, 8, 13.49965]},
			"faces": {
				"north": {"uv": [0, 0, 0, 8], "texture": "#2"},
				"east": {"uv": [8, 14, 0, 8], "rotation": 270, "texture": "#2"},
				"south": {"uv": [0, 8, 0, 0], "rotation": 180, "texture": "#2"},
				"up": {"uv": [0, 0, 0, 6], "texture": "#2"},
				"down": {"uv": [0, 0, 0, 6], "rotation": 180, "texture": "#2"}
			}
		},
		{
			"from": [6.99985, 7, 12.74965],
			"to": [6.99985, 9, 14.24965],
			"rotation": {"angle": 45, "axis": "z", "origin": [8.00035, 8, 13.49965]},
			"faces": {
				"north": {"uv": [0, 0, 0, 8], "texture": "#2"},
				"south": {"uv": [0, 8, 0, 0], "rotation": 180, "texture": "#2"},
				"west": {"uv": [8, 6, 0, 0], "rotation": 90, "texture": "#2"},
				"up": {"uv": [0, 0, 0, 6], "texture": "#2"},
				"down": {"uv": [0, 0, 0, 6], "rotation": 180, "texture": "#2"}
			}
		},
		{
			"from": [7.00085, 7, 12.74965],
			"to": [9.00085, 7, 14.24965],
			"rotation": {"angle": 45, "axis": "z", "origin": [8.00035, 8, 13.49965]},
			"faces": {
				"north": {"uv": [0, 0, 8, 0], "texture": "#2"},
				"east": {"uv": [0, 6, 0, 0], "rotation": 270, "texture": "#2"},
				"south": {"uv": [0, 0, 8, 0], "rotation": 180, "texture": "#2"},
				"west": {"uv": [0, 6, 0, 0], "rotation": 90, "texture": "#2"},
				"down": {"uv": [8, 8, 16, 14], "rotation": 180, "texture": "#2"}
			}
		}
	],
	"gui_light": "front",
	"display": {
		"thirdperson_righthand": {
			"translation": [0, 1.5, 1]
		},
		"thirdperson_lefthand": {
			"translation": [0, 1.5, 1]
		},
		"firstperson_righthand": {
			"rotation": [-10, 0, 0],
			"translation": [0, 1.75, 0]
		},
		"firstperson_lefthand": {
			"rotation": [-10, 0, 0],
			"translation": [0, 1.75, 0]
		},
		"ground": {
			"rotation": [-45, 0, 0],
			"translation": [0, 4, 0],
			"scale": [0.7, 0.7, 0.7]
		},
		"gui": {
			"rotation": [-90, 45, 90],
			"translation": [2.5, -2.5, 0],
			"scale": [0.7, 0.7, 0.7]
		},
		"head": {
			"rotation": [0, -90, 0]
		},
		"fixed": {
			"rotation": [0, -90, 0],
			"translation": [0, -8.5, -1.5],
			"scale": [2, 2, 2]
		}
	}
}