{"credit":"Pologony Creation Co.,Ltd.","texture_size":[8,8],"textures":{"1":"necros_set:animated/animated_11","4":"necros_set:chest","particle":"necros_set:animated/animated_11"},"elements":[{"from":[1.6,3.14099,-1.12678],"to":[1.85,4.79099,-0.37678],"rotation":{"angle":45,"axis":"x","origin":[1.35,3.14099,-0.87678]},"faces":{"north":{"uv":[9.33333,12.95238,9.38095,13.28571],"texture":"#4"},"east":{"uv":[8.7619,10.66667,8.90476,11],"texture":"#4"},"south":{"uv":[12.95238,9.52381,13,9.85714],"texture":"#4"},"west":{"uv":[10.28571,12.57143,10.42857,12.90476],"texture":"#4"},"down":{"uv":[13.19048,3.04762,13.14286,3.19048],"texture":"#4"}}},{"from":[1.6005,1.74276,-1.05355],"to":[1.8495,3.31776,-0.25355],"rotation":{"angle":0,"axis":"y","origin":[1.3505,1.81776,-0.80355]},"faces":{"north":{"uv":[12.95238,11.61905,13,11.90476],"texture":"#4"},"east":{"uv":[12.7619,11.04762,12.90476,11.33333],"texture":"#4"},"south":{"uv":[11.80952,12.95238,11.85714,13.2381],"texture":"#4"},"west":{"uv":[12.38095,12.7619,12.52381,13.04762],"texture":"#4"}}},{"from":[1.6,1.11066,-1.96777],"to":[1.85,2.61066,-1.21777],"rotation":{"angle":45,"axis":"x","origin":[1.35,1.11066,-1.71777]},"faces":{"north":{"uv":[12.95238,12.19048,13,12.47619],"texture":"#4"},"east":{"uv":[12.7619,12.7619,12.90476,13.04762],"texture":"#4"},"south":{"uv":[1.71429,13.14286,1.7619,13.42857],"texture":"#4"},"west":{"uv":[12.95238,5.71429,13.09524,6],"texture":"#4"},"up":{"uv":[13.19048,3.57143,13.14286,3.42857],"texture":"#4"},"down":{"uv":[13.19048,3.80952,13.14286,3.95238],"texture":"#4"}}},{"from":[1.6,1.64099,-0.79099],"to":[1.85,2.64099,0.70901],"rotation":{"angle":45,"axis":"x","origin":[1.35,1.64099,-1.54099]},"faces":{"east":{"uv":[12.7619,1.71429,13.04762,1.90476],"texture":"#4"},"south":{"uv":[13.14286,2.66667,13.19048,2.85714],"texture":"#4"},"west":{"uv":[2.09524,12.7619,2.38095,12.95238],"texture":"#4"},"up":{"uv":[2.14286,13.42857,2.09524,13.14286],"texture":"#4"},"down":{"uv":[13.19048,2.09524,13.14286,2.38095],"texture":"#4"}}},{"from":[1.6005,0.7571,-1.36421],"to":[1.8495,1.5071,-0.61421],"rotation":{"angle":0,"axis":"y","origin":[1.7255,1.1321,-0.61421]},"faces":{"east":{"uv":[2.85714,8.7619,3,8.90476],"texture":"#4"},"west":{"uv":[12.95238,9.14286,13.09524,9.28571],"texture":"#4"},"down":{"uv":[13.19048,4.19048,13.14286,4.33333],"texture":"#4"}}},{"from":[-1.44,5,-2.19982],"to":[-1.405,7.25,1.80018],"rotation":{"angle":45,"axis":"y","origin":[-1.40361,3.375,-1.42482]},"faces":{"east":{"uv":[3.04762,10.66667,2.28571,11.09524],"texture":"#4"},"west":{"uv":[2.28571,10.66667,3.04762,11.09524],"texture":"#4"}}},{"from":[0,0,0],"to":[2,1,2],"rotation":{"angle":0,"axis":"y","origin":[3,0,0]},"faces":{"north":{"uv":[11.61905,1.71429,12,1.90476],"texture":"#4"},"east":{"uv":[12.19048,1.71429,12.57143,1.90476],"texture":"#4"},"south":{"uv":[12.38095,5.90476,12.7619,6.09524],"texture":"#4"},"west":{"uv":[12.38095,8.7619,12.7619,8.95238],"texture":"#4"},"up":{"uv":[0.38095,12,0,11.61905],"texture":"#4"},"down":{"uv":[0.95238,11.61905,0.57143,12],"texture":"#4"}}},{"from":[0,1,1.5],"to":[1,3.5,2],"rotation":{"angle":0,"axis":"y","origin":[3,1,0]},"faces":{"north":{"uv":[7.04762,11.80952,7.2381,12.28571],"texture":"#4"},"south":{"uv":[1.71429,12.38095,1.90476,12.85714],"texture":"#4"},"west":{"uv":[12.7619,4.95238,12.85714,5.42857],"texture":"#4"}}},{"from":[1.5,1,0],"to":[2,3.5,1],"rotation":{"angle":0,"axis":"y","origin":[1.75,2.5,0.625]},"faces":{"north":{"uv":[5.33333,12.7619,5.42857,13.2381],"texture":"#4"},"east":{"uv":[12.38095,4.38095,12.57143,4.85714],"texture":"#4"},"west":{"uv":[12.38095,5.14286,12.57143,5.61905],"texture":"#4"}}},{"from":[0,3.5,0],"to":[2,4.5,2],"rotation":{"angle":0,"axis":"y","origin":[3,3.5,0]},"faces":{"north":{"uv":[12.38095,9.14286,12.7619,9.33333],"texture":"#4"},"east":{"uv":[12.38095,9.52381,12.7619,9.71429],"texture":"#4"},"south":{"uv":[12.38095,9.90476,12.7619,10.09524],"texture":"#4"},"west":{"uv":[10.66667,12.38095,11.04762,12.57143],"texture":"#4"},"up":{"uv":[1.52381,12,1.14286,11.61905],"texture":"#4"},"down":{"uv":[12,1.14286,11.61905,1.52381],"texture":"#4"}}},{"from":[0.25,1,0.25],"to":[1.5,3.5,1.5],"rotation":{"angle":0,"axis":"y","origin":[3,1,-0.5]},"faces":{"north":{"uv":[1.71429,11.61905,1.95238,12.09524],"texture":"#4"},"west":{"uv":[10.66667,11.61905,10.90476,12.09524],"texture":"#4"}}},{"from":[0.5,0.5,0.5],"to":[15.5,1.5,15.5],"rotation":{"angle":0,"axis":"y","origin":[1,0.5,1]},"faces":{"north":{"uv":[9.33333,7.80952,12.19048,8],"texture":"#4"},"east":{"uv":[9.33333,8.19048,12.19048,8.38095],"texture":"#4"},"south":{"uv":[9.33333,8.57143,12.19048,8.7619],"texture":"#4"},"west":{"uv":[10.09524,2.09524,12.95238,2.28571],"texture":"#4"},"up":{"uv":[6.09524,2.85714,3.2381,0],"texture":"#4"},"down":{"uv":[6.09524,3.04762,3.2381,5.90476],"texture":"#4"}}},{"from":[1,1.5,1],"to":[15,2,15],"rotation":{"angle":0,"axis":"y","origin":[1,1.5,1]},"faces":{"north":{"uv":[0,9.90476,2.66667,10],"texture":"#4"},"east":{"uv":[4.7619,10.66667,7.42857,10.7619],"texture":"#4"},"south":{"uv":[10.85714,10.28571,13.52381,10.38095],"texture":"#4"},"west":{"uv":[10.85714,10.66667,13.52381,10.7619],"texture":"#4"}}},{"from":[1,3,1],"to":[15,7.5,15],"rotation":{"angle":0,"axis":"y","origin":[1,3.5,1]},"faces":{"north":{"uv":[0,8.7619,2.66667,9.61905],"texture":"#4"},"east":{"uv":[2.85714,9.14286,5.52381,10],"texture":"#4"},"south":{"uv":[5.71429,9.14286,8.38095,10],"texture":"#4"},"west":{"uv":[8.57143,9.14286,11.2381,10],"texture":"#4"}}},{"from":[0.5,2,0.5],"to":[15.5,3,15.5],"rotation":{"angle":0,"axis":"y","origin":[1,2,1]},"faces":{"north":{"uv":[10.09524,2.47619,12.95238,2.66667],"texture":"#4"},"east":{"uv":[10.09524,2.85714,12.95238,3.04762],"texture":"#4"},"south":{"uv":[10.09524,3.2381,12.95238,3.42857],"texture":"#4"},"west":{"uv":[10.09524,3.61905,12.95238,3.80952],"texture":"#4"},"up":{"uv":[6.09524,8.95238,3.2381,6.09524],"texture":"#4"},"down":{"uv":[9.14286,0,6.28571,2.85714],"texture":"#4"}}},{"from":[0.5,7.5,0.5],"to":[15.5,8.5,15.5],"rotation":{"angle":0,"axis":"y","origin":[1,7.5,1]},"faces":{"north":{"uv":[10.09524,4,12.95238,4.19048],"texture":"#4"},"east":{"uv":[0,10.28571,2.85714,10.47619],"texture":"#4"},"south":{"uv":[3.04762,10.28571,5.90476,10.47619],"texture":"#4"},"west":{"uv":[6.09524,10.28571,8.95238,10.47619],"texture":"#4"},"up":{"uv":[9.14286,5.90476,6.28571,3.04762],"texture":"#4"},"down":{"uv":[9.14286,6.09524,6.28571,8.95238],"texture":"#4"}}},{"from":[7.5,3.5,-0.25],"to":[11,7,1],"rotation":{"angle":45,"axis":"z","origin":[8,4,0]},"faces":{"north":{"uv":[9.14286,10.28571,9.80952,10.95238],"texture":"#4"},"east":{"uv":[7.42857,11.42857,7.66667,12.09524],"texture":"#4"},"west":{"uv":[8,11.42857,8.2381,12.09524],"texture":"#4"},"up":{"uv":[12.09524,9.19048,11.42857,8.95238],"texture":"#4"},"down":{"uv":[12.09524,9.52381,11.42857,9.7619],"texture":"#4"}}},{"from":[0.5,4.5,0.5],"to":[2,7.5,2],"rotation":{"angle":0,"axis":"y","origin":[3,4.5,0]},"faces":{"north":{"uv":[9.52381,11.2381,9.80952,11.80952],"texture":"#4"},"east":{"uv":[10.09524,11.2381,10.38095,11.80952],"texture":"#4"},"south":{"uv":[2.28571,11.42857,2.57143,12],"texture":"#4"},"west":{"uv":[2.85714,11.42857,3.14286,12],"texture":"#4"}}},{"from":[15,1,1.5],"to":[16,3.5,2],"rotation":{"angle":0,"axis":"y","origin":[13,1,0]},"faces":{"north":{"uv":[7.2381,11.80952,7.04762,12.28571],"texture":"#4"},"east":{"uv":[12.85714,4.95238,12.7619,5.42857],"texture":"#4"},"south":{"uv":[1.90476,12.38095,1.71429,12.85714],"texture":"#4"}}},{"from":[14,0,0],"to":[16,1,2],"rotation":{"angle":0,"axis":"y","origin":[13,0,0]},"faces":{"north":{"uv":[12,1.71429,11.61905,1.90476],"texture":"#4"},"east":{"uv":[12.7619,8.7619,12.38095,8.95238],"texture":"#4"},"south":{"uv":[12.7619,5.90476,12.38095,6.09524],"texture":"#4"},"west":{"uv":[12.57143,1.71429,12.19048,1.90476],"texture":"#4"},"up":{"uv":[0,12,0.38095,11.61905],"texture":"#4"},"down":{"uv":[0.57143,11.61905,0.95238,12],"texture":"#4"}}},{"from":[14,1,0],"to":[14.5,3.5,1],"rotation":{"angle":0,"axis":"y","origin":[14.25,2.5,0.625]},"faces":{"north":{"uv":[5.42857,12.7619,5.33333,13.2381],"texture":"#4"},"east":{"uv":[12.57143,5.14286,12.38095,5.61905],"texture":"#4"},"west":{"uv":[12.57143,4.38095,12.38095,4.85714],"texture":"#4"}}},{"from":[14.5,1,0.25],"to":[15.75,3.5,1.5],"rotation":{"angle":0,"axis":"y","origin":[13,1,-0.5]},"faces":{"north":{"uv":[1.95238,11.61905,1.71429,12.09524],"texture":"#4"},"east":{"uv":[10.90476,11.61905,10.66667,12.09524],"texture":"#4"}}},{"from":[14,3.5,0],"to":[16,4.5,2],"rotation":{"angle":0,"axis":"y","origin":[13,3.5,0]},"faces":{"north":{"uv":[12.7619,9.14286,12.38095,9.33333],"texture":"#4"},"east":{"uv":[11.04762,12.38095,10.66667,12.57143],"texture":"#4"},"south":{"uv":[12.7619,9.90476,12.38095,10.09524],"texture":"#4"},"west":{"uv":[12.7619,9.52381,12.38095,9.71429],"texture":"#4"},"up":{"uv":[1.14286,12,1.52381,11.61905],"texture":"#4"},"down":{"uv":[11.61905,1.14286,12,1.52381],"texture":"#4"}}},{"from":[14,4.5,0.5],"to":[15.5,7.5,2],"rotation":{"angle":0,"axis":"y","origin":[13,4.5,0]},"faces":{"north":{"uv":[9.80952,11.2381,9.52381,11.80952],"texture":"#4"},"east":{"uv":[3.14286,11.42857,2.85714,12],"texture":"#4"},"south":{"uv":[2.57143,11.42857,2.28571,12],"texture":"#4"},"west":{"uv":[10.38095,11.2381,10.09524,11.80952],"texture":"#4"}}},{"from":[15,1,14],"to":[16,3.5,14.5],"rotation":{"angle":0,"axis":"y","origin":[13,1,16]},"faces":{"north":{"uv":[1.71429,12.38095,1.90476,12.85714],"texture":"#4"},"east":{"uv":[12.7619,4.95238,12.85714,5.42857],"texture":"#4"},"south":{"uv":[7.04762,11.80952,7.2381,12.28571],"texture":"#4"}}},{"from":[14,0,14],"to":[16,1,16],"rotation":{"angle":0,"axis":"y","origin":[13,0,16]},"faces":{"north":{"uv":[12.38095,5.90476,12.7619,6.09524],"texture":"#4"},"east":{"uv":[12.38095,8.7619,12.7619,8.95238],"texture":"#4"},"south":{"uv":[11.61905,1.71429,12,1.90476],"texture":"#4"},"west":{"uv":[12.19048,1.71429,12.57143,1.90476],"texture":"#4"},"up":{"uv":[0,11.61905,0.38095,12],"texture":"#4"},"down":{"uv":[0.57143,12,0.95238,11.61905],"texture":"#4"}}},{"from":[14,1,15],"to":[14.5,3.5,16],"rotation":{"angle":0,"axis":"y","origin":[14.25,2.5,15.375]},"faces":{"east":{"uv":[12.38095,5.14286,12.57143,5.61905],"texture":"#4"},"south":{"uv":[5.33333,12.7619,5.42857,13.2381],"texture":"#4"},"west":{"uv":[12.38095,4.38095,12.57143,4.85714],"texture":"#4"}}},{"from":[14.5,1,14.5],"to":[15.75,3.5,15.75],"rotation":{"angle":0,"axis":"y","origin":[13,1,16.5]},"faces":{"east":{"uv":[10.66667,11.61905,10.90476,12.09524],"texture":"#4"},"south":{"uv":[1.71429,11.61905,1.95238,12.09524],"texture":"#4"}}},{"from":[14,3.5,14],"to":[16,4.5,16],"rotation":{"angle":0,"axis":"y","origin":[13,3.5,16]},"faces":{"north":{"uv":[12.38095,9.90476,12.7619,10.09524],"texture":"#4"},"east":{"uv":[10.66667,12.38095,11.04762,12.57143],"texture":"#4"},"south":{"uv":[12.38095,9.14286,12.7619,9.33333],"texture":"#4"},"west":{"uv":[12.38095,9.52381,12.7619,9.71429],"texture":"#4"},"up":{"uv":[1.14286,11.61905,1.52381,12],"texture":"#4"},"down":{"uv":[11.61905,1.52381,12,1.14286],"texture":"#4"}}},{"from":[14,4.5,14],"to":[15.5,7.5,15.5],"rotation":{"angle":0,"axis":"y","origin":[13,4.5,16]},"faces":{"north":{"uv":[2.28571,11.42857,2.57143,12],"texture":"#4"},"east":{"uv":[2.85714,11.42857,3.14286,12],"texture":"#4"},"south":{"uv":[9.52381,11.2381,9.80952,11.80952],"texture":"#4"},"west":{"uv":[10.09524,11.2381,10.38095,11.80952],"texture":"#4"}}},{"from":[0,1,14],"to":[1,3.5,14.5],"rotation":{"angle":0,"axis":"y","origin":[3,1,16]},"faces":{"north":{"uv":[1.90476,12.38095,1.71429,12.85714],"texture":"#4"},"south":{"uv":[7.2381,11.80952,7.04762,12.28571],"texture":"#4"},"west":{"uv":[12.85714,4.95238,12.7619,5.42857],"texture":"#4"}}},{"from":[0,0,14],"to":[2,1,16],"rotation":{"angle":0,"axis":"y","origin":[3,0,16]},"faces":{"north":{"uv":[12.7619,5.90476,12.38095,6.09524],"texture":"#4"},"east":{"uv":[12.57143,1.71429,12.19048,1.90476],"texture":"#4"},"south":{"uv":[12,1.71429,11.61905,1.90476],"texture":"#4"},"west":{"uv":[12.7619,8.7619,12.38095,8.95238],"texture":"#4"},"up":{"uv":[0.38095,11.61905,0,12],"texture":"#4"},"down":{"uv":[0.95238,12,0.57143,11.61905],"texture":"#4"}}},{"from":[1.5,1,15],"to":[2,3.5,16],"rotation":{"angle":0,"axis":"y","origin":[1.75,2.5,15.375]},"faces":{"east":{"uv":[12.57143,4.38095,12.38095,4.85714],"texture":"#4"},"south":{"uv":[5.42857,12.7619,5.33333,13.2381],"texture":"#4"},"west":{"uv":[12.57143,5.14286,12.38095,5.61905],"texture":"#4"}}},{"from":[0.25,1,14.5],"to":[1.5,3.5,15.75],"rotation":{"angle":0,"axis":"y","origin":[3,1,16.5]},"faces":{"south":{"uv":[1.95238,11.61905,1.71429,12.09524],"texture":"#4"},"west":{"uv":[10.90476,11.61905,10.66667,12.09524],"texture":"#4"}}},{"from":[0,3.5,14],"to":[2,4.5,16],"rotation":{"angle":0,"axis":"y","origin":[3,3.5,16]},"faces":{"north":{"uv":[12.7619,9.90476,12.38095,10.09524],"texture":"#4"},"east":{"uv":[12.7619,9.52381,12.38095,9.71429],"texture":"#4"},"south":{"uv":[12.7619,9.14286,12.38095,9.33333],"texture":"#4"},"west":{"uv":[11.04762,12.38095,10.66667,12.57143],"texture":"#4"},"up":{"uv":[1.52381,11.61905,1.14286,12],"texture":"#4"},"down":{"uv":[12,1.52381,11.61905,1.14286],"texture":"#4"}}},{"from":[0.5,4.5,14],"to":[2,7.5,15.5],"rotation":{"angle":0,"axis":"y","origin":[3,4.5,16]},"faces":{"north":{"uv":[2.57143,11.42857,2.28571,12],"texture":"#4"},"east":{"uv":[10.38095,11.2381,10.09524,11.80952],"texture":"#4"},"south":{"uv":[9.80952,11.2381,9.52381,11.80952],"texture":"#4"},"west":{"uv":[3.14286,11.42857,2.85714,12],"texture":"#4"}}},{"from":[14.15,3.14099,-1.12678],"to":[14.4,4.79099,-0.37678],"rotation":{"angle":45,"axis":"x","origin":[14.65,3.14099,-0.87678]},"faces":{"north":{"uv":[9.38095,12.95238,9.33333,13.28571],"texture":"#4"},"east":{"uv":[10.42857,12.57143,10.28571,12.90476],"texture":"#4"},"south":{"uv":[13,9.52381,12.95238,9.85714],"texture":"#4"},"west":{"uv":[8.90476,10.66667,8.7619,11],"texture":"#4"},"down":{"uv":[13.14286,3.04762,13.19048,3.19048],"texture":"#4"}}},{"from":[14.1505,1.74276,-1.05355],"to":[14.3995,3.31776,-0.25355],"rotation":{"angle":0,"axis":"y","origin":[14.6495,1.81776,-0.80355]},"faces":{"north":{"uv":[13,11.61905,12.95238,11.90476],"texture":"#4"},"east":{"uv":[12.52381,12.7619,12.38095,13.04762],"texture":"#4"},"south":{"uv":[11.85714,12.95238,11.80952,13.2381],"texture":"#4"},"west":{"uv":[12.90476,11.04762,12.7619,11.33333],"texture":"#4"}}},{"from":[14.1505,0.7571,-1.36421],"to":[14.3995,1.5071,-0.61421],"rotation":{"angle":0,"axis":"y","origin":[14.2745,1.1321,-0.61421]},"faces":{"east":{"uv":[13.09524,9.14286,12.95238,9.28571],"texture":"#4"},"west":{"uv":[3,8.7619,2.85714,8.90476],"texture":"#4"},"down":{"uv":[13.14286,4.19048,13.19048,4.33333],"texture":"#4"}}},{"from":[14.15,1.11066,-1.96777],"to":[14.4,2.61066,-1.21777],"rotation":{"angle":45,"axis":"x","origin":[14.65,1.11066,-1.71777]},"faces":{"north":{"uv":[13,12.19048,12.95238,12.47619],"texture":"#4"},"east":{"uv":[13.09524,5.71429,12.95238,6],"texture":"#4"},"south":{"uv":[1.7619,13.14286,1.71429,13.42857],"texture":"#4"},"west":{"uv":[12.90476,12.7619,12.7619,13.04762],"texture":"#4"},"up":{"uv":[13.14286,3.57143,13.19048,3.42857],"texture":"#4"},"down":{"uv":[13.14286,3.80952,13.19048,3.95238],"texture":"#4"}}},{"from":[14.15,1.64099,-0.79099],"to":[14.4,2.64099,0.70901],"rotation":{"angle":45,"axis":"x","origin":[14.65,1.64099,-1.54099]},"faces":{"east":{"uv":[2.38095,12.7619,2.09524,12.95238],"texture":"#4"},"south":{"uv":[13.19048,2.66667,13.14286,2.85714],"texture":"#4"},"west":{"uv":[13.04762,1.71429,12.7619,1.90476],"texture":"#4"},"up":{"uv":[2.09524,13.42857,2.14286,13.14286],"texture":"#4"},"down":{"uv":[13.14286,2.09524,13.19048,2.38095],"texture":"#4"}}},{"from":[14.1505,0.7571,16.61421],"to":[14.3995,1.5071,17.36421],"rotation":{"angle":0,"axis":"y","origin":[14.2745,1.1321,16.61421]},"faces":{"east":{"uv":[12.95238,9.14286,13.09524,9.28571],"texture":"#4"},"west":{"uv":[2.85714,8.7619,3,8.90476],"texture":"#4"},"down":{"uv":[13.14286,4.33333,13.19048,4.19048],"texture":"#4"}}},{"from":[14.15,1.11066,17.21777],"to":[14.4,2.61066,17.96777],"rotation":{"angle":-45,"axis":"x","origin":[14.65,1.11066,17.71777]},"faces":{"north":{"uv":[1.71429,13.14286,1.7619,13.42857],"texture":"#4"},"east":{"uv":[12.95238,5.71429,13.09524,6],"texture":"#4"},"south":{"uv":[12.95238,12.19048,13,12.47619],"texture":"#4"},"west":{"uv":[12.7619,12.7619,12.90476,13.04762],"texture":"#4"},"up":{"uv":[13.14286,3.42857,13.19048,3.57143],"texture":"#4"},"down":{"uv":[13.14286,3.95238,13.19048,3.80952],"texture":"#4"}}},{"from":[14.15,1.64099,15.29099],"to":[14.4,2.64099,16.79099],"rotation":{"angle":-45,"axis":"x","origin":[14.65,1.64099,17.54099]},"faces":{"north":{"uv":[13.14286,2.66667,13.19048,2.85714],"texture":"#4"},"east":{"uv":[2.09524,12.7619,2.38095,12.95238],"texture":"#4"},"west":{"uv":[12.7619,1.71429,13.04762,1.90476],"texture":"#4"},"up":{"uv":[2.09524,13.14286,2.14286,13.42857],"texture":"#4"},"down":{"uv":[13.14286,2.38095,13.19048,2.09524],"texture":"#4"}}},{"from":[14.1505,1.74276,16.25355],"to":[14.3995,3.31776,17.05355],"rotation":{"angle":0,"axis":"y","origin":[14.6495,1.81776,16.80355]},"faces":{"north":{"uv":[11.80952,12.95238,11.85714,13.2381],"texture":"#4"},"east":{"uv":[12.38095,12.7619,12.52381,13.04762],"texture":"#4"},"south":{"uv":[12.95238,11.61905,13,11.90476],"texture":"#4"},"west":{"uv":[12.7619,11.04762,12.90476,11.33333],"texture":"#4"}}},{"from":[14.15,3.14099,16.37678],"to":[14.4,4.79099,17.12678],"rotation":{"angle":-45,"axis":"x","origin":[14.65,3.14099,16.87678]},"faces":{"north":{"uv":[12.95238,9.52381,13,9.85714],"texture":"#4"},"east":{"uv":[10.28571,12.57143,10.42857,12.90476],"texture":"#4"},"south":{"uv":[9.33333,12.95238,9.38095,13.28571],"texture":"#4"},"west":{"uv":[8.7619,10.66667,8.90476,11],"texture":"#4"},"down":{"uv":[13.14286,3.19048,13.19048,3.04762],"texture":"#4"}}},{"from":[1.6005,0.7571,16.61421],"to":[1.8495,1.5071,17.36421],"rotation":{"angle":0,"axis":"y","origin":[1.7255,1.1321,16.61421]},"faces":{"east":{"uv":[3,8.7619,2.85714,8.90476],"texture":"#4"},"west":{"uv":[13.09524,9.14286,12.95238,9.28571],"texture":"#4"},"down":{"uv":[13.19048,4.33333,13.14286,4.19048],"texture":"#4"}}},{"from":[1.6,1.64099,15.29099],"to":[1.85,2.64099,16.79099],"rotation":{"angle":-45,"axis":"x","origin":[1.35,1.64099,17.54099]},"faces":{"north":{"uv":[13.19048,2.66667,13.14286,2.85714],"texture":"#4"},"east":{"uv":[13.04762,1.71429,12.7619,1.90476],"texture":"#4"},"west":{"uv":[2.38095,12.7619,2.09524,12.95238],"texture":"#4"},"up":{"uv":[2.14286,13.14286,2.09524,13.42857],"texture":"#4"},"down":{"uv":[13.19048,2.38095,13.14286,2.09524],"texture":"#4"}}},{"from":[1.6,1.11066,17.21777],"to":[1.85,2.61066,17.96777],"rotation":{"angle":-45,"axis":"x","origin":[1.35,1.11066,17.71777]},"faces":{"north":{"uv":[1.7619,13.14286,1.71429,13.42857],"texture":"#4"},"east":{"uv":[12.90476,12.7619,12.7619,13.04762],"texture":"#4"},"south":{"uv":[13,12.19048,12.95238,12.47619],"texture":"#4"},"west":{"uv":[13.09524,5.71429,12.95238,6],"texture":"#4"},"up":{"uv":[13.19048,3.42857,13.14286,3.57143],"texture":"#4"},"down":{"uv":[13.19048,3.95238,13.14286,3.80952],"texture":"#4"}}},{"from":[1.6005,1.74276,16.25355],"to":[1.8495,3.31776,17.05355],"rotation":{"angle":0,"axis":"y","origin":[1.3505,1.81776,16.80355]},"faces":{"north":{"uv":[11.85714,12.95238,11.80952,13.2381],"texture":"#4"},"east":{"uv":[12.90476,11.04762,12.7619,11.33333],"texture":"#4"},"south":{"uv":[13,11.61905,12.95238,11.90476],"texture":"#4"},"west":{"uv":[12.52381,12.7619,12.38095,13.04762],"texture":"#4"}}},{"from":[1.6,3.14099,16.37678],"to":[1.85,4.79099,17.12678],"rotation":{"angle":-45,"axis":"x","origin":[1.35,3.14099,16.87678]},"faces":{"north":{"uv":[13,9.52381,12.95238,9.85714],"texture":"#4"},"east":{"uv":[8.90476,10.66667,8.7619,11],"texture":"#4"},"south":{"uv":[9.38095,12.95238,9.33333,13.28571],"texture":"#4"},"west":{"uv":[10.42857,12.57143,10.28571,12.90476],"texture":"#4"},"down":{"uv":[13.19048,3.19048,13.14286,3.04762],"texture":"#4"}}},{"from":[16.61421,0.7571,14.1505],"to":[17.36421,1.5071,14.3995],"rotation":{"angle":0,"axis":"y","origin":[8,2.28492,8]},"faces":{"north":{"uv":[3,8.7619,2.85714,8.90476],"texture":"#4"},"south":{"uv":[13.09524,9.14286,12.95238,9.28571],"texture":"#4"},"down":{"uv":[13.14286,4.19048,13.19048,4.33333],"rotation":270,"texture":"#4"}}},{"from":[12.04117,-4.9169,14.15],"to":[13.54117,-3.9169,14.4],"rotation":{"angle":45,"axis":"z","origin":[8,2.28492,8]},"faces":{"north":{"uv":[13.04762,1.71429,12.7619,1.90476],"texture":"#4"},"south":{"uv":[2.38095,12.7619,2.09524,12.95238],"texture":"#4"},"west":{"uv":[13.19048,2.66667,13.14286,2.85714],"texture":"#4"},"up":{"uv":[2.09524,13.42857,2.14286,13.14286],"rotation":90,"texture":"#4"},"down":{"uv":[13.14286,2.09524,13.19048,2.38095],"rotation":270,"texture":"#4"}}},{"from":[13.54117,-5.41691,14.15],"to":[14.29117,-3.91691,14.4],"rotation":{"angle":45,"axis":"z","origin":[8,2.28492,8]},"faces":{"north":{"uv":[12.90476,12.7619,12.7619,13.04762],"texture":"#4"},"east":{"uv":[13,12.19048,12.95238,12.47619],"texture":"#4"},"south":{"uv":[13.09524,5.71429,12.95238,6],"texture":"#4"},"west":{"uv":[1.7619,13.14286,1.71429,13.42857],"texture":"#4"},"up":{"uv":[13.14286,3.57143,13.19048,3.42857],"rotation":90,"texture":"#4"},"down":{"uv":[13.14286,3.80952,13.19048,3.95238],"rotation":270,"texture":"#4"}}},{"from":[16.25355,1.74276,14.1505],"to":[17.05355,3.31776,14.3995],"rotation":{"angle":0,"axis":"y","origin":[8,2.28492,8]},"faces":{"north":{"uv":[12.90476,11.04762,12.7619,11.33333],"texture":"#4"},"east":{"uv":[13,11.61905,12.95238,11.90476],"texture":"#4"},"south":{"uv":[12.52381,12.7619,12.38095,13.04762],"texture":"#4"},"west":{"uv":[11.85714,12.95238,11.80952,13.2381],"texture":"#4"}}},{"from":[14.38216,-3.38658,14.15],"to":[15.13216,-1.73658,14.4],"rotation":{"angle":45,"axis":"z","origin":[8,2.28492,8]},"faces":{"north":{"uv":[8.90476,10.66667,8.7619,11],"texture":"#4"},"east":{"uv":[9.38095,12.95238,9.33333,13.28571],"texture":"#4"},"south":{"uv":[10.42857,12.57143,10.28571,12.90476],"texture":"#4"},"west":{"uv":[13,9.52381,12.95238,9.85714],"texture":"#4"},"down":{"uv":[13.14286,3.04762,13.19048,3.19048],"rotation":270,"texture":"#4"}}},{"from":[16.61421,0.7571,1.6005],"to":[17.36421,1.5071,1.8495],"rotation":{"angle":0,"axis":"y","origin":[8,2.28492,8]},"faces":{"north":{"uv":[12.95238,9.14286,13.09524,9.28571],"texture":"#4"},"south":{"uv":[2.85714,8.7619,3,8.90476],"texture":"#4"},"down":{"uv":[13.19048,4.19048,13.14286,4.33333],"rotation":270,"texture":"#4"}}},{"from":[12.04117,-4.9169,1.6],"to":[13.54117,-3.9169,1.85],"rotation":{"angle":45,"axis":"z","origin":[8,2.28492,8]},"faces":{"north":{"uv":[2.09524,12.7619,2.38095,12.95238],"texture":"#4"},"south":{"uv":[12.7619,1.71429,13.04762,1.90476],"texture":"#4"},"west":{"uv":[13.14286,2.66667,13.19048,2.85714],"texture":"#4"},"up":{"uv":[2.14286,13.42857,2.09524,13.14286],"rotation":90,"texture":"#4"},"down":{"uv":[13.19048,2.09524,13.14286,2.38095],"rotation":270,"texture":"#4"}}},{"from":[13.54117,-5.41691,1.6],"to":[14.29117,-3.91691,1.85],"rotation":{"angle":45,"axis":"z","origin":[8,2.28492,8]},"faces":{"north":{"uv":[12.95238,5.71429,13.09524,6],"texture":"#4"},"east":{"uv":[12.95238,12.19048,13,12.47619],"texture":"#4"},"south":{"uv":[12.7619,12.7619,12.90476,13.04762],"texture":"#4"},"west":{"uv":[1.71429,13.14286,1.7619,13.42857],"texture":"#4"},"up":{"uv":[13.19048,3.57143,13.14286,3.42857],"rotation":90,"texture":"#4"},"down":{"uv":[13.19048,3.80952,13.14286,3.95238],"rotation":270,"texture":"#4"}}},{"from":[16.25355,1.74276,1.6005],"to":[17.05355,3.31776,1.8495],"rotation":{"angle":0,"axis":"y","origin":[8,2.28492,8]},"faces":{"north":{"uv":[12.38095,12.7619,12.52381,13.04762],"texture":"#4"},"east":{"uv":[12.95238,11.61905,13,11.90476],"texture":"#4"},"south":{"uv":[12.7619,11.04762,12.90476,11.33333],"texture":"#4"},"west":{"uv":[11.80952,12.95238,11.85714,13.2381],"texture":"#4"}}},{"from":[14.38216,-3.38658,1.6],"to":[15.13216,-1.73658,1.85],"rotation":{"angle":45,"axis":"z","origin":[8,2.28492,8]},"faces":{"north":{"uv":[10.28571,12.57143,10.42857,12.90476],"texture":"#4"},"east":{"uv":[9.33333,12.95238,9.38095,13.28571],"texture":"#4"},"south":{"uv":[8.7619,10.66667,8.90476,11],"texture":"#4"},"west":{"uv":[12.95238,9.52381,13,9.85714],"texture":"#4"},"down":{"uv":[13.19048,3.04762,13.14286,3.19048],"rotation":270,"texture":"#4"}}},{"from":[-1.36421,0.7571,14.1505],"to":[-0.61421,1.5071,14.3995],"rotation":{"angle":0,"axis":"y","origin":[8,2.28492,8]},"faces":{"north":{"uv":[2.85714,8.7619,3,8.90476],"texture":"#4"},"south":{"uv":[12.95238,9.14286,13.09524,9.28571],"texture":"#4"},"down":{"uv":[13.14286,4.33333,13.19048,4.19048],"rotation":270,"texture":"#4"}}},{"from":[1.70883,-5.41691,14.15],"to":[2.45883,-3.91691,14.4],"rotation":{"angle":-45,"axis":"z","origin":[8,2.28492,8]},"faces":{"north":{"uv":[12.7619,12.7619,12.90476,13.04762],"texture":"#4"},"east":{"uv":[1.71429,13.14286,1.7619,13.42857],"texture":"#4"},"south":{"uv":[12.95238,5.71429,13.09524,6],"texture":"#4"},"west":{"uv":[12.95238,12.19048,13,12.47619],"texture":"#4"},"up":{"uv":[13.14286,3.42857,13.19048,3.57143],"rotation":90,"texture":"#4"},"down":{"uv":[13.14286,3.95238,13.19048,3.80952],"rotation":270,"texture":"#4"}}},{"from":[2.45883,-4.9169,14.15],"to":[3.95883,-3.9169,14.4],"rotation":{"angle":-45,"axis":"z","origin":[8,2.28492,8]},"faces":{"north":{"uv":[12.7619,1.71429,13.04762,1.90476],"texture":"#4"},"east":{"uv":[13.14286,2.66667,13.19048,2.85714],"texture":"#4"},"south":{"uv":[2.09524,12.7619,2.38095,12.95238],"texture":"#4"},"up":{"uv":[2.09524,13.14286,2.14286,13.42857],"rotation":90,"texture":"#4"},"down":{"uv":[13.14286,2.38095,13.19048,2.09524],"rotation":270,"texture":"#4"}}},{"from":[-1.05355,1.74276,14.1505],"to":[-0.25355,3.31776,14.3995],"rotation":{"angle":0,"axis":"y","origin":[8,2.28492,8]},"faces":{"north":{"uv":[12.7619,11.04762,12.90476,11.33333],"texture":"#4"},"east":{"uv":[11.80952,12.95238,11.85714,13.2381],"texture":"#4"},"south":{"uv":[12.38095,12.7619,12.52381,13.04762],"texture":"#4"},"west":{"uv":[12.95238,11.61905,13,11.90476],"texture":"#4"}}},{"from":[0.86784,-3.38658,14.15],"to":[1.61784,-1.73658,14.4],"rotation":{"angle":-45,"axis":"z","origin":[8,2.28492,8]},"faces":{"north":{"uv":[8.7619,10.66667,8.90476,11],"texture":"#4"},"east":{"uv":[12.95238,9.52381,13,9.85714],"texture":"#4"},"south":{"uv":[10.28571,12.57143,10.42857,12.90476],"texture":"#4"},"west":{"uv":[9.33333,12.95238,9.38095,13.28571],"texture":"#4"},"down":{"uv":[13.14286,3.19048,13.19048,3.04762],"rotation":270,"texture":"#4"}}},{"from":[-1.36421,0.7571,1.6005],"to":[-0.61421,1.5071,1.8495],"rotation":{"angle":0,"axis":"y","origin":[8,2.28492,8]},"faces":{"north":{"uv":[13.09524,9.14286,12.95238,9.28571],"texture":"#4"},"south":{"uv":[3,8.7619,2.85714,8.90476],"texture":"#4"},"down":{"uv":[13.19048,4.33333,13.14286,4.19048],"rotation":270,"texture":"#4"}}},{"from":[2.45883,-4.9169,1.6],"to":[3.95883,-3.9169,1.85],"rotation":{"angle":-45,"axis":"z","origin":[8,2.28492,8]},"faces":{"north":{"uv":[2.38095,12.7619,2.09524,12.95238],"texture":"#4"},"east":{"uv":[13.19048,2.66667,13.14286,2.85714],"texture":"#4"},"south":{"uv":[13.04762,1.71429,12.7619,1.90476],"texture":"#4"},"up":{"uv":[2.14286,13.14286,2.09524,13.42857],"rotation":90,"texture":"#4"},"down":{"uv":[13.19048,2.38095,13.14286,2.09524],"rotation":270,"texture":"#4"}}},{"from":[1.70883,-5.41691,1.6],"to":[2.45883,-3.91691,1.85],"rotation":{"angle":-45,"axis":"z","origin":[8,2.28492,8]},"faces":{"north":{"uv":[13.09524,5.71429,12.95238,6],"texture":"#4"},"east":{"uv":[1.7619,13.14286,1.71429,13.42857],"texture":"#4"},"south":{"uv":[12.90476,12.7619,12.7619,13.04762],"texture":"#4"},"west":{"uv":[13,12.19048,12.95238,12.47619],"texture":"#4"},"up":{"uv":[13.19048,3.42857,13.14286,3.57143],"rotation":90,"texture":"#4"},"down":{"uv":[13.19048,3.95238,13.14286,3.80952],"rotation":270,"texture":"#4"}}},{"from":[-1.05355,1.74276,1.6005],"to":[-0.25355,3.31776,1.8495],"rotation":{"angle":0,"axis":"y","origin":[8,2.28492,8]},"faces":{"north":{"uv":[12.52381,12.7619,12.38095,13.04762],"texture":"#4"},"east":{"uv":[11.85714,12.95238,11.80952,13.2381],"texture":"#4"},"south":{"uv":[12.90476,11.04762,12.7619,11.33333],"texture":"#4"},"west":{"uv":[13,11.61905,12.95238,11.90476],"texture":"#4"}}},{"from":[0.86784,-3.38658,1.6],"to":[1.61784,-1.73658,1.85],"rotation":{"angle":-45,"axis":"z","origin":[8,2.28492,8]},"faces":{"north":{"uv":[10.42857,12.57143,10.28571,12.90476],"texture":"#4"},"east":{"uv":[13,9.52381,12.95238,9.85714],"texture":"#4"},"south":{"uv":[8.90476,10.66667,8.7619,11],"texture":"#4"},"west":{"uv":[9.38095,12.95238,9.33333,13.28571],"texture":"#4"},"down":{"uv":[13.19048,3.19048,13.14286,3.04762],"rotation":270,"texture":"#4"}}},{"from":[17.405,5,-2.19982],"to":[17.44,7.25,1.80018],"rotation":{"angle":-45,"axis":"y","origin":[17.40361,3.375,-1.42482]},"faces":{"east":{"uv":[3.04762,10.66667,2.28571,11.09524],"texture":"#4"},"west":{"uv":[2.28571,10.66667,3.04762,11.09524],"texture":"#4"}}},{"from":[-1.44,5,14.19982],"to":[-1.405,7.25,18.19982],"rotation":{"angle":-45,"axis":"y","origin":[-1.40361,3.375,17.42482]},"faces":{"east":{"uv":[2.28571,10.66667,3.04762,11.09524],"texture":"#4"},"west":{"uv":[3.04762,10.66667,2.28571,11.09524],"texture":"#4"}}},{"from":[17.405,5,14.19982],"to":[17.44,7.25,18.19982],"rotation":{"angle":45,"axis":"y","origin":[17.40361,3.375,17.42482]},"faces":{"east":{"uv":[2.28571,10.66667,3.04762,11.09524],"texture":"#4"},"west":{"uv":[3.04762,10.66667,2.28571,11.09524],"texture":"#4"}}},{"from":[1.75,0,-1.25],"to":[1.78,8,0.75],"rotation":{"angle":-22.5,"axis":"y","origin":[2.48624,4,-2.02743]},"faces":{"east":{"uv":[12,0,8,16],"texture":"#1"},"west":{"uv":[8,0,12,16],"texture":"#1"}}},{"from":[2.10355,0,-3.02743],"to":[2.13355,8,-1.02743],"rotation":{"angle":-45,"axis":"y","origin":[2.48624,4,-2.02743]},"faces":{"east":{"uv":[8,0,4,16],"texture":"#1"},"west":{"uv":[4,0,8,16],"texture":"#1"}}},{"from":[3.26367,0,-2.76367],"to":[5.26367,8,-2.73367],"rotation":{"angle":22.5,"axis":"y","origin":[2.48624,4,-2.02743]},"faces":{"north":{"uv":[0,0,4,16],"texture":"#1"},"south":{"uv":[4,0,0,16],"texture":"#1"}}},{"from":[14.22,0,-1.25],"to":[14.25,8,0.75],"rotation":{"angle":22.5,"axis":"y","origin":[13.51376,4,-2.02743]},"faces":{"east":{"uv":[12,0,8,16],"texture":"#1"},"west":{"uv":[8,0,12,16],"texture":"#1"}}},{"from":[13.86645,0,-3.02743],"to":[13.89645,8,-1.02743],"rotation":{"angle":45,"axis":"y","origin":[13.51376,4,-2.02743]},"faces":{"east":{"uv":[8,0,4,16],"texture":"#1"},"west":{"uv":[4,0,8,16],"texture":"#1"}}},{"from":[10.73633,0,-2.76367],"to":[12.73633,8,-2.73367],"rotation":{"angle":-22.5,"axis":"y","origin":[13.51376,4,-2.02743]},"faces":{"north":{"uv":[4,0,0,16],"texture":"#1"},"south":{"uv":[0,0,4,16],"texture":"#1"}}},{"from":[3.26367,0,18.73367],"to":[5.26367,8,18.76367],"rotation":{"angle":-22.5,"axis":"y","origin":[2.48624,4,18.02743]},"faces":{"north":{"uv":[0,0,4,16],"texture":"#1"},"south":{"uv":[4,0,0,16],"texture":"#1"}}},{"from":[2.10355,0,17.02743],"to":[2.13355,8,19.02743],"rotation":{"angle":45,"axis":"y","origin":[2.48624,4,18.02743]},"faces":{"east":{"uv":[4,0,8,16],"texture":"#1"},"west":{"uv":[8,0,4,16],"texture":"#1"}}},{"from":[1.75,0,15.25],"to":[1.78,8,17.25],"rotation":{"angle":22.5,"axis":"y","origin":[2.48624,4,18.02743]},"faces":{"east":{"uv":[8,0,12,16],"texture":"#1"},"west":{"uv":[12,0,8,16],"texture":"#1"}}},{"from":[10.73633,0,18.73367],"to":[12.73633,8,18.76367],"rotation":{"angle":22.5,"axis":"y","origin":[13.51376,4,18.02743]},"faces":{"north":{"uv":[4,0,0,16],"texture":"#1"},"south":{"uv":[0,0,4,16],"texture":"#1"}}},{"from":[13.86645,0,17.02743],"to":[13.89645,8,19.02743],"rotation":{"angle":-45,"axis":"y","origin":[13.51376,4,18.02743]},"faces":{"east":{"uv":[4,0,8,16],"texture":"#1"},"west":{"uv":[8,0,4,16],"texture":"#1"}}},{"from":[14.22,0,15.25],"to":[14.25,8,17.25],"rotation":{"angle":-22.5,"axis":"y","origin":[13.51376,4,18.02743]},"faces":{"east":{"uv":[8,0,12,16],"texture":"#1"},"west":{"uv":[12,0,8,16],"texture":"#1"}}},{"from":[-4.1104,0,7.52071],"to":[-4.0804,8,9.52071],"rotation":{"angle":-22.5,"axis":"y","origin":[8,4,8]},"faces":{"east":{"uv":[0,0,4,16],"texture":"#1"},"west":{"uv":[4,0,0,16],"texture":"#1"}}},{"from":[3.80835,0,-3.37197],"to":[5.80835,8,-3.34197],"rotation":{"angle":45,"axis":"y","origin":[8,4,8]},"faces":{"north":{"uv":[8,0,4,16],"texture":"#1"},"south":{"uv":[4,0,8,16],"texture":"#1"}}},{"from":[1.62332,0,-1.66762],"to":[3.62332,8,-1.63762],"rotation":{"angle":22.5,"axis":"y","origin":[8,4,8]},"faces":{"north":{"uv":[12,0,8,16],"texture":"#1"},"south":{"uv":[8,0,12,16],"texture":"#1"}}},{"from":[-4.1104,0,6.47929],"to":[-4.0804,8,8.47929],"rotation":{"angle":22.5,"axis":"y","origin":[8,4,8]},"faces":{"east":{"uv":[4,0,0,16],"texture":"#1"},"west":{"uv":[0,0,4,16],"texture":"#1"}}},{"from":[3.80835,0,19.34197],"to":[5.80835,8,19.37197],"rotation":{"angle":-45,"axis":"y","origin":[8,4,8]},"faces":{"north":{"uv":[8,0,4,16],"texture":"#1"},"south":{"uv":[4,0,8,16],"texture":"#1"}}},{"from":[1.62332,0,17.63762],"to":[3.62332,8,17.66762],"rotation":{"angle":-22.5,"axis":"y","origin":[8,4,8]},"faces":{"north":{"uv":[12,0,8,16],"texture":"#1"},"south":{"uv":[8,0,12,16],"texture":"#1"}}},{"from":[12.37668,0,-1.66762],"to":[14.37668,8,-1.63762],"rotation":{"angle":-22.5,"axis":"y","origin":[8,4,8]},"faces":{"north":{"uv":[8,0,12,16],"texture":"#1"},"south":{"uv":[12,0,8,16],"texture":"#1"}}},{"from":[10.19165,0,-3.37197],"to":[12.19165,8,-3.34197],"rotation":{"angle":-45,"axis":"y","origin":[8,4,8]},"faces":{"north":{"uv":[4,0,8,16],"texture":"#1"},"south":{"uv":[8,0,4,16],"texture":"#1"}}},{"from":[20.0804,0,7.52071],"to":[20.1104,8,9.52071],"rotation":{"angle":22.5,"axis":"y","origin":[8,4,8]},"faces":{"east":{"uv":[0,0,4,16],"texture":"#1"},"west":{"uv":[4,0,0,16],"texture":"#1"}}},{"from":[20.0804,0,6.47929],"to":[20.1104,8,8.47929],"rotation":{"angle":-22.5,"axis":"y","origin":[8,4,8]},"faces":{"east":{"uv":[4,0,0,16],"texture":"#1"},"west":{"uv":[0,0,4,16],"texture":"#1"}}},{"from":[10.19165,0,19.34197],"to":[12.19165,8,19.37197],"rotation":{"angle":45,"axis":"y","origin":[8,4,8]},"faces":{"north":{"uv":[4,0,8,16],"texture":"#1"},"south":{"uv":[8,0,4,16],"texture":"#1"}}},{"from":[12.37668,0,17.63762],"to":[14.37668,8,17.66762],"rotation":{"angle":22.5,"axis":"y","origin":[8,4,8]},"faces":{"north":{"uv":[8,0,12,16],"texture":"#1"},"south":{"uv":[12,0,8,16],"texture":"#1"}}},{"from":[-0.75,8.25,6.5],"to":[1.25,9.75,9.5],"rotation":{"angle":0,"axis":"y","origin":[-0.75,8.25,6]},"faces":{"east":{"uv":[10.85714,11.04762,11.42857,11.33333],"texture":"#4"},"west":{"uv":[8.7619,11.2381,9.33333,11.52381],"texture":"#4"},"up":{"uv":[8,11.2381,7.61905,10.66667],"texture":"#4"},"down":{"uv":[8.57143,10.66667,8.19048,11.2381],"texture":"#4"}}},{"from":[-0.7525,8.93934,6.06066],"to":[1.2525,10.18934,7.56066],"rotation":{"angle":-45,"axis":"x","origin":[-0.7525,8.68934,7.56066]},"faces":{"north":{"uv":[0,12.19048,0.38095,12.42857],"texture":"#4"},"east":{"uv":[12.38095,11.61905,12.66667,11.85714],"texture":"#4"},"south":{"uv":[0.57143,12.19048,0.95238,12.42857],"texture":"#4"},"west":{"uv":[11.80952,12.38095,12.09524,12.61905],"texture":"#4"},"up":{"uv":[12,11.33333,11.61905,11.04762],"texture":"#4"},"down":{"uv":[11.61905,11.61905,11.2381,11.90476],"texture":"#4"}}},{"from":[-0.7525,10.18934,6.06066],"to":[1.2525,11.43934,7.31066],"rotation":{"angle":-45,"axis":"x","origin":[-0.7525,8.68934,7.56066]},"faces":{"north":{"uv":[1.14286,12.19048,1.52381,12.42857],"texture":"#4"},"east":{"uv":[6.85714,12.57143,7.09524,12.80952],"texture":"#4"},"south":{"uv":[12.19048,1.14286,12.57143,1.38095],"texture":"#4"},"west":{"uv":[9.71429,12.57143,9.95238,12.80952],"texture":"#4"},"up":{"uv":[2.66667,12.42857,2.28571,12.19048],"texture":"#4"}}},{"from":[-0.3775,11.53033,4.82322],"to":[0.8775,12.28033,7.07322],"rotation":{"angle":0,"axis":"y","origin":[0.375,12.15533,5.69822]},"faces":{"north":{"uv":[12.7619,8.38095,13,8.52381],"texture":"#4"},"east":{"uv":[12.57143,6.85714,13,7],"texture":"#4"},"south":{"uv":[8.19048,12.95238,8.42857,13.09524],"texture":"#4"},"west":{"uv":[12.57143,7.2381,13,7.38095],"texture":"#4"},"up":{"uv":[8.80952,12.2381,8.57143,11.80952],"texture":"#4"},"down":{"uv":[12.04762,11.61905,11.80952,12.04762],"texture":"#4"}}},{"from":[-0.2525,10.68934,5.56066],"to":[0.7525,11.93934,7.81066],"rotation":{"angle":-45,"axis":"x","origin":[-0.7525,8.68934,7.56066]},"faces":{"north":{"uv":[2.66667,12.7619,2.85714,13],"texture":"#4"},"east":{"uv":[12,0,12.42857,0.2381],"texture":"#4"},"west":{"uv":[12,0.57143,12.42857,0.80952],"texture":"#4"},"up":{"uv":[5.90476,12.80952,5.71429,12.38095],"texture":"#4"},"down":{"uv":[6.28571,12.38095,6.09524,12.80952],"texture":"#4"}}},{"from":[-0.255,10.28033,5.07322],"to":[0.755,11.53033,6.32322],"rotation":{"angle":0,"axis":"y","origin":[0.2475,11.40533,5.69822]},"faces":{"north":{"uv":[3.04762,12.7619,3.2381,13],"texture":"#4"},"east":{"uv":[0,12.7619,0.2381,13],"texture":"#4"},"south":{"uv":[3.42857,12.7619,3.61905,13],"texture":"#4"},"west":{"uv":[12.7619,0,13,0.2381],"texture":"#4"},"down":{"uv":[4,12.7619,3.80952,13],"texture":"#4"}}},{"from":[-0.3775,11.53033,8.92678],"to":[0.8775,12.28033,11.17678],"rotation":{"angle":0,"axis":"y","origin":[0.375,12.15533,10.30178]},"faces":{"north":{"uv":[8.7619,12.95238,9,13.09524],"texture":"#4"},"east":{"uv":[8.19048,12.57143,8.61905,12.71429],"texture":"#4"},"south":{"uv":[12.95238,8.7619,13.19048,8.90476],"texture":"#4"},"west":{"uv":[8.95238,12.57143,9.38095,12.71429],"texture":"#4"},"up":{"uv":[4.80952,12.42857,4.57143,12],"texture":"#4"},"down":{"uv":[5.38095,12,5.14286,12.42857],"texture":"#4"}}},{"from":[-0.255,10.28033,9.67678],"to":[0.755,11.53033,10.92678],"rotation":{"angle":0,"axis":"y","origin":[0.2475,11.40533,10.30178]},"faces":{"north":{"uv":[4.19048,12.7619,4.38095,13],"texture":"#4"},"east":{"uv":[0.57143,12.7619,0.80952,13],"texture":"#4"},"south":{"uv":[12.7619,4.38095,12.95238,4.61905],"texture":"#4"},"west":{"uv":[12.7619,0.57143,13,0.80952],"texture":"#4"},"down":{"uv":[4.7619,12.7619,4.57143,13],"texture":"#4"}}},{"from":[-0.2525,10.68934,8.18934],"to":[0.7525,11.93934,10.43934],"rotation":{"angle":45,"axis":"x","origin":[-0.7525,8.68934,8.43934]},"faces":{"east":{"uv":[9.14286,12,9.57143,12.2381],"texture":"#4"},"south":{"uv":[4.95238,12.7619,5.14286,13],"texture":"#4"},"west":{"uv":[9.90476,12,10.33333,12.2381],"texture":"#4"},"up":{"uv":[6.66667,12.80952,6.47619,12.38095],"texture":"#4"},"down":{"uv":[7.61905,12.38095,7.42857,12.80952],"texture":"#4"}}},{"from":[-0.7525,10.18934,8.68934],"to":[1.2525,11.43934,9.93934],"rotation":{"angle":45,"axis":"x","origin":[-0.7525,8.68934,8.43934]},"faces":{"north":{"uv":[2.85714,12.19048,3.2381,12.42857],"texture":"#4"},"east":{"uv":[1.14286,12.7619,1.38095,13],"texture":"#4"},"south":{"uv":[3.42857,12.19048,3.80952,12.42857],"texture":"#4"},"west":{"uv":[12.7619,1.14286,13,1.38095],"texture":"#4"},"up":{"uv":[4.38095,12.42857,4,12.19048],"texture":"#4"}}},{"from":[-0.7525,8.93934,8.43934],"to":[1.2525,10.18934,9.93934],"rotation":{"angle":45,"axis":"x","origin":[-0.7525,8.68934,8.43934]},"faces":{"north":{"uv":[12.19048,11.04762,12.57143,11.28571],"texture":"#4"},"east":{"uv":[12.38095,12.19048,12.66667,12.42857],"texture":"#4"},"south":{"uv":[11.2381,12.19048,11.61905,12.42857],"texture":"#4"},"west":{"uv":[12.57143,6.28571,12.85714,6.52381],"texture":"#4"},"up":{"uv":[6.28571,12.09524,5.90476,11.80952],"texture":"#4"},"down":{"uv":[6.85714,11.80952,6.47619,12.09524],"texture":"#4"}}},{"from":[0,9.75,6.5],"to":[0.5,13.75,9.5],"rotation":{"angle":0,"axis":"y","origin":[0,9.75,6.5]},"faces":{"north":{"uv":[7.80952,12.38095,7.90476,13.14286],"texture":"#4"},"east":{"uv":[10.09524,10.28571,10.66667,11.04762],"texture":"#4"},"south":{"uv":[12.38095,7.80952,12.47619,8.57143],"texture":"#4"},"west":{"uv":[0,10.66667,0.57143,11.42857],"texture":"#4"}}},{"from":[-0.0025,12.66161,7],"to":[0.5025,14.78661,9.125],"rotation":{"angle":-45,"axis":"x","origin":[0.2475,13.66161,8]},"faces":{"north":{"uv":[12.7619,7.61905,12.85714,8.04762],"texture":"#4"},"east":{"uv":[5.90476,11.04762,6.33333,11.47619],"texture":"#4"},"south":{"uv":[10.66667,12.7619,10.7619,13.19048],"texture":"#4"},"west":{"uv":[6.66667,11.04762,7.09524,11.47619],"texture":"#4"},"up":{"uv":[11.14286,13.19048,11.04762,12.7619],"texture":"#4"},"down":{"uv":[11.52381,12.7619,11.42857,13.19048],"texture":"#4"}}},{"from":[0,8.5,0],"to":[16,9.5,16],"rotation":{"angle":0,"axis":"y","origin":[1,8.5,1]},"faces":{"north":{"uv":[9.33333,6.28571,12.38095,6.47619],"texture":"#4"},"east":{"uv":[9.33333,6.66667,12.38095,6.85714],"texture":"#4"},"south":{"uv":[9.33333,7.04762,12.38095,7.2381],"texture":"#4"},"west":{"uv":[9.33333,7.42857,12.38095,7.61905],"texture":"#4"},"up":{"uv":[3.04762,3.04762,0,0],"texture":"#4"},"down":{"uv":[3.04762,3.2381,0,6.28571],"texture":"#4"}}},{"from":[0.25,14.12132,2.62868],"to":[2.75,15.62132,13.37868],"rotation":{"angle":0,"axis":"y","origin":[1,14.87132,11.37868]},"faces":{"east":{"uv":[9.33333,5.14286,11.38095,5.42857],"texture":"#4"},"west":{"uv":[9.33333,5.71429,11.38095,6],"texture":"#4"},"up":{"uv":[2.7619,8.52381,2.28571,6.47619],"texture":"#4"},"down":{"uv":[9.80952,2.09524,9.33333,4.14286],"texture":"#4"}}},{"from":[0.2475,13.85355,0.65381],"to":[2.7525,16.85355,2.15381],"rotation":{"angle":45,"axis":"x","origin":[2.7525,13.85355,0.15381]},"faces":{"north":{"uv":[3.2381,10.66667,3.71429,11.2381],"texture":"#4"},"east":{"uv":[3.42857,11.42857,3.71429,12],"texture":"#4"},"south":{"uv":[4,10.66667,4.47619,11.2381],"texture":"#4"},"west":{"uv":[4,11.42857,4.28571,12],"texture":"#4"},"up":{"uv":[12.09524,4.66667,11.61905,4.38095],"texture":"#4"},"down":{"uv":[12.09524,4.95238,11.61905,5.2381],"texture":"#4"}}},{"from":[0.25,9.5,0.50736],"to":[2.75,13.5,2.00736],"rotation":{"angle":0,"axis":"y","origin":[2.75,9.5,0.00736]},"faces":{"north":{"uv":[0.7619,10.66667,1.2381,11.42857],"texture":"#4"},"east":{"uv":[4.7619,11.04762,5.04762,11.80952],"texture":"#4"},"south":{"uv":[1.52381,10.66667,2,11.42857],"texture":"#4"},"west":{"uv":[5.33333,11.04762,5.61905,11.80952],"texture":"#4"},"down":{"uv":[12.09524,5.52381,11.61905,5.80952],"texture":"#4"}}},{"from":[2.75,9.5,1.28436],"to":[13.25,13.25,1.28436],"rotation":{"angle":0,"axis":"y","origin":[10.75,9.5,0.78436]},"faces":{"north":{"uv":[9.33333,1.14286,11.33333,1.85714],"texture":"#4"},"east":{"uv":[3.04762,6.47619,3.04762,7.19048],"texture":"#4"},"west":{"uv":[3.04762,7.42857,3.04762,8.14286],"texture":"#4"},"up":{"uv":[14.95238,10.09524,12.95238,10.09524],"texture":"#4"},"down":{"uv":[15.14286,4.57143,13.14286,4.57143],"texture":"#4"}}},{"from":[2.75,13.60355,1.43081],"to":[13.25,15.85355,1.43081],"rotation":{"angle":45,"axis":"x","origin":[10.75,13.60355,0.93081]},"faces":{"north":{"uv":[9.33333,4.38095,11.33333,4.80952],"texture":"#4"},"east":{"uv":[12.19048,12.95238,12.19048,13.38095],"texture":"#4"},"west":{"uv":[2.47619,13.14286,2.47619,13.57143],"texture":"#4"},"up":{"uv":[15.14286,4.7619,13.14286,4.7619],"texture":"#4"},"down":{"uv":[15.14286,4.95238,13.14286,4.95238],"texture":"#4"}}},{"from":[2.75,14.83999,2.87535],"to":[13.25,14.83999,13.12535],"rotation":{"angle":0,"axis":"y","origin":[8,14.83999,4.75035]},"faces":{"north":{"uv":[13.14286,5.14286,15.14286,5.14286],"texture":"#4"},"east":{"uv":[13.14286,5.33333,15.09524,5.33333],"texture":"#4"},"south":{"uv":[13.14286,5.52381,15.14286,5.52381],"texture":"#4"},"west":{"uv":[13.14286,6.28571,15.09524,6.28571],"texture":"#4"},"up":{"uv":[2,8.42857,0,6.47619],"texture":"#4"}}},{"from":[0.75,9.5,1.78436],"to":[0.75,14.25,14.03436],"rotation":{"angle":0,"axis":"y","origin":[0.25,9.5,4.28436]},"faces":{"north":{"uv":[5.71429,13.14286,5.71429,14.04762],"texture":"#4"},"south":{"uv":[5.90476,13.14286,5.90476,14.04762],"texture":"#4"},"west":{"uv":[9.33333,0,11.66667,0.90476],"texture":"#4"},"up":{"uv":[6.09524,15.47619,6.09524,13.14286],"texture":"#4"},"down":{"uv":[6.28571,13.14286,6.28571,15.47619],"texture":"#4"}}},{"from":[0.2475,13.85355,13.84619],"to":[2.7525,16.85355,15.34619],"rotation":{"angle":-45,"axis":"x","origin":[2.7525,13.85355,15.84619]},"faces":{"north":{"uv":[4.47619,10.66667,4,11.2381],"texture":"#4"},"east":{"uv":[3.71429,11.42857,3.42857,12],"texture":"#4"},"south":{"uv":[3.71429,10.66667,3.2381,11.2381],"texture":"#4"},"west":{"uv":[4.28571,11.42857,4,12],"texture":"#4"},"up":{"uv":[12.09524,4.38095,11.61905,4.66667],"texture":"#4"},"down":{"uv":[12.09524,5.2381,11.61905,4.95238],"texture":"#4"}}},{"from":[0.25,9.5,13.99264],"to":[2.75,13.5,15.49264],"rotation":{"angle":0,"axis":"y","origin":[2.75,9.5,15.99264]},"faces":{"north":{"uv":[2,10.66667,1.52381,11.42857],"texture":"#4"},"east":{"uv":[5.04762,11.04762,4.7619,11.80952],"texture":"#4"},"south":{"uv":[1.2381,10.66667,0.7619,11.42857],"texture":"#4"},"west":{"uv":[5.61905,11.04762,5.33333,11.80952],"texture":"#4"},"down":{"uv":[12.09524,5.80952,11.61905,5.52381],"texture":"#4"}}},{"from":[13.25,9.5,0.50736],"to":[15.75,13.5,2.00736],"rotation":{"angle":0,"axis":"y","origin":[13.25,9.5,0.00736]},"faces":{"north":{"uv":[1.2381,10.66667,0.7619,11.42857],"texture":"#4"},"east":{"uv":[5.61905,11.04762,5.33333,11.80952],"texture":"#4"},"south":{"uv":[2,10.66667,1.52381,11.42857],"texture":"#4"},"west":{"uv":[5.04762,11.04762,4.7619,11.80952],"texture":"#4"},"down":{"uv":[11.61905,5.52381,12.09524,5.80952],"texture":"#4"}}},{"from":[13.2475,13.85355,0.65381],"to":[15.7525,16.85355,2.15381],"rotation":{"angle":45,"axis":"x","origin":[13.2475,13.85355,0.15381]},"faces":{"north":{"uv":[3.71429,10.66667,3.2381,11.2381],"texture":"#4"},"east":{"uv":[4.28571,11.42857,4,12],"texture":"#4"},"south":{"uv":[4.47619,10.66667,4,11.2381],"texture":"#4"},"west":{"uv":[3.71429,11.42857,3.42857,12],"texture":"#4"},"up":{"uv":[11.61905,4.66667,12.09524,4.38095],"texture":"#4"},"down":{"uv":[11.61905,4.95238,12.09524,5.2381],"texture":"#4"}}},{"from":[13.25,14.12132,2.62868],"to":[15.75,15.62132,13.37868],"rotation":{"angle":0,"axis":"y","origin":[15,14.87132,11.37868]},"faces":{"east":{"uv":[11.38095,5.71429,9.33333,6],"texture":"#4"},"west":{"uv":[11.38095,5.14286,9.33333,5.42857],"texture":"#4"},"up":{"uv":[2.28571,8.52381,2.7619,6.47619],"texture":"#4"},"down":{"uv":[9.33333,2.09524,9.80952,4.14286],"texture":"#4"}}},{"from":[13.2475,13.85355,13.84619],"to":[15.7525,16.85355,15.34619],"rotation":{"angle":-45,"axis":"x","origin":[13.2475,13.85355,15.84619]},"faces":{"north":{"uv":[4,10.66667,4.47619,11.2381],"texture":"#4"},"east":{"uv":[4,11.42857,4.28571,12],"texture":"#4"},"south":{"uv":[3.2381,10.66667,3.71429,11.2381],"texture":"#4"},"west":{"uv":[3.42857,11.42857,3.71429,12],"texture":"#4"},"up":{"uv":[11.61905,4.38095,12.09524,4.66667],"texture":"#4"},"down":{"uv":[11.61905,5.2381,12.09524,4.95238],"texture":"#4"}}},{"from":[13.25,9.5,13.99264],"to":[15.75,13.5,15.49264],"rotation":{"angle":0,"axis":"y","origin":[13.25,9.5,15.99264]},"faces":{"north":{"uv":[1.52381,10.66667,2,11.42857],"texture":"#4"},"east":{"uv":[5.33333,11.04762,5.61905,11.80952],"texture":"#4"},"south":{"uv":[0.7619,10.66667,1.2381,11.42857],"texture":"#4"},"west":{"uv":[4.7619,11.04762,5.04762,11.80952],"texture":"#4"},"down":{"uv":[11.61905,5.80952,12.09524,5.52381],"texture":"#4"}}},{"from":[15.1225,11.53033,8.92678],"to":[16.3775,12.28033,11.17678],"rotation":{"angle":0,"axis":"y","origin":[15.625,12.15533,10.30178]},"faces":{"north":{"uv":[9,12.95238,8.7619,13.09524],"texture":"#4"},"east":{"uv":[9.38095,12.57143,8.95238,12.71429],"texture":"#4"},"south":{"uv":[13.19048,8.7619,12.95238,8.90476],"texture":"#4"},"west":{"uv":[8.61905,12.57143,8.19048,12.71429],"texture":"#4"},"up":{"uv":[4.57143,12.42857,4.80952,12],"texture":"#4"},"down":{"uv":[5.14286,12,5.38095,12.42857],"texture":"#4"}}},{"from":[15.2475,10.68934,8.18934],"to":[16.2525,11.93934,10.43934],"rotation":{"angle":45,"axis":"x","origin":[16.7525,8.68934,8.43934]},"faces":{"east":{"uv":[10.33333,12,9.90476,12.2381],"texture":"#4"},"south":{"uv":[5.14286,12.7619,4.95238,13],"texture":"#4"},"west":{"uv":[9.57143,12,9.14286,12.2381],"texture":"#4"},"up":{"uv":[6.47619,12.80952,6.66667,12.38095],"texture":"#4"},"down":{"uv":[7.42857,12.38095,7.61905,12.80952],"texture":"#4"}}},{"from":[15.245,10.28033,9.67678],"to":[16.255,11.53033,10.92678],"rotation":{"angle":0,"axis":"y","origin":[15.7525,11.40533,10.30178]},"faces":{"north":{"uv":[4.38095,12.7619,4.19048,13],"texture":"#4"},"east":{"uv":[13,0.57143,12.7619,0.80952],"texture":"#4"},"south":{"uv":[12.95238,4.38095,12.7619,4.61905],"texture":"#4"},"west":{"uv":[0.80952,12.7619,0.57143,13],"texture":"#4"},"down":{"uv":[4.57143,12.7619,4.7619,13],"texture":"#4"}}},{"from":[14.7475,10.18934,8.68934],"to":[16.7525,11.43934,9.93934],"rotation":{"angle":45,"axis":"x","origin":[16.7525,8.68934,8.43934]},"faces":{"north":{"uv":[3.2381,12.19048,2.85714,12.42857],"texture":"#4"},"east":{"uv":[13,1.14286,12.7619,1.38095],"texture":"#4"},"south":{"uv":[3.80952,12.19048,3.42857,12.42857],"texture":"#4"},"west":{"uv":[1.38095,12.7619,1.14286,13],"texture":"#4"},"up":{"uv":[4,12.42857,4.38095,12.19048],"texture":"#4"}}},{"from":[14.7475,8.93934,8.43934],"to":[16.7525,10.18934,9.93934],"rotation":{"angle":45,"axis":"x","origin":[16.7525,8.68934,8.43934]},"faces":{"north":{"uv":[12.57143,11.04762,12.19048,11.28571],"texture":"#4"},"east":{"uv":[12.85714,6.28571,12.57143,6.52381],"texture":"#4"},"south":{"uv":[11.61905,12.19048,11.2381,12.42857],"texture":"#4"},"west":{"uv":[12.66667,12.19048,12.38095,12.42857],"texture":"#4"},"up":{"uv":[5.90476,12.09524,6.28571,11.80952],"texture":"#4"},"down":{"uv":[6.47619,11.80952,6.85714,12.09524],"texture":"#4"}}},{"from":[14.75,8.25,6.5],"to":[16.75,9.75,9.5],"rotation":{"angle":0,"axis":"y","origin":[16.75,8.25,6]},"faces":{"east":{"uv":[9.33333,11.2381,8.7619,11.52381],"texture":"#4"},"west":{"uv":[11.42857,11.04762,10.85714,11.33333],"texture":"#4"},"up":{"uv":[7.61905,11.2381,8,10.66667],"texture":"#4"},"down":{"uv":[8.19048,10.66667,8.57143,11.2381],"texture":"#4"}}},{"from":[14.7475,8.93934,6.06066],"to":[16.7525,10.18934,7.56066],"rotation":{"angle":-45,"axis":"x","origin":[16.7525,8.68934,7.56066]},"faces":{"north":{"uv":[0.38095,12.19048,0,12.42857],"texture":"#4"},"east":{"uv":[12.09524,12.38095,11.80952,12.61905],"texture":"#4"},"south":{"uv":[0.95238,12.19048,0.57143,12.42857],"texture":"#4"},"west":{"uv":[12.66667,11.61905,12.38095,11.85714],"texture":"#4"},"up":{"uv":[11.61905,11.33333,12,11.04762],"texture":"#4"},"down":{"uv":[11.2381,11.61905,11.61905,11.90476],"texture":"#4"}}},{"from":[14.7475,10.18934,6.06066],"to":[16.7525,11.43934,7.31066],"rotation":{"angle":-45,"axis":"x","origin":[16.7525,8.68934,7.56066]},"faces":{"north":{"uv":[1.52381,12.19048,1.14286,12.42857],"texture":"#4"},"east":{"uv":[9.95238,12.57143,9.71429,12.80952],"texture":"#4"},"south":{"uv":[12.57143,1.14286,12.19048,1.38095],"texture":"#4"},"west":{"uv":[7.09524,12.57143,6.85714,12.80952],"texture":"#4"},"up":{"uv":[2.28571,12.42857,2.66667,12.19048],"texture":"#4"}}},{"from":[15.2475,10.68934,5.56066],"to":[16.2525,11.93934,7.81066],"rotation":{"angle":-45,"axis":"x","origin":[16.7525,8.68934,7.56066]},"faces":{"north":{"uv":[2.85714,12.7619,2.66667,13],"texture":"#4"},"east":{"uv":[12.42857,0.57143,12,0.80952],"texture":"#4"},"west":{"uv":[12.42857,0,12,0.2381],"texture":"#4"},"up":{"uv":[5.71429,12.80952,5.90476,12.38095],"texture":"#4"},"down":{"uv":[6.09524,12.38095,6.28571,12.80952],"texture":"#4"}}},{"from":[15.245,10.28033,5.07322],"to":[16.255,11.53033,6.32322],"rotation":{"angle":0,"axis":"y","origin":[15.7525,11.40533,5.69822]},"faces":{"north":{"uv":[3.2381,12.7619,3.04762,13],"texture":"#4"},"east":{"uv":[13,0,12.7619,0.2381],"texture":"#4"},"south":{"uv":[3.61905,12.7619,3.42857,13],"texture":"#4"},"west":{"uv":[0.2381,12.7619,0,13],"texture":"#4"},"down":{"uv":[3.80952,12.7619,4,13],"texture":"#4"}}},{"from":[15.1225,11.53033,4.82322],"to":[16.3775,12.28033,7.07322],"rotation":{"angle":0,"axis":"y","origin":[15.625,12.15533,5.69822]},"faces":{"north":{"uv":[13,8.38095,12.7619,8.52381],"texture":"#4"},"east":{"uv":[13,7.2381,12.57143,7.38095],"texture":"#4"},"south":{"uv":[8.42857,12.95238,8.19048,13.09524],"texture":"#4"},"west":{"uv":[13,6.85714,12.57143,7],"texture":"#4"},"up":{"uv":[8.57143,12.2381,8.80952,11.80952],"texture":"#4"},"down":{"uv":[11.80952,11.61905,12.04762,12.04762],"texture":"#4"}}},{"from":[15.5,9.75,6.5],"to":[16,13.75,9.5],"rotation":{"angle":0,"axis":"y","origin":[16,9.75,6.5]},"faces":{"north":{"uv":[7.90476,12.38095,7.80952,13.14286],"texture":"#4"},"east":{"uv":[0.57143,10.66667,0,11.42857],"texture":"#4"},"south":{"uv":[12.47619,7.80952,12.38095,8.57143],"texture":"#4"},"west":{"uv":[10.66667,10.28571,10.09524,11.04762],"texture":"#4"}}},{"from":[15.4975,12.66161,7],"to":[16.0025,14.78661,9.125],"rotation":{"angle":-45,"axis":"x","origin":[15.7525,13.66161,8]},"faces":{"north":{"uv":[12.85714,7.61905,12.7619,8.04762],"texture":"#4"},"east":{"uv":[7.09524,11.04762,6.66667,11.47619],"texture":"#4"},"south":{"uv":[10.7619,12.7619,10.66667,13.19048],"texture":"#4"},"west":{"uv":[6.33333,11.04762,5.90476,11.47619],"texture":"#4"},"up":{"uv":[11.04762,13.19048,11.14286,12.7619],"texture":"#4"},"down":{"uv":[11.42857,12.7619,11.52381,13.19048],"texture":"#4"}}},{"from":[15.25,9.5,1.78436],"to":[15.25,14.25,14.03436],"rotation":{"angle":0,"axis":"y","origin":[15.75,9.5,4.28436]},"faces":{"north":{"uv":[5.71429,13.14286,5.71429,14.04762],"texture":"#4"},"east":{"uv":[11.66667,0,9.33333,0.90476],"texture":"#4"},"south":{"uv":[5.90476,13.14286,5.90476,14.04762],"texture":"#4"},"up":{"uv":[6.09524,15.47619,6.09524,13.14286],"texture":"#4"},"down":{"uv":[6.28571,13.14286,6.28571,15.47619],"texture":"#4"}}},{"from":[2.75,9.5,14.71564],"to":[13.25,13.25,14.71564],"rotation":{"angle":0,"axis":"y","origin":[10.75,9.5,15.21564]},"faces":{"east":{"uv":[3.04762,6.47619,3.04762,7.19048],"texture":"#4"},"south":{"uv":[11.33333,1.14286,9.33333,1.85714],"texture":"#4"},"west":{"uv":[3.04762,7.42857,3.04762,8.14286],"texture":"#4"},"up":{"uv":[14.95238,10.09524,12.95238,10.09524],"texture":"#4"},"down":{"uv":[15.14286,4.57143,13.14286,4.57143],"texture":"#4"}}},{"from":[2.75,13.60355,14.56919],"to":[13.25,15.85355,14.56919],"rotation":{"angle":-45,"axis":"x","origin":[10.75,13.60355,15.06919]},"faces":{"east":{"uv":[12.19048,12.95238,12.19048,13.38095],"texture":"#4"},"south":{"uv":[11.33333,4.38095,9.33333,4.80952],"texture":"#4"},"west":{"uv":[2.47619,13.14286,2.47619,13.57143],"texture":"#4"},"up":{"uv":[15.14286,4.7619,13.14286,4.7619],"texture":"#4"},"down":{"uv":[15.14286,4.95238,13.14286,4.95238],"texture":"#4"}}}],"gui_light":"front","display":{"thirdperson_righthand":{"rotation":[70,0,0],"translation":[0,4.75,3.25],"scale":[0.6,0.6,0.6]},"thirdperson_lefthand":{"rotation":[70,0,0],"translation":[0,4.75,3.25],"scale":[0.6,0.6,0.6]},"firstperson_righthand":{"rotation":[154.5,0,-180],"translation":[-0.5,4.5,0],"scale":[0.6,0.6,0.6]},"firstperson_lefthand":{"rotation":[154.5,0,-180],"translation":[-0.5,4.5,0],"scale":[0.6,0.6,0.6]},"ground":{"translation":[0,5,0],"scale":[0.7,0.7,0.7]},"gui":{"rotation":[0,135,0],"translation":[0,0.25,0],"scale":[0.7,0.7,0.7]},"head":{"rotation":[0,180,0],"translation":[0,-30.25,0],"scale":[1.6,1.6,1.6]},"fixed":{"rotation":[-90,0,0],"translation":[0,0,-16],"scale":[2,2,2]}},"groups":[{"name":"chest","origin":[8,8,8],"color":0,"children":[{"name":"group","origin":[17.40361,3.375,17.42482],"color":0,"children":[0,1,2,3,4,5,6,7,8,9,10,11,12,13,14,15,16,17,18,19,20,21,22,23,24,25,26,27,28,29,30,31,32,33,34,35,36,37,38,39,40,41,42,43,44,45,46,47,48,49,50,51,52,53,54,55,56,57,58,59,60,61,62,63,64,65,66,67,68,69,70,71,72,73,74,75,76,77,78,79,80,81,82,83,84,85,86,87,88,89,90,91,92,93,94,95,96,97]},{"name":"group","origin":[10.75,18.60355,15.06919],"color":0,"children":[98,99,100,101,102,103,104,105,106,107,108,109,110,111,112,113,114,115,116,117,118,119,120,121,122,123,124,125,126,127,128,129,130,131,132,133,134,135,136,137,138,139,140,141]}]}],"USER":"{{USER}}","NONCE":"{{NONCE}}","TIMESTAMP":"{{TIMESTAMP}}","RESOURCE":"{{RESOURCE}}","mcmodels":"30d4610397b833f341e6d8c0581961d8"}