{"credit":"Pologony Creation Co.,Ltd.","texture_size":[8,8],"textures":{"2":"necros_set:animated/animated_2","4":"necros_set:staff","6":"necros_set:animated/staff_outline","7":"necros_set:animated/animated_6","particle":"necros_set:staff"},"elements":[{"from":[7,19.5,6.5],"to":[9,21,9.5],"rotation":{"angle":0,"axis":"y","origin":[7,19.5,6]},"faces":{"east":{"uv":[7.2,0,8.4,0.6],"texture":"#4"},"west":{"uv":[7.2,1.2,8.4,1.8],"texture":"#4"},"up":{"uv":[0.8,6.8,0,5.6],"texture":"#4"},"down":{"uv":[0.8,7.2,0,8.4],"texture":"#4"}}},{"from":[6.9975,20.18934,6.06066],"to":[9.0025,21.43934,7.56066],"rotation":{"angle":-45,"axis":"x","origin":[6.9975,19.93934,7.56066]},"faces":{"north":{"uv":[9.6,9.2,10.4,9.7],"texture":"#4"},"east":{"uv":[6.8,11.6,7.4,12.1],"texture":"#4"},"south":{"uv":[10,0,10.8,0.5],"texture":"#4"},"west":{"uv":[8,11.6,8.6,12.1],"texture":"#4"},"up":{"uv":[9.6,2.2,8.8,1.6],"texture":"#4"},"down":{"uv":[9.6,2.8,8.8,3.4],"texture":"#4"}}},{"from":[6.9975,21.43934,6.06066],"to":[9.0025,22.68934,7.31066],"rotation":{"angle":-45,"axis":"x","origin":[6.9975,19.93934,7.56066]},"faces":{"north":{"uv":[1.2,10,2,10.5],"texture":"#4"},"east":{"uv":[12,2.4,12.5,2.9],"texture":"#4"},"south":{"uv":[10,1.2,10.8,1.7],"texture":"#4"},"west":{"uv":[3.6,12,4.1,12.5],"texture":"#4"},"up":{"uv":[3.2,10.5,2.4,10],"texture":"#4"}}},{"from":[7.3725,22.78033,4.82322],"to":[8.6275,23.53033,7.07322],"rotation":{"angle":0,"axis":"y","origin":[8.125,23.40533,5.69822]},"faces":{"north":{"uv":[12.4,1.6,12.9,1.9],"texture":"#4"},"east":{"uv":[11.2,8.4,12.1,8.7],"texture":"#4"},"south":{"uv":[12.8,8.4,13.3,8.7],"texture":"#4"},"west":{"uv":[9.2,11.6,10.1,11.9],"texture":"#4"},"up":{"uv":[9.3,4.9,8.8,4],"texture":"#4"},"down":{"uv":[7.3,8.8,6.8,9.7],"texture":"#4"}}},{"from":[7.4975,21.93934,5.56066],"to":[8.5025,23.18934,7.81066],"rotation":{"angle":-45,"axis":"x","origin":[6.9975,19.93934,7.56066]},"faces":{"north":{"uv":[12.4,3.6,12.8,4.1],"texture":"#4"},"east":{"uv":[8,9.2,8.9,9.7],"texture":"#4"},"west":{"uv":[3.6,9.6,4.5,10.1],"texture":"#4"},"up":{"uv":[1.6,7.7,1.2,6.8],"texture":"#4"},"down":{"uv":[10.4,2.4,10,3.3],"texture":"#4"}}},{"from":[7.495,21.53033,5.07322],"to":[8.505,22.78033,6.32322],"rotation":{"angle":0,"axis":"y","origin":[7.9975,22.65533,5.69822]},"faces":{"north":{"uv":[12.4,4.8,12.8,5.3],"texture":"#4"},"east":{"uv":[4.8,12,5.3,12.5],"texture":"#4"},"south":{"uv":[6,12.4,6.4,12.9],"texture":"#4"},"west":{"uv":[12,9.2,12.5,9.7],"texture":"#4"},"down":{"uv":[12.8,6,12.4,6.5],"texture":"#4"}}},{"from":[7.3725,22.78033,8.92678],"to":[8.6275,23.53033,11.17678],"rotation":{"angle":0,"axis":"y","origin":[8.125,23.40533,10.30178]},"faces":{"north":{"uv":[13.3,8.4,12.8,8.7],"texture":"#4"},"east":{"uv":[12.1,8.4,11.2,8.7],"texture":"#4"},"south":{"uv":[12.9,1.6,12.4,1.9],"texture":"#4"},"west":{"uv":[10.1,11.6,9.2,11.9],"texture":"#4"},"up":{"uv":[9.3,4,8.8,4.9],"texture":"#4"},"down":{"uv":[7.3,9.7,6.8,8.8],"texture":"#4"}}},{"from":[7.4975,21.93934,8.18934],"to":[8.5025,23.18934,10.43934],"rotation":{"angle":45,"axis":"x","origin":[6.9975,19.93934,8.43934]},"faces":{"east":{"uv":[8.9,9.2,8,9.7],"texture":"#4"},"south":{"uv":[12.8,3.6,12.4,4.1],"texture":"#4"},"west":{"uv":[4.5,9.6,3.6,10.1],"texture":"#4"},"up":{"uv":[1.6,6.8,1.2,7.7],"texture":"#4"},"down":{"uv":[10.4,3.3,10,2.4],"texture":"#4"}}},{"from":[7.495,21.53033,9.67678],"to":[8.505,22.78033,10.92678],"rotation":{"angle":0,"axis":"y","origin":[7.9975,22.65533,10.30178]},"faces":{"north":{"uv":[6.4,12.4,6,12.9],"texture":"#4"},"east":{"uv":[5.3,12,4.8,12.5],"texture":"#4"},"south":{"uv":[12.8,4.8,12.4,5.3],"texture":"#4"},"west":{"uv":[12.5,9.2,12,9.7],"texture":"#4"},"down":{"uv":[12.8,6.5,12.4,6],"texture":"#4"}}},{"from":[6.9975,21.43934,8.68934],"to":[9.0025,22.68934,9.93934],"rotation":{"angle":45,"axis":"x","origin":[6.9975,19.93934,8.43934]},"faces":{"north":{"uv":[10.8,1.2,10,1.7],"texture":"#4"},"east":{"uv":[12.5,2.4,12,2.9],"texture":"#4"},"south":{"uv":[2,10,1.2,10.5],"texture":"#4"},"west":{"uv":[4.1,12,3.6,12.5],"texture":"#4"},"up":{"uv":[3.2,10,2.4,10.5],"texture":"#4"}}},{"from":[6.9975,20.18934,8.43934],"to":[9.0025,21.43934,9.93934],"rotation":{"angle":45,"axis":"x","origin":[6.9975,19.93934,8.43934]},"faces":{"north":{"uv":[10.8,0,10,0.5],"texture":"#4"},"east":{"uv":[7.4,11.6,6.8,12.1],"texture":"#4"},"south":{"uv":[10.4,9.2,9.6,9.7],"texture":"#4"},"west":{"uv":[8.6,11.6,8,12.1],"texture":"#4"},"up":{"uv":[9.6,1.6,8.8,2.2],"texture":"#4"},"down":{"uv":[9.6,3.4,8.8,2.8],"texture":"#4"}}},{"from":[7.7535,-4.6875,6.03173],"to":[8.2465,-3.4375,8.28173],"rotation":{"angle":22.5,"axis":"x","origin":[8.0035,-4.1875,7.09423]},"faces":{"east":{"uv":[5.2,9.6,6.1,10.1],"texture":"#4"},"south":{"uv":[10.4,14,10.6,14.5],"texture":"#4"},"west":{"uv":[9.6,5.6,10.5,6.1],"texture":"#4"},"up":{"uv":[9.4,13.3,9.2,12.4],"texture":"#4"},"down":{"uv":[10.2,12.4,10,13.3],"texture":"#4"}}},{"from":[7.25,-4.75,8],"to":[8.75,-3.25,9.5],"rotation":{"angle":-45,"axis":"x","origin":[7.25,-4.75,8]},"faces":{"north":{"uv":[10,4,10.6,4.6],"texture":"#4"},"east":{"uv":[0,10.4,0.6,11],"texture":"#4"},"south":{"uv":[6.8,10.4,7.4,11],"texture":"#4"},"west":{"uv":[8,10.4,8.6,11],"texture":"#4"},"up":{"uv":[9.8,11,9.2,10.4],"texture":"#4"},"down":{"uv":[11,10.4,10.4,11],"texture":"#4"}}},{"from":[7.75,1,7.04289],"to":[9.25,1.5,8.54289],"rotation":{"angle":-45,"axis":"y","origin":[8,1,7.29289]},"faces":{"north":{"uv":[13.2,3.6,13.8,3.8],"texture":"#4"},"east":{"uv":[4.4,13.2,5,13.4],"texture":"#4"},"south":{"uv":[13.2,4.4,13.8,4.6],"texture":"#4"},"west":{"uv":[13.2,5.2,13.8,5.4],"texture":"#4"},"up":{"uv":[11.4,3,10.8,2.4],"texture":"#4"},"down":{"uv":[4.2,10.8,3.6,11.4],"texture":"#4"}}},{"from":[7.75,2,7.04289],"to":[9.25,2.5,8.54289],"rotation":{"angle":-45,"axis":"y","origin":[8,2,7.29289]},"faces":{"north":{"uv":[13.2,6,13.8,6.2],"texture":"#4"},"east":{"uv":[13.2,6.8,13.8,7],"texture":"#4"},"south":{"uv":[13.2,7.6,13.8,7.8],"texture":"#4"},"west":{"uv":[13.2,9.2,13.8,9.4],"texture":"#4"},"up":{"uv":[5.4,11.4,4.8,10.8],"texture":"#4"},"down":{"uv":[11.4,9.2,10.8,9.8],"texture":"#4"}}},{"from":[7.75,1.5,7.21967],"to":[9,2,8.46967],"rotation":{"angle":-45,"axis":"y","origin":[8,1.5,7.46967]},"faces":{"north":{"uv":[11.2,14,11.7,14.2],"texture":"#4"},"east":{"uv":[1.6,14.4,2.1,14.6],"texture":"#4"},"south":{"uv":[2.8,14.4,3.3,14.6],"texture":"#4"},"west":{"uv":[14.4,3.2,14.9,3.4],"texture":"#4"}}},{"from":[7.75,-3,7.04289],"to":[9.25,-2.5,8.54289],"rotation":{"angle":-45,"axis":"y","origin":[8,-3,7.29289]},"faces":{"north":{"uv":[13.2,10,13.8,10.2],"texture":"#4"},"east":{"uv":[13.2,10.8,13.8,11],"texture":"#4"},"south":{"uv":[13.2,12.8,13.8,13],"texture":"#4"},"west":{"uv":[13.6,0,14.2,0.2],"texture":"#4"},"up":{"uv":[11.8,0.6,11.2,0],"texture":"#4"},"down":{"uv":[1.8,11.2,1.2,11.8],"texture":"#4"}}},{"from":[7.75,-2,7.04289],"to":[9.25,-1.5,8.54289],"rotation":{"angle":-45,"axis":"y","origin":[8,-2,7.29289]},"faces":{"north":{"uv":[13.6,0.8,14.2,1],"texture":"#4"},"east":{"uv":[1.6,13.6,2.2,13.8],"texture":"#4"},"south":{"uv":[13.6,1.6,14.2,1.8],"texture":"#4"},"west":{"uv":[5.6,13.6,6.2,13.8],"texture":"#4"},"up":{"uv":[11.8,1.8,11.2,1.2],"texture":"#4"},"down":{"uv":[3,11.2,2.4,11.8],"texture":"#4"}}},{"from":[7.75,-2.5,7.21967],"to":[9,-2,8.46967],"rotation":{"angle":-45,"axis":"y","origin":[8,-2.5,7.46967]},"faces":{"north":{"uv":[14.4,4,14.9,4.2],"texture":"#4"},"east":{"uv":[14.4,4.8,14.9,5],"texture":"#4"},"south":{"uv":[5.6,14.4,6.1,14.6],"texture":"#4"},"west":{"uv":[14.4,5.6,14.9,5.8],"texture":"#4"}}},{"from":[7.75,10,7.04289],"to":[9.25,10.5,8.54289],"rotation":{"angle":-45,"axis":"y","origin":[8,17,7.29289]},"faces":{"north":{"uv":[13.6,11.6,14.2,11.8],"texture":"#4"},"east":{"uv":[13.2,13.6,13.8,13.8],"texture":"#4"},"south":{"uv":[14,2.4,14.6,2.6],"texture":"#4"},"west":{"uv":[4.4,14,5,14.2],"texture":"#4"},"up":{"uv":[11.8,4.2,11.2,3.6],"texture":"#4"},"down":{"uv":[11.8,4.8,11.2,5.4],"texture":"#4"}}},{"from":[7.75,10.5,7.21967],"to":[9,11,8.46967],"rotation":{"angle":-45,"axis":"y","origin":[8,17.5,7.46967]},"faces":{"north":{"uv":[14.4,6.4,14.9,6.6],"texture":"#4"},"east":{"uv":[14.4,7.2,14.9,7.4],"texture":"#4"},"south":{"uv":[14.4,9.2,14.9,9.4],"texture":"#4"},"west":{"uv":[14.4,10,14.9,10.2],"texture":"#4"}}},{"from":[7.75,11,7.04289],"to":[9.25,11.5,8.54289],"rotation":{"angle":-45,"axis":"y","origin":[8,18,7.29289]},"faces":{"north":{"uv":[6.8,14,7.4,14.2],"texture":"#4"},"east":{"uv":[8,14,8.6,14.2],"texture":"#4"},"south":{"uv":[14,8.4,14.6,8.6],"texture":"#4"},"west":{"uv":[9.2,14,9.8,14.2],"texture":"#4"},"up":{"uv":[11.8,6.6,11.2,6],"texture":"#4"},"down":{"uv":[11.8,7.2,11.2,7.8],"texture":"#4"}}},{"from":[8,2.5,7.29289],"to":[9,10,8.29289],"rotation":{"angle":-45,"axis":"y","origin":[8,2.5,7.29289]},"faces":{"north":{"uv":[1.2,3.2,1.6,6.2],"texture":"#4"},"east":{"uv":[4.8,0,5.2,3],"texture":"#4"},"south":{"uv":[2,4.8,2.4,7.8],"texture":"#4"},"west":{"uv":[4.8,3.6,5.2,6.6],"texture":"#4"}}},{"from":[7.625,-5.25,6.42074],"to":[8.375,-3,7.42074],"rotation":{"angle":-22.5,"axis":"x","origin":[7.625,-5,6.42074]},"faces":{"north":{"uv":[11.6,10.4,11.9,11.3],"texture":"#4"},"east":{"uv":[6,10.8,6.4,11.7],"texture":"#4"},"south":{"uv":[10.8,11.6,11.1,12.5],"texture":"#4"},"west":{"uv":[0,11.6,0.4,12.5],"texture":"#4"},"up":{"uv":[11.1,13.6,10.8,13.2],"texture":"#4"},"down":{"uv":[3.1,13.6,2.8,14],"texture":"#4"}}},{"from":[7.875,16.21537,5.87464],"to":[8.125,17.21537,7.37464],"rotation":{"angle":45,"axis":"x","origin":[7.625,16.21537,5.12464]},"faces":{"east":{"uv":[11.6,12,12.2,12.4],"texture":"#4"},"south":{"uv":[14.8,11.6,14.9,12],"texture":"#4"},"west":{"uv":[12.4,0,13,0.4],"texture":"#4"},"up":{"uv":[14.9,0.6,14.8,0],"texture":"#4"},"down":{"uv":[0.9,14.8,0.8,15.4],"texture":"#4"}}},{"from":[7.875,15.68504,4.69786],"to":[8.125,17.18504,5.44786],"rotation":{"angle":45,"axis":"x","origin":[7.625,15.68504,4.94786]},"faces":{"north":{"uv":[14.8,1.2,14.9,1.8],"texture":"#4"},"east":{"uv":[12.4,7.2,12.7,7.8],"texture":"#4"},"south":{"uv":[4,14.8,4.1,15.4],"texture":"#4"},"west":{"uv":[12.4,10.4,12.7,11],"texture":"#4"},"up":{"uv":[15.3,2.7,15.2,2.4],"texture":"#4"},"down":{"uv":[5.7,15.2,5.6,15.5],"texture":"#4"}}},{"from":[7.875,17.71537,5.53885],"to":[8.125,19.46537,6.28885],"rotation":{"angle":45,"axis":"x","origin":[7.625,17.71537,5.78885]},"faces":{"north":{"uv":[14,14.4,14.1,15.1],"texture":"#4"},"east":{"uv":[2,12.4,2.3,13.1],"texture":"#4"},"south":{"uv":[0,14.8,0.1,15.5],"texture":"#4"},"west":{"uv":[2.8,12.4,3.1,13.1],"texture":"#4"},"up":{"uv":[15.3,8.3,15.2,8],"texture":"#4"},"down":{"uv":[10.1,15.2,10,15.5],"texture":"#4"}}},{"from":[7.8755,15.33148,5.30142],"to":[8.1245,16.08148,6.05142],"rotation":{"angle":0,"axis":"y","origin":[8.0005,15.70648,6.05142]},"faces":{"east":{"uv":[14.4,10.8,14.7,11.1],"texture":"#4"},"west":{"uv":[14.4,12.4,14.7,12.7],"texture":"#4"},"down":{"uv":[15.3,10.8,15.2,11.1],"texture":"#4"}}},{"from":[7.8755,16.31714,5.61208],"to":[8.1245,17.89214,6.41208],"rotation":{"angle":0,"axis":"y","origin":[7.6255,16.39214,5.86208]},"faces":{"north":{"uv":[4.8,14.8,4.9,15.4],"texture":"#4"},"east":{"uv":[6.8,12.8,7.1,13.4],"texture":"#4"},"south":{"uv":[6.8,14.8,6.9,15.4],"texture":"#4"},"west":{"uv":[7.6,12.8,7.9,13.4],"texture":"#4"}}},{"from":[7.875,16.21537,8.62536],"to":[8.125,17.21537,10.12536],"rotation":{"angle":-45,"axis":"x","origin":[7.625,16.21537,10.87536]},"faces":{"north":{"uv":[14.9,11.6,14.8,12],"texture":"#4"},"east":{"uv":[12.2,12,11.6,12.4],"texture":"#4"},"west":{"uv":[13,0,12.4,0.4],"texture":"#4"},"up":{"uv":[14.9,0,14.8,0.6],"texture":"#4"},"down":{"uv":[0.9,15.4,0.8,14.8],"texture":"#4"}}},{"from":[7.875,15.68504,10.55214],"to":[8.125,17.18504,11.30214],"rotation":{"angle":-45,"axis":"x","origin":[7.625,15.68504,11.05214]},"faces":{"north":{"uv":[4.1,14.8,4,15.4],"texture":"#4"},"east":{"uv":[12.7,7.2,12.4,7.8],"texture":"#4"},"south":{"uv":[14.9,1.2,14.8,1.8],"texture":"#4"},"west":{"uv":[12.7,10.4,12.4,11],"texture":"#4"},"up":{"uv":[15.3,2.4,15.2,2.7],"texture":"#4"},"down":{"uv":[5.7,15.5,5.6,15.2],"texture":"#4"}}},{"from":[7.875,17.71537,9.71115],"to":[8.125,19.46537,10.46115],"rotation":{"angle":-45,"axis":"x","origin":[7.625,17.71537,10.21115]},"faces":{"north":{"uv":[0.1,14.8,0,15.5],"texture":"#4"},"east":{"uv":[2.3,12.4,2,13.1],"texture":"#4"},"south":{"uv":[14.1,14.4,14,15.1],"texture":"#4"},"west":{"uv":[3.1,12.4,2.8,13.1],"texture":"#4"},"up":{"uv":[15.3,8,15.2,8.3],"texture":"#4"},"down":{"uv":[10.1,15.5,10,15.2],"texture":"#4"}}},{"from":[7.8755,15.33148,9.94858],"to":[8.1245,16.08148,10.69858],"rotation":{"angle":0,"axis":"y","origin":[8.0005,15.70648,9.94858]},"faces":{"east":{"uv":[14.7,10.8,14.4,11.1],"texture":"#4"},"west":{"uv":[14.7,12.4,14.4,12.7],"texture":"#4"},"down":{"uv":[15.3,11.1,15.2,10.8],"texture":"#4"}}},{"from":[7.8755,16.31714,9.58792],"to":[8.1245,17.89214,10.38792],"rotation":{"angle":0,"axis":"y","origin":[7.6255,16.39214,10.13792]},"faces":{"north":{"uv":[6.9,14.8,6.8,15.4],"texture":"#4"},"east":{"uv":[7.1,12.8,6.8,13.4],"texture":"#4"},"south":{"uv":[4.9,14.8,4.8,15.4],"texture":"#4"},"west":{"uv":[7.9,12.8,7.6,13.4],"texture":"#4"}}},{"from":[7.31536,14.37597,7.875],"to":[8.81536,15.37597,8.125],"rotation":{"angle":45,"axis":"z","origin":[8,16.87698,8]},"faces":{"north":{"uv":[12.4,0,13,0.4],"texture":"#4"},"south":{"uv":[11.6,12,12.2,12.4],"texture":"#4"},"west":{"uv":[14.8,11.6,14.9,12],"texture":"#4"},"up":{"uv":[14.9,0.6,14.8,0],"rotation":90,"texture":"#4"},"down":{"uv":[0.9,14.8,0.8,15.4],"rotation":270,"texture":"#4"}}},{"from":[8.81536,13.87596,7.875],"to":[9.56536,15.37596,8.125],"rotation":{"angle":45,"axis":"z","origin":[8,16.87698,8]},"faces":{"north":{"uv":[12.4,10.4,12.7,11],"texture":"#4"},"east":{"uv":[14.8,1.2,14.9,1.8],"texture":"#4"},"south":{"uv":[12.4,7.2,12.7,7.8],"texture":"#4"},"west":{"uv":[4,14.8,4.1,15.4],"texture":"#4"},"up":{"uv":[15.3,2.7,15.2,2.4],"rotation":90,"texture":"#4"},"down":{"uv":[5.7,15.2,5.6,15.5],"rotation":270,"texture":"#4"}}},{"from":[9.65635,15.90629,7.875],"to":[10.40635,17.65629,8.125],"rotation":{"angle":45,"axis":"z","origin":[8,16.87698,8]},"faces":{"north":{"uv":[2.8,12.4,3.1,13.1],"texture":"#4"},"east":{"uv":[14,14.4,14.1,15.1],"texture":"#4"},"south":{"uv":[2,12.4,2.3,13.1],"texture":"#4"},"west":{"uv":[0,14.8,0.1,15.5],"texture":"#4"},"up":{"uv":[15.3,8.3,15.2,8],"rotation":90,"texture":"#4"},"down":{"uv":[10.1,15.2,10,15.5],"rotation":270,"texture":"#4"}}},{"from":[9.94858,15.33148,7.8755],"to":[10.69858,16.08148,8.1245],"rotation":{"angle":0,"axis":"y","origin":[8,16.87698,8]},"faces":{"north":{"uv":[14.4,12.4,14.7,12.7],"texture":"#4"},"south":{"uv":[14.4,10.8,14.7,11.1],"texture":"#4"},"down":{"uv":[15.3,10.8,15.2,11.1],"rotation":270,"texture":"#4"}}},{"from":[9.58792,16.31714,7.8755],"to":[10.38792,17.89214,8.1245],"rotation":{"angle":0,"axis":"y","origin":[8,16.87698,8]},"faces":{"north":{"uv":[7.6,12.8,7.9,13.4],"texture":"#4"},"east":{"uv":[4.8,14.8,4.9,15.4],"texture":"#4"},"south":{"uv":[6.8,12.8,7.1,13.4],"texture":"#4"},"west":{"uv":[6.8,14.8,6.9,15.4],"texture":"#4"}}},{"from":[5.61208,16.31714,7.8755],"to":[6.41208,17.89214,8.1245],"rotation":{"angle":0,"axis":"y","origin":[8,16.87698,8]},"faces":{"north":{"uv":[7.9,12.8,7.6,13.4],"texture":"#4"},"east":{"uv":[6.9,14.8,6.8,15.4],"texture":"#4"},"south":{"uv":[7.1,12.8,6.8,13.4],"texture":"#4"},"west":{"uv":[4.9,14.8,4.8,15.4],"texture":"#4"}}},{"from":[5.30142,15.33148,7.8755],"to":[6.05142,16.08148,8.1245],"rotation":{"angle":0,"axis":"y","origin":[8,16.87698,8]},"faces":{"north":{"uv":[14.7,12.4,14.4,12.7],"texture":"#4"},"south":{"uv":[14.7,10.8,14.4,11.1],"texture":"#4"},"down":{"uv":[15.3,11.1,15.2,10.8],"rotation":270,"texture":"#4"}}},{"from":[5.59365,15.90629,7.875],"to":[6.34365,17.65629,8.125],"rotation":{"angle":-45,"axis":"z","origin":[8,16.87698,8]},"faces":{"north":{"uv":[3.1,12.4,2.8,13.1],"texture":"#4"},"east":{"uv":[0.1,14.8,0,15.5],"texture":"#4"},"south":{"uv":[2.3,12.4,2,13.1],"texture":"#4"},"west":{"uv":[14.1,14.4,14,15.1],"texture":"#4"},"up":{"uv":[15.3,8,15.2,8.3],"rotation":90,"texture":"#4"},"down":{"uv":[10.1,15.5,10,15.2],"rotation":270,"texture":"#4"}}},{"from":[6.43464,13.87596,7.875],"to":[7.18464,15.37596,8.125],"rotation":{"angle":-45,"axis":"z","origin":[8,16.87698,8]},"faces":{"north":{"uv":[12.7,10.4,12.4,11],"texture":"#4"},"east":{"uv":[4.1,14.8,4,15.4],"texture":"#4"},"south":{"uv":[12.7,7.2,12.4,7.8],"texture":"#4"},"west":{"uv":[14.9,1.2,14.8,1.8],"texture":"#4"},"up":{"uv":[15.3,2.4,15.2,2.7],"rotation":90,"texture":"#4"},"down":{"uv":[5.7,15.5,5.6,15.2],"rotation":270,"texture":"#4"}}},{"from":[7.18464,14.37597,7.875],"to":[8.68464,15.37597,8.125],"rotation":{"angle":-45,"axis":"z","origin":[8,16.87698,8]},"faces":{"north":{"uv":[13,0,12.4,0.4],"texture":"#4"},"east":{"uv":[14.9,11.6,14.8,12],"texture":"#4"},"south":{"uv":[12.2,12,11.6,12.4],"texture":"#4"},"up":{"uv":[14.9,0,14.8,0.6],"rotation":90,"texture":"#4"},"down":{"uv":[0.9,15.4,0.8,14.8],"rotation":270,"texture":"#4"}}},{"from":[7.875,23.21537,5.87464],"to":[8.125,24.21537,7.37464],"rotation":{"angle":45,"axis":"x","origin":[7.625,23.21537,5.12464]},"faces":{"east":{"uv":[11.6,12,12.2,12.4],"texture":"#4"},"south":{"uv":[14.8,11.6,14.9,12],"texture":"#4"},"west":{"uv":[12.4,0,13,0.4],"texture":"#4"},"up":{"uv":[14.9,0.6,14.8,0],"texture":"#4"},"down":{"uv":[0.9,14.8,0.8,15.4],"texture":"#4"}}},{"from":[7.875,22.68504,4.69786],"to":[8.125,24.18504,5.44786],"rotation":{"angle":45,"axis":"x","origin":[7.625,22.68504,4.94786]},"faces":{"north":{"uv":[14.8,1.2,14.9,1.8],"texture":"#4"},"east":{"uv":[12.4,7.2,12.7,7.8],"texture":"#4"},"south":{"uv":[4,14.8,4.1,15.4],"texture":"#4"},"west":{"uv":[12.4,10.4,12.7,11],"texture":"#4"},"up":{"uv":[15.3,2.7,15.2,2.4],"texture":"#4"},"down":{"uv":[5.7,15.2,5.6,15.5],"texture":"#4"}}},{"from":[7.875,24.71537,5.53885],"to":[8.125,26.46537,6.28885],"rotation":{"angle":45,"axis":"x","origin":[7.625,24.71537,5.78885]},"faces":{"north":{"uv":[14,14.4,14.1,15.1],"texture":"#4"},"east":{"uv":[2,12.4,2.3,13.1],"texture":"#4"},"south":{"uv":[0,14.8,0.1,15.5],"texture":"#4"},"west":{"uv":[2.8,12.4,3.1,13.1],"texture":"#4"},"up":{"uv":[15.3,8.3,15.2,8],"texture":"#4"},"down":{"uv":[10.1,15.2,10,15.5],"texture":"#4"}}},{"from":[7.8755,22.33148,5.30142],"to":[8.1245,23.08148,6.05142],"rotation":{"angle":0,"axis":"y","origin":[8.0005,22.70648,6.05142]},"faces":{"east":{"uv":[14.4,10.8,14.7,11.1],"texture":"#4"},"west":{"uv":[14.4,12.4,14.7,12.7],"texture":"#4"},"down":{"uv":[15.3,10.8,15.2,11.1],"texture":"#4"}}},{"from":[7.8755,23.31714,5.61208],"to":[8.1245,24.89214,6.41208],"rotation":{"angle":0,"axis":"y","origin":[7.6255,23.39214,5.86208]},"faces":{"north":{"uv":[4.8,14.8,4.9,15.4],"texture":"#4"},"east":{"uv":[6.8,12.8,7.1,13.4],"texture":"#4"},"south":{"uv":[6.8,14.8,6.9,15.4],"texture":"#4"},"west":{"uv":[7.6,12.8,7.9,13.4],"texture":"#4"}}},{"from":[7.8755,23.31714,9.58792],"to":[8.1245,24.89214,10.38792],"rotation":{"angle":0,"axis":"y","origin":[7.6255,23.39214,10.13792]},"faces":{"north":{"uv":[6.9,14.8,6.8,15.4],"texture":"#4"},"east":{"uv":[7.1,12.8,6.8,13.4],"texture":"#4"},"south":{"uv":[4.9,14.8,4.8,15.4],"texture":"#4"},"west":{"uv":[7.9,12.8,7.6,13.4],"texture":"#4"}}},{"from":[7.8755,22.33148,9.94858],"to":[8.1245,23.08148,10.69858],"rotation":{"angle":0,"axis":"y","origin":[8.0005,22.70648,9.94858]},"faces":{"east":{"uv":[14.7,10.8,14.4,11.1],"texture":"#4"},"west":{"uv":[14.7,12.4,14.4,12.7],"texture":"#4"},"down":{"uv":[15.3,11.1,15.2,10.8],"texture":"#4"}}},{"from":[7.875,24.71537,9.71115],"to":[8.125,26.46537,10.46115],"rotation":{"angle":-45,"axis":"x","origin":[7.625,24.71537,10.21115]},"faces":{"north":{"uv":[0.1,14.8,0,15.5],"texture":"#4"},"east":{"uv":[2.3,12.4,2,13.1],"texture":"#4"},"south":{"uv":[14.1,14.4,14,15.1],"texture":"#4"},"west":{"uv":[3.1,12.4,2.8,13.1],"texture":"#4"},"up":{"uv":[15.3,8,15.2,8.3],"texture":"#4"},"down":{"uv":[10.1,15.5,10,15.2],"texture":"#4"}}},{"from":[7.875,22.68504,10.55214],"to":[8.125,24.18504,11.30214],"rotation":{"angle":-45,"axis":"x","origin":[7.625,22.68504,11.05214]},"faces":{"north":{"uv":[4.1,14.8,4,15.4],"texture":"#4"},"east":{"uv":[12.7,7.2,12.4,7.8],"texture":"#4"},"south":{"uv":[14.9,1.2,14.8,1.8],"texture":"#4"},"west":{"uv":[12.7,10.4,12.4,11],"texture":"#4"},"up":{"uv":[15.3,2.4,15.2,2.7],"texture":"#4"},"down":{"uv":[5.7,15.5,5.6,15.2],"texture":"#4"}}},{"from":[7.875,23.21537,8.62536],"to":[8.125,24.21537,10.12536],"rotation":{"angle":-45,"axis":"x","origin":[7.625,23.21537,10.87536]},"faces":{"north":{"uv":[14.9,11.6,14.8,12],"texture":"#4"},"east":{"uv":[12.2,12,11.6,12.4],"texture":"#4"},"west":{"uv":[13,0,12.4,0.4],"texture":"#4"},"up":{"uv":[14.9,0,14.8,0.6],"texture":"#4"},"down":{"uv":[0.9,15.4,0.8,14.8],"texture":"#4"}}},{"from":[7.18464,21.37597,7.875],"to":[8.68464,22.37597,8.125],"rotation":{"angle":-45,"axis":"z","origin":[8,23.87698,8]},"faces":{"north":{"uv":[13,0,12.4,0.4],"texture":"#4"},"east":{"uv":[14.9,11.6,14.8,12],"texture":"#4"},"south":{"uv":[12.2,12,11.6,12.4],"texture":"#4"},"up":{"uv":[14.9,0,14.8,0.6],"rotation":90,"texture":"#4"},"down":{"uv":[0.9,15.4,0.8,14.8],"rotation":270,"texture":"#4"}}},{"from":[6.43464,20.87596,7.875],"to":[7.18464,22.37596,8.125],"rotation":{"angle":-45,"axis":"z","origin":[8,23.87698,8]},"faces":{"north":{"uv":[12.7,10.4,12.4,11],"texture":"#4"},"east":{"uv":[4.1,14.8,4,15.4],"texture":"#4"},"south":{"uv":[12.7,7.2,12.4,7.8],"texture":"#4"},"west":{"uv":[14.9,1.2,14.8,1.8],"texture":"#4"},"up":{"uv":[15.3,2.4,15.2,2.7],"rotation":90,"texture":"#4"},"down":{"uv":[5.7,15.5,5.6,15.2],"rotation":270,"texture":"#4"}}},{"from":[5.59365,22.90629,7.875],"to":[6.34365,24.65629,8.125],"rotation":{"angle":-45,"axis":"z","origin":[8,23.87698,8]},"faces":{"north":{"uv":[3.1,12.4,2.8,13.1],"texture":"#4"},"east":{"uv":[0.1,14.8,0,15.5],"texture":"#4"},"south":{"uv":[2.3,12.4,2,13.1],"texture":"#4"},"west":{"uv":[14.1,14.4,14,15.1],"texture":"#4"},"up":{"uv":[15.3,8,15.2,8.3],"rotation":90,"texture":"#4"},"down":{"uv":[10.1,15.5,10,15.2],"rotation":270,"texture":"#4"}}},{"from":[5.30142,22.33148,7.8755],"to":[6.05142,23.08148,8.1245],"rotation":{"angle":0,"axis":"y","origin":[8,23.87698,8]},"faces":{"north":{"uv":[14.7,12.4,14.4,12.7],"texture":"#4"},"south":{"uv":[14.7,10.8,14.4,11.1],"texture":"#4"},"down":{"uv":[15.3,11.1,15.2,10.8],"rotation":270,"texture":"#4"}}},{"from":[5.61208,23.31714,7.8755],"to":[6.41208,24.89214,8.1245],"rotation":{"angle":0,"axis":"y","origin":[8,23.87698,8]},"faces":{"north":{"uv":[7.9,12.8,7.6,13.4],"texture":"#4"},"east":{"uv":[6.9,14.8,6.8,15.4],"texture":"#4"},"south":{"uv":[7.1,12.8,6.8,13.4],"texture":"#4"},"west":{"uv":[4.9,14.8,4.8,15.4],"texture":"#4"}}},{"from":[9.58792,23.31714,7.8755],"to":[10.38792,24.89214,8.1245],"rotation":{"angle":0,"axis":"y","origin":[8,23.87698,8]},"faces":{"north":{"uv":[7.6,12.8,7.9,13.4],"texture":"#4"},"east":{"uv":[4.8,14.8,4.9,15.4],"texture":"#4"},"south":{"uv":[6.8,12.8,7.1,13.4],"texture":"#4"},"west":{"uv":[6.8,14.8,6.9,15.4],"texture":"#4"}}},{"from":[9.94858,22.33148,7.8755],"to":[10.69858,23.08148,8.1245],"rotation":{"angle":0,"axis":"y","origin":[8,23.87698,8]},"faces":{"north":{"uv":[14.4,12.4,14.7,12.7],"texture":"#4"},"south":{"uv":[14.4,10.8,14.7,11.1],"texture":"#4"},"down":{"uv":[15.3,10.8,15.2,11.1],"rotation":270,"texture":"#4"}}},{"from":[9.65635,22.90629,7.875],"to":[10.40635,24.65629,8.125],"rotation":{"angle":45,"axis":"z","origin":[8,23.87698,8]},"faces":{"north":{"uv":[2.8,12.4,3.1,13.1],"texture":"#4"},"east":{"uv":[14,14.4,14.1,15.1],"texture":"#4"},"south":{"uv":[2,12.4,2.3,13.1],"texture":"#4"},"west":{"uv":[0,14.8,0.1,15.5],"texture":"#4"},"up":{"uv":[15.3,8.3,15.2,8],"rotation":90,"texture":"#4"},"down":{"uv":[10.1,15.2,10,15.5],"rotation":270,"texture":"#4"}}},{"from":[8.81536,20.87596,7.875],"to":[9.56536,22.37596,8.125],"rotation":{"angle":45,"axis":"z","origin":[8,23.87698,8]},"faces":{"north":{"uv":[12.4,10.4,12.7,11],"texture":"#4"},"east":{"uv":[14.8,1.2,14.9,1.8],"texture":"#4"},"south":{"uv":[12.4,7.2,12.7,7.8],"texture":"#4"},"west":{"uv":[4,14.8,4.1,15.4],"texture":"#4"},"up":{"uv":[15.3,2.7,15.2,2.4],"rotation":90,"texture":"#4"},"down":{"uv":[5.7,15.2,5.6,15.5],"rotation":270,"texture":"#4"}}},{"from":[7.31536,21.37597,7.875],"to":[8.81536,22.37597,8.125],"rotation":{"angle":45,"axis":"z","origin":[8,23.87698,8]},"faces":{"north":{"uv":[12.4,0,13,0.4],"texture":"#4"},"south":{"uv":[11.6,12,12.2,12.4],"texture":"#4"},"west":{"uv":[14.8,11.6,14.9,12],"texture":"#4"},"up":{"uv":[14.9,0.6,14.8,0],"rotation":90,"texture":"#4"},"down":{"uv":[0.9,14.8,0.8,15.4],"rotation":270,"texture":"#4"}}},{"from":[7.875,-8.51537,6.31385],"to":[8.125,-7.26537,7.06385],"rotation":{"angle":-45,"axis":"x","origin":[7.625,-7.26537,6.56385]},"faces":{"north":{"uv":[2.4,15.2,2.5,15.7],"texture":"#4"},"east":{"uv":[13.2,2.4,13.5,2.9],"texture":"#4"},"south":{"uv":[3.2,15.2,3.3,15.7],"texture":"#4"},"west":{"uv":[3.6,13.2,3.9,13.7],"texture":"#4"},"up":{"uv":[12.1,15.5,12,15.2],"texture":"#4"},"down":{"uv":[15.3,12.4,15.2,12.7],"texture":"#4"}}},{"from":[7.875,-7.86892,7.62451],"to":[8.125,-7.11892,7.87451],"rotation":{"angle":-45,"axis":"x","origin":[7.625,-7.61892,7.62451]},"faces":{"east":{"uv":[12.8,15.2,12.9,15.5],"texture":"#4"},"south":{"uv":[15.2,13.2,15.3,13.5],"texture":"#4"},"west":{"uv":[14.8,15.2,14.9,15.5],"texture":"#4"},"up":{"uv":[15.7,5.7,15.6,5.6],"texture":"#4"},"down":{"uv":[15.7,6.4,15.6,6.5],"texture":"#4"}}},{"from":[7.8755,-7.44214,6.38708],"to":[8.1245,-5.94214,7.13708],"rotation":{"angle":0,"axis":"y","origin":[7.6255,-5.94214,6.63708]},"faces":{"north":{"uv":[7.6,14.8,7.7,15.4],"texture":"#4"},"east":{"uv":[8.4,12.8,8.7,13.4],"texture":"#4"},"south":{"uv":[8.4,14.8,8.5,15.4],"texture":"#4"},"west":{"uv":[11.6,12.8,11.9,13.4],"texture":"#4"}}},{"from":[7.875,-6.73504,5.47286],"to":[8.125,-5.23504,6.22286],"rotation":{"angle":-45,"axis":"x","origin":[7.625,-5.23504,5.72286]},"faces":{"north":{"uv":[9.2,14.8,9.3,15.4],"texture":"#4"},"east":{"uv":[12.8,11.6,13.1,12.2],"texture":"#4"},"south":{"uv":[11.2,14.8,11.3,15.4],"texture":"#4"},"west":{"uv":[12.4,12.8,12.7,13.4],"texture":"#4"},"up":{"uv":[15.7,0.3,15.6,0],"texture":"#4"},"down":{"uv":[15.7,0.8,15.6,1.1],"texture":"#4"}}},{"from":[7.875,-6.76537,6.64964],"to":[8.125,-5.76537,8.14964],"rotation":{"angle":-45,"axis":"x","origin":[7.625,-5.76537,5.89964]},"faces":{"east":{"uv":[0.8,12.4,1.4,12.8],"texture":"#4"},"west":{"uv":[12.4,0.8,13,1.2],"texture":"#4"},"up":{"uv":[14.9,14.6,14.8,14],"texture":"#4"},"down":{"uv":[1.7,15.2,1.6,15.8],"texture":"#4"}}},{"from":[7.8755,-5.63148,6.07642],"to":[8.1245,-4.88148,6.82642],"rotation":{"angle":0,"axis":"y","origin":[8.0005,-5.25648,6.82642]},"faces":{"east":{"uv":[13.2,14.4,13.5,14.7],"texture":"#4"},"west":{"uv":[14.4,13.2,14.7,13.5],"texture":"#4"},"up":{"uv":[15.7,1.9,15.6,1.6],"texture":"#4"}}},{"from":[7.75,-4.6875,7.71827],"to":[8.25,-3.4375,9.96827],"rotation":{"angle":-22.5,"axis":"x","origin":[8,-4.1875,8.90577]},"faces":{"north":{"uv":[12.4,14,12.6,14.5],"texture":"#4"},"east":{"uv":[9.6,6.8,10.5,7.3],"texture":"#4"},"west":{"uv":[9.6,8,10.5,8.5],"texture":"#4"},"up":{"uv":[0.2,14.1,0,13.2],"texture":"#4"},"down":{"uv":[1,13.2,0.8,14.1],"texture":"#4"}}},{"from":[7.985,-11,6],"to":[8.015,-4,10],"rotation":{"angle":0,"axis":"y","origin":[6.985,-5,6]},"faces":{"east":{"uv":[1.6,0,0,2.8],"texture":"#4"},"west":{"uv":[0,0,1.6,2.8],"texture":"#4"}}},{"from":[7.985,-4.73097,4.01641],"to":[8.015,-3.48097,6.51641],"rotation":{"angle":0,"axis":"y","origin":[7.985,-5.23097,3.51641]},"faces":{"east":{"uv":[4.6,8.4,3.6,8.9],"texture":"#4"},"west":{"uv":[3.6,8.4,4.6,8.9],"texture":"#4"}}},{"from":[7.875,-6.76537,7.85036],"to":[8.125,-5.76537,9.35036],"rotation":{"angle":45,"axis":"x","origin":[7.625,-5.76537,10.10036]},"faces":{"east":{"uv":[1.4,12.4,0.8,12.8],"texture":"#4"},"west":{"uv":[13,0.8,12.4,1.2],"texture":"#4"},"up":{"uv":[14.9,14,14.8,14.6],"texture":"#4"},"down":{"uv":[1.7,15.8,1.6,15.2],"texture":"#4"}}},{"from":[7.8755,-5.63148,9.17358],"to":[8.1245,-4.88148,9.92358],"rotation":{"angle":0,"axis":"y","origin":[8.0005,-5.25648,9.17358]},"faces":{"east":{"uv":[13.5,14.4,13.2,14.7],"texture":"#4"},"west":{"uv":[14.7,13.2,14.4,13.5],"texture":"#4"},"up":{"uv":[15.7,1.6,15.6,1.9],"texture":"#4"}}},{"from":[7.875,-6.73504,9.77714],"to":[8.125,-5.23504,10.52714],"rotation":{"angle":45,"axis":"x","origin":[7.625,-5.23504,10.27714]},"faces":{"north":{"uv":[11.3,14.8,11.2,15.4],"texture":"#4"},"east":{"uv":[13.1,11.6,12.8,12.2],"texture":"#4"},"south":{"uv":[9.3,14.8,9.2,15.4],"texture":"#4"},"west":{"uv":[12.7,12.8,12.4,13.4],"texture":"#4"},"up":{"uv":[15.7,0,15.6,0.3],"texture":"#4"},"down":{"uv":[15.7,1.1,15.6,0.8],"texture":"#4"}}},{"from":[7.8755,-7.44214,8.86292],"to":[8.1245,-5.94214,9.61292],"rotation":{"angle":0,"axis":"y","origin":[7.6255,-5.94214,9.36292]},"faces":{"north":{"uv":[8.5,14.8,8.4,15.4],"texture":"#4"},"east":{"uv":[8.7,12.8,8.4,13.4],"texture":"#4"},"south":{"uv":[7.7,14.8,7.6,15.4],"texture":"#4"},"west":{"uv":[11.9,12.8,11.6,13.4],"texture":"#4"}}},{"from":[7.875,-8.51537,8.93615],"to":[8.125,-7.26537,9.68615],"rotation":{"angle":45,"axis":"x","origin":[7.625,-7.26537,9.43615]},"faces":{"north":{"uv":[3.3,15.2,3.2,15.7],"texture":"#4"},"east":{"uv":[13.5,2.4,13.2,2.9],"texture":"#4"},"south":{"uv":[2.5,15.2,2.4,15.7],"texture":"#4"},"west":{"uv":[3.9,13.2,3.6,13.7],"texture":"#4"},"up":{"uv":[12.1,15.2,12,15.5],"texture":"#4"},"down":{"uv":[15.3,12.7,15.2,12.4],"texture":"#4"}}},{"from":[7.875,-7.86892,8.12549],"to":[8.125,-7.11892,8.37549],"rotation":{"angle":45,"axis":"x","origin":[7.625,-7.61892,8.37549]},"faces":{"north":{"uv":[15.3,13.2,15.2,13.5],"texture":"#4"},"east":{"uv":[12.9,15.2,12.8,15.5],"texture":"#4"},"west":{"uv":[14.9,15.2,14.8,15.5],"texture":"#4"},"up":{"uv":[15.7,5.6,15.6,5.7],"texture":"#4"},"down":{"uv":[15.7,6.5,15.6,6.4],"texture":"#4"}}},{"from":[7.625,-5.25,8.57926],"to":[8.375,-3,9.57926],"rotation":{"angle":22.5,"axis":"x","origin":[7.625,-5,9.57926]},"faces":{"north":{"uv":[11.1,11.6,10.8,12.5],"texture":"#4"},"east":{"uv":[6.4,10.8,6,11.7],"texture":"#4"},"south":{"uv":[11.9,10.4,11.6,11.3],"texture":"#4"},"west":{"uv":[0.4,11.6,0,12.5],"texture":"#4"},"up":{"uv":[11.1,13.2,10.8,13.6],"texture":"#4"},"down":{"uv":[3.1,14,2.8,13.6],"texture":"#4"}}},{"from":[7.985,-4.73097,9.48359],"to":[8.015,-3.48097,11.98359],"rotation":{"angle":0,"axis":"y","origin":[7.985,-5.23097,12.48359]},"faces":{"east":{"uv":[3.6,8.4,4.6,8.9],"texture":"#4"},"west":{"uv":[4.6,8.4,3.6,8.9],"texture":"#4"}}},{"from":[6.75,-11,5.73984],"to":[6.78,-6,8.23984],"rotation":{"angle":22.5,"axis":"y","origin":[6.75,-11,5.23984]},"faces":{"east":{"uv":[5,0,0,10],"texture":"#2"},"west":{"uv":[0,0,5,10],"texture":"#2"}}},{"from":[6.75,-11,7.76016],"to":[6.78,-6,10.26016],"rotation":{"angle":-22.5,"axis":"y","origin":[6.75,-11,10.76016]},"faces":{"east":{"uv":[0,0,5,10],"texture":"#2"},"west":{"uv":[5,0,0,10],"texture":"#2"}}},{"from":[9.22,-11,7.76016],"to":[9.25,-6,10.26016],"rotation":{"angle":22.5,"axis":"y","origin":[9.25,-11,10.76016]},"faces":{"east":{"uv":[0,0,5,10],"texture":"#2"},"west":{"uv":[5,0,0,10],"texture":"#2"}}},{"from":[9.22,-11,5.73984],"to":[9.25,-6,8.23984],"rotation":{"angle":-22.5,"axis":"y","origin":[9.25,-11,5.23984]},"faces":{"east":{"uv":[5,0,0,10],"texture":"#2"},"west":{"uv":[0,0,5,10],"texture":"#2"}}},{"from":[6.79289,14.5,7.5],"to":[8.79289,19.5,9.5],"rotation":{"angle":45,"axis":"y","origin":[7.29289,14.75,8]},"faces":{"north":{"uv":[2,0,2.8,2],"texture":"#4"},"east":{"uv":[2,2.4,2.8,4.4],"texture":"#4"},"south":{"uv":[0,3.2,0.8,5.2],"texture":"#4"},"west":{"uv":[3.2,0,4,2],"texture":"#4"},"up":{"uv":[5.2,8,4.4,7.2],"texture":"#4"},"down":{"uv":[8,6,7.2,6.8],"texture":"#4"}}},{"from":[8,-1.5,7.11612],"to":[9.25,1,8.36612],"rotation":{"angle":-45,"axis":"y","origin":[8,6,7.11612]},"faces":{"north":{"uv":[8.4,6,8.9,7],"texture":"#4"},"east":{"uv":[8.4,7.6,8.9,8.6],"texture":"#4"},"south":{"uv":[0,8.8,0.5,9.8],"texture":"#4"},"west":{"uv":[8.8,0,9.3,1],"texture":"#4"}}},{"from":[8,11.5,7.11612],"to":[9.25,14.5,8.36612],"rotation":{"angle":-45,"axis":"y","origin":[8,17.5,7.11612]},"faces":{"north":{"uv":[7.2,7.2,7.7,8.4],"texture":"#4"},"east":{"uv":[5.6,8,6.1,9.2],"texture":"#4"},"south":{"uv":[1.2,8.4,1.7,9.6],"texture":"#4"},"west":{"uv":[2.4,8.4,2.9,9.6],"texture":"#4"}}},{"from":[6.75,24.25,8.25],"to":[9.25,26.75,10.75],"rotation":{"angle":-45,"axis":"x","origin":[6.5,24,8]},"faces":{"north":{"uv":[5.6,0,6.6,1],"texture":"#4"},"east":{"uv":[5.6,1.6,6.6,2.6],"texture":"#4"},"south":{"uv":[2.8,5.6,3.8,6.6],"texture":"#4"},"west":{"uv":[5.6,3.2,6.6,4.2],"texture":"#4"},"up":{"uv":[6.6,5.8,5.6,4.8],"texture":"#4"},"down":{"uv":[6.6,6.4,5.6,7.4],"texture":"#4"}}},{"from":[5.87868,21,8],"to":[8.87868,22.5,11],"rotation":{"angle":45,"axis":"y","origin":[5.87868,21,8]},"faces":{"north":{"uv":[7.2,2.4,8.4,3],"texture":"#4"},"east":{"uv":[2.8,7.2,4,7.8],"texture":"#4"},"south":{"uv":[7.2,3.6,8.4,4.2],"texture":"#4"},"west":{"uv":[7.2,4.8,8.4,5.4],"texture":"#4"},"up":{"uv":[4.4,3.6,3.2,2.4],"texture":"#4"},"down":{"uv":[4.4,4,3.2,5.2],"texture":"#4"}}},{"name":"cube_outline","from":[9.35,26.85,10.85],"to":[6.65,24.15,8.15],"rotation":{"angle":-45,"axis":"x","origin":[6.5,24,8]},"faces":{"north":{"uv":[0,0,3.66667,3.66667],"texture":"#6"},"east":{"uv":[0,4,3.66667,7.66667],"texture":"#6"},"south":{"uv":[4,0,7.66667,3.66667],"texture":"#6"},"west":{"uv":[4,4,7.66667,7.66667],"texture":"#6"},"up":{"uv":[3.66667,11.66667,0,8],"texture":"#6"},"down":{"uv":[11.66667,0,8,3.66667],"texture":"#6"}}},{"from":[8.31756,22,5.68244],"to":[10.31756,28,5.71244],"rotation":{"angle":45,"axis":"y","origin":[8,25,8]},"faces":{"north":{"uv":[8,0,12,12],"texture":"#7"},"south":{"uv":[12,0,8,12],"texture":"#7"}}},{"from":[5.68244,22,5.68244],"to":[7.68244,28,5.71244],"rotation":{"angle":-45,"axis":"y","origin":[8,25,8]},"faces":{"north":{"uv":[4,0,8,12],"texture":"#7"},"south":{"uv":[8,0,4,12],"texture":"#7"}}},{"from":[9.38421,22,6.13669],"to":[9.41421,28,8.13669],"rotation":{"angle":0,"axis":"y","origin":[8,25,8]},"faces":{"east":{"uv":[0,0,4,12],"texture":"#7"},"west":{"uv":[4,0,0,12],"texture":"#7"}}},{"from":[5.68244,22,10.28756],"to":[7.68244,28,10.31756],"rotation":{"angle":45,"axis":"y","origin":[8,25,8]},"faces":{"north":{"uv":[12,0,8,12],"texture":"#7"},"south":{"uv":[8,0,12,12],"texture":"#7"}}},{"from":[8.31756,22,10.28756],"to":[10.31756,28,10.31756],"rotation":{"angle":-45,"axis":"y","origin":[8,25,8]},"faces":{"north":{"uv":[8,0,4,12],"texture":"#7"},"south":{"uv":[4,0,8,12],"texture":"#7"}}},{"from":[6.58579,22,7.86331],"to":[6.61579,28,9.86331],"rotation":{"angle":0,"axis":"y","origin":[8,25,8]},"faces":{"east":{"uv":[4,0,0,12],"texture":"#7"},"west":{"uv":[0,0,4,12],"texture":"#7"}}}],"gui_light":"front","display":{"thirdperson_righthand":{"translation":[0,-1,1]},"thirdperson_lefthand":{"translation":[0,-1,1]},"firstperson_righthand":{"rotation":[-5,0,0],"translation":[3.75,-2.5,0],"scale":[0.8,0.8,0.8]},"firstperson_lefthand":{"rotation":[-5,0,0],"translation":[3.75,-2.5,0],"scale":[0.8,0.8,0.8]},"ground":{"rotation":[-45,0,0],"translation":[0,5,0],"scale":[0.7,0.7,0.7]},"gui":{"rotation":[-90,45,90],"translation":[0.25,-0.25,0],"scale":[0.6,0.6,0.6]},"head":{"rotation":[0,-90,0]},"fixed":{"rotation":[0,-90,0],"translation":[0,0,-1.75],"scale":[2,2,2]}},"groups":[{"name":"staff","origin":[7.625,-5,9.57926],"color":0,"children":[0,1,2,3,4,5,6,7,8,9,10,11,12,13,14,15,16,17,18,19,20,21,22,23,24,25,26,27,28,29,30,31,32,33,34,35,36,37,38,39,40,41,42,43,44,45,46,47,48,49,50,51,52,53,54,55,56,57,58,59,60,61,62,63,64,65,66,67,68,69,70,71,72,73,74,75,76,77,78,79,80,81,82,83,84,85,86,87,88,89,90,91,92,93,94,95,96]}],"USER":"{{USER}}","NONCE":"{{NONCE}}","TIMESTAMP":"{{TIMESTAMP}}","RESOURCE":"{{RESOURCE}}","mcmodels":"30d4610397b833f341e6d8c0581961d8"}