{
	"credit": "by w11shes",
	"textures": {
		"0": "elitecreatures:goblin_assortment/goblin_helmet",
		"particle": "elitecreatures:goblin_assortment/goblin_helmet"
	},
	"elements": [
		{
			"from": [2, 0, 2],
			"to": [14, 2, 14],
			"faces": {
				"north": {"uv": [0, 6, 3, 6.5], "texture": "#0"},
				"east": {"uv": [9.25, 4.25, 6.25, 4.75], "texture": "#0"},
				"south": {"uv": [6.25, 3.75, 9.25, 4.25], "texture": "#0"},
				"west": {"uv": [6.25, 4.25, 9.25, 4.75], "texture": "#0"},
				"up": {"uv": [3, 3, 0, 0], "texture": "#0"},
				"down": {"uv": [3, 3, 0, 6], "texture": "#0"}
			}
		},
		{
			"from": [3, -4, 3],
			"to": [13, 6, 13],
			"faces": {
				"north": {"uv": [3, 0, 5.5, 2.5], "texture": "#0"},
				"east": {"uv": [5.5, 5, 3, 7.5], "texture": "#0"},
				"south": {"uv": [3, 2.5, 5.5, 5], "texture": "#0"},
				"west": {"uv": [3, 5, 5.5, 7.5], "texture": "#0"},
				"up": {"uv": [8, 2.5, 5.5, 0], "texture": "#0"}
			}
		},
		{
			"from": [13, 6, 13],
			"to": [3, -4, 3],
			"faces": {
				"north": {"uv": [3, 5, 5.5, 2.5], "texture": "#0"},
				"east": {"uv": [3, 7.5, 5.5, 5], "texture": "#0"},
				"south": {"uv": [3, 2.5, 5.5, 0], "texture": "#0"},
				"west": {"uv": [5.5, 7.5, 3, 5], "texture": "#0"},
				"down": {"uv": [5.5, 2.5, 8, 0], "texture": "#0"}
			}
		},
		{
			"from": [6.5, 2, 2],
			"to": [9.5, 7, 14],
			"faces": {
				"north": {"uv": [6.25, 5.75, 7, 7], "texture": "#0"},
				"east": {"uv": [8.5, 2.5, 5.5, 3.75], "texture": "#0"},
				"south": {"uv": [0, 6.5, 0.75, 7.75], "texture": "#0"},
				"west": {"uv": [5.5, 2.5, 8.5, 3.75], "texture": "#0"},
				"up": {"uv": [6.25, 6.75, 5.5, 3.75], "texture": "#0"}
			}
		},
		{
			"from": [5, -0.5, 1],
			"to": [9, 3.5, 3],
			"rotation": {"angle": 45, "axis": "z", "origin": [8, 2.5, 2]},
			"faces": {
				"north": {"uv": [6.25, 4.75, 7.25, 5.75], "texture": "#0"},
				"east": {"uv": [0.75, 6.5, 1.25, 7.5], "texture": "#0"},
				"west": {"uv": [1.25, 6.5, 1.75, 7.5], "texture": "#0"},
				"up": {"uv": [2.75, 7, 1.75, 6.5], "texture": "#0"},
				"down": {"uv": [2.75, 7, 1.75, 7.5], "texture": "#0"}
			}
		}
	],
	"gui_light": "front",
	"display": {
		"thirdperson_righthand": {
			"rotation": [42.76, 10.93, -4.97],
			"translation": [0, 4, 0],
			"scale": [0.54492, 0.54492, 0.54492]
		},
		"thirdperson_lefthand": {
			"rotation": [42.76, 10.93, -4.97],
			"translation": [0, 4, 0],
			"scale": [0.54492, 0.54492, 0.54492]
		},
		"firstperson_righthand": {
			"rotation": [0, 106, 0],
			"translation": [10, 8, -12],
			"scale": [1.56445, 1.56445, 1.56445]
		},
		"firstperson_lefthand": {
			"rotation": [0, 106, 0],
			"translation": [10, 8, -12],
			"scale": [1.56445, 1.56445, 1.56445]
		},
		"ground": {
			"translation": [0, 3, 0],
			"scale": [0.54688, 0.54688, 0.54688]
		},
		"gui": {
			"rotation": [30, 225, 0],
			"translation": [0, 3, 0],
			"scale": [0.78164, 0.78164, 0.78164]
		},
		"head": {
			"translation": [0, 14.5, 0],
			"scale": [1.6, 1.6, 1.6]
		},
		"fixed": {
			"translation": [0, 0.5, -9.5],
			"scale": [1.61133, 1.61133, 1.61133]
		}
	}
}