{"credit":"Made by PolygonMC","texture_size":[24,24],"textures":{"2":"sweetheartset:animations/animations_03","4":"sweetheartset:hammer","particle":"sweetheartset:animations/animations_03"},"elements":[{"from":[7.425,-0.075,7.425],"to":[8.575,1.075,8.575],"rotation":{"angle":45,"axis":"x","origin":[8,0.5,8]},"faces":{"north":{"uv":[8.66667,2.66667,9.33333,3.33333],"texture":"#4"},"east":{"uv":[4.66667,10.66667,5.33333,11.33333],"texture":"#4"},"south":{"uv":[10.66667,4.66667,11.33333,5.33333],"texture":"#4"},"west":{"uv":[5.33333,10.66667,6,11.33333],"texture":"#4"},"up":{"uv":[11.33333,6,10.66667,5.33333],"texture":"#4"},"down":{"uv":[6.66667,10.66667,6,11.33333],"texture":"#4"}}},{"from":[7.5,0.7,7.5],"to":[8.5,1.7,8.5],"rotation":{"angle":0,"axis":"y","origin":[7.5,0.7,7.5]},"faces":{"north":{"uv":[10.66667,6,11.33333,6.66667],"texture":"#4"},"east":{"uv":[6.66667,10.66667,7.33333,11.33333],"texture":"#4"},"south":{"uv":[10.66667,6.66667,11.33333,7.33333],"texture":"#4"},"west":{"uv":[7.33333,10.66667,8,11.33333],"texture":"#4"},"up":{"uv":[11.33333,8,10.66667,7.33333],"texture":"#4"}}},{"from":[7.5,1.85,7.5],"to":[8.5,2.35,8.5],"rotation":{"angle":0,"axis":"y","origin":[7.5,1.85,7.5]},"faces":{"north":{"uv":[7.33333,11.33333,8,11.66667],"texture":"#4"},"east":{"uv":[11.33333,7.33333,12,7.66667],"texture":"#4"},"south":{"uv":[8,11.33333,8.66667,11.66667],"texture":"#4"},"west":{"uv":[11.33333,8,12,8.33333],"texture":"#4"},"up":{"uv":[11.33333,8.66667,10.66667,8],"texture":"#4"},"down":{"uv":[11.33333,8.66667,10.66667,9.33333],"texture":"#4"}}},{"from":[7.5,3.55,7.5],"to":[8.5,4.05,8.5],"rotation":{"angle":0,"axis":"y","origin":[7.5,3.55,7.5]},"faces":{"north":{"uv":[8.66667,11.33333,9.33333,11.66667],"texture":"#4"},"east":{"uv":[11.33333,8.66667,12,9],"texture":"#4"},"south":{"uv":[9.33333,11.33333,10,11.66667],"texture":"#4"},"west":{"uv":[11.33333,9.33333,12,9.66667],"texture":"#4"},"up":{"uv":[10,11.33333,9.33333,10.66667],"texture":"#4"},"down":{"uv":[11.33333,9.33333,10.66667,10],"texture":"#4"}}},{"from":[7.5,4.2,7.5],"to":[8.5,5.2,8.5],"rotation":{"angle":0,"axis":"y","origin":[7.5,4.2,7.5]},"faces":{"north":{"uv":[10,10.66667,10.66667,11.33333],"texture":"#4"},"east":{"uv":[10.66667,10,11.33333,10.66667],"texture":"#4"},"south":{"uv":[10.66667,10.66667,11.33333,11.33333],"texture":"#4"},"west":{"uv":[0,11.33333,0.66667,12],"texture":"#4"},"down":{"uv":[1.33333,11.33333,0.66667,12],"texture":"#4"}}},{"from":[7.6,1.7,7.6],"to":[8.4,4.2,8.4],"rotation":{"angle":0,"axis":"y","origin":[7.5,3.7,7.5]},"faces":{"north":{"uv":[7.33333,1.33333,8,3],"texture":"#4"},"east":{"uv":[2.66667,7.33333,3.33333,9],"texture":"#4"},"south":{"uv":[3.33333,7.33333,4,9],"texture":"#4"},"west":{"uv":[7.33333,3.33333,8,5],"texture":"#4"}}},{"from":[7.5,12.2,7.5],"to":[8.5,13.2,8.5],"rotation":{"angle":0,"axis":"y","origin":[7.5,12.2,7.5]},"faces":{"north":{"uv":[11.33333,0.66667,12,1.33333],"texture":"#4"},"east":{"uv":[1.33333,11.33333,2,12],"texture":"#4"},"south":{"uv":[11.33333,1.33333,12,2],"texture":"#4"},"west":{"uv":[2,11.33333,2.66667,12],"texture":"#4"},"up":{"uv":[3.33333,12,2.66667,11.33333],"texture":"#4"}}},{"from":[7.5,13.35,7.5],"to":[8.5,13.85,8.5],"rotation":{"angle":0,"axis":"y","origin":[7.5,13.35,7.5]},"faces":{"north":{"uv":[10,11.33333,10.66667,11.66667],"texture":"#4"},"east":{"uv":[11.33333,10,12,10.33333],"texture":"#4"},"south":{"uv":[10.66667,11.33333,11.33333,11.66667],"texture":"#4"},"west":{"uv":[11.33333,10.66667,12,11],"texture":"#4"},"up":{"uv":[12,3.33333,11.33333,2.66667],"texture":"#4"},"down":{"uv":[4,11.33333,3.33333,12],"texture":"#4"}}},{"from":[7.5,15.05,7.5],"to":[8.5,15.55,8.5],"rotation":{"angle":0,"axis":"y","origin":[7.5,15.05,7.5]},"faces":{"north":{"uv":[11.33333,11.33333,12,11.66667],"texture":"#4"},"east":{"uv":[0,12,0.66667,12.33333],"texture":"#4"},"south":{"uv":[12,0,12.66667,0.33333],"texture":"#4"},"west":{"uv":[0.66667,12,1.33333,12.33333],"texture":"#4"},"up":{"uv":[12,4,11.33333,3.33333],"texture":"#4"},"down":{"uv":[5.33333,11.33333,4.66667,12],"texture":"#4"}}},{"from":[7.5,15.7,7.5],"to":[8.5,16.7,8.5],"rotation":{"angle":0,"axis":"y","origin":[7.5,15.7,7.5]},"faces":{"north":{"uv":[11.33333,4.66667,12,5.33333],"texture":"#4"},"east":{"uv":[5.33333,11.33333,6,12],"texture":"#4"},"south":{"uv":[11.33333,5.33333,12,6],"texture":"#4"},"west":{"uv":[6,11.33333,6.66667,12],"texture":"#4"},"down":{"uv":[12,6,11.33333,6.66667],"texture":"#4"}}},{"from":[7.6,13.2,7.6],"to":[8.4,15.7,8.4],"rotation":{"angle":0,"axis":"y","origin":[7.5,15.2,7.5]},"faces":{"north":{"uv":[4,7.33333,4.66667,9],"texture":"#4"},"east":{"uv":[7.33333,5.33333,8,7],"texture":"#4"},"south":{"uv":[7.33333,7.33333,8,9],"texture":"#4"},"west":{"uv":[8,1.33333,8.66667,3],"texture":"#4"}}},{"from":[7.25,16.5,7.5],"to":[8.75,18,9],"rotation":{"angle":45,"axis":"x","origin":[8,17.5,8]},"faces":{"east":{"uv":[8,3.33333,9,4.33333],"texture":"#4"},"south":{"uv":[4.66667,8,5.66667,9],"texture":"#4"},"west":{"uv":[8,4.66667,9,5.66667],"texture":"#4"},"down":{"uv":[7,8,6,9],"texture":"#4"}}},{"from":[7.5,18,7.5],"to":[8.5,19.5,9],"rotation":{"angle":-45,"axis":"x","origin":[8,18.5,8]},"faces":{"east":{"uv":[8,6,9,7],"texture":"#4"},"south":{"uv":[10,1.33333,10.66667,2.33333],"texture":"#4"},"west":{"uv":[8,7.33333,9,8.33333],"texture":"#4"},"up":{"uv":[8.66667,11,8,10],"texture":"#4"}}},{"from":[7.25,18,7.5],"to":[8.75,19.5,9],"rotation":{"angle":45,"axis":"x","origin":[8,17.5,8]},"faces":{"north":{"uv":[8.66667,1.33333,9.66667,2.33333],"texture":"#4"},"east":{"uv":[8,8.66667,9,9.66667],"texture":"#4"},"south":{"uv":[9.33333,0,10.33333,1],"texture":"#4"},"west":{"uv":[2.66667,9.33333,3.66667,10.33333],"texture":"#4"},"up":{"uv":[10.33333,3.66667,9.33333,2.66667],"texture":"#4"},"down":{"uv":[5,9.33333,4,10.33333],"texture":"#4"}}},{"from":[7.25,16.5,6],"to":[8.75,18,7.5],"rotation":{"angle":45,"axis":"x","origin":[8,17.5,8]},"faces":{"north":{"uv":[9.33333,4,10.33333,5],"texture":"#4"},"east":{"uv":[5.33333,9.33333,6.33333,10.33333],"texture":"#4"},"south":{"uv":[9.33333,5.33333,10.33333,6.33333],"texture":"#4"},"west":{"uv":[6.66667,9.33333,7.66667,10.33333],"texture":"#4"},"up":{"uv":[10.33333,7.66667,9.33333,6.66667],"texture":"#4"},"down":{"uv":[10.33333,8,9.33333,9],"texture":"#4"}}},{"from":[7.975,-2,6.5],"to":[8.025,0.5,9],"rotation":{"angle":-45,"axis":"x","origin":[7.975,-0.5,8]},"faces":{"east":{"uv":[2.66667,5.33333,4.33333,7],"texture":"#4"},"west":{"uv":[4.66667,6,6.33333,7.66667],"texture":"#4"}}},{"from":[7.4,5.2,7.4],"to":[8.6,12.2,8.6],"rotation":{"angle":0,"axis":"y","origin":[7.5,5.2,7.5]},"faces":{"north":{"uv":[0,5.33333,0.66667,10],"texture":"#4"},"east":{"uv":[0.66667,5.33333,1.33333,10],"texture":"#4"},"south":{"uv":[1.33333,5.33333,2,10],"texture":"#4"},"west":{"uv":[2,5.33333,2.66667,10],"texture":"#4"},"up":{"uv":[7.33333,12,6.66667,11.33333],"texture":"#4"},"down":{"uv":[12,6.66667,11.33333,7.33333],"texture":"#4"}}},{"from":[4.5,14.25,1.5],"to":[11.5,21.25,1.55],"rotation":{"angle":0,"axis":"y","origin":[8,28.25,8]},"faces":{"north":{"uv":[0,0,16,16],"texture":"#2"},"south":{"uv":[16,0,0,16],"texture":"#2"}}},{"from":[4.5,14.25,14.45],"to":[11.5,21.25,14.5],"rotation":{"angle":0,"axis":"y","origin":[8,28.25,8]},"faces":{"north":{"uv":[0,0,16,16],"texture":"#2"},"south":{"uv":[16,0,0,16],"texture":"#2"}}},{"from":[6.5,16.75,5.25],"to":[9.5,19.75,6.25],"rotation":{"angle":45,"axis":"z","origin":[8,18.25,1.25]},"faces":{"east":{"uv":[6.66667,4,7.33333,6],"texture":"#4"},"south":{"uv":[4.66667,4,6.66667,6],"texture":"#4"},"west":{"uv":[6.66667,6,7.33333,8],"texture":"#4"},"up":{"uv":[9.33333,0.66667,7.33333,0],"texture":"#4"},"down":{"uv":[9.33333,0.66667,7.33333,1.33333],"texture":"#4"}}},{"from":[7,16.54289,1.75],"to":[8.5,18.04289,2.5],"rotation":{"angle":45,"axis":"z","origin":[8,17.54289,-2.5]},"faces":{"north":{"uv":[9.33333,9.33333,10.33333,10.33333],"texture":"#4"},"west":{"uv":[8.66667,10,9.33333,11],"texture":"#4"},"down":{"uv":[11.66667,0,10.66667,0.66667],"texture":"#4"}}},{"from":[7,15.83579,2.5],"to":[11,19.83579,5.25],"rotation":{"angle":45,"axis":"z","origin":[8,16.83579,0.25]},"faces":{"north":{"uv":[0,0,2.66667,2.66667],"texture":"#4"},"east":{"uv":[2.66667,0,4.66667,2.66667],"texture":"#4"},"south":{"uv":[0,2.66667,2.66667,5.33333],"texture":"#4"},"west":{"uv":[2.66667,2.66667,4.66667,5.33333],"texture":"#4"},"up":{"uv":[7.33333,2,4.66667,0],"texture":"#4"},"down":{"uv":[7.33333,2,4.66667,4],"texture":"#4"}}},{"from":[7.35355,18.18934,1.75],"to":[8.85355,19.68934,2.5],"rotation":{"angle":45,"axis":"z","origin":[8.35355,17.18934,-2.5]},"faces":{"north":{"uv":[1.33333,10,2.33333,11],"texture":"#4"},"east":{"uv":[10.66667,2.66667,11.33333,3.66667],"texture":"#4"},"west":{"uv":[4,10.66667,4.66667,11.66667],"texture":"#4"},"up":{"uv":[11.66667,4.66667,10.66667,4],"texture":"#4"}}},{"from":[8.64645,16.18934,1.75],"to":[10.14645,17.68934,2.5],"rotation":{"angle":45,"axis":"z","origin":[7.64645,17.18934,-2.5]},"faces":{"north":{"uv":[0,10,1,11],"texture":"#4"},"east":{"uv":[10.66667,0.66667,11.33333,1.66667],"texture":"#4"},"up":{"uv":[11.66667,2.66667,10.66667,2],"texture":"#4"},"down":{"uv":[3.66667,10.66667,2.66667,11.33333],"texture":"#4"}}},{"from":[6.5,16.75,9.75],"to":[9.5,19.75,10.75],"rotation":{"angle":45,"axis":"z","origin":[8,18.25,14.75]},"faces":{"north":{"uv":[6.66667,4,4.66667,6],"texture":"#4"},"east":{"uv":[7.33333,4,6.66667,6],"texture":"#4"},"west":{"uv":[7.33333,6,6.66667,8],"texture":"#4"},"up":{"uv":[9.33333,0,7.33333,0.66667],"texture":"#4"},"down":{"uv":[9.33333,1.33333,7.33333,0.66667],"texture":"#4"}}},{"from":[7,16.54289,13.5],"to":[8.5,18.04289,14.25],"rotation":{"angle":45,"axis":"z","origin":[8,17.54289,18.5]},"faces":{"south":{"uv":[10.33333,9.33333,9.33333,10.33333],"texture":"#4"},"west":{"uv":[9.33333,10,8.66667,11],"texture":"#4"},"down":{"uv":[11.66667,0.66667,10.66667,0],"texture":"#4"}}},{"from":[8.64645,16.18934,13.5],"to":[10.14645,17.68934,14.25],"rotation":{"angle":45,"axis":"z","origin":[7.64645,17.18934,18.5]},"faces":{"east":{"uv":[11.33333,0.66667,10.66667,1.66667],"texture":"#4"},"south":{"uv":[1,10,0,11],"texture":"#4"},"up":{"uv":[11.66667,2,10.66667,2.66667],"texture":"#4"},"down":{"uv":[3.66667,11.33333,2.66667,10.66667],"texture":"#4"}}},{"from":[7.35355,18.18934,13.5],"to":[8.85355,19.68934,14.25],"rotation":{"angle":45,"axis":"z","origin":[8.35355,17.18934,18.5]},"faces":{"east":{"uv":[11.33333,2.66667,10.66667,3.66667],"texture":"#4"},"south":{"uv":[2.33333,10,1.33333,11],"texture":"#4"},"west":{"uv":[4.66667,10.66667,4,11.66667],"texture":"#4"},"up":{"uv":[11.66667,4,10.66667,4.66667],"texture":"#4"}}},{"from":[7,15.83579,10.75],"to":[11,19.83579,13.5],"rotation":{"angle":45,"axis":"z","origin":[8,16.83579,15.75]},"faces":{"north":{"uv":[2.66667,2.66667,0,5.33333],"texture":"#4"},"east":{"uv":[4.66667,0,2.66667,2.66667],"texture":"#4"},"south":{"uv":[2.66667,0,0,2.66667],"texture":"#4"},"west":{"uv":[4.66667,2.66667,2.66667,5.33333],"texture":"#4"},"up":{"uv":[7.33333,0,4.66667,2],"texture":"#4"},"down":{"uv":[7.33333,4,4.66667,2],"texture":"#4"}}}],"gui_light":"front","display":{"thirdperson_righthand":{"translation":[0,-1.5,1]},"thirdperson_lefthand":{"translation":[0,-1.5,1]},"firstperson_righthand":{"rotation":[-10,0,0],"translation":[0,-0.5,0]},"firstperson_lefthand":{"rotation":[-10,0,0],"translation":[0,-0.5,0]},"ground":{"rotation":[-45,0,0],"translation":[0,7,2.25]},"gui":{"rotation":[-90,45,90],"translation":[2,-2,0],"scale":[0.78712,0.78712,0.78712]},"head":{"scale":[0,0,0]},"fixed":{"rotation":[90,-90,90],"translation":[0,-1.75,-1.25],"scale":[1.5,1.5,1.5]}}}