{"credit": "MadebyPolygonMC", "texture_size": [24, 24], "textures": {"0": "camillaset:chest", "particle": "camillaset:chest"}, "elements": [{"from": [4.5, 8.5, 4.5], "to": [11.5, 10.5, 11.5], "rotation": {"angle": 0, "axis": "x", "origin": [8, 8.5, 11.5]}, "faces": {"north": {"uv": [9.33333, 6.66667, 14, 8], "texture": "#0"}, "east": {"uv": [9.33333, 8, 14, 9.33333], "texture": "#0"}, "south": {"uv": [9.33333, 6.66667, 14, 8], "texture": "#0"}, "west": {"uv": [9.33333, 10.66667, 14, 12], "texture": "#0"}, "up": {"uv": [9.33333, 4.66667, 4.66667, 0], "texture": "#0"}, "down": {"uv": [9.33333, 4.66667, 4.66667, 9.33333], "texture": "#0"}}}, {"from": [4, 9, 4], "to": [5, 10, 6], "rotation": {"angle": 0, "axis": "x", "origin": [8, 8.5, 11.5]}, "faces": {"north": {"uv": [14, 6.66667, 14.66667, 7.33333], "texture": "#0"}, "east": {"uv": [14, 2.66667, 15.33333, 3.33333], "texture": "#0"}, "south": {"uv": [7.33333, 14, 8, 14.66667], "texture": "#0"}, "west": {"uv": [14, 3.33333, 15.33333, 4], "texture": "#0"}, "up": {"uv": [4.66667, 15.33333, 4, 14], "texture": "#0"}, "down": {"uv": [14.66667, 4, 14, 5.33333], "texture": "#0"}}}, {"from": [4, 10, 4], "to": [6, 11, 6], "rotation": {"angle": 0, "axis": "x", "origin": [8, 8.5, 11.5]}, "faces": {"north": {"uv": [4.66667, 14, 6, 14.66667], "texture": "#0"}, "east": {"uv": [14, 5.33333, 15.33333, 6], "texture": "#0"}, "south": {"uv": [6, 14, 7.33333, 14.66667], "texture": "#0"}, "west": {"uv": [14, 6, 15.33333, 6.66667], "texture": "#0"}, "up": {"uv": [13.33333, 14.66667, 12, 13.33333], "texture": "#0"}, "down": {"uv": [14.66667, 12, 13.33333, 13.33333], "texture": "#0"}}}, {"from": [11, 9, 4], "to": [12, 10, 6], "rotation": {"angle": 0, "axis": "x", "origin": [8, 8.5, 11.5]}, "faces": {"north": {"uv": [14.66667, 6.66667, 14, 7.33333], "texture": "#0"}, "east": {"uv": [15.33333, 3.33333, 14, 4], "texture": "#0"}, "south": {"uv": [8, 14, 7.33333, 14.66667], "texture": "#0"}, "west": {"uv": [15.33333, 2.66667, 14, 3.33333], "texture": "#0"}, "up": {"uv": [4, 15.33333, 4.66667, 14], "texture": "#0"}, "down": {"uv": [14, 4, 14.66667, 5.33333], "texture": "#0"}}}, {"from": [10, 10, 4], "to": [12, 11, 6], "rotation": {"angle": 0, "axis": "x", "origin": [8, 8.5, 11.5]}, "faces": {"north": {"uv": [6, 14, 4.66667, 14.66667], "texture": "#0"}, "east": {"uv": [15.33333, 6, 14, 6.66667], "texture": "#0"}, "south": {"uv": [7.33333, 14, 6, 14.66667], "texture": "#0"}, "west": {"uv": [15.33333, 5.33333, 14, 6], "texture": "#0"}, "up": {"uv": [12, 14.66667, 13.33333, 13.33333], "texture": "#0"}, "down": {"uv": [13.33333, 12, 14.66667, 13.33333], "texture": "#0"}}}, {"from": [4, 9, 10], "to": [5, 10, 12], "rotation": {"angle": 0, "axis": "x", "origin": [8, 8.5, 11.5]}, "faces": {"north": {"uv": [8, 14, 7.33333, 14.66667], "texture": "#0"}, "east": {"uv": [15.33333, 2.66667, 14, 3.33333], "texture": "#0"}, "south": {"uv": [14.66667, 6.66667, 14, 7.33333], "texture": "#0"}, "west": {"uv": [15.33333, 3.33333, 14, 4], "texture": "#0"}, "up": {"uv": [4.66667, 14, 4, 15.33333], "texture": "#0"}, "down": {"uv": [14.66667, 5.33333, 14, 4], "texture": "#0"}}}, {"from": [4, 10, 10], "to": [6, 11, 12], "rotation": {"angle": 0, "axis": "x", "origin": [8, 8.5, 11.5]}, "faces": {"north": {"uv": [7.33333, 14, 6, 14.66667], "texture": "#0"}, "east": {"uv": [15.33333, 5.33333, 14, 6], "texture": "#0"}, "south": {"uv": [6, 14, 4.66667, 14.66667], "texture": "#0"}, "west": {"uv": [15.33333, 6, 14, 6.66667], "texture": "#0"}, "up": {"uv": [13.33333, 13.33333, 12, 14.66667], "texture": "#0"}, "down": {"uv": [14.66667, 13.33333, 13.33333, 12], "texture": "#0"}}}, {"from": [10, 10, 10], "to": [12, 11, 12], "rotation": {"angle": 0, "axis": "x", "origin": [8, 8.5, 11.5]}, "faces": {"north": {"uv": [6, 14, 7.33333, 14.66667], "texture": "#0"}, "east": {"uv": [14, 6, 15.33333, 6.66667], "texture": "#0"}, "south": {"uv": [4.66667, 14, 6, 14.66667], "texture": "#0"}, "west": {"uv": [14, 5.33333, 15.33333, 6], "texture": "#0"}, "up": {"uv": [12, 13.33333, 13.33333, 14.66667], "texture": "#0"}, "down": {"uv": [13.33333, 13.33333, 14.66667, 12], "texture": "#0"}}}, {"from": [11, 9, 10], "to": [12, 10, 12], "rotation": {"angle": 0, "axis": "x", "origin": [8, 8.5, 11.5]}, "faces": {"north": {"uv": [7.33333, 14, 8, 14.66667], "texture": "#0"}, "east": {"uv": [14, 3.33333, 15.33333, 4], "texture": "#0"}, "south": {"uv": [14, 6.66667, 14.66667, 7.33333], "texture": "#0"}, "west": {"uv": [14, 2.66667, 15.33333, 3.33333], "texture": "#0"}, "up": {"uv": [4, 14, 4.66667, 15.33333], "texture": "#0"}, "down": {"uv": [14, 5.33333, 14.66667, 4], "texture": "#0"}}}, {"from": [4.5, 3.5, 4.5], "to": [11.5, 8.5, 11.5], "rotation": {"angle": 0, "axis": "y", "origin": [0, 3, 0]}, "faces": {"north": {"uv": [0, 9.33333, 4.66667, 12.66667], "texture": "#0"}, "east": {"uv": [9.33333, 0, 14, 3.33333], "texture": "#0"}, "south": {"uv": [9.33333, 3.33333, 14, 6.66667], "texture": "#0"}, "west": {"uv": [4.66667, 9.33333, 9.33333, 12.66667], "texture": "#0"}, "up": {"uv": [4.66667, 4.66667, 0, 0], "texture": "#0"}, "down": {"uv": [4.66667, 4.66667, 0, 9.33333], "texture": "#0"}}}, {"from": [4, 3, 4], "to": [6, 5, 6], "rotation": {"angle": 0, "axis": "y", "origin": [0, 3, 0]}, "faces": {"north": {"uv": [12, 12, 13.33333, 13.33333], "texture": "#0"}, "east": {"uv": [0, 12.66667, 1.33333, 14], "texture": "#0"}, "south": {"uv": [1.33333, 12.66667, 2.66667, 14], "texture": "#0"}, "west": {"uv": [2.66667, 12.66667, 4, 14], "texture": "#0"}, "up": {"uv": [5.33333, 14, 4, 12.66667], "texture": "#0"}, "down": {"uv": [6.66667, 12.66667, 5.33333, 14], "texture": "#0"}}}, {"from": [4, 8, 4], "to": [6, 9, 6], "rotation": {"angle": 0, "axis": "y", "origin": [0, 3, 0]}, "faces": {"north": {"uv": [1.33333, 14, 2.66667, 14.66667], "texture": "#0"}, "east": {"uv": [14, 1.33333, 15.33333, 2], "texture": "#0"}, "south": {"uv": [14, 2, 15.33333, 2.66667], "texture": "#0"}, "west": {"uv": [2.66667, 14, 4, 14.66667], "texture": "#0"}, "up": {"uv": [8, 14, 6.66667, 12.66667], "texture": "#0"}, "down": {"uv": [9.33333, 12.66667, 8, 14], "texture": "#0"}}}, {"from": [4, 5, 4], "to": [5, 8, 6], "rotation": {"angle": 0, "axis": "y", "origin": [0, 3, 0]}, "faces": {"north": {"uv": [13.33333, 13.33333, 14, 15.33333], "texture": "#0"}, "east": {"uv": [9.33333, 12, 10.66667, 14], "texture": "#0"}, "south": {"uv": [0, 14, 0.66667, 16], "texture": "#0"}, "west": {"uv": [10.66667, 12, 12, 14], "texture": "#0"}, "up": {"uv": [14.66667, 1.33333, 14, 0], "texture": "#0"}, "down": {"uv": [1.33333, 14, 0.66667, 15.33333], "texture": "#0"}}}, {"from": [10, 3, 4], "to": [12, 5, 6], "rotation": {"angle": 0, "axis": "y", "origin": [16, 3, 0]}, "faces": {"north": {"uv": [13.33333, 12, 12, 13.33333], "texture": "#0"}, "east": {"uv": [4, 12.66667, 2.66667, 14], "texture": "#0"}, "south": {"uv": [2.66667, 12.66667, 1.33333, 14], "texture": "#0"}, "west": {"uv": [1.33333, 12.66667, 0, 14], "texture": "#0"}, "up": {"uv": [4, 14, 5.33333, 12.66667], "texture": "#0"}, "down": {"uv": [5.33333, 12.66667, 6.66667, 14], "texture": "#0"}}}, {"from": [11, 5, 4], "to": [12, 8, 6], "rotation": {"angle": 0, "axis": "y", "origin": [16, 3, 0]}, "faces": {"north": {"uv": [14, 13.33333, 13.33333, 15.33333], "texture": "#0"}, "east": {"uv": [12, 12, 10.66667, 14], "texture": "#0"}, "south": {"uv": [0.66667, 14, 0, 16], "texture": "#0"}, "west": {"uv": [10.66667, 12, 9.33333, 14], "texture": "#0"}, "up": {"uv": [14, 1.33333, 14.66667, 0], "texture": "#0"}, "down": {"uv": [0.66667, 14, 1.33333, 15.33333], "texture": "#0"}}}, {"from": [10, 8, 4], "to": [12, 9, 6], "rotation": {"angle": 0, "axis": "y", "origin": [16, 3, 0]}, "faces": {"north": {"uv": [2.66667, 14, 1.33333, 14.66667], "texture": "#0"}, "east": {"uv": [4, 14, 2.66667, 14.66667], "texture": "#0"}, "south": {"uv": [15.33333, 2, 14, 2.66667], "texture": "#0"}, "west": {"uv": [15.33333, 1.33333, 14, 2], "texture": "#0"}, "up": {"uv": [6.66667, 14, 8, 12.66667], "texture": "#0"}, "down": {"uv": [8, 12.66667, 9.33333, 14], "texture": "#0"}}}, {"from": [10, 8, 10], "to": [12, 9, 12], "rotation": {"angle": 0, "axis": "y", "origin": [16, 3, 16]}, "faces": {"north": {"uv": [14, 2, 15.33333, 2.66667], "texture": "#0"}, "east": {"uv": [2.66667, 14, 4, 14.66667], "texture": "#0"}, "south": {"uv": [1.33333, 14, 2.66667, 14.66667], "texture": "#0"}, "west": {"uv": [14, 1.33333, 15.33333, 2], "texture": "#0"}, "up": {"uv": [6.66667, 12.66667, 8, 14], "texture": "#0"}, "down": {"uv": [8, 14, 9.33333, 12.66667], "texture": "#0"}}}, {"from": [11, 5, 10], "to": [12, 8, 12], "rotation": {"angle": 0, "axis": "y", "origin": [16, 3, 16]}, "faces": {"north": {"uv": [0, 14, 0.66667, 16], "texture": "#0"}, "east": {"uv": [10.66667, 12, 12, 14], "texture": "#0"}, "south": {"uv": [13.33333, 13.33333, 14, 15.33333], "texture": "#0"}, "west": {"uv": [9.33333, 12, 10.66667, 14], "texture": "#0"}, "up": {"uv": [14, 0, 14.66667, 1.33333], "texture": "#0"}, "down": {"uv": [0.66667, 15.33333, 1.33333, 14], "texture": "#0"}}}, {"from": [10, 3, 10], "to": [12, 5, 12], "rotation": {"angle": 0, "axis": "y", "origin": [16, 3, 16]}, "faces": {"north": {"uv": [1.33333, 12.66667, 2.66667, 14], "texture": "#0"}, "east": {"uv": [2.66667, 12.66667, 4, 14], "texture": "#0"}, "south": {"uv": [12, 12, 13.33333, 13.33333], "texture": "#0"}, "west": {"uv": [0, 12.66667, 1.33333, 14], "texture": "#0"}, "up": {"uv": [4, 12.66667, 5.33333, 14], "texture": "#0"}, "down": {"uv": [5.33333, 14, 6.66667, 12.66667], "texture": "#0"}}}, {"from": [4, 3, 10], "to": [6, 5, 12], "rotation": {"angle": 0, "axis": "y", "origin": [0, 3, 16]}, "faces": {"north": {"uv": [2.66667, 12.66667, 1.33333, 14], "texture": "#0"}, "east": {"uv": [1.33333, 12.66667, 0, 14], "texture": "#0"}, "south": {"uv": [13.33333, 12, 12, 13.33333], "texture": "#0"}, "west": {"uv": [4, 12.66667, 2.66667, 14], "texture": "#0"}, "up": {"uv": [5.33333, 12.66667, 4, 14], "texture": "#0"}, "down": {"uv": [6.66667, 14, 5.33333, 12.66667], "texture": "#0"}}}, {"from": [4, 5, 10], "to": [5, 8, 12], "rotation": {"angle": 0, "axis": "y", "origin": [0, 3, 16]}, "faces": {"north": {"uv": [0.66667, 14, 0, 16], "texture": "#0"}, "east": {"uv": [10.66667, 12, 9.33333, 14], "texture": "#0"}, "south": {"uv": [14, 13.33333, 13.33333, 15.33333], "texture": "#0"}, "west": {"uv": [12, 12, 10.66667, 14], "texture": "#0"}, "up": {"uv": [14.66667, 0, 14, 1.33333], "texture": "#0"}, "down": {"uv": [1.33333, 15.33333, 0.66667, 14], "texture": "#0"}}}, {"from": [4, 8, 10], "to": [6, 9, 12], "rotation": {"angle": 0, "axis": "y", "origin": [0, 3, 16]}, "faces": {"north": {"uv": [15.33333, 2, 14, 2.66667], "texture": "#0"}, "east": {"uv": [15.33333, 1.33333, 14, 2], "texture": "#0"}, "south": {"uv": [2.66667, 14, 1.33333, 14.66667], "texture": "#0"}, "west": {"uv": [4, 14, 2.66667, 14.66667], "texture": "#0"}, "up": {"uv": [8, 12.66667, 6.66667, 14], "texture": "#0"}, "down": {"uv": [9.33333, 14, 8, 12.66667], "texture": "#0"}}}], "gui_light": "front", "display": {"thirdperson_righthand": {"rotation": [67, 0, 0], "translation": [0, 3.25, 2], "scale": [0.71875, 0.71875, 0.71875]}, "thirdperson_lefthand": {"rotation": [67, 0, 0], "translation": [0, 3.25, 2], "scale": [0.71875, 0.71875, 0.71875]}, "firstperson_righthand": {"rotation": [0, 180, 0], "translation": [-1.5, 3.5, 1]}, "firstperson_lefthand": {"rotation": [0, 180, 0], "translation": [-1.5, 3.5, 1]}, "ground": {"translation": [0, 5.25, 0]}, "gui": {"rotation": [0, 135, 0], "translation": [0, 1, 0], "scale": [1.09766, 1.09766, 1.09766]}, "head": {"rotation": [0, 180, 0], "translation": [0, -25.5, 0], "scale": [3.57227, 3.57227, 3.57227]}, "fixed": {"rotation": [-90, 0, 0], "translation": [0, 0, -18.25], "scale": [3.92969, 3.92969, 3.92969]}}, "groups": [{"name": "group", "origin": [16, 16, 16], "color": 0, "children": [0, 1, 2, 3, 4, 5, 6, 7, 8]}, {"name": "group", "origin": [0, 0, 16], "color": 0, "children": [9, 10, 11, 12, 13, 14, 15, 16, 17, 18, 19, 20, 21]}]}