{
	"credit": "Made with Blockbench",
	"texture_size": [32, 32],
	"textures": {
		"1": "onepunchman:onepunchman_scvthe1",
		"3": "onepunchman:onepunchman_scvthe2",
		"particle": "onepunchman:onepunchman_scvthe1"
	},
	"elements": [
		{
			"from": [7.44, -7.97782, 7.44],
			"to": [8.56, -6.85782, 8.56],
			"rotation": {"angle": -45, "axis": "x", "origin": [8, -7.41782, 8]},
			"faces": {
				"north": {"uv": [7, 3, 7.5, 3.5], "texture": "#3"},
				"east": {"uv": [7.5, 1.5, 8, 2], "texture": "#3"},
				"south": {"uv": [8.5, 1, 9, 1.5], "texture": "#3"},
				"west": {"uv": [2.5, 9.5, 3, 10], "texture": "#3"},
				"up": {"uv": [0.5, 10.5, 0, 10], "texture": "#3"},
				"down": {"uv": [1, 10, 0.5, 10.5], "texture": "#3"}
			}
		},
		{
			"from": [7.3, -7.27782, 7.3],
			"to": [8.7, -6.47782, 8.7],
			"rotation": {"angle": 0, "axis": "y", "origin": [8, -7.41782, 8]},
			"faces": {
				"north": {"uv": [9.5, 3.5, 10.25, 4], "texture": "#3"},
				"east": {"uv": [9.5, 4, 10.25, 4.5], "texture": "#3"},
				"south": {"uv": [9.5, 4.5, 10.25, 5], "texture": "#3"},
				"west": {"uv": [9.5, 5, 10.25, 5.5], "texture": "#3"},
				"up": {"uv": [9.25, 0.75, 8.5, 0], "texture": "#3"},
				"down": {"uv": [9.25, 3, 8.5, 3.75], "texture": "#3"}
			}
		},
		{
			"from": [7.3, -4.63782, 7.3],
			"to": [8.7, -3.88782, 8.7],
			"rotation": {"angle": 0, "axis": "y", "origin": [8, 18.34218, 8]},
			"faces": {
				"north": {"uv": [9.5, 5.5, 10.25, 6], "texture": "#3"},
				"east": {"uv": [6, 9.5, 6.75, 10], "texture": "#3"},
				"south": {"uv": [9.5, 6.5, 10.25, 7], "texture": "#3"},
				"west": {"uv": [7, 9.5, 7.75, 10], "texture": "#3"},
				"up": {"uv": [3.75, 9.75, 3, 9], "texture": "#3"},
				"down": {"uv": [4.75, 9, 4, 9.75], "texture": "#3"}
			}
		},
		{
			"from": [7.3, -2.51782, 7.3],
			"to": [8.7, -1.25782, 8.7],
			"rotation": {"angle": 0, "axis": "y", "origin": [8, -7.97782, 8]},
			"faces": {
				"north": {"uv": [8.5, 4, 9.25, 4.75], "texture": "#3"},
				"east": {"uv": [8.5, 5, 9.25, 5.75], "texture": "#3"},
				"south": {"uv": [6, 8.5, 6.75, 9.25], "texture": "#3"},
				"west": {"uv": [8.5, 6.5, 9.25, 7.25], "texture": "#3"},
				"up": {"uv": [7.75, 9.25, 7, 8.5], "texture": "#3"},
				"down": {"uv": [8.75, 8.5, 8, 9.25], "texture": "#3"}
			}
		},
		{
			"from": [7.33, -0.15782, 7.16],
			"to": [8.67, 5.58218, 8.84],
			"rotation": {"angle": 0, "axis": "y", "origin": [8, 3.77522, 8]},
			"faces": {
				"north": {"uv": [1.5, 0, 2.25, 2.75], "texture": "#3"},
				"east": {"uv": [2.5, 0, 3.25, 2.75], "texture": "#3"},
				"south": {"uv": [0, 3, 0.75, 5.75], "texture": "#3"},
				"west": {"uv": [1, 3, 1.75, 5.75], "texture": "#3"},
				"up": {"uv": [0.75, 9.75, 0, 9], "texture": "#3"},
				"down": {"uv": [9.75, 1, 9, 1.75], "texture": "#3"}
			}
		},
		{
			"from": [7.33, 3.91782, 8.66],
			"to": [8.67, 9.65782, 10.34],
			"rotation": {"angle": 22.5, "axis": "x", "origin": [8, 8.46304, 9.5]},
			"faces": {
				"north": {"uv": [2, 3, 2.75, 5.75], "texture": "#3"},
				"east": {"uv": [3, 3, 3.75, 5.75], "texture": "#3"},
				"south": {"uv": [3.5, 0, 4.25, 2.75], "texture": "#3"},
				"west": {"uv": [4, 3, 4.75, 5.75], "texture": "#3"},
				"up": {"uv": [9.75, 9.25, 9, 8.5], "texture": "#3"},
				"down": {"uv": [10.25, 0, 9.5, 0.75], "texture": "#3"}
			}
		},
		{
			"from": [7.33, 9.91781, 0.53232],
			"to": [8.67, 11.59781, 3.27232],
			"rotation": {"angle": -22.5, "axis": "x", "origin": [8, 9.20082, 4.64375]},
			"faces": {
				"north": {"uv": [5, 9, 5.75, 9.75], "texture": "#3"},
				"east": {"uv": [3, 7, 4.25, 7.75], "texture": "#3"},
				"south": {"uv": [9, 7.5, 9.75, 8.25], "texture": "#3"},
				"west": {"uv": [7, 6.5, 8.25, 7.25], "texture": "#3"},
				"up": {"uv": [0.75, 8.75, 0, 7.5], "texture": "#3"},
				"down": {"uv": [8.25, 0, 7.5, 1.25], "texture": "#3"}
			}
		},
		{
			"from": [7.08, 9.00019, 2.34517],
			"to": [8.92, 11.05519, 6.48517],
			"rotation": {"angle": 0, "axis": "y", "origin": [8, 9.59019, 1.31517]},
			"faces": {
				"north": {"uv": [6, 6.5, 7, 7.5], "texture": "#3"},
				"east": {"uv": [4.5, 0, 6.5, 1], "texture": "#3"},
				"south": {"uv": [7, 2, 8, 3], "texture": "#3"},
				"west": {"uv": [4.5, 1, 6.5, 2], "texture": "#3"},
				"up": {"uv": [6, 4, 5, 2], "texture": "#3"},
				"down": {"uv": [6, 4, 5, 6], "texture": "#3"}
			}
		},
		{
			"from": [7.58, 4.07965, 1.10584],
			"to": [8.42, 6.31965, 2.28584],
			"rotation": {"angle": 45, "axis": "x", "origin": [8, 9.20082, 4.64375]},
			"faces": {
				"north": {"uv": [4.5, 2, 5, 3], "texture": "#3"},
				"east": {"uv": [1, 9.5, 1.5, 10.5], "texture": "#3"},
				"south": {"uv": [1.5, 9.5, 2, 10.5], "texture": "#3"},
				"west": {"uv": [2, 9.5, 2.5, 10.5], "texture": "#3"},
				"up": {"uv": [6.5, 10.5, 6, 10], "texture": "#3"},
				"down": {"uv": [7, 10, 6.5, 10.5], "texture": "#3"}
			}
		},
		{
			"from": [7.44, -6.57782, 7.44],
			"to": [8.56, -2.51782, 8.56],
			"rotation": {"angle": 0, "axis": "y", "origin": [8, -7.83782, 8]},
			"faces": {
				"north": {"uv": [4.5, 6, 5, 8], "texture": "#3"},
				"east": {"uv": [6, 4.5, 6.5, 6.5], "texture": "#3"},
				"south": {"uv": [5, 6, 5.5, 8], "texture": "#3"},
				"west": {"uv": [5.5, 6, 6, 8], "texture": "#3"},
				"up": {"uv": [4.5, 10.5, 4, 10], "texture": "#3"},
				"down": {"uv": [5, 10, 4.5, 10.5], "texture": "#3"}
			}
		},
		{
			"from": [6.8, 7.48897, 6.54936],
			"to": [9.2, 8.58897, 7.24936],
			"rotation": {"angle": 22.5, "axis": "x", "origin": [8, 9.20082, 8.64375]},
			"faces": {
				"north": {"uv": [7.5, 6, 8.75, 6.5], "texture": "#3"},
				"east": {"uv": [9.5, 10, 9.75, 10.5], "texture": "#3"},
				"south": {"uv": [8, 2.5, 9.25, 3], "texture": "#3"},
				"west": {"uv": [10, 10, 10.25, 10.5], "texture": "#3"},
				"up": {"uv": [11.25, 1.75, 10, 1.5], "texture": "#3"},
				"down": {"uv": [3.75, 10, 2.5, 10.25], "texture": "#3"}
			}
		},
		{
			"from": [6.8, 9.16915, 6.42136],
			"to": [9.2, 11.26915, 7.12136],
			"rotation": {"angle": 0, "axis": "y", "origin": [8, 9.20082, 8.64375]},
			"faces": {
				"north": {"uv": [3, 6, 4.25, 7], "texture": "#3"},
				"east": {"uv": [5, 10, 5.25, 11], "texture": "#3"},
				"south": {"uv": [6, 3.5, 7.25, 4.5], "texture": "#3"},
				"west": {"uv": [5.5, 10, 5.75, 11], "texture": "#3"},
				"up": {"uv": [10.25, 9.75, 9, 9.5], "texture": "#3"},
				"down": {"uv": [11.25, 1, 10, 1.25], "texture": "#3"}
			}
		},
		{
			"from": [7.44, 9.61427, 6.7342],
			"to": [8.56, 10.31427, 10.2342],
			"rotation": {"angle": 0, "axis": "y", "origin": [8, 9.20082, 8.64375]},
			"faces": {
				"north": {"uv": [9, 10, 9.5, 10.25], "texture": "#3"},
				"east": {"uv": [9, 2, 10.75, 2.25], "texture": "#3"},
				"south": {"uv": [10, 9, 10.5, 9.25], "texture": "#3"},
				"west": {"uv": [9, 6, 10.75, 6.25], "texture": "#3"},
				"up": {"uv": [1.5, 9.25, 1, 7.5], "texture": "#3"},
				"down": {"uv": [2, 7.5, 1.5, 9.25], "texture": "#3"}
			}
		},
		{
			"from": [7.44, 9.61427, 9.4342],
			"to": [8.56, 10.31427, 12.9342],
			"rotation": {"angle": 0, "axis": "y", "origin": [8, 9.20082, 8.64375]},
			"faces": {
				"north": {"uv": [0.5, 10.5, 1, 10.75], "texture": "#3"},
				"east": {"uv": [9.5, 2.5, 11.25, 2.75], "texture": "#3"},
				"south": {"uv": [10.5, 0.5, 11, 0.75], "texture": "#3"},
				"west": {"uv": [9.5, 3, 11.25, 3.25], "texture": "#3"},
				"up": {"uv": [2.5, 9.25, 2, 7.5], "texture": "#3"},
				"down": {"uv": [3, 7.5, 2.5, 9.25], "texture": "#3"}
			}
		},
		{
			"from": [7.3, 9.16915, 12.54705],
			"to": [8.7, 11.26915, 13.24705],
			"rotation": {"angle": 0, "axis": "y", "origin": [8, 9.20082, 8.64375]},
			"faces": {
				"north": {"uv": [7, 7.5, 7.75, 8.5], "texture": "#3"},
				"east": {"uv": [7, 10, 7.25, 11], "texture": "#3"},
				"south": {"uv": [8, 1.5, 8.75, 2.5], "texture": "#3"},
				"west": {"uv": [7.5, 10, 7.75, 11], "texture": "#3"},
				"up": {"uv": [10.75, 8.25, 10, 8], "texture": "#3"},
				"down": {"uv": [10.75, 8.5, 10, 8.75], "texture": "#3"}
			}
		},
		{
			"from": [7.3, 6.57784, 12.23781],
			"to": [8.7, 7.67784, 12.93781],
			"rotation": {"angle": -22.5, "axis": "x", "origin": [8, 9.20082, 8.64375]},
			"faces": {
				"north": {"uv": [9.5, 7, 10.25, 7.5], "texture": "#3"},
				"east": {"uv": [0, 10.5, 0.25, 11], "texture": "#3"},
				"south": {"uv": [8, 9.5, 8.75, 10], "texture": "#3"},
				"west": {"uv": [10.5, 0, 10.75, 0.5], "texture": "#3"},
				"up": {"uv": [10.75, 7.75, 10, 7.5], "texture": "#3"},
				"down": {"uv": [8.75, 10, 8, 10.25], "texture": "#3"}
			}
		},
		{
			"from": [7.02, -1.25782, 7.44],
			"to": [8.98, 1.54218, 10.24],
			"rotation": {"angle": 45, "axis": "x", "origin": [8, 0.98218, 8]},
			"faces": {
				"north": {"uv": [0, 6, 1, 7.5], "texture": "#3"},
				"east": {"uv": [0, 0, 1.5, 1.5], "texture": "#3"},
				"south": {"uv": [1, 6, 2, 7.5], "texture": "#3"},
				"west": {"uv": [0, 1.5, 1.5, 3], "texture": "#3"},
				"up": {"uv": [3, 7.5, 2, 6], "texture": "#3"},
				"down": {"uv": [7, 2, 6, 3.5], "texture": "#3"}
			}
		},
		{
			"from": [7.02, 6.3582, 4.12132],
			"to": [7.02, 14.1582, 11.92132],
			"rotation": {"angle": 0, "axis": "y", "origin": [8, 6.1582, 10.12132]},
			"faces": {
				"north": {"uv": [14.5, 14.5, 16, 16], "rotation": 90, "texture": "#3"},
				"east": {"uv": [14.5, 14.5, 16, 16], "rotation": 90, "texture": "#3"},
				"south": {"uv": [14.5, 14.5, 16, 16], "rotation": 90, "texture": "#3"},
				"west": {"uv": [0.75, 6.75, 4.65, 10.65], "rotation": 90, "texture": "#1"},
				"up": {"uv": [14.5, 14.5, 16, 16], "rotation": 90, "texture": "#3"},
				"down": {"uv": [14.5, 14.5, 16, 16], "rotation": 90, "texture": "#3"}
			}
		},
		{
			"from": [7.02, 6.3582, 8.47868],
			"to": [7.02, 14.1582, 16.27868],
			"rotation": {"angle": 0, "axis": "y", "origin": [8, 6.1582, 5.87868]},
			"faces": {
				"north": {"uv": [14.5, 16, 16, 14.5], "rotation": 90, "texture": "#3"},
				"east": {"uv": [14.5, 16, 16, 14.5], "rotation": 90, "texture": "#3"},
				"south": {"uv": [14.5, 16, 16, 14.5], "rotation": 90, "texture": "#3"},
				"west": {"uv": [0.75, 10.65, 4.65, 6.75], "rotation": 90, "texture": "#1"},
				"up": {"uv": [16, 14.5, 14.5, 16], "rotation": 90, "texture": "#3"},
				"down": {"uv": [16, 14.5, 14.5, 16], "rotation": 90, "texture": "#3"}
			}
		},
		{
			"from": [8.98, 6.3582, 8.47868],
			"to": [8.98, 14.1582, 16.27868],
			"rotation": {"angle": 0, "axis": "y", "origin": [8, 6.1582, 5.87868]},
			"faces": {
				"north": {"uv": [14.5, 14.5, 16, 16], "rotation": 90, "texture": "#3"},
				"east": {"uv": [0.75, 6.75, 4.65, 10.65], "rotation": 90, "texture": "#1"},
				"south": {"uv": [14.5, 14.5, 16, 16], "rotation": 90, "texture": "#3"},
				"west": {"uv": [14.5, 14.5, 16, 16], "rotation": 90, "texture": "#3"},
				"up": {"uv": [16, 16, 14.5, 14.5], "rotation": 90, "texture": "#3"},
				"down": {"uv": [16, 16, 14.5, 14.5], "rotation": 90, "texture": "#3"}
			}
		},
		{
			"from": [8.98, 6.3582, 4.12132],
			"to": [8.98, 14.1582, 11.92132],
			"rotation": {"angle": 0, "axis": "y", "origin": [8, 6.1582, 10.12132]},
			"faces": {
				"north": {"uv": [14.5, 16, 16, 14.5], "rotation": 90, "texture": "#3"},
				"east": {"uv": [0.75, 10.65, 4.65, 6.75], "rotation": 90, "texture": "#1"},
				"south": {"uv": [14.5, 16, 16, 14.5], "rotation": 90, "texture": "#3"},
				"west": {"uv": [14.5, 16, 16, 14.5], "rotation": 90, "texture": "#3"},
				"up": {"uv": [14.5, 16, 16, 14.5], "rotation": 90, "texture": "#3"},
				"down": {"uv": [14.5, 16, 16, 14.5], "rotation": 90, "texture": "#3"}
			}
		},
		{
			"from": [7.19, 3.40691, 6.12832],
			"to": [8.81, 5.64691, 8.36832],
			"rotation": {"angle": 45, "axis": "x", "origin": [8, 3.77522, 8]},
			"faces": {
				"north": {"uv": [7.5, 3, 8.25, 4], "texture": "#3"},
				"east": {"uv": [6.5, 0, 7.5, 1], "texture": "#3"},
				"south": {"uv": [7.5, 4, 8.25, 5], "texture": "#3"},
				"west": {"uv": [6.5, 1, 7.5, 2], "texture": "#3"},
				"up": {"uv": [8.25, 6, 7.5, 5], "texture": "#3"},
				"down": {"uv": [6.75, 7.5, 6, 8.5], "texture": "#3"}
			}
		},
		{
			"from": [7.19, 8.5276, 9.56456],
			"to": [8.81, 10.7676, 11.80456],
			"rotation": {"angle": -22.5, "axis": "x", "origin": [8, 8.46304, 9.5]},
			"faces": {
				"north": {"uv": [3, 8, 3.75, 9], "texture": "#3"},
				"east": {"uv": [6.5, 4.5, 7.5, 5.5], "texture": "#3"},
				"south": {"uv": [4, 8, 4.75, 9], "texture": "#3"},
				"west": {"uv": [6.5, 5.5, 7.5, 6.5], "texture": "#3"},
				"up": {"uv": [5.75, 9, 5, 8], "texture": "#3"},
				"down": {"uv": [8.75, 7.5, 8, 8.5], "texture": "#3"}
			}
		}
	],
	"gui_light": "front",
	"display": {
		"thirdperson_righthand": {
			"translation": [0, 8, 1.5],
			"scale": [0.89, 0.89, 0.89]
		},
		"thirdperson_lefthand": {
			"translation": [0, 8, 1.5],
			"scale": [0.89, 0.89, 0.89]
		},
		"firstperson_righthand": {
			"translation": [0.75, 9.25, 0]
		},
		"firstperson_lefthand": {
			"translation": [0.75, 9.25, 0]
		},
		"ground": {
			"rotation": [45, 0, 0],
			"translation": [0, 3, 2],
			"scale": [0.43, 0.43, 0.43]
		},
		"gui": {
			"rotation": [103, 47, -89],
			"translation": [3, 2.5, 0],
			"scale": [0.84, 0.84, 0.84]
		},
		"fixed": {
			"rotation": [0, -90, 0],
			"translation": [0, 6, -0.25],
			"scale": [0.95, 0.95, 0.95]
		}
	}
}