{"credit":"MadewithBlockbench","texture_size":[32,32],"textures":{"1":"onepunchman:onepunchman_baton1","2":"onepunchman:onepunchman_baton2","particle":"onepunchman:onepunchman_baton1"},"elements":[{"from":[7.3,5.72218,7.3],"to":[8.7,6.52218,8.7],"rotation":{"angle":0,"axis":"y","origin":[8,5.58218,8]},"faces":{"north":{"uv":[7.5,4,8.25,4.5],"texture":"#2"},"east":{"uv":[7.5,4.5,8.25,5],"texture":"#2"},"south":{"uv":[7.5,5,8.25,5.5],"texture":"#2"},"west":{"uv":[5.5,7.5,6.25,8],"texture":"#2"},"up":{"uv":[7.25,1.75,6.5,1],"texture":"#2"},"down":{"uv":[2.75,6.5,2,7.25],"texture":"#2"}}},{"from":[7.3,8.36218,7.3],"to":[8.7,9.11218,8.7],"rotation":{"angle":0,"axis":"y","origin":[8,31.34218,8]},"faces":{"north":{"uv":[7.5,5.5,8.25,6],"texture":"#2"},"east":{"uv":[7.5,6,8.25,6.5],"texture":"#2"},"south":{"uv":[6.5,7.5,7.25,8],"texture":"#2"},"west":{"uv":[7.5,6.5,8.25,7],"texture":"#2"},"up":{"uv":[7.75,2.75,7,2],"texture":"#2"},"down":{"uv":[4.75,7,4,7.75],"texture":"#2"}}},{"from":[7.3,10.48218,7.3],"to":[8.7,11.74218,8.7],"rotation":{"angle":0,"axis":"y","origin":[8,5.02218,8]},"faces":{"north":{"uv":[3,6.5,3.75,7.25],"texture":"#2"},"east":{"uv":[6.5,3,7.25,3.75],"texture":"#2"},"south":{"uv":[6.5,4,7.25,4.75],"texture":"#2"},"west":{"uv":[6.5,5,7.25,5.75],"texture":"#2"},"up":{"uv":[6.25,7.25,5.5,6.5],"texture":"#2"},"down":{"uv":[7.25,6,6.5,6.75],"texture":"#2"}}},{"from":[7.33,18.59218,6.66],"to":[8.67,24.33218,9.34],"rotation":{"angle":0,"axis":"y","origin":[8,12.17522,8]},"faces":{"north":{"uv":[8.75,2.5,8.9775,5.37],"texture":"#2"},"east":{"uv":[10.0025,2.5,8.75,5.37],"texture":"#2"},"south":{"uv":[9.825,2.5,10.0025,5.37],"texture":"#2"},"west":{"uv":[8.75,2.5,10.0025,5.37],"texture":"#2"},"up":{"uv":[8.75,2.525,9.995,2.6525],"rotation":90,"texture":"#2"},"down":{"uv":[1.75,7,1,7.75],"texture":"#2"}}},{"from":[7.355,22.54406,8.29692],"to":[8.62,24.43406,10.17692],"rotation":{"angle":45,"axis":"x","origin":[8,25.41406,9.63692]},"faces":{"north":{"uv":[10.5,2.75,10.69,3.17],"texture":"#2"},"east":{"uv":[11.44,2.75,10.5,3.695],"texture":"#2"},"south":{"uv":[0,3,0.75,5.75],"texture":"#2"},"west":{"uv":[10.5,2.75,11.44,3.695],"texture":"#2"},"up":{"uv":[10.5,2.75,10.69,3.17],"texture":"#2"},"down":{"uv":[1.75,7,1,7.75],"texture":"#2"}}},{"from":[7.44,6.42218,7.44],"to":[8.56,10.48218,8.56],"rotation":{"angle":0,"axis":"y","origin":[8,5.16218,8]},"faces":{"north":{"uv":[4,3,4.5,5],"texture":"#2"},"east":{"uv":[4.5,0,5,2],"texture":"#2"},"south":{"uv":[2,4.5,2.5,6.5],"texture":"#2"},"west":{"uv":[4.5,2,5,4],"texture":"#2"},"up":{"uv":[2,8.5,1.5,8],"texture":"#2"},"down":{"uv":[2.5,8,2,8.5],"texture":"#2"}}},{"from":[7.02,11.74218,7.44],"to":[8.98,14.54218,10.24],"rotation":{"angle":45,"axis":"x","origin":[8,13.98218,8]},"faces":{"north":{"uv":[2,3,3,4.5],"texture":"#2"},"east":{"uv":[0,0,1.5,1.5],"texture":"#2"},"south":{"uv":[3,3,4,4.5],"texture":"#2"},"west":{"uv":[0,1.5,1.5,3],"texture":"#2"},"up":{"uv":[4.5,1.5,3.5,0],"texture":"#2"},"down":{"uv":[4.5,1.5,3.5,3],"texture":"#2"}}},{"from":[6.52,17.94218,4.6],"to":[6.52,27.74218,11.4],"rotation":{"angle":0,"axis":"y","origin":[8,19.34218,8]},"faces":{"north":{"uv":[4.5,1.5,3.5,3],"rotation":180,"texture":"#2"},"east":{"uv":[11.1,3.4,16,0],"rotation":90,"texture":"#1"},"south":{"uv":[4.5,1.5,3.5,0],"texture":"#2"},"west":{"uv":[11.1,0,16,3.4],"rotation":90,"texture":"#1"},"up":{"uv":[2,3,3,4.5],"rotation":180,"texture":"#2"},"down":{"uv":[3,3,4,4.5],"texture":"#2"}}},{"from":[9.48,17.94218,4.6],"to":[9.48,27.74218,11.4],"rotation":{"angle":0,"axis":"y","origin":[8,19.34218,8]},"faces":{"north":{"uv":[4.5,1.5,3.5,0],"texture":"#2"},"east":{"uv":[11.1,0,16,3.4],"rotation":90,"texture":"#1"},"south":{"uv":[4.5,1.5,3.5,3],"rotation":180,"texture":"#2"},"west":{"uv":[11.1,3.4,16,0],"rotation":90,"texture":"#1"},"up":{"uv":[3,4.5,2,3],"rotation":180,"texture":"#2"},"down":{"uv":[4,4.5,3,3],"texture":"#2"}}},{"from":[9.48,-7.74218,4.6],"to":[9.48,2.05782,11.4],"rotation":{"angle":0,"axis":"y","origin":[8,-3.34218,8]},"faces":{"north":{"uv":[4.5,0,3.5,1.5],"texture":"#2"},"east":{"uv":[16,0,11.1,3.4],"rotation":90,"texture":"#1"},"south":{"uv":[4.5,3,3.5,1.5],"rotation":180,"texture":"#2"},"west":{"uv":[16,3.4,11.1,0],"rotation":90,"texture":"#1"},"up":{"uv":[4,3,3,4.5],"texture":"#2"},"down":{"uv":[3,3,2,4.5],"rotation":180,"texture":"#2"}}},{"from":[6.52,-7.74218,4.6],"to":[6.52,2.05782,11.4],"rotation":{"angle":0,"axis":"y","origin":[8,-3.34218,8]},"faces":{"north":{"uv":[4.5,3,3.5,1.5],"rotation":180,"texture":"#2"},"east":{"uv":[16,3.4,11.1,0],"rotation":90,"texture":"#1"},"south":{"uv":[4.5,0,3.5,1.5],"texture":"#2"},"west":{"uv":[16,0,11.1,3.4],"rotation":90,"texture":"#1"},"up":{"uv":[3,4.5,4,3],"texture":"#2"},"down":{"uv":[2,4.5,3,3],"rotation":180,"texture":"#2"}}},{"from":[7.33,13.98218,7.16],"to":[8.67,19.72218,8.84],"rotation":{"angle":0,"axis":"y","origin":[8,17.91522,8]},"faces":{"north":{"uv":[1.5,0,2.25,2.75],"texture":"#2"},"east":{"uv":[2.5,0,3.25,2.75],"texture":"#2"},"south":{"uv":[0,3,0.75,5.75],"texture":"#2"},"west":{"uv":[1,3,1.75,5.75],"texture":"#2"},"up":{"uv":[0.75,7.75,0,7],"texture":"#2"},"down":{"uv":[1.75,7,1,7.75],"texture":"#2"}}},{"from":[7.19,17.54691,6.12832],"to":[8.81,19.78691,8.36832],"rotation":{"angle":45,"axis":"x","origin":[8,17.91522,8]},"faces":{"north":{"uv":[5.5,4.5,6.25,5.5],"texture":"#2"},"east":{"uv":[2.5,4.5,3.5,5.5],"texture":"#2"},"south":{"uv":[5.5,5.5,6.25,6.5],"texture":"#2"},"west":{"uv":[4.5,4,5.5,5],"texture":"#2"},"up":{"uv":[0.75,7,0,6],"texture":"#2"},"down":{"uv":[1.75,6,1,7],"texture":"#2"}}},{"from":[7.33,-0.02218,7.16],"to":[8.67,5.71782,8.84],"rotation":{"angle":0,"axis":"y","origin":[8,1.78478,8]},"faces":{"north":{"uv":[1.5,2.75,2.25,0],"texture":"#2"},"east":{"uv":[2.5,2.75,3.25,0],"texture":"#2"},"south":{"uv":[0,5.75,0.75,3],"texture":"#2"},"west":{"uv":[1,5.75,1.75,3],"texture":"#2"},"up":{"uv":[1.75,7.75,1,7],"texture":"#2"},"down":{"uv":[0.75,7,0,7.75],"texture":"#2"}}},{"from":[7.19,-0.08691,6.12832],"to":[8.81,2.15309,8.36832],"rotation":{"angle":-45,"axis":"x","origin":[8,1.78478,8]},"faces":{"north":{"uv":[5.5,5.5,6.25,4.5],"texture":"#2"},"east":{"uv":[2.5,5.5,3.5,4.5],"texture":"#2"},"south":{"uv":[5.5,6.5,6.25,5.5],"texture":"#2"},"west":{"uv":[4.5,5,5.5,4],"texture":"#2"},"up":{"uv":[1.75,7,1,6],"texture":"#2"},"down":{"uv":[0.75,6,0,7],"texture":"#2"}}},{"from":[7.33,-4.63218,6.66],"to":[8.67,1.10782,9.34],"rotation":{"angle":0,"axis":"y","origin":[8,7.52478,8]},"faces":{"north":{"uv":[8.75,5.37,8.9775,2.5],"texture":"#2"},"east":{"uv":[10.0025,5.37,8.75,2.5],"texture":"#2"},"south":{"uv":[9.825,5.37,10.0025,2.5],"texture":"#2"},"west":{"uv":[8.75,5.37,10.0025,2.5],"texture":"#2"},"up":{"uv":[1.75,7.75,1,7],"texture":"#2"},"down":{"uv":[9.995,2.525,8.75,2.6525],"rotation":90,"texture":"#2"}}},{"from":[7.355,-4.73406,8.29692],"to":[8.62,-2.84406,10.17692],"rotation":{"angle":-45,"axis":"x","origin":[8,-5.71406,9.63692]},"faces":{"north":{"uv":[10.5,3.17,10.69,2.75],"texture":"#2"},"east":{"uv":[11.44,3.695,10.5,2.75],"texture":"#2"},"south":{"uv":[0,5.75,0.75,3],"texture":"#2"},"west":{"uv":[10.5,3.695,11.44,2.75],"texture":"#2"},"up":{"uv":[1.75,7.75,1,7],"texture":"#2"},"down":{"uv":[10.5,3.17,10.69,2.75],"texture":"#2"}}}],"gui_light":"front","display":{"thirdperson_righthand":{"translation":[0,-2.75,0.75],"scale":[0.89,0.89,0.89]},"thirdperson_lefthand":{"translation":[0,-2.75,0.75],"scale":[0.89,0.89,0.89]},"firstperson_righthand":{"translation":[0.75,-1,0]},"firstperson_lefthand":{"translation":[0.75,-1,0]},"ground":{"rotation":[45,0,0],"translation":[0,3,0.25],"scale":[0.43,0.43,0.43]},"gui":{"rotation":[103,47,-89],"translation":[-0.25,-1,0],"scale":[0.67,0.67,0.67]},"fixed":{"rotation":[0,-90,0],"translation":[0,-1.25,-0.25],"scale":[0.64,0.64,0.64]}}}