{
	"credit": "Made with Blockbench",
	"texture_size": [64, 64],
	"textures": {
		"0": "elitecreatures:ifrit_animated/tex3",
		"1": "elitecreatures:ifrit_animated/hornfire",
		"particle": "elitecreatures:ifrit_animated/tex3"
	},
	"elements": [
		{
			"from": [18.85316, 7.5, 5.71726],
			"to": [20.35316, 8.5, 7.71726],
			"rotation": {"angle": -22.5, "axis": "y", "origin": [11.56496, 8, 7]},
			"faces": {
				"north": {"uv": [1.25, 5.75, 1.5, 6.125], "rotation": 270, "texture": "#0"},
				"east": {"uv": [2.5, 5.875, 2.75, 6.375], "rotation": 90, "texture": "#0"},
				"south": {"uv": [1.25, 5.75, 1.5, 6.125], "rotation": 90, "texture": "#0"},
				"west": {"uv": [2, 5.75, 2.25, 6.25], "rotation": 270, "texture": "#0"},
				"up": {"uv": [1.5, 5.75, 2, 6.125], "rotation": 90, "texture": "#0"},
				"down": {"uv": [2, 5.75, 1.5, 6.125], "rotation": 90, "texture": "#0"}
			}
		},
		{
			"from": [19.16476, 7.75, 7.17008],
			"to": [20.16476, 8.25, 9.17008],
			"rotation": {"angle": 0, "axis": "y", "origin": [11.56496, 8, 7]},
			"faces": {
				"north": {"uv": [2.375, 5.875, 2.5, 6.125], "rotation": 270, "texture": "#0"},
				"east": {"uv": [2.25, 5.75, 2.375, 6.25], "rotation": 90, "texture": "#0"},
				"south": {"uv": [2.375, 5.875, 2.5, 6.125], "rotation": 90, "texture": "#0"},
				"west": {"uv": [2.375, 6.125, 2.5, 6.625], "rotation": 90, "texture": "#0"},
				"up": {"uv": [1.5, 6.125, 2, 6.375], "rotation": 90, "texture": "#0"},
				"down": {"uv": [2, 6.125, 1.5, 6.375], "rotation": 90, "texture": "#0"}
			}
		},
		{
			"from": [18.73754, 7.275, 4.84067],
			"to": [21.73754, 8.725, 8.34067],
			"rotation": {"angle": -22.5, "axis": "y", "origin": [11.56496, 8, 7]},
			"faces": {
				"north": {"uv": [7.125, 9.125, 7.625, 8.375], "rotation": 90, "texture": "#0"},
				"east": {"uv": [8.125, 8.25, 7.625, 9.125], "rotation": 270, "texture": "#0"},
				"south": {"uv": [0, 4.75, 0.5, 4], "rotation": 90, "texture": "#0"},
				"west": {"uv": [7.375, 9.125, 6.875, 10], "rotation": 90, "texture": "#0"},
				"up": {"uv": [8.125, 9.125, 7.375, 10], "rotation": 180, "texture": "#0"},
				"down": {"uv": [7.375, 9.125, 8.125, 10], "texture": "#0"}
			}
		},
		{
			"from": [14.65223, 8, 0.26273],
			"to": [19.65223, 9, 5.26273],
			"rotation": {"angle": -45, "axis": "y", "origin": [11.56496, 8, 7]},
			"faces": {
				"north": {"uv": [5, 2, 5.25, 0.75], "rotation": 270, "texture": "#0"},
				"east": {"uv": [5.25, 0.75, 5, 2], "rotation": 90, "texture": "#0"},
				"south": {"uv": [6.25, 0.5, 5, 0.75], "rotation": 180, "texture": "#0"},
				"west": {"uv": [5, 0.75, 6.25, 0.5], "rotation": 180, "texture": "#0"},
				"up": {"uv": [6.5, 0.75, 5.25, 2], "texture": "#0"},
				"down": {"uv": [6.5, 0.75, 5.25, 2], "rotation": 180, "texture": "#0"}
			}
		},
		{
			"from": [14.65223, 7, 0.26273],
			"to": [19.65223, 8, 5.26273],
			"rotation": {"angle": -45, "axis": "y", "origin": [11.56496, 8, 7]},
			"faces": {
				"north": {"uv": [5.25, 2, 5, 0.75], "rotation": 270, "texture": "#0"},
				"east": {"uv": [5, 0.75, 5.25, 2], "rotation": 90, "texture": "#0"},
				"south": {"uv": [6.25, 0.75, 5, 0.5], "rotation": 180, "texture": "#0"},
				"west": {"uv": [5, 0.5, 6.25, 0.75], "rotation": 180, "texture": "#0"},
				"up": {"uv": [6.5, 2, 5.25, 0.75], "rotation": 180, "texture": "#0"},
				"down": {"uv": [6.5, 2, 5.25, 0.75], "texture": "#0"}
			}
		},
		{
			"from": [19.16476, 7.75, 4.82992],
			"to": [20.16476, 8.25, 6.82992],
			"rotation": {"angle": 0, "axis": "y", "origin": [11.56496, 8, 7]},
			"faces": {
				"north": {"uv": [2.5, 5.875, 2.375, 6.125], "rotation": 270, "texture": "#0"},
				"east": {"uv": [2.25, 6.25, 2.375, 5.75], "rotation": 90, "texture": "#0"},
				"south": {"uv": [2.5, 5.875, 2.375, 6.125], "rotation": 90, "texture": "#0"},
				"west": {"uv": [2.375, 6.625, 2.5, 6.125], "rotation": 90, "texture": "#0"},
				"up": {"uv": [2, 6.125, 1.5, 6.375], "rotation": 90, "texture": "#0"},
				"down": {"uv": [1.5, 6.125, 2, 6.375], "rotation": 90, "texture": "#0"}
			}
		},
		{
			"from": [12.38112, 7.25, 13.64817],
			"to": [14.38112, 8.75, 15.64817],
			"rotation": {"angle": 45, "axis": "y", "origin": [11.56496, 8, 7]},
			"faces": {
				"north": {"uv": [4.75, 4.25, 5.125, 4.75], "rotation": 90, "texture": "#0"},
				"east": {"uv": [5.125, 4.25, 5.5, 4.75], "rotation": 270, "texture": "#0"},
				"south": {"uv": [4.75, 3.75, 5.125, 4.25], "rotation": 90, "texture": "#0"},
				"west": {"uv": [5.125, 4.25, 5.5, 4.75], "rotation": 90, "texture": "#0"},
				"up": {"uv": [5.125, 3.75, 5.625, 4.25], "rotation": 180, "texture": "#0"},
				"down": {"uv": [5.625, 3.75, 5.125, 4.25], "texture": "#0"}
			}
		},
		{
			"from": [12.37087, 7.25, 15.66504],
			"to": [14.37087, 8.75, 17.66504],
			"rotation": {"angle": 45, "axis": "y", "origin": [11.56496, 8, 7]},
			"faces": {
				"north": {"uv": [5.5, 4.75, 5.125, 4.25], "rotation": 270, "texture": "#0"},
				"east": {"uv": [5.125, 4.75, 4.75, 4.25], "rotation": 270, "texture": "#0"},
				"south": {"uv": [5.5, 4.75, 5.125, 4.25], "rotation": 90, "texture": "#0"},
				"west": {"uv": [5.125, 4.25, 4.75, 3.75], "rotation": 270, "texture": "#0"},
				"up": {"uv": [5.625, 4.25, 5.125, 3.75], "rotation": 90, "texture": "#0"},
				"down": {"uv": [5.125, 4.25, 5.625, 3.75], "rotation": 90, "texture": "#0"}
			}
		},
		{
			"from": [21.71704, 7.5, 8.55742],
			"to": [23.71704, 8.5, 10.05742],
			"rotation": {"angle": -22.5, "axis": "y", "origin": [11.56496, 8, 7]},
			"faces": {
				"north": {"uv": [2.25, 6.25, 2, 5.75], "rotation": 90, "texture": "#0"},
				"east": {"uv": [1.5, 6.125, 1.25, 5.75], "rotation": 90, "texture": "#0"},
				"south": {"uv": [2.75, 6.375, 2.5, 5.875], "rotation": 270, "texture": "#0"},
				"west": {"uv": [1.5, 6.125, 1.25, 5.75], "rotation": 270, "texture": "#0"},
				"up": {"uv": [2, 6.125, 1.5, 5.75], "texture": "#0"},
				"down": {"uv": [1.5, 6.125, 2, 5.75], "rotation": 180, "texture": "#0"}
			}
		},
		{
			"from": [21.62992, 7.75, 13.46476],
			"to": [23.62992, 8.25, 14.46476],
			"rotation": {"angle": 0, "axis": "y", "origin": [11.56496, 8, 7]},
			"faces": {
				"north": {"uv": [2.5, 6.625, 2.375, 6.125], "rotation": 270, "texture": "#0"},
				"east": {"uv": [2.5, 6.125, 2.375, 5.875], "rotation": 90, "texture": "#0"},
				"south": {"uv": [2.375, 6.25, 2.25, 5.75], "rotation": 270, "texture": "#0"},
				"west": {"uv": [2.5, 6.125, 2.375, 5.875], "rotation": 270, "texture": "#0"},
				"up": {"uv": [2, 6.375, 1.5, 6.125], "texture": "#0"},
				"down": {"uv": [1.5, 6.375, 2, 6.125], "rotation": 180, "texture": "#0"}
			}
		},
		{
			"from": [7, 8, -6],
			"to": [8, 8, 8],
			"rotation": {"angle": 0, "axis": "y", "origin": [11.56496, 8, 9]},
			"faces": {
				"north": {"uv": [0.25, 0, 0, 0], "texture": "#0"},
				"east": {"uv": [7.5, 3.5, 7.5, 0], "rotation": 270, "texture": "#0"},
				"south": {"uv": [0.25, 0, 0, 0], "rotation": 180, "texture": "#0"},
				"west": {"uv": [7.5, 3.5, 7.5, 0], "rotation": 90, "texture": "#0"},
				"up": {"uv": [7.75, 3.5, 7.5, 0], "rotation": 180, "texture": "#0"},
				"down": {"uv": [7.5, 3.5, 7.75, 0], "texture": "#0"}
			}
		},
		{
			"from": [12.38112, 7.25, 0.35183],
			"to": [14.38112, 8.75, 2.35183],
			"rotation": {"angle": -45, "axis": "y", "origin": [11.56496, 8, 9]},
			"faces": {
				"north": {"uv": [4.75, 4.25, 5.125, 3.75], "rotation": 90, "texture": "#0"},
				"east": {"uv": [5.125, 4.75, 5.5, 4.25], "rotation": 270, "texture": "#0"},
				"south": {"uv": [4.75, 4.75, 5.125, 4.25], "rotation": 90, "texture": "#0"},
				"west": {"uv": [5.125, 4.75, 5.5, 4.25], "rotation": 90, "texture": "#0"},
				"up": {"uv": [5.125, 4.25, 5.625, 3.75], "rotation": 180, "texture": "#0"},
				"down": {"uv": [5.625, 4.25, 5.125, 3.75], "texture": "#0"}
			}
		},
		{
			"from": [19.16476, 7.75, 9.17008],
			"to": [20.16476, 8.25, 11.17008],
			"rotation": {"angle": 0, "axis": "y", "origin": [11.56496, 8, 9]},
			"faces": {
				"north": {"uv": [2.5, 6.125, 2.375, 5.875], "rotation": 90, "texture": "#0"},
				"east": {"uv": [2.25, 5.75, 2.375, 6.25], "rotation": 90, "texture": "#0"},
				"south": {"uv": [2.5, 6.125, 2.375, 5.875], "rotation": 270, "texture": "#0"},
				"west": {"uv": [2.375, 6.125, 2.5, 6.625], "rotation": 90, "texture": "#0"},
				"up": {"uv": [1.5, 6.125, 2, 6.375], "rotation": 90, "texture": "#0"},
				"down": {"uv": [2, 6.125, 1.5, 6.375], "rotation": 90, "texture": "#0"}
			}
		},
		{
			"from": [18.73754, 7.275, 7.65933],
			"to": [21.73754, 8.725, 11.15933],
			"rotation": {"angle": 22.5, "axis": "y", "origin": [11.56496, 8, 9]},
			"faces": {
				"north": {"uv": [0, 4, 0.5, 4.75], "rotation": 90, "texture": "#0"},
				"east": {"uv": [8.125, 9.125, 7.625, 8.25], "rotation": 270, "texture": "#0"},
				"south": {"uv": [7.125, 8.375, 7.625, 9.125], "rotation": 90, "texture": "#0"},
				"west": {"uv": [7.375, 10, 6.875, 9.125], "rotation": 90, "texture": "#0"},
				"up": {"uv": [8.125, 10, 7.375, 9.125], "rotation": 180, "texture": "#0"},
				"down": {"uv": [7.375, 10, 8.125, 9.125], "texture": "#0"}
			}
		},
		{
			"from": [19.16476, 7.75, 6.82992],
			"to": [20.16476, 8.25, 8.82992],
			"rotation": {"angle": 0, "axis": "y", "origin": [11.56496, 8, 9]},
			"faces": {
				"north": {"uv": [2.375, 6.125, 2.5, 5.875], "rotation": 90, "texture": "#0"},
				"east": {"uv": [2.25, 6.25, 2.375, 5.75], "rotation": 90, "texture": "#0"},
				"south": {"uv": [2.375, 6.125, 2.5, 5.875], "rotation": 270, "texture": "#0"},
				"west": {"uv": [2.375, 6.625, 2.5, 6.125], "rotation": 90, "texture": "#0"},
				"up": {"uv": [2, 6.125, 1.5, 6.375], "rotation": 90, "texture": "#0"},
				"down": {"uv": [1.5, 6.125, 2, 6.375], "rotation": 90, "texture": "#0"}
			}
		},
		{
			"from": [18.85316, 7.5, 8.28274],
			"to": [20.35316, 8.5, 10.28274],
			"rotation": {"angle": 22.5, "axis": "y", "origin": [11.56496, 8, 9]},
			"faces": {
				"north": {"uv": [1.25, 6.125, 1.5, 5.75], "rotation": 90, "texture": "#0"},
				"east": {"uv": [2.5, 6.375, 2.75, 5.875], "rotation": 90, "texture": "#0"},
				"south": {"uv": [1.25, 6.125, 1.5, 5.75], "rotation": 270, "texture": "#0"},
				"west": {"uv": [2, 6.25, 2.25, 5.75], "rotation": 270, "texture": "#0"},
				"up": {"uv": [2, 5.75, 1.5, 6.125], "rotation": 90, "texture": "#0"},
				"down": {"uv": [1.5, 5.75, 2, 6.125], "rotation": 90, "texture": "#0"}
			}
		},
		{
			"from": [7.97081, 6.75, 7.97683],
			"to": [9.97081, 9.25, 15.97683],
			"rotation": {"angle": -45, "axis": "y", "origin": [10.7167, 8, 18.29481]},
			"faces": {
				"north": {"uv": [0, 1.5, 0.625, 2], "rotation": 270, "texture": "#0"},
				"east": {"uv": [0.625, 2, 1.25, 4], "rotation": 90, "texture": "#0"},
				"south": {"uv": [0, 1.5, 0.625, 2], "rotation": 90, "texture": "#0"},
				"west": {"uv": [0, 2, 0.625, 4], "rotation": 90, "texture": "#0"},
				"up": {"uv": [2.625, 2, 0.625, 1.5], "rotation": 270, "texture": "#0"},
				"down": {"uv": [0.625, 2, 2.625, 1.5], "rotation": 270, "texture": "#0"}
			}
		},
		{
			"from": [9.27299, 8, 7.45567],
			"to": [15.77299, 8, 23.45567],
			"rotation": {"angle": -45, "axis": "y", "origin": [10.7167, 8, 18.29481]},
			"faces": {
				"north": {"uv": [0, 5.5, 0, 0], "rotation": 270, "texture": "#0"},
				"east": {"uv": [0, 16, 0, 0], "rotation": 90, "texture": "#0"},
				"south": {"uv": [0, 5.5, 0, 0], "rotation": 90, "texture": "#0"},
				"west": {"uv": [0, 0, 0, 16], "rotation": 90, "texture": "#0"},
				"up": {"uv": [4, 0, 0, 1.375], "rotation": 270, "texture": "#0"},
				"down": {"uv": [0, 0, 4, 1.375], "rotation": 270, "texture": "#0"}
			}
		},
		{
			"from": [9.11105, 7.75, 22.8],
			"to": [10.61105, 8.25, 26.8],
			"rotation": {"angle": -22.5, "axis": "y", "origin": [10.7167, 8, 18.29481]},
			"faces": {
				"north": {"uv": [4.5, 3.25, 4.625, 3.625], "rotation": 270, "texture": "#0"},
				"east": {"uv": [4.5, 3.625, 4.625, 4.625], "rotation": 90, "texture": "#0"},
				"south": {"uv": [4.5, 3.25, 4.625, 3.625], "rotation": 90, "texture": "#0"},
				"west": {"uv": [4.625, 3.625, 4.75, 4.625], "rotation": 90, "texture": "#0"},
				"up": {"uv": [4.625, 3.25, 5.625, 3.625], "rotation": 90, "texture": "#0"},
				"down": {"uv": [5.625, 3.25, 4.625, 3.625], "rotation": 90, "texture": "#0"}
			}
		},
		{
			"from": [7.00934, 7.5, 19.44318],
			"to": [8.50934, 8.5, 23.44318],
			"rotation": {"angle": 0, "axis": "y", "origin": [10.7167, 8, 18.29481]},
			"faces": {
				"north": {"uv": [4.25, 3.125, 4.5, 3.5], "rotation": 270, "texture": "#0"},
				"east": {"uv": [4, 3.375, 4.25, 4.375], "rotation": 90, "texture": "#0"},
				"south": {"uv": [4.25, 2.75, 4.5, 3.125], "rotation": 90, "texture": "#0"},
				"west": {"uv": [4.25, 3.5, 4.5, 4.5], "rotation": 90, "texture": "#0"},
				"up": {"uv": [4.5, 2.75, 5.5, 3.125], "rotation": 90, "texture": "#0"},
				"down": {"uv": [5.5, 2.75, 4.5, 3.125], "rotation": 90, "texture": "#0"}
			}
		},
		{
			"from": [7.72679, 7.25, 17.77755],
			"to": [9.72679, 8.75, 20.77755],
			"rotation": {"angle": -22.5, "axis": "y", "origin": [10.7167, 8, 18.29481]},
			"faces": {
				"north": {"uv": [1.25, 5.125, 1.625, 5.625], "rotation": 270, "texture": "#0"},
				"east": {"uv": [2.375, 5.125, 2.75, 5.875], "rotation": 90, "texture": "#0"},
				"south": {"uv": [1.25, 5.125, 1.625, 5.625], "rotation": 90, "texture": "#0"},
				"west": {"uv": [2.75, 5.375, 3.125, 6.125], "rotation": 90, "texture": "#0"},
				"up": {"uv": [1.625, 5.125, 2.375, 5.625], "rotation": 90, "texture": "#0"},
				"down": {"uv": [2.375, 5.125, 1.625, 5.625], "rotation": 90, "texture": "#0"}
			}
		},
		{
			"from": [7.73131, 7, 15.94019],
			"to": [10.23131, 9, 18.94019],
			"rotation": {"angle": -45, "axis": "y", "origin": [10.7167, 8, 18.29481]},
			"faces": {
				"north": {"uv": [2.75, 4, 3.25, 4.625], "rotation": 270, "texture": "#0"},
				"east": {"uv": [2.75, 4.625, 3.25, 5.375], "rotation": 90, "texture": "#0"},
				"south": {"uv": [3.5, 3.375, 4, 4], "rotation": 90, "texture": "#0"},
				"west": {"uv": [3.25, 4.625, 3.75, 5.375], "rotation": 90, "texture": "#0"},
				"up": {"uv": [3.25, 4, 4, 4.625], "rotation": 90, "texture": "#0"},
				"down": {"uv": [4, 4, 3.25, 4.625], "rotation": 90, "texture": "#0"}
			}
		},
		{
			"from": [21.62992, 7.75, 1.53524],
			"to": [23.62992, 8.25, 2.53524],
			"rotation": {"angle": 0, "axis": "y", "origin": [11.56496, 8, 9]},
			"faces": {
				"north": {"uv": [2.375, 5.75, 2.25, 6.25], "rotation": 270, "texture": "#0"},
				"east": {"uv": [2.5, 5.875, 2.375, 6.125], "rotation": 90, "texture": "#0"},
				"south": {"uv": [2.5, 6.125, 2.375, 6.625], "rotation": 270, "texture": "#0"},
				"west": {"uv": [2.5, 5.875, 2.375, 6.125], "rotation": 270, "texture": "#0"},
				"up": {"uv": [2, 6.125, 1.5, 6.375], "texture": "#0"},
				"down": {"uv": [1.5, 6.125, 2, 6.375], "rotation": 180, "texture": "#0"}
			}
		},
		{
			"from": [21.71704, 7.5, 5.94258],
			"to": [23.71704, 8.5, 7.44258],
			"rotation": {"angle": 22.5, "axis": "y", "origin": [11.56496, 8, 9]},
			"faces": {
				"north": {"uv": [2.75, 5.875, 2.5, 6.375], "rotation": 270, "texture": "#0"},
				"east": {"uv": [1.5, 5.75, 1.25, 6.125], "rotation": 90, "texture": "#0"},
				"south": {"uv": [2.25, 5.75, 2, 6.25], "rotation": 90, "texture": "#0"},
				"west": {"uv": [1.5, 5.75, 1.25, 6.125], "rotation": 270, "texture": "#0"},
				"up": {"uv": [2, 5.75, 1.5, 6.125], "texture": "#0"},
				"down": {"uv": [1.5, 5.75, 2, 6.125], "rotation": 180, "texture": "#0"}
			}
		},
		{
			"from": [12.37087, 7.25, -1.66504],
			"to": [14.37087, 8.75, 0.33496],
			"rotation": {"angle": -45, "axis": "y", "origin": [11.56496, 8, 9]},
			"faces": {
				"north": {"uv": [5.5, 4.25, 5.125, 4.75], "rotation": 90, "texture": "#0"},
				"east": {"uv": [5.125, 4.25, 4.75, 4.75], "rotation": 270, "texture": "#0"},
				"south": {"uv": [5.5, 4.25, 5.125, 4.75], "rotation": 270, "texture": "#0"},
				"west": {"uv": [5.125, 3.75, 4.75, 4.25], "rotation": 270, "texture": "#0"},
				"up": {"uv": [5.125, 4.25, 5.625, 3.75], "rotation": 90, "texture": "#0"},
				"down": {"uv": [5.625, 4.25, 5.125, 3.75], "rotation": 90, "texture": "#0"}
			}
		},
		{
			"from": [7.73131, 7, -2.94019],
			"to": [10.23131, 9, 0.05981],
			"rotation": {"angle": 45, "axis": "y", "origin": [10.7167, 8, -2.29481]},
			"faces": {
				"north": {"uv": [3.5, 4, 4, 3.375], "rotation": 90, "texture": "#0"},
				"east": {"uv": [2.75, 5.375, 3.25, 4.625], "rotation": 90, "texture": "#0"},
				"south": {"uv": [2.75, 4.625, 3.25, 4], "rotation": 270, "texture": "#0"},
				"west": {"uv": [3.25, 5.375, 3.75, 4.625], "rotation": 90, "texture": "#0"},
				"up": {"uv": [4, 4, 3.25, 4.625], "rotation": 90, "texture": "#0"},
				"down": {"uv": [3.25, 4, 4, 4.625], "rotation": 90, "texture": "#0"}
			}
		},
		{
			"from": [7.72679, 7.25, -4.77755],
			"to": [9.72679, 8.75, -1.77755],
			"rotation": {"angle": 22.5, "axis": "y", "origin": [10.7167, 8, -2.29481]},
			"faces": {
				"north": {"uv": [1.25, 5.625, 1.625, 5.125], "rotation": 90, "texture": "#0"},
				"east": {"uv": [2.375, 5.875, 2.75, 5.125], "rotation": 90, "texture": "#0"},
				"south": {"uv": [1.25, 5.625, 1.625, 5.125], "rotation": 270, "texture": "#0"},
				"west": {"uv": [2.75, 6.125, 3.125, 5.375], "rotation": 90, "texture": "#0"},
				"up": {"uv": [2.375, 5.125, 1.625, 5.625], "rotation": 90, "texture": "#0"},
				"down": {"uv": [1.625, 5.125, 2.375, 5.625], "rotation": 90, "texture": "#0"}
			}
		},
		{
			"from": [7.00934, 7.5, -7.44318],
			"to": [8.50934, 8.5, -3.44318],
			"rotation": {"angle": 0, "axis": "y", "origin": [10.7167, 8, -2.29481]},
			"faces": {
				"north": {"uv": [4.25, 3.125, 4.5, 2.75], "rotation": 90, "texture": "#0"},
				"east": {"uv": [4, 4.375, 4.25, 3.375], "rotation": 90, "texture": "#0"},
				"south": {"uv": [4.25, 3.5, 4.5, 3.125], "rotation": 270, "texture": "#0"},
				"west": {"uv": [4.25, 4.5, 4.5, 3.5], "rotation": 90, "texture": "#0"},
				"up": {"uv": [5.5, 2.75, 4.5, 3.125], "rotation": 90, "texture": "#0"},
				"down": {"uv": [4.5, 2.75, 5.5, 3.125], "rotation": 90, "texture": "#0"}
			}
		},
		{
			"from": [9.11105, 7.75, -10.8],
			"to": [10.61105, 8.25, -6.8],
			"rotation": {"angle": 22.5, "axis": "y", "origin": [10.7167, 8, -2.29481]},
			"faces": {
				"north": {"uv": [4.5, 3.625, 4.625, 3.25], "rotation": 90, "texture": "#0"},
				"east": {"uv": [4.5, 4.625, 4.625, 3.625], "rotation": 90, "texture": "#0"},
				"south": {"uv": [4.5, 3.625, 4.625, 3.25], "rotation": 270, "texture": "#0"},
				"west": {"uv": [4.625, 4.625, 4.75, 3.625], "rotation": 90, "texture": "#0"},
				"up": {"uv": [5.625, 3.25, 4.625, 3.625], "rotation": 90, "texture": "#0"},
				"down": {"uv": [4.625, 3.25, 5.625, 3.625], "rotation": 90, "texture": "#0"}
			}
		},
		{
			"from": [9.27299, 8, -7.45567],
			"to": [15.77299, 8, 8.54433],
			"rotation": {"angle": 45, "axis": "y", "origin": [10.7167, 8, -2.29481]},
			"faces": {
				"north": {"uv": [0, 0, 0, 5.5], "rotation": 90, "texture": "#0"},
				"east": {"uv": [0, 0, 0, 16], "rotation": 90, "texture": "#0"},
				"south": {"uv": [0, 0, 0, 5.5], "rotation": 270, "texture": "#0"},
				"west": {"uv": [0, 16, 0, 0], "rotation": 90, "texture": "#0"},
				"up": {"uv": [0, 0, 4, 1.375], "rotation": 270, "texture": "#0"},
				"down": {"uv": [4, 0, 0, 1.375], "rotation": 270, "texture": "#0"}
			}
		},
		{
			"from": [7.97081, 6.75, 0.02317],
			"to": [9.97081, 9.25, 8.02317],
			"rotation": {"angle": 45, "axis": "y", "origin": [10.7167, 8, -2.29481]},
			"faces": {
				"north": {"uv": [0, 2, 0.625, 1.5], "rotation": 90, "texture": "#0"},
				"east": {"uv": [0.625, 4, 1.25, 2], "rotation": 90, "texture": "#0"},
				"south": {"uv": [0, 2, 0.625, 1.5], "rotation": 270, "texture": "#0"},
				"west": {"uv": [0, 4, 0.625, 2], "rotation": 90, "texture": "#0"},
				"up": {"uv": [0.625, 2, 2.625, 1.5], "rotation": 270, "texture": "#0"},
				"down": {"uv": [2.625, 2, 0.625, 1.5], "rotation": 270, "texture": "#0"}
			}
		},
		{
			"from": [7, 8, 8],
			"to": [8, 8, 22],
			"rotation": {"angle": 0, "axis": "y", "origin": [11.56496, 8, 7]},
			"faces": {
				"north": {"uv": [0, 0, 0.25, 0], "rotation": 180, "texture": "#0"},
				"east": {"uv": [7.5, 0, 7.5, 3.5], "rotation": 270, "texture": "#0"},
				"south": {"uv": [0, 0, 0.25, 0], "texture": "#0"},
				"west": {"uv": [7.5, 0, 7.5, 3.5], "rotation": 90, "texture": "#0"},
				"up": {"uv": [7.75, 0, 7.5, 3.5], "rotation": 180, "texture": "#0"},
				"down": {"uv": [7.5, 0, 7.75, 3.5], "texture": "#0"}
			}
		},
		{
			"from": [7, 6, 6.5],
			"to": [18, 7, 9.5],
			"faces": {
				"north": {"uv": [8.875, 9.25, 9.125, 12], "rotation": 90, "texture": "#0"},
				"east": {"uv": [9.25, 8.125, 10, 8.375], "texture": "#0"},
				"south": {"uv": [8.875, 12, 9.125, 9.25], "rotation": 90, "texture": "#0"},
				"west": {"uv": [9.25, 8.125, 10, 8.375], "texture": "#0"},
				"up": {"uv": [11.75, 5.75, 14.5, 6.5], "texture": "#0"},
				"down": {"uv": [11.75, 6.5, 14.5, 7.25], "texture": "#0"}
			}
		},
		{
			"from": [-2.44883, 0.05978, 6.75],
			"to": [-0.44883, 3.05978, 9.25],
			"rotation": {"angle": 22.5, "axis": "z", "origin": [-1.17825, 2.81845, 8.6]},
			"faces": {
				"north": {"uv": [13.75, 8, 13, 8.5], "rotation": 90, "texture": "#0"},
				"east": {"uv": [13.75, 7.25, 14.5, 7.875], "rotation": 90, "texture": "#0"},
				"south": {"uv": [13, 8, 13.75, 8.5], "rotation": 270, "texture": "#0"},
				"west": {"uv": [13, 7.25, 13.75, 7.875], "rotation": 90, "texture": "#0"},
				"up": {"uv": [13.75, 8, 14.375, 8.5], "rotation": 270, "texture": "#0"},
				"down": {"uv": [13.75, 8, 14.375, 8.5], "rotation": 270, "texture": "#0"}
			}
		},
		{
			"from": [-3, 2, 6.5],
			"to": [0, 8, 9.5],
			"rotation": {"angle": 0, "axis": "y", "origin": [-1.27825, 1.51845, 8.9]},
			"faces": {
				"north": {"uv": [13, 8.75, 14.5, 9.5], "rotation": 90, "texture": "#0"},
				"east": {"uv": [8.125, 9.5, 8.875, 11], "texture": "#0"},
				"south": {"uv": [13, 9.5, 14.5, 8.75], "rotation": 90, "texture": "#0"},
				"west": {"uv": [8.125, 8, 8.875, 9.5], "texture": "#0"},
				"up": {"uv": [8.875, 12, 8.125, 12.75], "texture": "#0"},
				"down": {"uv": [8.125, 11.75, 8.875, 11], "rotation": 90, "texture": "#0"}
			}
		},
		{
			"from": [0, 5, 5.75],
			"to": [7, 8, 10.25],
			"rotation": {"angle": 0, "axis": "y", "origin": [-1.27825, 1.51845, 8.9]},
			"faces": {
				"north": {"uv": [4.625, 5.5, 6.375, 6.25], "texture": "#0"},
				"east": {"uv": [6.5, 3.25, 7.625, 4], "texture": "#0"},
				"south": {"uv": [6.375, 5.5, 4.625, 6.25], "texture": "#0"},
				"west": {"uv": [6.5, 3.25, 7.625, 4], "texture": "#0"},
				"up": {"uv": [6.375, 6.25, 4.625, 7.375], "texture": "#0"},
				"down": {"uv": [4.625, 6.25, 2.875, 7.375], "texture": "#0"}
			}
		},
		{
			"from": [-2, 8, 6.5],
			"to": [7, 9, 7],
			"rotation": {"angle": 0, "axis": "y", "origin": [-1.27825, 1.51845, 8.9]},
			"faces": {
				"north": {"uv": [7.25, 1, 7.5, 3.25], "rotation": 90, "texture": "#0"},
				"east": {"uv": [7.375, 0.75, 7.5, 1], "texture": "#0"},
				"south": {"uv": [7.25, 1, 7.5, 3.25], "rotation": 90, "texture": "#0"},
				"west": {"uv": [7.375, 0.75, 7.5, 1], "texture": "#0"},
				"up": {"uv": [7.125, 3.25, 7.25, 1], "rotation": 90, "texture": "#0"},
				"down": {"uv": [7.125, 3.25, 7.25, 1], "rotation": 90, "texture": "#0"}
			}
		},
		{
			"from": [7, 7, 7.25],
			"to": [18, 8, 8.75],
			"faces": {
				"north": {"uv": [15.375, 0, 15.625, 2.75], "rotation": 90, "texture": "#0"},
				"east": {"uv": [15.625, 2.75, 16, 3], "texture": "#0"},
				"south": {"uv": [15.375, 0, 15.625, 2.75], "rotation": 90, "texture": "#0"},
				"west": {"uv": [15.625, 2.75, 16, 3], "texture": "#0"},
				"up": {"uv": [15.625, 0, 16, 2.75], "rotation": 90, "texture": "#0"},
				"down": {"uv": [15.625, 0, 16, 2.75], "rotation": 90, "texture": "#0"}
			}
		},
		{
			"from": [1.65223, -4.26273, 5.5],
			"to": [6.65223, 0.73727, 6.5],
			"rotation": {"angle": -45, "axis": "z", "origin": [11.56496, 8, 7]},
			"faces": {
				"north": {"uv": [6.5, 2, 5.25, 0.75], "rotation": 180, "texture": "#0"},
				"east": {"uv": [5, 0.75, 5.25, 2], "texture": "#0"},
				"south": {"uv": [6.5, 2, 5.25, 0.75], "rotation": 180, "texture": "#0"},
				"west": {"uv": [5, 0.5, 6.25, 0.75], "rotation": 270, "texture": "#0"},
				"up": {"uv": [5.25, 2, 5, 0.75], "rotation": 90, "texture": "#0"},
				"down": {"uv": [6.25, 0.75, 5, 0.5], "rotation": 180, "texture": "#0"}
			}
		},
		{
			"from": [1.65223, -4.26273, 9.5],
			"to": [6.65223, 0.73727, 10.5],
			"rotation": {"angle": -45, "axis": "z", "origin": [11.56496, 8, 9]},
			"faces": {
				"north": {"uv": [5.25, 2, 6.5, 0.75], "rotation": 180, "texture": "#0"},
				"east": {"uv": [5.25, 0.75, 5, 2], "texture": "#0"},
				"south": {"uv": [5.25, 2, 6.5, 0.75], "rotation": 180, "texture": "#0"},
				"west": {"uv": [5, 0.75, 6.25, 0.5], "rotation": 270, "texture": "#0"},
				"up": {"uv": [5, 2, 5.25, 0.75], "rotation": 90, "texture": "#0"},
				"down": {"uv": [6.25, 0.5, 5, 0.75], "rotation": 180, "texture": "#0"}
			}
		},
		{
			"from": [-2, 8, 9],
			"to": [7, 9, 9.5],
			"rotation": {"angle": 0, "axis": "y", "origin": [-1.27825, 1.51845, 7.1]},
			"faces": {
				"north": {"uv": [7.25, 3.25, 7.5, 1], "rotation": 90, "texture": "#0"},
				"east": {"uv": [7.5, 0.75, 7.375, 1], "texture": "#0"},
				"south": {"uv": [7.25, 3.25, 7.5, 1], "rotation": 90, "texture": "#0"},
				"west": {"uv": [7.5, 0.75, 7.375, 1], "texture": "#0"},
				"up": {"uv": [7.25, 3.25, 7.125, 1], "rotation": 90, "texture": "#0"},
				"down": {"uv": [7.25, 3.25, 7.125, 1], "rotation": 90, "texture": "#0"}
			}
		},
		{
			"from": [7, 8.5, 4],
			"to": [13, 12.5, 4],
			"rotation": {"angle": -45, "axis": "y", "origin": [13, 10.5, 8]},
			"faces": {
				"north": {"uv": [10.75, 4.75, 12.25, 5.75], "texture": "#0"},
				"east": {"uv": [0, 0, 0, 1.25], "texture": "#0"},
				"south": {"uv": [12.25, 4.75, 10.75, 5.75], "texture": "#0"},
				"west": {"uv": [0, 0, 0, 1.25], "texture": "#0"},
				"up": {"uv": [0, 0, 2.5, 0], "texture": "#0"},
				"down": {"uv": [0, 0, 2.5, 0], "texture": "#0"}
			}
		},
		{
			"from": [1, 8, 8],
			"to": [7, 12, 8],
			"faces": {
				"north": {"uv": [12.375, 4.75, 13.875, 5.75], "texture": "#0"},
				"east": {"uv": [0, 0, 0, 1.25], "texture": "#0"},
				"south": {"uv": [13.875, 4.75, 12.375, 5.75], "texture": "#0"},
				"west": {"uv": [0, 0, 0, 1.25], "texture": "#0"},
				"up": {"uv": [0, 0, 2.5, 0], "texture": "#0"},
				"down": {"uv": [0, 0, 2.5, 0], "texture": "#0"}
			}
		},
		{
			"from": [7, 8.5, 12],
			"to": [13, 12.5, 12],
			"rotation": {"angle": 45, "axis": "y", "origin": [13, 10.5, 8]},
			"faces": {
				"north": {"uv": [10.75, 4.75, 12.25, 5.75], "texture": "#0"},
				"east": {"uv": [0, 0, 0, 1.25], "texture": "#0"},
				"south": {"uv": [12.25, 4.75, 10.75, 5.75], "texture": "#0"},
				"west": {"uv": [0, 0, 0, 1.25], "texture": "#0"},
				"up": {"uv": [0, 0, 2.5, 0], "texture": "#0"},
				"down": {"uv": [0, 0, 2.5, 0], "texture": "#0"}
			}
		},
		{
			"from": [0, 2, 8],
			"to": [5, 6, 8],
			"faces": {
				"north": {"uv": [11.5, 1.5, 12.75, 2.5], "texture": "#0"},
				"east": {"uv": [0, 0, 0, 1], "texture": "#0"},
				"south": {"uv": [12.75, 1.5, 11.5, 2.5], "texture": "#0"},
				"west": {"uv": [0, 0, 0, 1], "texture": "#0"},
				"up": {"uv": [0, 0, 1.25, 0], "texture": "#0"},
				"down": {"uv": [0, 0, 1.25, 0], "texture": "#0"}
			}
		},
		{
			"from": [17.20812, 5.25685, -5.5],
			"to": [17.20812, 19.25685, 11.5],
			"rotation": {"angle": 45, "axis": "y", "origin": [13.20812, 15.45685, 8]},
			"faces": {
				"north": {"uv": [8.125, 2, 8.125, 16], "texture": "#1"},
				"east": {"uv": [16, 0, 0, 14], "texture": "#1"},
				"south": {"uv": [8.125, 2, 8.125, 16], "texture": "#1"},
				"west": {"uv": [0, 0, 16, 14], "texture": "#1"},
				"up": {"uv": [6.875, 16, 6.875, 0], "rotation": 180, "texture": "#1"},
				"down": {"uv": [7.5, 16, 7.5, 0], "rotation": 180, "texture": "#1"}
			}
		},
		{
			"from": [17.20812, 5.25685, 4.5],
			"to": [17.20812, 19.25685, 21.5],
			"rotation": {"angle": -45, "axis": "y", "origin": [13.20812, 15.45685, 8]},
			"faces": {
				"north": {"uv": [8.125, 2, 8.125, 16], "texture": "#1"},
				"east": {"uv": [0, 0, 16, 14], "texture": "#1"},
				"south": {"uv": [8.125, 2, 8.125, 16], "texture": "#1"},
				"west": {"uv": [16, 0, 0, 14], "texture": "#1"},
				"up": {"uv": [6.875, 0, 6.875, 16], "rotation": 180, "texture": "#1"},
				"down": {"uv": [7.5, 0, 7.5, 16], "rotation": 180, "texture": "#1"}
			}
		},
		{
			"from": [-8, -1, 6.95],
			"to": [3, 13, 6.95],
			"rotation": {"angle": 0, "axis": "y", "origin": [8, 12.8, 20.2]},
			"faces": {
				"north": {"uv": [2.75, 7.5, 6.25, 10.25], "rotation": 90, "texture": "#0"},
				"east": {"uv": [7.5, 10.5, 7.5, 14], "rotation": 180, "texture": "#0"},
				"south": {"uv": [6.25, 7.5, 2.75, 10.25], "rotation": 270, "texture": "#0"},
				"west": {"uv": [6.875, 10.5, 6.875, 14], "texture": "#0"},
				"up": {"uv": [8.125, 11.5, 8.125, 14.25], "rotation": 270, "texture": "#0"},
				"down": {"uv": [8.125, 11.5, 8.125, 14.25], "rotation": 270, "texture": "#0"}
			}
		},
		{
			"from": [-8, -1, 9.05],
			"to": [3, 13, 9.05],
			"rotation": {"angle": 0, "axis": "y", "origin": [8, 12.8, -4.2]},
			"faces": {
				"north": {"uv": [6.25, 10.25, 2.75, 7.5], "rotation": 270, "texture": "#0"},
				"east": {"uv": [7.5, 10.5, 7.5, 14], "rotation": 180, "texture": "#0"},
				"south": {"uv": [2.75, 10.25, 6.25, 7.5], "rotation": 90, "texture": "#0"},
				"west": {"uv": [6.875, 10.5, 6.875, 14], "texture": "#0"},
				"up": {"uv": [8.125, 11.5, 8.125, 14.25], "rotation": 270, "texture": "#0"},
				"down": {"uv": [8.125, 11.5, 8.125, 14.25], "rotation": 270, "texture": "#0"}
			}
		}
	],
	"gui_light": "front",
	"display": {
		"thirdperson_righthand": {
			"rotation": [0, 110, 0],
			"translation": [-1.5, 1.5, -2.75],
			"scale": [0.5, 0.5, 0.5]
		},
		"thirdperson_lefthand": {
			"rotation": [0, -75, 0],
			"translation": [-1.5, 1.5, -2.75],
			"scale": [0.5, 0.5, 0.5]
		},
		"firstperson_righthand": {
			"rotation": [-163, 75, 170],
			"translation": [0.5, 4, -2],
			"scale": [0.5, 0.5, 0.5]
		},
		"firstperson_lefthand": {
			"rotation": [-163, -105, -170],
			"translation": [0.5, 4, -2],
			"scale": [0.5, 0.5, 0.5]
		},
		"ground": {
			"translation": [0, 1.75, 0],
			"scale": [0.5, 0.5, 0.5]
		},
		"gui": {
			"rotation": [40, 140, 21],
			"translation": [0.25, -0.25, 0],
			"scale": [0.47461, 0.47461, 0.47461]
		},
		"head": {
			"rotation": [90, 27.25, 90],
			"translation": [0, 15.5, 0],
			"scale": [0.6, 0.6, 0.6]
		},
		"fixed": {
			"rotation": [-90, -45, 0],
			"translation": [0, 0, -2.25],
			"scale": [1.18984, 1.18984, 1.18984]
		}
	},
	"groups": [
		{
			"name": "group",
			"origin": [13.20812, 15.45685, 8],
			"color": 0,
			"boneType": "",
			"children": [
				0,
				1,
				2,
				3,
				4,
				5,
				6,
				7,
				8,
				9,
				10,
				11,
				12,
				13,
				14,
				15,
				16,
				17,
				18,
				19,
				20,
				21,
				22,
				23,
				24,
				25,
				26,
				27,
				28,
				29,
				30,
				31,
				32,
				33,
				34,
				35,
				36,
				37,
				38,
				39,
				40,
				41,
				42,
				43,
				44,
				45,
				46,
				47,
				48
			]
		}
	]
}