{
	"credit": "Made with Blockbench",
	"texture_size": [64, 64],
	"textures": {
		"0": "elitecreatures:ifrit_animated/tex4",
		"1": "elitecreatures:ifrit_animated/hornfire",
		"particle": "elitecreatures:ifrit_animated/tex4"
	},
	"elements": [
		{
			"from": [7, -10, 9.52032],
			"to": [9, 3, 11.52032],
			"rotation": {"angle": 0, "axis": "y", "origin": [8, 4.16496, 8]},
			"faces": {
				"north": {"uv": [10.625, 2, 10.125, 5.25], "texture": "#0"},
				"east": {"uv": [10.125, 3.5, 9.625, 6.75], "texture": "#0"},
				"south": {"uv": [10.125, 6.75, 9.625, 10], "texture": "#0"},
				"west": {"uv": [10.625, 5.25, 10.125, 8.5], "texture": "#0"},
				"up": {"uv": [9.125, 8.5, 9.625, 8], "texture": "#0"},
				"down": {"uv": [9.125, 8.5, 9.625, 8], "texture": "#0"}
			}
		},
		{
			"from": [-4.72325, -8.55829, 9.02032],
			"to": [-0.72325, -4.55829, 12.02032],
			"rotation": {"angle": 45, "axis": "z", "origin": [8, 4.16496, 8]},
			"faces": {
				"north": {"uv": [9.625, 7, 8.625, 8], "texture": "#0"},
				"east": {"uv": [8.625, 7, 7.875, 8], "texture": "#0"},
				"south": {"uv": [8.625, 8, 9.625, 7], "rotation": 270, "texture": "#0"},
				"west": {"uv": [7.875, 8, 6.875, 7.25], "rotation": 90, "texture": "#0"},
				"up": {"uv": [8.625, 7, 7.875, 8], "rotation": 90, "texture": "#0"},
				"down": {"uv": [6.875, 8, 7.875, 7.25], "texture": "#0"}
			}
		},
		{
			"from": [6.5, 0, 9.02032],
			"to": [9.5, 1, 12.02032],
			"rotation": {"angle": 0, "axis": "y", "origin": [8, 4.16496, 8]},
			"faces": {
				"north": {"uv": [6.375, 2.75, 5.625, 3], "texture": "#0"},
				"east": {"uv": [6.375, 3.75, 5.625, 4], "texture": "#0"},
				"south": {"uv": [6.375, 2.75, 5.625, 3], "texture": "#0"},
				"west": {"uv": [6.375, 3.75, 5.625, 4], "texture": "#0"},
				"up": {"uv": [5.625, 3.75, 6.375, 3], "texture": "#0"},
				"down": {"uv": [5.625, 4.75, 6.375, 4], "texture": "#0"}
			}
		},
		{
			"from": [6.5, -6, 9.02032],
			"to": [9.5, -5, 12.02032],
			"rotation": {"angle": 0, "axis": "y", "origin": [8, 4.16496, 8]},
			"faces": {
				"north": {"uv": [6.375, 2.75, 5.625, 3], "texture": "#0"},
				"east": {"uv": [6.375, 3.75, 5.625, 4], "texture": "#0"},
				"south": {"uv": [6.375, 2.75, 5.625, 3], "texture": "#0"},
				"west": {"uv": [6.375, 3.75, 5.625, 4], "texture": "#0"},
				"up": {"uv": [5.625, 3.75, 6.375, 3], "texture": "#0"},
				"down": {"uv": [5.625, 4.75, 6.375, 4], "texture": "#0"}
			}
		},
		{
			"from": [7.45, 11.60447, 16.50665],
			"to": [8.45, 15.60447, 18.00665],
			"rotation": {"angle": -22.5, "axis": "x", "origin": [8, 4.16496, 8]},
			"faces": {
				"north": {"uv": [4, 4.375, 4.25, 3.375], "texture": "#0"},
				"east": {"uv": [5.5, 2.75, 4.5, 3.125], "rotation": 90, "texture": "#0"},
				"south": {"uv": [4.25, 4.5, 4.5, 3.5], "rotation": 180, "texture": "#0"},
				"west": {"uv": [4.5, 2.75, 5.5, 3.125], "rotation": 270, "texture": "#0"},
				"up": {"uv": [4.5, 2.75, 4.25, 3.125], "texture": "#0"},
				"down": {"uv": [4.5, 3.125, 4.25, 3.5], "rotation": 180, "texture": "#0"}
			}
		},
		{
			"from": [7.2, 11.87059, 12.40218],
			"to": [8.7, 14.87059, 14.40218],
			"rotation": {"angle": 0, "axis": "y", "origin": [8, 4.16496, 8]},
			"faces": {
				"north": {"uv": [2.375, 5.875, 2.75, 5.125], "texture": "#0"},
				"east": {"uv": [2.375, 5.125, 1.625, 5.625], "rotation": 90, "texture": "#0"},
				"south": {"uv": [2.75, 6.125, 3.125, 5.375], "rotation": 180, "texture": "#0"},
				"west": {"uv": [1.625, 5.125, 2.375, 5.625], "rotation": 270, "texture": "#0"},
				"up": {"uv": [1.625, 5.125, 1.25, 5.625], "texture": "#0"},
				"down": {"uv": [1.625, 5.125, 1.25, 5.625], "rotation": 180, "texture": "#0"}
			}
		},
		{
			"from": [6.95, 10.71311, 8.49115],
			"to": [8.95, 13.71311, 10.99115],
			"rotation": {"angle": 22.5, "axis": "x", "origin": [8, 4.16496, 8]},
			"faces": {
				"north": {"uv": [2.75, 5.375, 3.25, 4.625], "texture": "#0"},
				"east": {"uv": [4, 4, 3.25, 4.625], "rotation": 90, "texture": "#0"},
				"south": {"uv": [3.25, 5.375, 3.75, 4.625], "rotation": 180, "texture": "#0"},
				"west": {"uv": [3.25, 4, 4, 4.625], "rotation": 270, "texture": "#0"},
				"up": {"uv": [4, 3.375, 3.5, 4], "texture": "#0"},
				"down": {"uv": [3.25, 4, 2.75, 4.625], "rotation": 180, "texture": "#0"}
			}
		},
		{
			"from": [7.93023, 10.01069, 8.97032],
			"to": [10.43023, 17.01069, 11.97032],
			"rotation": {"angle": 22.5, "axis": "z", "origin": [8, 4.16496, 8]},
			"faces": {
				"north": {"uv": [2.5, 3.375, 4.25, 2.75], "rotation": 270, "texture": "#0"},
				"east": {"uv": [2, 3.375, 2.75, 5.125], "rotation": 180, "texture": "#0"},
				"south": {"uv": [4.25, 3.375, 2.5, 2.75], "rotation": 90, "texture": "#0"},
				"west": {"uv": [1.25, 3.375, 2, 5.125], "texture": "#0"},
				"up": {"uv": [1.75, 2.75, 2.5, 3.375], "rotation": 270, "texture": "#0"},
				"down": {"uv": [2.75, 3.375, 3.5, 4], "rotation": 270, "texture": "#0"}
			}
		},
		{
			"from": [-2.57574, 9.7407, 11.02032],
			"to": [2.42426, 14.7407, 12.02032],
			"rotation": {"angle": -45, "axis": "z", "origin": [8, 4.16496, 8]},
			"faces": {
				"north": {"uv": [5.25, 0.75, 6.5, 2], "rotation": 90, "texture": "#0"},
				"east": {"uv": [5, 0.5, 6.25, 0.75], "rotation": 270, "texture": "#0"},
				"south": {"uv": [5.25, 0.75, 6.5, 2], "rotation": 180, "texture": "#0"},
				"west": {"uv": [5, 0.75, 5.25, 2], "rotation": 180, "texture": "#0"},
				"up": {"uv": [5, 0.75, 5.25, 2], "rotation": 270, "texture": "#0"},
				"down": {"uv": [5, 0.5, 6.25, 0.75], "rotation": 180, "texture": "#0"}
			}
		},
		{
			"from": [5.52358, 9.99155, 8.97032],
			"to": [8.02358, 16.99155, 11.97032],
			"rotation": {"angle": -22.5, "axis": "z", "origin": [8, 4.16496, 8]},
			"faces": {
				"north": {"uv": [2.5, 2.75, 4.25, 3.375], "rotation": 270, "texture": "#0"},
				"east": {"uv": [2, 3.375, 1.25, 5.125], "texture": "#0"},
				"south": {"uv": [4.25, 2.75, 2.5, 3.375], "rotation": 90, "texture": "#0"},
				"west": {"uv": [2.75, 3.375, 2, 5.125], "rotation": 180, "texture": "#0"},
				"up": {"uv": [1.75, 3.375, 2.5, 2.75], "rotation": 270, "texture": "#0"},
				"down": {"uv": [2.75, 4, 3.5, 3.375], "rotation": 270, "texture": "#0"}
			}
		},
		{
			"from": [7, 3, 9.52032],
			"to": [9, 16, 11.52032],
			"rotation": {"angle": 0, "axis": "y", "origin": [8, 4.16496, 8]},
			"faces": {
				"north": {"uv": [10.125, 5.25, 10.625, 2], "texture": "#0"},
				"east": {"uv": [10.125, 8.5, 10.625, 5.25], "texture": "#0"},
				"south": {"uv": [9.625, 10, 10.125, 6.75], "texture": "#0"},
				"west": {"uv": [9.625, 6.75, 10.125, 3.5], "texture": "#0"},
				"up": {"uv": [9.625, 8, 9.125, 8.5], "texture": "#0"},
				"down": {"uv": [9.625, 8, 9.125, 8.5], "texture": "#0"}
			}
		},
		{
			"from": [4, 17.40936, 1.11096],
			"to": [12, 18.40936, 11.11096],
			"rotation": {"angle": 0, "axis": "y", "origin": [8, 4.16496, 8]},
			"faces": {
				"north": {"uv": [12, 0.25, 14, 0], "rotation": 180, "texture": "#0"},
				"east": {"uv": [12, 0.25, 11.75, 2.75], "rotation": 90, "texture": "#0"},
				"south": {"uv": [14, 0.25, 16, 0], "texture": "#0"},
				"west": {"uv": [11.75, 0.25, 12, 2.75], "rotation": 270, "texture": "#0"},
				"up": {"uv": [16, 0.25, 14, 2.75], "texture": "#0"},
				"down": {"uv": [14, 0.25, 12, 2.75], "rotation": 180, "texture": "#0"}
			}
		},
		{
			"from": [4.5, 18.9837, 3.1229],
			"to": [11.5, 19.9837, 7.1229],
			"rotation": {"angle": -22.5, "axis": "x", "origin": [8, 4.16496, 8]},
			"faces": {
				"north": {"uv": [10.25, 0.25, 12, 0], "rotation": 180, "texture": "#0"},
				"east": {"uv": [12.5, 2.75, 12.25, 3.75], "rotation": 90, "texture": "#0"},
				"south": {"uv": [10.25, 0.25, 12, 0], "texture": "#0"},
				"west": {"uv": [12.25, 2.75, 12.5, 3.75], "rotation": 270, "texture": "#0"},
				"up": {"uv": [14.25, 2.75, 12.5, 3.75], "texture": "#0"},
				"down": {"uv": [16, 2.75, 14.25, 3.75], "rotation": 180, "texture": "#0"}
			}
		},
		{
			"from": [4, 16.40936, 1.11096],
			"to": [5, 17.40936, 11.11096],
			"rotation": {"angle": 0, "axis": "y", "origin": [8, 4.16496, 8]},
			"faces": {
				"north": {"uv": [9, 0.75, 9.25, 0.5], "rotation": 180, "texture": "#0"},
				"east": {"uv": [9.25, 0.75, 11.75, 0.5], "rotation": 180, "texture": "#0"},
				"south": {"uv": [9, 0.5, 9.25, 0.25], "texture": "#0"},
				"west": {"uv": [9.25, 0.75, 11.75, 0.5], "texture": "#0"},
				"up": {"uv": [9.25, 0.5, 11.75, 0.25], "rotation": 90, "texture": "#0"},
				"down": {"uv": [9.25, 0.5, 11.75, 0.25], "rotation": 270, "texture": "#0"}
			}
		},
		{
			"from": [7.05, 8.51676, 5.75492],
			"to": [8.85, 11.51676, 8.25492],
			"rotation": {"angle": 45, "axis": "x", "origin": [8, 4.16496, 8]},
			"faces": {
				"north": {"uv": [2.75, 5.375, 3.25, 4.625], "texture": "#0"},
				"east": {"uv": [4, 4, 3.25, 4.625], "rotation": 90, "texture": "#0"},
				"south": {"uv": [3.25, 5.375, 3.75, 4.625], "rotation": 180, "texture": "#0"},
				"west": {"uv": [3.25, 4, 4, 4.625], "rotation": 270, "texture": "#0"},
				"up": {"uv": [4, 3.375, 3.5, 4], "texture": "#0"},
				"down": {"uv": [3.25, 4, 2.75, 4.625], "rotation": 180, "texture": "#0"}
			}
		},
		{
			"from": [11, 16.40936, 1.11096],
			"to": [12, 17.40936, 11.11096],
			"rotation": {"angle": 0, "axis": "y", "origin": [8, 4.16496, 8]},
			"faces": {
				"north": {"uv": [9.25, 0.75, 9, 0.5], "rotation": 180, "texture": "#0"},
				"east": {"uv": [9.25, 0.5, 11.75, 0.75], "rotation": 180, "texture": "#0"},
				"south": {"uv": [9.25, 0.5, 9, 0.25], "texture": "#0"},
				"west": {"uv": [9.25, 0.5, 11.75, 0.75], "texture": "#0"},
				"up": {"uv": [9.25, 0.25, 11.75, 0.5], "rotation": 90, "texture": "#0"},
				"down": {"uv": [9.25, 0.25, 11.75, 0.5], "rotation": 270, "texture": "#0"}
			}
		},
		{
			"from": [10.9, 18.82992, 12.53508],
			"to": [11.4, 20.82992, 13.53508],
			"rotation": {"angle": 0, "axis": "y", "origin": [8, 4.16496, 8]},
			"faces": {
				"north": {"uv": [2.375, 6.625, 2.5, 6.125], "texture": "#0"},
				"east": {"uv": [2, 6.125, 1.5, 6.375], "rotation": 270, "texture": "#0"},
				"south": {"uv": [2.25, 6.25, 2.375, 5.75], "rotation": 180, "texture": "#0"},
				"west": {"uv": [1.5, 6.125, 2, 6.375], "rotation": 90, "texture": "#0"},
				"up": {"uv": [2.375, 6.125, 2.5, 5.875], "texture": "#0"},
				"down": {"uv": [2.375, 6.125, 2.5, 5.875], "rotation": 180, "texture": "#0"}
			}
		},
		{
			"from": [10.65, 17.82843, 6.01428],
			"to": [11.65, 19.82843, 7.51428],
			"rotation": {"angle": 22.5, "axis": "x", "origin": [8, 4.16496, 8]},
			"faces": {
				"north": {"uv": [2, 6.25, 2.25, 5.75], "rotation": 180, "texture": "#0"},
				"east": {"uv": [2, 5.75, 1.5, 6.125], "rotation": 270, "texture": "#0"},
				"south": {"uv": [2.5, 6.375, 2.75, 5.875], "rotation": 180, "texture": "#0"},
				"west": {"uv": [1.5, 5.75, 2, 6.125], "rotation": 90, "texture": "#0"},
				"up": {"uv": [1.25, 6.125, 1.5, 5.75], "texture": "#0"},
				"down": {"uv": [1.25, 6.125, 1.5, 5.75], "rotation": 180, "texture": "#0"}
			}
		},
		{
			"from": [10.4, 9.58805, 18.55324],
			"to": [11.9, 11.58805, 20.55324],
			"rotation": {"angle": -45, "axis": "x", "origin": [8, 4.16496, 8]},
			"faces": {
				"north": {"uv": [5.125, 4.75, 5.5, 4.25], "texture": "#0"},
				"east": {"uv": [5.125, 4.25, 5.625, 3.75], "texture": "#0"},
				"south": {"uv": [5.125, 4.75, 5.5, 4.25], "texture": "#0"},
				"west": {"uv": [5.625, 4.25, 5.125, 3.75], "texture": "#0"},
				"up": {"uv": [4.75, 4.75, 5.125, 4.25], "rotation": 180, "texture": "#0"},
				"down": {"uv": [4.75, 4.25, 5.125, 3.75], "rotation": 180, "texture": "#0"}
			}
		},
		{
			"from": [4.5, 13.45936, 1.61096],
			"to": [4.5, 17.45936, 8.61096],
			"rotation": {"angle": 0, "axis": "y", "origin": [8, 4.16496, 8]},
			"faces": {
				"north": {"uv": [13, 13.25, 13, 12.25], "texture": "#0"},
				"east": {"uv": [8.25, 7, 6.5, 6], "texture": "#0"},
				"south": {"uv": [13, 13.25, 13, 12.25], "texture": "#0"},
				"west": {"uv": [6.5, 7, 8.25, 6], "texture": "#0"},
				"up": {"uv": [14, 10.25, 14, 13.75], "rotation": 180, "texture": "#0"},
				"down": {"uv": [15, 9.5, 15, 13], "rotation": 180, "texture": "#0"}
			}
		},
		{
			"from": [11.5, 13.45936, 1.61096],
			"to": [11.5, 17.45936, 8.61096],
			"rotation": {"angle": 0, "axis": "y", "origin": [8, 4.16496, 8]},
			"faces": {
				"north": {"uv": [13, 13.25, 13, 12.25], "texture": "#0"},
				"east": {"uv": [6.5, 6, 8.25, 7], "rotation": 180, "texture": "#0"},
				"south": {"uv": [13, 13.25, 13, 12.25], "texture": "#0"},
				"west": {"uv": [8.25, 6, 6.5, 7], "rotation": 180, "texture": "#0"},
				"up": {"uv": [14, 10.25, 14, 13.75], "rotation": 180, "texture": "#0"},
				"down": {"uv": [15, 9.5, 15, 13], "rotation": 180, "texture": "#0"}
			}
		},
		{
			"from": [13.07574, 9.2407, 8.02032],
			"to": [18.07574, 14.2407, 9.02032],
			"rotation": {"angle": 45, "axis": "z", "origin": [8, 4.16496, 8]},
			"faces": {
				"north": {"uv": [5.25, 2, 6.5, 0.75], "rotation": 90, "texture": "#0"},
				"east": {"uv": [5.25, 0.75, 5, 2], "rotation": 180, "texture": "#0"},
				"south": {"uv": [6.5, 0.75, 5.25, 2], "rotation": 180, "texture": "#0"},
				"west": {"uv": [5, 0.75, 6.25, 0.5], "rotation": 270, "texture": "#0"},
				"up": {"uv": [5, 2, 5.25, 0.75], "rotation": 270, "texture": "#0"},
				"down": {"uv": [6.25, 0.5, 5, 0.75], "rotation": 180, "texture": "#0"}
			}
		},
		{
			"from": [4.1, 9.58805, 18.55324],
			"to": [5.6, 11.58805, 20.55324],
			"rotation": {"angle": -45, "axis": "x", "origin": [8, 4.16496, 8]},
			"faces": {
				"north": {"uv": [5.5, 4.75, 5.125, 4.25], "texture": "#0"},
				"east": {"uv": [5.125, 4.25, 5.625, 3.75], "texture": "#0"},
				"south": {"uv": [5.5, 4.75, 5.125, 4.25], "texture": "#0"},
				"west": {"uv": [5.625, 4.25, 5.125, 3.75], "texture": "#0"},
				"up": {"uv": [5.125, 4.75, 4.75, 4.25], "rotation": 180, "texture": "#0"},
				"down": {"uv": [5.125, 4.25, 4.75, 3.75], "rotation": 180, "texture": "#0"}
			}
		},
		{
			"from": [4.35, 17.82843, 6.01428],
			"to": [5.35, 19.82843, 7.51428],
			"rotation": {"angle": 22.5, "axis": "x", "origin": [8, 4.16496, 8]},
			"faces": {
				"north": {"uv": [2.25, 6.25, 2, 5.75], "rotation": 180, "texture": "#0"},
				"east": {"uv": [1.5, 6.125, 2, 5.75], "rotation": 90, "texture": "#0"},
				"south": {"uv": [2.75, 6.375, 2.5, 5.875], "rotation": 180, "texture": "#0"},
				"west": {"uv": [2, 6.125, 1.5, 5.75], "rotation": 270, "texture": "#0"},
				"up": {"uv": [1.5, 6.125, 1.25, 5.75], "texture": "#0"},
				"down": {"uv": [1.5, 6.125, 1.25, 5.75], "rotation": 180, "texture": "#0"}
			}
		},
		{
			"from": [4.6, 18.82992, 12.53508],
			"to": [5.1, 20.82992, 13.53508],
			"rotation": {"angle": 0, "axis": "y", "origin": [8, 4.16496, 8]},
			"faces": {
				"north": {"uv": [2.5, 6.625, 2.375, 6.125], "texture": "#0"},
				"east": {"uv": [1.5, 6.375, 2, 6.125], "rotation": 90, "texture": "#0"},
				"south": {"uv": [2.375, 6.25, 2.25, 5.75], "rotation": 180, "texture": "#0"},
				"west": {"uv": [2, 6.375, 1.5, 6.125], "rotation": 270, "texture": "#0"},
				"up": {"uv": [2.5, 6.125, 2.375, 5.875], "texture": "#0"},
				"down": {"uv": [2.5, 6.125, 2.375, 5.875], "rotation": 180, "texture": "#0"}
			}
		},
		{
			"from": [8, -14.5, 10.52032],
			"to": [12, -8.5, 10.52032],
			"rotation": {"angle": 0, "axis": "y", "origin": [8, 4.16496, 8]},
			"faces": {
				"north": {"uv": [8.125, 7, 9.625, 6], "rotation": 90, "texture": "#0"},
				"east": {"uv": [0, 0, 1.25, 0], "rotation": 270, "texture": "#0"},
				"south": {"uv": [9.625, 7, 8.125, 6], "rotation": 270, "texture": "#0"},
				"west": {"uv": [0, 0, 1.25, 0], "rotation": 270, "texture": "#0"},
				"up": {"uv": [0, 1, 0, 0], "rotation": 270, "texture": "#0"},
				"down": {"uv": [0, 1, 0, 0], "rotation": 270, "texture": "#0"}
			}
		},
		{
			"from": [4, -14.5, 10.52032],
			"to": [8, -8.5, 10.52032],
			"rotation": {"angle": 0, "axis": "y", "origin": [8, 4.16496, 8]},
			"faces": {
				"north": {"uv": [8.125, 6, 9.625, 7], "rotation": 90, "texture": "#0"},
				"east": {"uv": [0, 0, 1.25, 0], "rotation": 270, "texture": "#0"},
				"south": {"uv": [9.625, 6, 8.125, 7], "rotation": 270, "texture": "#0"},
				"west": {"uv": [0, 0, 1.25, 0], "rotation": 270, "texture": "#0"},
				"up": {"uv": [0, 0, 0, 1], "rotation": 270, "texture": "#0"},
				"down": {"uv": [0, 0, 0, 1], "rotation": 270, "texture": "#0"}
			}
		},
		{
			"from": [8, 7, 9.52032],
			"to": [8, 24, 23.52032],
			"rotation": {"angle": 0, "axis": "y", "origin": [8, 4.16496, 8]},
			"faces": {
				"north": {"uv": [7.5, 0, 7.5, 16], "rotation": 180, "texture": "#1"},
				"east": {"uv": [16, 0, 0, 14], "rotation": 270, "texture": "#1"},
				"south": {"uv": [6.875, 0, 6.875, 16], "texture": "#1"},
				"west": {"uv": [0, 0, 16, 14], "rotation": 90, "texture": "#1"},
				"up": {"uv": [8.125, 2, 8.125, 16], "rotation": 180, "texture": "#1"},
				"down": {"uv": [8.125, 2, 8.125, 16], "texture": "#1"}
			}
		}
	],
	"gui_light": "front",
	"display": {
		"thirdperson_righthand": {
			"rotation": [0, 13, 0],
			"translation": [0, 4.75, 0],
			"scale": [0.6, 0.6, 0.6]
		},
		"thirdperson_lefthand": {
			"rotation": [0, 13, 0],
			"translation": [0, 4.75, 0],
			"scale": [0.6, 0.6, 0.6]
		},
		"firstperson_righthand": {
			"rotation": [17.25, 15, 3],
			"translation": [7, 1.25, -9.5],
			"scale": [0.72852, 0.72852, 0.72852]
		},
		"firstperson_lefthand": {
			"rotation": [17.25, 15, 3],
			"translation": [7, 1.25, -9.5],
			"scale": [0.72852, 0.72852, 0.72852]
		},
		"ground": {
			"rotation": [0, 0, 90],
			"translation": [-1.5, 0.25, 0],
			"scale": [0.5, 0.5, 0.5]
		},
		"gui": {
			"rotation": [116, 131, -90],
			"translation": [-0.75, 0.25, -1.25],
			"scale": [0.43414, 0.43414, 0.43414]
		},
		"head": {
			"rotation": [90, -168, 90],
			"translation": [-0.5, 11.75, 0],
			"scale": [0.56, 0.56, 0.56]
		},
		"fixed": {
			"rotation": [-12, 90, 0],
			"translation": [2.25, 2.5, -5.25],
			"scale": [1.19617, 1.19617, 1.19617]
		}
	},
	"groups": [
		{
			"name": "group",
			"origin": [-3.43783, 18.37437, 7.95],
			"color": 0,
			"boneType": "",
			"children": [0, 1, 2, 3, 4, 5, 6, 7, 8, 9, 10, 11, 12, 13, 14, 15, 16, 17, 18, 19, 20, 21, 22, 23, 24, 25, 26, 27]
		}
	]
}