{
	"credit": "Made with Blockbench",
	"textures": {
		"0": "elitecreatures:fantasy_swords_v1/sword141tex",
		"1": "elitecreatures:fantasy_swords_v1/sword14ani",
		"particle": "elitecreatures:fantasy_swords_v1/sword141tex"
	},
	"elements": [
		{
			"from": [7.5, 3, 7.75],
			"to": [8.5, 10, 8.25],
			"faces": {
				"north": {"uv": [4.75, 10.75, 5.25, 14.25], "texture": "#0"},
				"east": {"uv": [4.5, 10.75, 4.75, 14.25], "texture": "#0"},
				"south": {"uv": [4.75, 10.75, 5.25, 14.25], "texture": "#0"},
				"west": {"uv": [4.5, 10.75, 4.75, 14.25], "texture": "#0"},
				"up": {"uv": [1.5, 15, 2, 15.25], "texture": "#0"},
				"down": {"uv": [1.5, 15, 2, 15.25], "texture": "#0"}
			}
		},
		{
			"from": [7.25, 10.9, 7.25],
			"to": [8.75, 14.4, 8.75],
			"faces": {
				"north": {"uv": [5.25, 14.25, 6, 16], "texture": "#0"},
				"east": {"uv": [4.5, 14.25, 5.25, 16], "texture": "#0"},
				"south": {"uv": [5.25, 14.25, 6, 16], "texture": "#0"},
				"west": {"uv": [4.5, 14.25, 5.25, 16], "texture": "#0"},
				"up": {"uv": [3.5, 10.75, 4.25, 11.5], "texture": "#0"},
				"down": {"uv": [3.5, 10.75, 4.25, 11.5], "texture": "#0"}
			}
		},
		{
			"from": [3.22212, 9.40367, 7.35],
			"to": [5.12212, 11.40367, 8.65],
			"rotation": {"angle": -22.5, "axis": "z", "origin": [3.21242, 11.3832, 8]},
			"faces": {
				"north": {"uv": [14.25, 0.75, 13.25, 1.75], "rotation": 180, "texture": "#0"},
				"east": {"uv": [14.25, 2.25, 15.25, 3], "rotation": 90, "texture": "#0"},
				"south": {"uv": [13.25, 0.75, 14.25, 1.75], "rotation": 180, "texture": "#0"},
				"west": {"uv": [15.25, 1.5, 16, 2.5], "rotation": 180, "texture": "#0"},
				"up": {"uv": [13.25, 1.75, 14.25, 2.4], "rotation": 180, "texture": "#0"},
				"down": {"uv": [13.25, 1.75, 14.25, 2.4], "rotation": 180, "texture": "#0"}
			}
		},
		{
			"from": [-1.64701, 3.1265, 7.25],
			"to": [8.35299, 4.1265, 8.75],
			"rotation": {"angle": -45, "axis": "z", "origin": [4.61242, 3.3168, 8]},
			"faces": {
				"north": {"uv": [15.5, 5.5, 16, 10.5], "rotation": 270, "texture": "#0"},
				"east": {"uv": [16, 4.75, 15.5, 5.5], "rotation": 90, "texture": "#0"},
				"south": {"uv": [16, 5.5, 15.5, 10.5], "rotation": 90, "texture": "#0"},
				"west": {"uv": [16, 4.75, 15.5, 5.5], "rotation": 90, "texture": "#0"},
				"up": {"uv": [14.75, 5.5, 14, 10.5], "rotation": 90, "texture": "#0"},
				"down": {"uv": [15.5, 5.5, 14.75, 10.5], "rotation": 90, "texture": "#0"}
			}
		},
		{
			"from": [5.35299, 1.1265, 7.75],
			"to": [6.85299, 2.1265, 8.25],
			"rotation": {"angle": -45, "axis": "z", "origin": [4.61242, 3.3168, 8]},
			"faces": {
				"north": {"uv": [14.75, 11, 15.25, 11.75], "rotation": 270, "texture": "#0"},
				"east": {"uv": [14.75, 11.5, 14.25, 11.75], "rotation": 90, "texture": "#0"},
				"south": {"uv": [15.25, 11, 14.75, 11.75], "rotation": 90, "texture": "#0"},
				"west": {"uv": [14.75, 11.5, 14.25, 11.75], "rotation": 90, "texture": "#0"},
				"up": {"uv": [14.5, 10.75, 14.25, 11.5], "rotation": 90, "texture": "#0"},
				"down": {"uv": [14.75, 10.75, 14.5, 11.5], "rotation": 90, "texture": "#0"}
			}
		},
		{
			"from": [2.35299, 2.1265, 7.75],
			"to": [6.85299, 3.1265, 8.25],
			"rotation": {"angle": -45, "axis": "z", "origin": [4.61242, 3.3168, 8]},
			"faces": {
				"north": {"uv": [15.5, 10.75, 16, 13], "rotation": 270, "texture": "#0"},
				"east": {"uv": [15.25, 10.75, 14.75, 11], "rotation": 90, "texture": "#0"},
				"south": {"uv": [16, 10.75, 15.5, 13], "rotation": 90, "texture": "#0"},
				"west": {"uv": [15.25, 10.75, 14.75, 11], "rotation": 90, "texture": "#0"},
				"up": {"uv": [15.5, 10.75, 15.25, 13], "rotation": 90, "texture": "#0"},
				"down": {"uv": [15.5, 10.75, 15.25, 13], "rotation": 90, "texture": "#0"}
			}
		},
		{
			"from": [7.44701, 3.1265, 7.25],
			"to": [17.44701, 4.1265, 8.75],
			"rotation": {"angle": 45, "axis": "z", "origin": [11.38758, 3.3168, 8]},
			"faces": {
				"north": {"uv": [15.5, 10.5, 16, 5.5], "rotation": 270, "texture": "#0"},
				"east": {"uv": [16, 5.5, 15.5, 4.75], "rotation": 90, "texture": "#0"},
				"south": {"uv": [16, 10.5, 15.5, 5.5], "rotation": 90, "texture": "#0"},
				"west": {"uv": [16, 5.5, 15.5, 4.75], "rotation": 90, "texture": "#0"},
				"up": {"uv": [14.75, 10.5, 14, 5.5], "rotation": 90, "texture": "#0"},
				"down": {"uv": [15.5, 10.5, 14.75, 5.5], "rotation": 90, "texture": "#0"}
			}
		},
		{
			"from": [8.94701, 2.1265, 7.75],
			"to": [13.44701, 3.1265, 8.25],
			"rotation": {"angle": 45, "axis": "z", "origin": [11.38758, 3.3168, 8]},
			"faces": {
				"north": {"uv": [15.5, 13, 16, 10.75], "rotation": 270, "texture": "#0"},
				"east": {"uv": [15.25, 11, 14.75, 10.75], "rotation": 90, "texture": "#0"},
				"south": {"uv": [16, 13, 15.5, 10.75], "rotation": 90, "texture": "#0"},
				"west": {"uv": [15.25, 11, 14.75, 10.75], "rotation": 90, "texture": "#0"},
				"up": {"uv": [15.5, 13, 15.25, 10.75], "rotation": 90, "texture": "#0"},
				"down": {"uv": [15.5, 13, 15.25, 10.75], "rotation": 90, "texture": "#0"}
			}
		},
		{
			"from": [8.94701, 1.1265, 7.75],
			"to": [10.44701, 2.1265, 8.25],
			"rotation": {"angle": 45, "axis": "z", "origin": [11.38758, 3.3168, 8]},
			"faces": {
				"north": {"uv": [14.75, 11.75, 15.25, 11], "rotation": 270, "texture": "#0"},
				"east": {"uv": [14.75, 11.75, 14.25, 11.5], "rotation": 90, "texture": "#0"},
				"south": {"uv": [15.25, 11.75, 14.75, 11], "rotation": 90, "texture": "#0"},
				"west": {"uv": [14.75, 11.75, 14.25, 11.5], "rotation": 90, "texture": "#0"},
				"up": {"uv": [14.5, 11.5, 14.25, 10.75], "rotation": 90, "texture": "#0"},
				"down": {"uv": [14.75, 11.5, 14.5, 10.75], "rotation": 90, "texture": "#0"}
			}
		},
		{
			"from": [2.46447, 6.56563, 7.25],
			"to": [4.46447, 9.56563, 8.75],
			"rotation": {"angle": 0, "axis": "y", "origin": [2.50505, 6.55592, 8]},
			"faces": {
				"north": {"uv": [14.25, 0.75, 15.25, 2.25], "rotation": 180, "texture": "#0"},
				"east": {"uv": [12.75, 0, 14.25, 0.75], "rotation": 90, "texture": "#0"},
				"south": {"uv": [15.25, 0.75, 14.25, 2.25], "rotation": 180, "texture": "#0"},
				"west": {"uv": [15.25, 0, 16, 1.5], "rotation": 180, "texture": "#0"},
				"up": {"uv": [14.25, 0, 15.25, 0.75], "rotation": 180, "texture": "#0"},
				"down": {"uv": [14.25, 0, 15.25, 0.75], "rotation": 180, "texture": "#0"}
			}
		},
		{
			"from": [2.65299, 10.7735, 7.25],
			"to": [5.65299, 12.7735, 8.75],
			"rotation": {"angle": 45, "axis": "z", "origin": [4.61242, 12.7832, 8]},
			"faces": {
				"north": {"uv": [16, 3, 15, 4.5], "rotation": 270, "texture": "#0"},
				"east": {"uv": [12.25, 0.75, 13.25, 1.5], "rotation": 90, "texture": "#0"},
				"south": {"uv": [15, 3, 16, 4.5], "rotation": 90, "texture": "#0"},
				"west": {"uv": [12.25, 0.75, 13.25, 1.5], "rotation": 90, "texture": "#0"},
				"up": {"uv": [14.25, 3, 15, 4.5], "rotation": 90, "texture": "#0"},
				"down": {"uv": [13.5, 3, 14.25, 4.5], "rotation": 90, "texture": "#0"}
			}
		},
		{
			"from": [10.87788, 1.69633, 7.35],
			"to": [12.77788, 6.69633, 8.65],
			"rotation": {"angle": -22.5, "axis": "z", "origin": [12.78758, 4.7168, 8]},
			"faces": {
				"north": {"uv": [0, 0, 1, 2.5], "texture": "#0"},
				"east": {"uv": [1.75, 0, 1, 2.5], "texture": "#0"},
				"south": {"uv": [1, 0, 0, 2.5], "texture": "#0"},
				"west": {"uv": [2.5, 0, 1.75, 2.5], "texture": "#0"},
				"up": {"uv": [1, 4, 0, 3.25], "texture": "#0"},
				"down": {"uv": [1, 2.5, 0, 3.25], "texture": "#0"}
			}
		},
		{
			"from": [3.22212, 1.69633, 7.35],
			"to": [5.12212, 6.69633, 8.65],
			"rotation": {"angle": 22.5, "axis": "z", "origin": [3.21242, 4.7168, 8]},
			"faces": {
				"north": {"uv": [1, 0, 0, 2.5], "texture": "#0"},
				"east": {"uv": [1.75, 0, 2.5, 2.5], "texture": "#0"},
				"south": {"uv": [0, 0, 1, 2.5], "texture": "#0"},
				"west": {"uv": [1, 0, 1.75, 2.5], "texture": "#0"},
				"up": {"uv": [0, 4, 1, 3.25], "texture": "#0"},
				"down": {"uv": [0, 2.5, 1, 3.25], "texture": "#0"}
			}
		},
		{
			"from": [10.87788, 9.40367, 7.35],
			"to": [12.77788, 11.40367, 8.65],
			"rotation": {"angle": 22.5, "axis": "z", "origin": [12.78758, 11.3832, 8]},
			"faces": {
				"north": {"uv": [13.25, 0.75, 14.25, 1.75], "rotation": 180, "texture": "#0"},
				"east": {"uv": [16, 1.5, 15.25, 2.5], "rotation": 180, "texture": "#0"},
				"south": {"uv": [14.25, 0.75, 13.25, 1.75], "rotation": 180, "texture": "#0"},
				"west": {"uv": [14.25, 2.9, 15.25, 2.25], "rotation": 90, "texture": "#0"},
				"up": {"uv": [14.25, 1.75, 13.25, 2.4], "rotation": 180, "texture": "#0"},
				"down": {"uv": [14.25, 1.75, 13.25, 2.4], "rotation": 180, "texture": "#0"}
			}
		},
		{
			"from": [11.53553, 6.56563, 7.25],
			"to": [13.53553, 9.56563, 8.75],
			"rotation": {"angle": 0, "axis": "y", "origin": [13.49495, 6.55592, 8]},
			"faces": {
				"north": {"uv": [15.25, 0.75, 14.25, 2.25], "rotation": 180, "texture": "#0"},
				"east": {"uv": [16, 0, 15.25, 1.5], "rotation": 180, "texture": "#0"},
				"south": {"uv": [14.25, 0.75, 15.25, 2.25], "rotation": 180, "texture": "#0"},
				"west": {"uv": [12.75, 0.75, 14.25, 0], "rotation": 90, "texture": "#0"},
				"up": {"uv": [15.25, 0, 14.25, 0.75], "rotation": 180, "texture": "#0"},
				"down": {"uv": [15.25, 0, 14.25, 0.75], "rotation": 180, "texture": "#0"}
			}
		},
		{
			"from": [10.34701, 10.7735, 7.25],
			"to": [13.34701, 12.7735, 8.75],
			"rotation": {"angle": -45, "axis": "z", "origin": [11.38758, 12.7832, 8]},
			"faces": {
				"north": {"uv": [16, 4.5, 15, 3], "rotation": 270, "texture": "#0"},
				"east": {"uv": [12.25, 1.5, 13.25, 0.75], "rotation": 90, "texture": "#0"},
				"south": {"uv": [15, 4.5, 16, 3], "rotation": 90, "texture": "#0"},
				"west": {"uv": [12.25, 1.5, 13.25, 0.75], "rotation": 90, "texture": "#0"},
				"up": {"uv": [14.25, 4.5, 15, 3], "rotation": 90, "texture": "#0"},
				"down": {"uv": [13.5, 4.5, 14.25, 3], "rotation": 90, "texture": "#0"}
			}
		},
		{
			"from": [7.25, 14.4, 7.15],
			"to": [8.75, 15.4, 8.9],
			"rotation": {"angle": 0, "axis": "y", "origin": [7.23494, 9.89736, 8.6]},
			"faces": {
				"north": {"uv": [12.75, 2.25, 13.25, 1.5], "rotation": 90, "texture": "#0"},
				"east": {"uv": [12.25, 0.75, 12.75, 0.5], "rotation": 90, "texture": "#0"},
				"south": {"uv": [12.75, 2.25, 13.25, 1.5], "rotation": 90, "texture": "#0"},
				"west": {"uv": [12.25, 0.75, 12.75, 0.5], "rotation": 90, "texture": "#0"},
				"up": {"uv": [12.75, 1.5, 12, 2.25], "rotation": 90, "texture": "#0"},
				"down": {"uv": [11.75, 3, 11, 3.75], "rotation": 90, "texture": "#0"}
			}
		},
		{
			"from": [6.75, 15.4, 6.5],
			"to": [9.25, 15.9, 9.5],
			"rotation": {"angle": 0, "axis": "y", "origin": [7.23494, 9.89736, 8.6]},
			"faces": {
				"north": {"uv": [12.75, 4.5, 12.5, 3.25], "rotation": 90, "texture": "#0"},
				"east": {"uv": [12.25, 4.75, 12.5, 3.25], "rotation": 90, "texture": "#0"},
				"south": {"uv": [12.5, 4.5, 12.75, 3.25], "rotation": 90, "texture": "#0"},
				"west": {"uv": [12.25, 4.75, 12.5, 3.25], "rotation": 90, "texture": "#0"},
				"up": {"uv": [14, 6.75, 12.5, 8], "rotation": 90, "texture": "#0"},
				"down": {"uv": [14, 5.5, 12.5, 6.75], "rotation": 90, "texture": "#0"}
			}
		},
		{
			"from": [6.35, 13.91764, 7.225],
			"to": [7.35, 14.81764, 8.825],
			"rotation": {"angle": 22.5, "axis": "z", "origin": [5.89289, 14.84797, 8.6]},
			"faces": {
				"north": {"uv": [11.5, 2, 11, 1.5], "rotation": 90, "texture": "#0"},
				"east": {"uv": [10.5, 2.5, 11, 1.75], "rotation": 90, "texture": "#0"},
				"south": {"uv": [11, 2, 11.5, 1.5], "rotation": 270, "texture": "#0"},
				"west": {"uv": [10.5, 2.5, 11, 1.75], "rotation": 90, "texture": "#0"},
				"up": {"uv": [11.75, 2.5, 11, 3], "rotation": 90, "texture": "#0"},
				"down": {"uv": [12.25, 4.25, 11.5, 3.75], "rotation": 90, "texture": "#0"}
			}
		},
		{
			"from": [5.61106, 13.30183, 7.225],
			"to": [6.56106, 14.30183, 8.825],
			"rotation": {"angle": -22.5, "axis": "z", "origin": [5.60621, 14.2916, 8.6]},
			"faces": {
				"north": {"uv": [11, 1.5, 11.5, 2], "texture": "#0"},
				"east": {"uv": [10.5, 2.5, 11, 1.75], "rotation": 90, "texture": "#0"},
				"south": {"uv": [11, 1.5, 11.5, 2], "rotation": 180, "texture": "#0"},
				"west": {"uv": [11.75, 2.5, 11, 3], "texture": "#0"},
				"up": {"uv": [11.75, 2.5, 11, 2], "rotation": 90, "texture": "#0"},
				"down": {"uv": [11, 2.5, 11.75, 2], "rotation": 90, "texture": "#0"}
			}
		},
		{
			"from": [5.3265, 13.98675, 7.125],
			"to": [6.3265, 14.98675, 8.875],
			"rotation": {"angle": 45, "axis": "z", "origin": [6.30621, 14.9916, 8.6]},
			"faces": {
				"north": {"uv": [12.25, 2.75, 11.75, 2.25], "rotation": 90, "texture": "#0"},
				"east": {"uv": [11.75, 3.625, 12.25, 2.75], "rotation": 90, "texture": "#0"},
				"south": {"uv": [11.75, 2.75, 12.25, 2.25], "rotation": 270, "texture": "#0"},
				"west": {"uv": [11.75, 3.625, 12.25, 2.75], "rotation": 90, "texture": "#0"},
				"up": {"uv": [13, 2.75, 12.25, 3.25], "rotation": 90, "texture": "#0"},
				"down": {"uv": [12.25, 2.25, 13.25, 2.75], "rotation": 90, "texture": "#0"}
			}
		},
		{
			"from": [5.23224, 11.88281, 7.125],
			"to": [6.23224, 13.38281, 8.875],
			"rotation": {"angle": 0, "axis": "y", "origin": [5.25252, 11.87796, 8.6]},
			"faces": {
				"north": {"uv": [13.25, 2.25, 12.75, 1.5], "texture": "#0"},
				"east": {"uv": [11.75, 3, 11, 3.75], "rotation": 90, "texture": "#0"},
				"south": {"uv": [12.75, 2.25, 13.25, 1.5], "texture": "#0"},
				"west": {"uv": [12.75, 2.25, 12, 1.5], "texture": "#0"},
				"up": {"uv": [10.5, 1.75, 11, 1.5], "rotation": 180, "texture": "#0"},
				"down": {"uv": [10.5, 1.75, 11, 1.5], "rotation": 180, "texture": "#0"}
			}
		},
		{
			"from": [8.65, 13.91764, 7.225],
			"to": [9.65, 14.81764, 8.825],
			"rotation": {"angle": -22.5, "axis": "z", "origin": [10.10711, 14.84797, 8.6]},
			"faces": {
				"north": {"uv": [11.5, 1.5, 11, 2], "rotation": 90, "texture": "#0"},
				"east": {"uv": [10.5, 1.75, 11, 2.5], "rotation": 90, "texture": "#0"},
				"south": {"uv": [11, 1.5, 11.5, 2], "rotation": 270, "texture": "#0"},
				"west": {"uv": [10.5, 1.75, 11, 2.5], "rotation": 90, "texture": "#0"},
				"up": {"uv": [11.75, 3, 11, 2.5], "rotation": 90, "texture": "#0"},
				"down": {"uv": [12.25, 4.25, 11.5, 3.75], "rotation": 90, "texture": "#0"}
			}
		},
		{
			"from": [9.6735, 13.98675, 7.125],
			"to": [10.6735, 14.98675, 8.875],
			"rotation": {"angle": -45, "axis": "z", "origin": [9.69379, 14.9916, 8.6]},
			"faces": {
				"north": {"uv": [12.25, 2.25, 11.75, 2.75], "rotation": 90, "texture": "#0"},
				"east": {"uv": [11.75, 2.75, 12.25, 3.75], "rotation": 90, "texture": "#0"},
				"south": {"uv": [11.75, 2.25, 12.25, 2.75], "rotation": 270, "texture": "#0"},
				"west": {"uv": [11.75, 2.75, 12.25, 3.75], "rotation": 90, "texture": "#0"},
				"up": {"uv": [13, 3.25, 12.25, 2.75], "rotation": 90, "texture": "#0"},
				"down": {"uv": [12.25, 2.75, 13.25, 2.25], "rotation": 90, "texture": "#0"}
			}
		},
		{
			"from": [9.43894, 13.30183, 7.225],
			"to": [10.38894, 14.30183, 8.825],
			"rotation": {"angle": 22.5, "axis": "z", "origin": [10.39379, 14.2916, 8.6]},
			"faces": {
				"north": {"uv": [11.5, 1.5, 11, 2], "texture": "#0"},
				"east": {"uv": [11, 2.5, 11.75, 3], "texture": "#0"},
				"south": {"uv": [11.5, 1.5, 11, 2], "rotation": 180, "texture": "#0"},
				"west": {"uv": [10.5, 1.75, 11, 2.5], "rotation": 90, "texture": "#0"},
				"up": {"uv": [11.75, 2, 11, 2.5], "rotation": 90, "texture": "#0"},
				"down": {"uv": [11.75, 2.5, 11, 2], "rotation": 90, "texture": "#0"}
			}
		},
		{
			"from": [5.3265, 10.31325, 7.125],
			"to": [6.3265, 11.31325, 8.875],
			"rotation": {"angle": -45, "axis": "z", "origin": [6.30621, 10.3084, 8.6]},
			"faces": {
				"north": {"uv": [11.75, 2.75, 12.25, 2.25], "rotation": 90, "texture": "#0"},
				"east": {"uv": [12.25, 3.625, 11.75, 2.75], "rotation": 90, "texture": "#0"},
				"south": {"uv": [12.25, 2.75, 11.75, 2.25], "rotation": 270, "texture": "#0"},
				"west": {"uv": [12.25, 3.625, 11.75, 2.75], "rotation": 90, "texture": "#0"},
				"up": {"uv": [12.25, 2.25, 13.25, 2.75], "rotation": 90, "texture": "#0"},
				"down": {"uv": [12.25, 2.75, 13, 3.25], "rotation": 90, "texture": "#0"}
			}
		},
		{
			"from": [5.61106, 10.99817, 7.225],
			"to": [6.56106, 11.99817, 8.825],
			"rotation": {"angle": 22.5, "axis": "z", "origin": [5.60621, 11.0084, 8.6]},
			"faces": {
				"north": {"uv": [11, 2, 11.5, 1.5], "texture": "#0"},
				"east": {"uv": [11, 2.5, 10.5, 1.75], "rotation": 90, "texture": "#0"},
				"south": {"uv": [11, 2, 11.5, 1.5], "rotation": 180, "texture": "#0"},
				"west": {"uv": [11.75, 3, 11, 2.5], "texture": "#0"},
				"up": {"uv": [11, 2, 11.75, 2.5], "rotation": 90, "texture": "#0"},
				"down": {"uv": [11, 2.5, 11.75, 2], "rotation": 90, "texture": "#0"}
			}
		},
		{
			"from": [7.25, 9.9, 7.15],
			"to": [8.75, 10.9, 8.9],
			"rotation": {"angle": 0, "axis": "y", "origin": [7.23494, 15.40264, 8.6]},
			"faces": {
				"north": {"uv": [13.25, 2.25, 12.75, 1.5], "rotation": 90, "texture": "#0"},
				"east": {"uv": [12.75, 0.75, 12.25, 0.5], "rotation": 90, "texture": "#0"},
				"south": {"uv": [13.25, 2.25, 12.75, 1.5], "rotation": 90, "texture": "#0"},
				"west": {"uv": [12.75, 0.75, 12.25, 0.5], "rotation": 90, "texture": "#0"},
				"up": {"uv": [11, 3, 11.75, 3.75], "rotation": 90, "texture": "#0"},
				"down": {"uv": [12, 1.5, 12.75, 2.25], "rotation": 90, "texture": "#0"}
			}
		},
		{
			"from": [9.6735, 10.31325, 7.125],
			"to": [10.6735, 11.31325, 8.875],
			"rotation": {"angle": 45, "axis": "z", "origin": [9.69379, 10.3084, 8.6]},
			"faces": {
				"north": {"uv": [11.75, 2.25, 12.25, 2.75], "rotation": 90, "texture": "#0"},
				"east": {"uv": [12.25, 2.75, 11.75, 3.625], "rotation": 90, "texture": "#0"},
				"south": {"uv": [12.25, 2.25, 11.75, 2.75], "rotation": 270, "texture": "#0"},
				"west": {"uv": [12.25, 2.75, 11.75, 3.625], "rotation": 90, "texture": "#0"},
				"up": {"uv": [12.25, 2.75, 13.25, 2.25], "rotation": 90, "texture": "#0"},
				"down": {"uv": [12.25, 3.25, 13, 2.75], "rotation": 90, "texture": "#0"}
			}
		},
		{
			"from": [9.43894, 10.99817, 7.225],
			"to": [10.38894, 11.99817, 8.825],
			"rotation": {"angle": -22.5, "axis": "z", "origin": [10.39379, 11.0084, 8.6]},
			"faces": {
				"north": {"uv": [11.5, 2, 11, 1.5], "texture": "#0"},
				"east": {"uv": [11, 3, 11.75, 2.5], "texture": "#0"},
				"south": {"uv": [11.5, 2, 11, 1.5], "rotation": 180, "texture": "#0"},
				"west": {"uv": [11, 1.75, 10.5, 2.5], "rotation": 90, "texture": "#0"},
				"up": {"uv": [11, 2.5, 11.75, 2], "rotation": 90, "texture": "#0"},
				"down": {"uv": [11, 2, 11.75, 2.5], "rotation": 90, "texture": "#0"}
			}
		},
		{
			"from": [8.65, 10.48236, 7.225],
			"to": [9.65, 11.38236, 8.825],
			"rotation": {"angle": 22.5, "axis": "z", "origin": [10.10711, 10.45203, 8.6]},
			"faces": {
				"north": {"uv": [11, 1.5, 11.5, 2], "rotation": 90, "texture": "#0"},
				"east": {"uv": [11, 1.75, 10.5, 2.5], "rotation": 90, "texture": "#0"},
				"south": {"uv": [11.5, 1.5, 11, 2], "rotation": 270, "texture": "#0"},
				"west": {"uv": [11, 1.75, 10.5, 2.5], "rotation": 90, "texture": "#0"},
				"up": {"uv": [12.25, 4.25, 11.5, 3.75], "rotation": 90, "texture": "#0"},
				"down": {"uv": [11, 3, 11.75, 2.5], "rotation": 90, "texture": "#0"}
			}
		},
		{
			"from": [6.35, 10.48236, 7.225],
			"to": [7.35, 11.38236, 8.825],
			"rotation": {"angle": -22.5, "axis": "z", "origin": [5.89289, 10.45203, 8.6]},
			"faces": {
				"north": {"uv": [11, 2, 11.5, 1.5], "rotation": 90, "texture": "#0"},
				"east": {"uv": [11, 2.5, 10.5, 1.75], "rotation": 90, "texture": "#0"},
				"south": {"uv": [11.5, 2, 11, 1.5], "rotation": 270, "texture": "#0"},
				"west": {"uv": [11, 2.5, 10.5, 1.75], "rotation": 90, "texture": "#0"},
				"up": {"uv": [12.25, 4.25, 11.5, 3.75], "rotation": 90, "texture": "#0"},
				"down": {"uv": [11, 2.5, 11.75, 3], "rotation": 90, "texture": "#0"}
			}
		},
		{
			"from": [9.76776, 11.88281, 7.125],
			"to": [10.76776, 13.38281, 8.875],
			"rotation": {"angle": 0, "axis": "y", "origin": [10.74748, 11.87796, 8.6]},
			"faces": {
				"north": {"uv": [12.75, 2.25, 13.25, 1.5], "texture": "#0"},
				"east": {"uv": [12, 2.25, 12.75, 1.5], "texture": "#0"},
				"south": {"uv": [13.25, 2.25, 12.75, 1.5], "texture": "#0"},
				"west": {"uv": [11.75, 3.75, 11, 3], "rotation": 90, "texture": "#0"},
				"up": {"uv": [11, 1.75, 10.5, 1.5], "rotation": 180, "texture": "#0"},
				"down": {"uv": [11, 1.75, 10.5, 1.5], "rotation": 180, "texture": "#0"}
			}
		},
		{
			"from": [6, 13, 7.5],
			"to": [9, 14, 8.5],
			"rotation": {"angle": -45, "axis": "z", "origin": [8, 17, 8]},
			"faces": {
				"north": {"uv": [0.5, 14.5, 1, 16], "rotation": 270, "texture": "#0"},
				"east": {"uv": [1, 15, 1.5, 15.5], "texture": "#0"},
				"south": {"uv": [0.5, 16, 1, 14.5], "rotation": 270, "texture": "#0"},
				"west": {"uv": [1, 14.5, 1.5, 15], "rotation": 90, "texture": "#0"},
				"up": {"uv": [6, 15.5, 7.5, 16], "texture": "#0"},
				"down": {"uv": [0, 16, 0.5, 14.5], "rotation": 90, "texture": "#0"}
			}
		},
		{
			"from": [6, 14, 7.5],
			"to": [7, 15.5, 8.5],
			"rotation": {"angle": -45, "axis": "z", "origin": [8, 17, 8]},
			"faces": {
				"north": {"uv": [6.5, 15, 7.25, 15.5], "rotation": 270, "texture": "#0"},
				"east": {"uv": [6, 14.75, 6.5, 15.5], "texture": "#0"},
				"south": {"uv": [6.5, 15, 7.25, 15.5], "rotation": 270, "texture": "#0"},
				"west": {"uv": [6.5, 14.5, 7.25, 15], "rotation": 90, "texture": "#0"},
				"up": {"uv": [6, 14.25, 6.5, 14.75], "texture": "#0"},
				"down": {"uv": [6, 14.75, 6.5, 14.25], "rotation": 90, "texture": "#0"}
			}
		},
		{
			"from": [9, 14, 7.5],
			"to": [10, 15.5, 8.5],
			"rotation": {"angle": 45, "axis": "z", "origin": [8, 17, 8]},
			"faces": {
				"north": {"uv": [6.5, 15.5, 7.25, 15], "rotation": 270, "texture": "#0"},
				"east": {"uv": [6.5, 15, 7.25, 14.5], "rotation": 90, "texture": "#0"},
				"south": {"uv": [6.5, 15.5, 7.25, 15], "rotation": 270, "texture": "#0"},
				"west": {"uv": [6.5, 14.75, 6, 15.5], "texture": "#0"},
				"up": {"uv": [6.5, 14.25, 6, 14.75], "texture": "#0"},
				"down": {"uv": [6, 14.25, 6.5, 14.75], "rotation": 90, "texture": "#0"}
			}
		},
		{
			"from": [7, 13, 7.5],
			"to": [10, 14, 8.5],
			"rotation": {"angle": 45, "axis": "z", "origin": [8, 17, 8]},
			"faces": {
				"north": {"uv": [0.5, 16, 1, 14.5], "rotation": 270, "texture": "#0"},
				"east": {"uv": [1, 15, 1.5, 14.5], "rotation": 90, "texture": "#0"},
				"south": {"uv": [0.5, 14.5, 1, 16], "rotation": 270, "texture": "#0"},
				"west": {"uv": [1.5, 15, 1, 15.5], "texture": "#0"},
				"up": {"uv": [7.5, 15.5, 6, 16], "texture": "#0"},
				"down": {"uv": [0, 14.5, 0.5, 16], "rotation": 90, "texture": "#0"}
			}
		},
		{
			"from": [17.5, 4.5, 7],
			"to": [20.5, 7.5, 9],
			"rotation": {"angle": -45, "axis": "z", "origin": [8, 17, 8]},
			"faces": {
				"north": {"uv": [1, 7.5, 2.5, 9], "texture": "#0"},
				"east": {"uv": [0, 7.5, 1, 9], "texture": "#0"},
				"south": {"uv": [1, 7.5, 2.5, 9], "texture": "#0"},
				"west": {"uv": [2.75, 8.75, 4.25, 9.75], "rotation": 90, "texture": "#0"},
				"up": {"uv": [2.75, 8.75, 4.25, 9.75], "texture": "#0"},
				"down": {"uv": [0, 7.5, 1, 9], "rotation": 90, "texture": "#0"}
			}
		},
		{
			"from": [4, 15.5, 7.25],
			"to": [9.5, 21, 8.75],
			"rotation": {"angle": -45, "axis": "z", "origin": [8, 17, 8]},
			"faces": {
				"north": {"uv": [0.75, 9.75, 3.5, 12.5], "texture": "#0"},
				"east": {"uv": [0, 12.5, 0.75, 9.75], "texture": "#0"},
				"south": {"uv": [0.75, 9.75, 3.5, 12.5], "rotation": 270, "texture": "#0"},
				"west": {"uv": [0, 9, 2.75, 9.75], "rotation": 90, "texture": "#0"},
				"up": {"uv": [0, 9, 2.75, 9.75], "texture": "#0"},
				"down": {"uv": [0, 9.75, 0.75, 12.5], "rotation": 90, "texture": "#0"}
			}
		},
		{
			"from": [7.5, 20, 7.5],
			"to": [8.5, 29, 8.5],
			"rotation": {"angle": 0, "axis": "y", "origin": [8, 17, 8]},
			"faces": {
				"north": {"uv": [4, 11.5, 4.5, 16], "texture": "#0"},
				"east": {"uv": [3.5, 11.5, 4, 16], "texture": "#0"},
				"south": {"uv": [4, 11.5, 4.5, 16], "texture": "#0"},
				"west": {"uv": [5.25, 9.75, 5.75, 14.25], "texture": "#0"},
				"up": {"uv": [3, 12.5, 3.5, 13], "texture": "#0"},
				"down": {"uv": [3, 12.5, 3.5, 13], "texture": "#0"}
			}
		},
		{
			"from": [7.5, -14, 7.5],
			"to": [8.5, -5, 8.5],
			"rotation": {"angle": 0, "axis": "y", "origin": [8, -1, 8]},
			"faces": {
				"north": {"uv": [4, 16, 4.5, 11.5], "texture": "#0"},
				"east": {"uv": [3.5, 16, 4, 11.5], "texture": "#0"},
				"south": {"uv": [4, 16, 4.5, 11.5], "texture": "#0"},
				"west": {"uv": [5.25, 14.25, 5.75, 9.75], "texture": "#0"},
				"up": {"uv": [3, 13, 3.5, 12.5], "texture": "#0"},
				"down": {"uv": [3, 13, 3.5, 12.5], "texture": "#0"}
			}
		},
		{
			"from": [3.5, 18, 8],
			"to": [12.5, 29, 8],
			"rotation": {"angle": 0, "axis": "y", "origin": [8, 17, 8]},
			"faces": {
				"north": {"uv": [2.5, 0, 7, 5.5], "texture": "#0"},
				"east": {"uv": [3.5, 10.5, 3.5, 16], "texture": "#0"},
				"south": {"uv": [2.5, 0, 7, 5.5], "texture": "#0"},
				"west": {"uv": [3.5, 10.5, 3.5, 16], "texture": "#0"},
				"up": {"uv": [3, 12.5, 7.5, 12.5], "texture": "#0"},
				"down": {"uv": [3, 12.5, 7.5, 12.5], "texture": "#0"}
			}
		},
		{
			"from": [6, 1, 7.5],
			"to": [9, 2, 8.5],
			"rotation": {"angle": 45, "axis": "z", "origin": [8, -2, 8]},
			"faces": {
				"north": {"uv": [1, 14.5, 0.5, 16], "rotation": 270, "texture": "#0"},
				"east": {"uv": [1, 15.5, 1.5, 15], "texture": "#0"},
				"south": {"uv": [1, 16, 0.5, 14.5], "rotation": 270, "texture": "#0"},
				"west": {"uv": [1.5, 14.5, 1, 15], "rotation": 90, "texture": "#0"},
				"up": {"uv": [0.5, 16, 0, 14.5], "rotation": 90, "texture": "#0"},
				"down": {"uv": [6, 16, 7.5, 15.5], "texture": "#0"}
			}
		},
		{
			"from": [4, -6, 7.25],
			"to": [9.5, -0.5, 8.75],
			"rotation": {"angle": 45, "axis": "z", "origin": [8, -2, 8]},
			"faces": {
				"north": {"uv": [0.75, 12.5, 3.5, 9.75], "texture": "#0"},
				"east": {"uv": [0, 9.75, 0.75, 12.5], "texture": "#0"},
				"south": {"uv": [3.5, 9.75, 0.75, 12.5], "rotation": 270, "texture": "#0"},
				"west": {"uv": [2.75, 9, 0, 9.75], "rotation": 90, "texture": "#0"},
				"up": {"uv": [0.75, 9.75, 0, 12.5], "rotation": 90, "texture": "#0"},
				"down": {"uv": [0, 9.75, 2.75, 9], "texture": "#0"}
			}
		},
		{
			"from": [3.5, -14, 8],
			"to": [12.5, -3, 8],
			"rotation": {"angle": 0, "axis": "y", "origin": [8, -2, 8]},
			"faces": {
				"north": {"uv": [2.5, 5.5, 7, 0], "texture": "#0"},
				"east": {"uv": [3.5, 16, 3.5, 10.5], "texture": "#0"},
				"south": {"uv": [2.5, 5.5, 7, 0], "texture": "#0"},
				"west": {"uv": [3.5, 16, 3.5, 10.5], "texture": "#0"},
				"up": {"uv": [3, 12.5, 7.5, 12.5], "texture": "#0"},
				"down": {"uv": [3, 12.5, 7.5, 12.5], "texture": "#0"}
			}
		},
		{
			"from": [6, -0.5, 7.5],
			"to": [7, 1, 8.5],
			"rotation": {"angle": 45, "axis": "z", "origin": [8, -2, 8]},
			"faces": {
				"north": {"uv": [7.25, 15, 6.5, 15.5], "rotation": 270, "texture": "#0"},
				"east": {"uv": [6, 15.5, 6.5, 14.75], "texture": "#0"},
				"south": {"uv": [7.25, 15, 6.5, 15.5], "rotation": 270, "texture": "#0"},
				"west": {"uv": [7.25, 14.5, 6.5, 15], "rotation": 90, "texture": "#0"},
				"up": {"uv": [6.5, 14.75, 6, 14.25], "rotation": 90, "texture": "#0"},
				"down": {"uv": [6, 14.75, 6.5, 14.25], "texture": "#0"}
			}
		},
		{
			"from": [7, 1, 7.5],
			"to": [10, 2, 8.5],
			"rotation": {"angle": -45, "axis": "z", "origin": [8, -2, 8]},
			"faces": {
				"north": {"uv": [1, 16, 0.5, 14.5], "rotation": 270, "texture": "#0"},
				"east": {"uv": [1.5, 15, 1, 14.5], "rotation": 90, "texture": "#0"},
				"south": {"uv": [1, 14.5, 0.5, 16], "rotation": 270, "texture": "#0"},
				"west": {"uv": [1.5, 15.5, 1, 15], "texture": "#0"},
				"up": {"uv": [0.5, 14.5, 0, 16], "rotation": 90, "texture": "#0"},
				"down": {"uv": [7.5, 16, 6, 15.5], "texture": "#0"}
			}
		},
		{
			"from": [9, -0.5, 7.5],
			"to": [10, 1, 8.5],
			"rotation": {"angle": -45, "axis": "z", "origin": [8, -2, 8]},
			"faces": {
				"north": {"uv": [7.25, 15.5, 6.5, 15], "rotation": 270, "texture": "#0"},
				"east": {"uv": [7.25, 15, 6.5, 14.5], "rotation": 90, "texture": "#0"},
				"south": {"uv": [7.25, 15.5, 6.5, 15], "rotation": 270, "texture": "#0"},
				"west": {"uv": [6.5, 15.5, 6, 14.75], "texture": "#0"},
				"up": {"uv": [6.5, 14.25, 6, 14.75], "rotation": 90, "texture": "#0"},
				"down": {"uv": [6.5, 14.75, 6, 14.25], "texture": "#0"}
			}
		},
		{
			"from": [3, 18, 13],
			"to": [13, 20, 13],
			"faces": {
				"north": {"uv": [5.5, 14, 15.5, 16], "texture": "#1"},
				"east": {"uv": [5.5, 14, 5.5, 16], "texture": "#1"},
				"south": {"uv": [5.5, 14, 15.5, 16], "texture": "#1"},
				"west": {"uv": [5.5, 14, 5.5, 16], "texture": "#1"},
				"up": {"uv": [0, 0, 10, 0], "texture": "#1"},
				"down": {"uv": [0, 0, 10, 0], "texture": "#1"}
			}
		},
		{
			"from": [3, 18, 3],
			"to": [13, 20, 3],
			"rotation": {"angle": 0, "axis": "y", "origin": [0, 0, 16]},
			"faces": {
				"north": {"uv": [15.5, 14, 5.5, 16], "texture": "#1"},
				"east": {"uv": [5.5, 14, 5.5, 16], "texture": "#1"},
				"south": {"uv": [15.5, 14, 5.5, 16], "texture": "#1"},
				"west": {"uv": [5.5, 14, 5.5, 16], "texture": "#1"},
				"up": {"uv": [0, 0, 10, 0], "texture": "#1"},
				"down": {"uv": [0, 0, 10, 0], "texture": "#1"}
			}
		},
		{
			"from": [13, 18, 3],
			"to": [13, 20, 13],
			"rotation": {"angle": 0, "axis": "y", "origin": [8, 19, 8]},
			"faces": {
				"north": {"uv": [5.5, 14, 5.5, 16], "texture": "#1"},
				"east": {"uv": [15.5, 14, 5.5, 16], "texture": "#1"},
				"south": {"uv": [5.5, 14, 5.5, 16], "texture": "#1"},
				"west": {"uv": [15.5, 14, 5.5, 16], "texture": "#1"},
				"up": {"uv": [0, 0, 10, 0], "rotation": 90, "texture": "#1"},
				"down": {"uv": [0, 0, 10, 0], "rotation": 270, "texture": "#1"}
			}
		},
		{
			"from": [3, 18, 3],
			"to": [3, 20, 13],
			"rotation": {"angle": 0, "axis": "y", "origin": [8, 19, 8]},
			"faces": {
				"north": {"uv": [5.5, 14, 5.5, 16], "texture": "#1"},
				"east": {"uv": [5.5, 14, 15.5, 16], "texture": "#1"},
				"south": {"uv": [5.5, 14, 5.5, 16], "texture": "#1"},
				"west": {"uv": [5.5, 14, 15.5, 16], "texture": "#1"},
				"up": {"uv": [0, 0, 10, 0], "rotation": 90, "texture": "#1"},
				"down": {"uv": [0, 0, 10, 0], "rotation": 270, "texture": "#1"}
			}
		},
		{
			"from": [4, 21, 12],
			"to": [12, 23, 12],
			"faces": {
				"north": {"uv": [14.5, 12, 6.5, 14], "texture": "#1"},
				"east": {"uv": [6.5, 12, 6.5, 14], "texture": "#1"},
				"south": {"uv": [6.5, 12, 14.5, 14], "texture": "#1"},
				"west": {"uv": [6.5, 12, 6.5, 14], "texture": "#1"},
				"up": {"uv": [0, 0, 8, 0], "texture": "#1"},
				"down": {"uv": [0, 0, 8, 0], "texture": "#1"}
			}
		},
		{
			"from": [4, 21, 4],
			"to": [12, 23, 4],
			"rotation": {"angle": 0, "axis": "y", "origin": [0, 0, 16]},
			"faces": {
				"north": {"uv": [14.5, 12, 6.5, 14], "texture": "#1"},
				"east": {"uv": [6.5, 12, 6.5, 14], "texture": "#1"},
				"south": {"uv": [6.5, 12, 14.5, 14], "texture": "#1"},
				"west": {"uv": [6.5, 12, 6.5, 14], "texture": "#1"},
				"up": {"uv": [0, 0, 8, 0], "texture": "#1"},
				"down": {"uv": [0, 0, 8, 0], "texture": "#1"}
			}
		},
		{
			"from": [12, 21, 4],
			"to": [12, 23, 12],
			"rotation": {"angle": 0, "axis": "y", "origin": [8, 22, 8]},
			"faces": {
				"north": {"uv": [6.5, 12, 6.5, 14], "texture": "#1"},
				"east": {"uv": [14.5, 12, 6.5, 14], "texture": "#1"},
				"south": {"uv": [6.5, 12, 6.5, 14], "texture": "#1"},
				"west": {"uv": [6.5, 12, 14.5, 14], "texture": "#1"},
				"up": {"uv": [0, 0, 8, 0], "rotation": 90, "texture": "#1"},
				"down": {"uv": [0, 0, 8, 0], "rotation": 270, "texture": "#1"}
			}
		},
		{
			"from": [4, 21, 4],
			"to": [4, 23, 12],
			"rotation": {"angle": 0, "axis": "y", "origin": [8, 22, 8]},
			"faces": {
				"north": {"uv": [6.5, 12, 6.5, 14], "texture": "#1"},
				"east": {"uv": [14.5, 12, 6.5, 14], "texture": "#1"},
				"south": {"uv": [6.5, 12, 6.5, 14], "texture": "#1"},
				"west": {"uv": [6.5, 12, 14.5, 14], "texture": "#1"},
				"up": {"uv": [0, 0, 8, 0], "rotation": 90, "texture": "#1"},
				"down": {"uv": [0, 0, 8, 0], "rotation": 270, "texture": "#1"}
			}
		},
		{
			"from": [5, 24, 11],
			"to": [11, 26, 11],
			"rotation": {"angle": 0, "axis": "y", "origin": [8, 25, 8]},
			"faces": {
				"north": {"uv": [13.5, 12, 7.5, 14], "texture": "#1"},
				"east": {"uv": [7.5, 12, 7.5, 14], "texture": "#1"},
				"south": {"uv": [7.5, 12, 13.5, 14], "texture": "#1"},
				"west": {"uv": [7.5, 12, 7.5, 14], "texture": "#1"},
				"up": {"uv": [0, 0, 6, 0], "texture": "#1"},
				"down": {"uv": [0, 0, 6, 0], "texture": "#1"}
			}
		},
		{
			"from": [5, 24, 5],
			"to": [11, 26, 5],
			"rotation": {"angle": 0, "axis": "y", "origin": [8, 25, 8]},
			"faces": {
				"north": {"uv": [13.5, 12, 7.5, 14], "texture": "#1"},
				"east": {"uv": [7.5, 12, 7.5, 14], "texture": "#1"},
				"south": {"uv": [7.5, 12, 13.5, 14], "texture": "#1"},
				"west": {"uv": [7.5, 12, 7.5, 14], "texture": "#1"},
				"up": {"uv": [0, 0, 6, 0], "texture": "#1"},
				"down": {"uv": [0, 0, 6, 0], "texture": "#1"}
			}
		},
		{
			"from": [11, 24, 5],
			"to": [11, 26, 11],
			"rotation": {"angle": 0, "axis": "y", "origin": [8, 25, 8]},
			"faces": {
				"north": {"uv": [7.5, 12, 7.5, 14], "texture": "#1"},
				"east": {"uv": [13.5, 12, 7.5, 14], "texture": "#1"},
				"south": {"uv": [7.5, 12, 7.5, 14], "texture": "#1"},
				"west": {"uv": [7.5, 12, 13.5, 14], "texture": "#1"},
				"up": {"uv": [0, 0, 6, 0], "rotation": 90, "texture": "#1"},
				"down": {"uv": [0, 0, 6, 0], "rotation": 270, "texture": "#1"}
			}
		},
		{
			"from": [5, 24, 5],
			"to": [5, 26, 11],
			"rotation": {"angle": 0, "axis": "y", "origin": [8, 25, 8]},
			"faces": {
				"north": {"uv": [7.5, 12, 7.5, 14], "texture": "#1"},
				"east": {"uv": [13.5, 12, 7.5, 14], "texture": "#1"},
				"south": {"uv": [7.5, 12, 7.5, 14], "texture": "#1"},
				"west": {"uv": [7.5, 12, 13.5, 14], "texture": "#1"},
				"up": {"uv": [0, 0, 6, 0], "rotation": 90, "texture": "#1"},
				"down": {"uv": [0, 0, 6, 0], "rotation": 270, "texture": "#1"}
			}
		},
		{
			"from": [3, -4, 13],
			"to": [13, -2, 13],
			"rotation": {"angle": 0, "axis": "y", "origin": [0, 16, 0]},
			"faces": {
				"north": {"uv": [5.5, 16, 15.5, 14], "texture": "#1"},
				"east": {"uv": [5.5, 16, 5.5, 14], "texture": "#1"},
				"south": {"uv": [5.5, 16, 15.5, 14], "texture": "#1"},
				"west": {"uv": [5.5, 16, 5.5, 14], "texture": "#1"},
				"up": {"uv": [0, 0, 10, 0], "texture": "#1"},
				"down": {"uv": [0, 0, 10, 0], "texture": "#1"}
			}
		},
		{
			"from": [4, -7, 12],
			"to": [12, -5, 12],
			"rotation": {"angle": 0, "axis": "y", "origin": [0, 16, 0]},
			"faces": {
				"north": {"uv": [14.5, 14, 6.5, 12], "texture": "#1"},
				"east": {"uv": [6.5, 14, 6.5, 12], "texture": "#1"},
				"south": {"uv": [6.5, 14, 14.5, 12], "texture": "#1"},
				"west": {"uv": [6.5, 14, 6.5, 12], "texture": "#1"},
				"up": {"uv": [0, 0, 8, 0], "texture": "#1"},
				"down": {"uv": [0, 0, 8, 0], "texture": "#1"}
			}
		},
		{
			"from": [5, -10, 11],
			"to": [11, -8, 11],
			"rotation": {"angle": 0, "axis": "y", "origin": [8, -9, 8]},
			"faces": {
				"north": {"uv": [13.5, 14, 7.5, 12], "texture": "#1"},
				"east": {"uv": [7.5, 14, 7.5, 12], "texture": "#1"},
				"south": {"uv": [7.5, 14, 13.5, 12], "texture": "#1"},
				"west": {"uv": [7.5, 14, 7.5, 12], "texture": "#1"},
				"up": {"uv": [0, 0, 6, 0], "texture": "#1"},
				"down": {"uv": [0, 0, 6, 0], "texture": "#1"}
			}
		},
		{
			"from": [13, -4, 3],
			"to": [13, -2, 13],
			"rotation": {"angle": 0, "axis": "y", "origin": [8, -3, 8]},
			"faces": {
				"north": {"uv": [5.5, 16, 5.5, 14], "texture": "#1"},
				"east": {"uv": [15.5, 16, 5.5, 14], "texture": "#1"},
				"south": {"uv": [5.5, 16, 5.5, 14], "texture": "#1"},
				"west": {"uv": [15.5, 16, 5.5, 14], "texture": "#1"},
				"up": {"uv": [10, 0, 0, 0], "rotation": 270, "texture": "#1"},
				"down": {"uv": [10, 0, 0, 0], "rotation": 90, "texture": "#1"}
			}
		},
		{
			"from": [4, -7, 4],
			"to": [12, -5, 4],
			"rotation": {"angle": 0, "axis": "y", "origin": [0, 16, 16]},
			"faces": {
				"north": {"uv": [14.5, 14, 6.5, 12], "texture": "#1"},
				"east": {"uv": [6.5, 14, 6.5, 12], "texture": "#1"},
				"south": {"uv": [6.5, 14, 14.5, 12], "texture": "#1"},
				"west": {"uv": [6.5, 14, 6.5, 12], "texture": "#1"},
				"up": {"uv": [0, 0, 8, 0], "texture": "#1"},
				"down": {"uv": [0, 0, 8, 0], "texture": "#1"}
			}
		},
		{
			"from": [4, -7, 4],
			"to": [4, -5, 12],
			"rotation": {"angle": 0, "axis": "y", "origin": [8, -6, 8]},
			"faces": {
				"north": {"uv": [6.5, 14, 6.5, 12], "texture": "#1"},
				"east": {"uv": [14.5, 14, 6.5, 12], "texture": "#1"},
				"south": {"uv": [6.5, 14, 6.5, 12], "texture": "#1"},
				"west": {"uv": [6.5, 14, 14.5, 12], "texture": "#1"},
				"up": {"uv": [8, 0, 0, 0], "rotation": 270, "texture": "#1"},
				"down": {"uv": [8, 0, 0, 0], "rotation": 90, "texture": "#1"}
			}
		},
		{
			"from": [12, -7, 4],
			"to": [12, -5, 12],
			"rotation": {"angle": 0, "axis": "y", "origin": [8, -6, 8]},
			"faces": {
				"north": {"uv": [6.5, 14, 6.5, 12], "texture": "#1"},
				"east": {"uv": [14.5, 14, 6.5, 12], "texture": "#1"},
				"south": {"uv": [6.5, 14, 6.5, 12], "texture": "#1"},
				"west": {"uv": [6.5, 14, 14.5, 12], "texture": "#1"},
				"up": {"uv": [8, 0, 0, 0], "rotation": 270, "texture": "#1"},
				"down": {"uv": [8, 0, 0, 0], "rotation": 90, "texture": "#1"}
			}
		},
		{
			"from": [5, -10, 5],
			"to": [11, -8, 5],
			"rotation": {"angle": 0, "axis": "y", "origin": [8, -9, 8]},
			"faces": {
				"north": {"uv": [13.5, 14, 7.5, 12], "texture": "#1"},
				"east": {"uv": [7.5, 14, 7.5, 12], "texture": "#1"},
				"south": {"uv": [7.5, 14, 13.5, 12], "texture": "#1"},
				"west": {"uv": [7.5, 14, 7.5, 12], "texture": "#1"},
				"up": {"uv": [0, 0, 6, 0], "texture": "#1"},
				"down": {"uv": [0, 0, 6, 0], "texture": "#1"}
			}
		},
		{
			"from": [5, -10, 5],
			"to": [5, -8, 11],
			"rotation": {"angle": 0, "axis": "y", "origin": [8, -9, 8]},
			"faces": {
				"north": {"uv": [7.5, 14, 7.5, 12], "texture": "#1"},
				"east": {"uv": [13.5, 14, 7.5, 12], "texture": "#1"},
				"south": {"uv": [7.5, 14, 7.5, 12], "texture": "#1"},
				"west": {"uv": [7.5, 14, 13.5, 12], "texture": "#1"},
				"up": {"uv": [6, 0, 0, 0], "rotation": 270, "texture": "#1"},
				"down": {"uv": [6, 0, 0, 0], "rotation": 90, "texture": "#1"}
			}
		},
		{
			"from": [11, -10, 5],
			"to": [11, -8, 11],
			"rotation": {"angle": 0, "axis": "y", "origin": [8, -9, 8]},
			"faces": {
				"north": {"uv": [7.5, 14, 7.5, 12], "texture": "#1"},
				"east": {"uv": [13.5, 14, 7.5, 12], "texture": "#1"},
				"south": {"uv": [7.5, 14, 7.5, 12], "texture": "#1"},
				"west": {"uv": [7.5, 14, 13.5, 12], "texture": "#1"},
				"up": {"uv": [6, 0, 0, 0], "rotation": 270, "texture": "#1"},
				"down": {"uv": [6, 0, 0, 0], "rotation": 90, "texture": "#1"}
			}
		},
		{
			"from": [3, -4, 3],
			"to": [3, -2, 13],
			"rotation": {"angle": 0, "axis": "y", "origin": [8, -3, 8]},
			"faces": {
				"north": {"uv": [5.5, 16, 5.5, 14], "texture": "#1"},
				"east": {"uv": [5.5, 16, 15.5, 14], "texture": "#1"},
				"south": {"uv": [5.5, 16, 5.5, 14], "texture": "#1"},
				"west": {"uv": [5.5, 16, 15.5, 14], "texture": "#1"},
				"up": {"uv": [10, 0, 0, 0], "rotation": 270, "texture": "#1"},
				"down": {"uv": [10, 0, 0, 0], "rotation": 90, "texture": "#1"}
			}
		},
		{
			"from": [3, -4, 3],
			"to": [13, -2, 3],
			"rotation": {"angle": 0, "axis": "y", "origin": [0, 16, 16]},
			"faces": {
				"north": {"uv": [15.5, 16, 5.5, 14], "texture": "#1"},
				"east": {"uv": [5.5, 16, 5.5, 14], "texture": "#1"},
				"south": {"uv": [15.5, 16, 5.5, 14], "texture": "#1"},
				"west": {"uv": [5.5, 16, 5.5, 14], "texture": "#1"},
				"up": {"uv": [0, 0, 10, 0], "texture": "#1"},
				"down": {"uv": [0, 0, 10, 0], "texture": "#1"}
			}
		}
	],
	"gui_light": "front",
	"display": {
		"thirdperson_righthand": {
			"rotation": [0, 110, 0],
			"translation": [0, -2.25, 1.75],
			"scale": [0.7, 0.7, 0.7]
		},
		"thirdperson_lefthand": {
			"rotation": [180, -110, 180],
			"translation": [0, 6, 1.75],
			"scale": [0.7, 0.7, 0.7]
		},
		"firstperson_righthand": {
			"rotation": [-175.56, 80, 170],
			"translation": [0.5, 5, 0.5],
			"scale": [0.5, 0.5, 0.5]
		},
		"firstperson_lefthand": {
			"rotation": [-175.56, -88, -170],
			"translation": [0.5, 5, 0.5],
			"scale": [0.5, 0.5, 0.5]
		},
		"ground": {
			"rotation": [82, 0, 0],
			"translation": [0, -1.25, 0],
			"scale": [0.5, 0.5, 0.5]
		},
		"gui": {
			"rotation": [-3, 0, -45],
			"translation": [0.25, 0, -2],
			"scale": [0.50211, 0.50211, 0.50211]
		},
		"head": {
			"rotation": [0, -18, 105],
			"translation": [2.5, 8.75, 2.25],
			"scale": [0.73516, 0.73516, 0.73516]
		},
		"fixed": {
			"rotation": [0, 0, 45],
			"translation": [1.25, -0.5, -1.25],
			"scale": [0.96484, 0.96484, 0.96484]
		}
	}
}