{
	"credit": "Made with Blockbench",
	"texture_size": [32, 32],
	"textures": {
		"0": "elitecreatures:fantasy_swords_v1/sword081tex",
		"particle": "elitecreatures:fantasy_swords_v1/sword081tex"
	},
	"elements": [
		{
			"from": [7, -12, 7.25],
			"to": [9, -6, 8.75],
			"rotation": {"angle": 0, "axis": "y", "origin": [6, -2, 0]},
			"faces": {
				"north": {"uv": [9, 5, 12, 6], "rotation": 90, "texture": "#0"},
				"east": {"uv": [9, 6.75, 12, 6], "rotation": 270, "texture": "#0"},
				"south": {"uv": [9, 5, 12, 6], "rotation": 90, "texture": "#0"},
				"west": {"uv": [9, 6, 12, 6.75], "rotation": 270, "texture": "#0"},
				"up": {"uv": [11.5, 2.75, 12.25, 3.75], "rotation": 270, "texture": "#0"},
				"down": {"uv": [10.75, 2.75, 11.5, 3.75], "rotation": 270, "texture": "#0"}
			}
		},
		{
			"from": [6, -6, 7.25],
			"to": [10, -4, 8.75],
			"rotation": {"angle": 0, "axis": "y", "origin": [8, -2, 8]},
			"faces": {
				"north": {"uv": [14, 7, 16, 6], "rotation": 180, "texture": "#0"},
				"east": {"uv": [14.5, 5, 15.25, 6], "rotation": 180, "texture": "#0"},
				"south": {"uv": [14, 6, 16, 7], "texture": "#0"},
				"west": {"uv": [15.25, 5, 16, 6], "rotation": 180, "texture": "#0"},
				"up": {"uv": [14, 7.75, 16, 7], "rotation": 180, "texture": "#0"},
				"down": {"uv": [14, 7.75, 16, 8.5], "rotation": 180, "texture": "#0"}
			}
		},
		{
			"from": [6, 3, 7.25],
			"to": [10, 5, 8.75],
			"rotation": {"angle": 0, "axis": "y", "origin": [8, -2, 8]},
			"faces": {
				"north": {"uv": [11.25, 11.5, 13.25, 10.5], "rotation": 180, "texture": "#0"},
				"east": {"uv": [11.75, 9.5, 12.5, 10.5], "rotation": 180, "texture": "#0"},
				"south": {"uv": [11.25, 10.5, 13.25, 11.5], "texture": "#0"},
				"west": {"uv": [12.5, 9.5, 13.25, 10.5], "rotation": 180, "texture": "#0"},
				"up": {"uv": [11.25, 12.25, 13.25, 11.5], "rotation": 180, "texture": "#0"},
				"down": {"uv": [11.25, 12.25, 13.25, 13], "rotation": 180, "texture": "#0"}
			}
		},
		{
			"from": [7, -1.5, 7.25],
			"to": [9, 0.5, 8.75],
			"rotation": {"angle": 45, "axis": "z", "origin": [8, -0.5, 8]},
			"faces": {
				"north": {"uv": [11.75, 3.75, 12.75, 4.75], "rotation": 90, "texture": "#0"},
				"east": {"uv": [13, 0.75, 12.25, 1.75], "rotation": 180, "texture": "#0"},
				"south": {"uv": [11.75, 3.75, 12.75, 4.75], "rotation": 90, "texture": "#0"},
				"west": {"uv": [10.75, 0.75, 11.5, 1.75], "rotation": 180, "texture": "#0"},
				"up": {"uv": [11.5, 1.75, 12.25, 2.75], "rotation": 270, "texture": "#0"},
				"down": {"uv": [11.5, 0.75, 12.25, 1.75], "rotation": 270, "texture": "#0"}
			}
		},
		{
			"from": [10, 3, 7.35],
			"to": [12, 5, 8.65],
			"rotation": {"angle": -22.5, "axis": "z", "origin": [10, 5, 8]},
			"faces": {
				"north": {"uv": [11.5, 7.75, 12.5, 6.75], "rotation": 180, "texture": "#0"},
				"east": {"uv": [11.25, 8.5, 12, 9.5], "rotation": 180, "texture": "#0"},
				"south": {"uv": [11.5, 6.75, 12.5, 7.75], "texture": "#0"},
				"west": {"uv": [12, 8.5, 12.75, 9.5], "rotation": 180, "texture": "#0"},
				"up": {"uv": [11.5, 8.5, 12.5, 7.75], "rotation": 180, "texture": "#0"},
				"down": {"uv": [12.25, 13, 13.25, 13.75], "rotation": 180, "texture": "#0"}
			}
		},
		{
			"from": [5, -5, 7.35],
			"to": [7, -3, 8.65],
			"rotation": {"angle": 22.5, "axis": "z", "origin": [10, 7, 8]},
			"faces": {
				"north": {"uv": [13.5, 4.75, 14.5, 5.75], "rotation": 180, "texture": "#0"},
				"east": {"uv": [13, 4.75, 13.75, 3.75], "rotation": 180, "texture": "#0"},
				"south": {"uv": [13.5, 5.75, 14.5, 4.75], "texture": "#0"},
				"west": {"uv": [13.75, 4.75, 14.5, 3.75], "rotation": 180, "texture": "#0"},
				"up": {"uv": [12.5, 3.75, 13.5, 3], "rotation": 180, "texture": "#0"},
				"down": {"uv": [12.5, 2.25, 13.5, 3], "rotation": 180, "texture": "#0"}
			}
		},
		{
			"from": [4, -6, 7.35],
			"to": [6, -4, 8.65],
			"rotation": {"angle": -22.5, "axis": "z", "origin": [6, -6, 8]},
			"faces": {
				"north": {"uv": [15, 5, 16, 4], "rotation": 180, "texture": "#0"},
				"east": {"uv": [14.5, 3, 15.25, 4], "rotation": 180, "texture": "#0"},
				"south": {"uv": [15, 4, 16, 5], "texture": "#0"},
				"west": {"uv": [15.25, 3, 16, 4], "rotation": 180, "texture": "#0"},
				"up": {"uv": [13.5, 3, 14.5, 2.25], "rotation": 180, "texture": "#0"},
				"down": {"uv": [13.5, 3, 14.5, 3.75], "rotation": 180, "texture": "#0"}
			}
		},
		{
			"from": [2.16152, -5.21201, 7.25],
			"to": [4.16152, -3.21201, 8.75],
			"rotation": {"angle": -45, "axis": "z", "origin": [4.1, -5.2, 8]},
			"faces": {
				"north": {"uv": [15, 2, 16, 1], "rotation": 180, "texture": "#0"},
				"east": {"uv": [14.5, 2, 15.25, 3], "rotation": 180, "texture": "#0"},
				"south": {"uv": [15, 1, 16, 2], "texture": "#0"},
				"west": {"uv": [15.25, 2, 16, 3], "rotation": 180, "texture": "#0"},
				"up": {"uv": [14, 1.75, 15, 1], "rotation": 180, "texture": "#0"},
				"down": {"uv": [13, 1, 14, 1.75], "rotation": 180, "texture": "#0"}
			}
		},
		{
			"from": [0.72071, -3.86201, 7.35],
			"to": [2.72071, -1.86201, 8.65],
			"rotation": {"angle": 0, "axis": "x", "origin": [2.75, -3.85, 8]},
			"rotated": [0, 0, -67.5],
			"faces": {
				"north": {"uv": [13.5, 1, 14.5, 0], "rotation": 180, "texture": "#0"},
				"east": {"uv": [14.5, 0, 15.25, 1], "rotation": 180, "texture": "#0"},
				"south": {"uv": [13.5, 0, 14.5, 1], "texture": "#0"},
				"west": {"uv": [15.25, 0, 16, 1], "rotation": 180, "texture": "#0"},
				"up": {"uv": [12.5, 0.75, 13.5, 0], "rotation": 180, "texture": "#0"},
				"down": {"uv": [11.5, 0, 12.5, 0.75], "rotation": 180, "texture": "#0"}
			}
		},
		{
			"from": [4, 3, 7.35],
			"to": [6, 5, 8.65],
			"rotation": {"angle": 22.5, "axis": "z", "origin": [6, 5, 8]},
			"faces": {
				"north": {"uv": [12.75, 6.75, 13.75, 7.75], "rotation": 180, "texture": "#0"},
				"east": {"uv": [12.25, 6.75, 13, 5.75], "rotation": 180, "texture": "#0"},
				"south": {"uv": [12.75, 7.75, 13.75, 6.75], "texture": "#0"},
				"west": {"uv": [13, 6.75, 13.75, 5.75], "rotation": 180, "texture": "#0"},
				"up": {"uv": [12.75, 8.5, 13.75, 7.75], "rotation": 180, "texture": "#0"},
				"down": {"uv": [12.25, 5, 13.25, 5.75], "rotation": 180, "texture": "#0"}
			}
		},
		{
			"from": [2.16152, 2.21201, 7.25],
			"to": [4.16152, 4.21201, 8.75],
			"rotation": {"angle": 45, "axis": "z", "origin": [4.1, 4.2, 8]},
			"faces": {
				"north": {"uv": [13.5, 12, 14.5, 13], "rotation": 180, "texture": "#0"},
				"east": {"uv": [14.5, 13, 15.25, 12], "rotation": 180, "texture": "#0"},
				"south": {"uv": [13.5, 13, 14.5, 12], "texture": "#0"},
				"west": {"uv": [15.25, 13, 16, 12], "rotation": 180, "texture": "#0"},
				"up": {"uv": [13.5, 13.75, 14.5, 13], "rotation": 180, "texture": "#0"},
				"down": {"uv": [14.5, 13, 15.5, 13.75], "rotation": 180, "texture": "#0"}
			}
		},
		{
			"from": [0.72071, 0.86201, 7.35],
			"to": [2.72071, 2.86201, 8.65],
			"rotation": {"angle": 0, "axis": "x", "origin": [2.75, 2.85, 8]},
			"rotated": [0, 0, 67.5],
			"faces": {
				"north": {"uv": [13.5, 9.5, 14.5, 10.5], "rotation": 180, "texture": "#0"},
				"east": {"uv": [13, 9.5, 13.75, 8.5], "rotation": 180, "texture": "#0"},
				"south": {"uv": [13.5, 10.5, 14.5, 9.5], "texture": "#0"},
				"west": {"uv": [13.75, 9.5, 14.5, 8.5], "rotation": 180, "texture": "#0"},
				"up": {"uv": [13.5, 11.25, 14.5, 10.5], "rotation": 180, "texture": "#0"},
				"down": {"uv": [13.5, 11.25, 14.5, 12], "rotation": 180, "texture": "#0"}
			}
		},
		{
			"from": [1.95, -1.98222, 7.25],
			"to": [3.95, 1.01778, 8.75],
			"rotation": {"angle": 0, "axis": "y", "origin": [1.95, -1.95, 8]},
			"faces": {
				"north": {"uv": [14.5, 10.5, 16, 9.5], "rotation": 90, "texture": "#0"},
				"east": {"uv": [14.5, 11.25, 16, 10.5], "rotation": 270, "texture": "#0"},
				"south": {"uv": [14.5, 9.5, 16, 10.5], "rotation": 90, "texture": "#0"},
				"west": {"uv": [14.5, 11.25, 16, 12], "rotation": 270, "texture": "#0"},
				"up": {"uv": [15.25, 8.5, 16, 9.5], "rotation": 270, "texture": "#0"},
				"down": {"uv": [14.5, 8.5, 15.25, 9.5], "rotation": 270, "texture": "#0"}
			}
		},
		{
			"from": [7.25, -13, 7.5],
			"to": [8.75, -12, 8.5],
			"rotation": {"angle": 0, "axis": "y", "origin": [6, -2, 0]},
			"faces": {
				"north": {"uv": [10.5, 3.75, 11, 4.5], "rotation": 90, "texture": "#0"},
				"east": {"uv": [10.5, 5, 11, 4.5], "rotation": 270, "texture": "#0"},
				"south": {"uv": [10.5, 3.75, 11, 4.5], "rotation": 90, "texture": "#0"},
				"west": {"uv": [10.5, 4.5, 11, 5], "rotation": 270, "texture": "#0"},
				"up": {"uv": [11, 3.75, 11.5, 4.5], "rotation": 270, "texture": "#0"},
				"down": {"uv": [11, 3.75, 11.5, 4.5], "rotation": 270, "texture": "#0"}
			}
		},
		{
			"from": [7, -14.5, 7.25],
			"to": [9, -13, 8.75],
			"rotation": {"angle": 0, "axis": "y", "origin": [6, -4, 0]},
			"faces": {
				"north": {"uv": [13.75, 13.75, 14.5, 14.75], "rotation": 90, "texture": "#0"},
				"east": {"uv": [15.25, 15.5, 16, 14.75], "rotation": 270, "texture": "#0"},
				"south": {"uv": [13.75, 13.75, 14.5, 14.75], "rotation": 90, "texture": "#0"},
				"west": {"uv": [15.25, 14.75, 16, 15.5], "rotation": 270, "texture": "#0"},
				"up": {"uv": [15.25, 13.75, 16, 14.75], "rotation": 270, "texture": "#0"},
				"down": {"uv": [14.5, 13.75, 15.25, 14.75], "rotation": 270, "texture": "#0"}
			}
		},
		{
			"from": [7, -16, 7.5],
			"to": [9, -14, 8.5],
			"rotation": {"angle": -45, "axis": "z", "origin": [8, -15, 8]},
			"faces": {
				"north": {"uv": [13, 14.75, 14, 15.75], "rotation": 180, "texture": "#0"},
				"east": {"uv": [14, 14.75, 14.5, 15.75], "texture": "#0"},
				"south": {"uv": [13, 14.75, 14, 15.75], "rotation": 90, "texture": "#0"},
				"west": {"uv": [14.5, 14.75, 15, 15.75], "rotation": 180, "texture": "#0"},
				"up": {"uv": [14.5, 15.75, 15, 14.75], "rotation": 270, "texture": "#0"},
				"down": {"uv": [14, 14.75, 14.5, 15.75], "rotation": 270, "texture": "#0"}
			}
		},
		{
			"from": [4, 3, 8],
			"to": [12, 31, 8],
			"faces": {
				"north": {"uv": [4, 0, 0, 14], "texture": "#0"},
				"east": {"uv": [0, 0, 0, 13], "texture": "#0"},
				"south": {"uv": [0, 0, 4, 14], "texture": "#0"},
				"west": {"uv": [0, 0, 0, 13], "texture": "#0"},
				"up": {"uv": [4, 0, 0, 0], "texture": "#0"},
				"down": {"uv": [4, 0, 0, 0], "texture": "#0"}
			}
		},
		{
			"from": [7, 8, 7.75],
			"to": [9, 28, 8.25],
			"faces": {
				"north": {"uv": [2.5, 1.5, 1.5, 11.5], "texture": "#0"},
				"east": {"uv": [2.25, 1.5, 2.5, 11.5], "texture": "#0"},
				"south": {"uv": [1.5, 1.5, 2.5, 11.5], "texture": "#0"},
				"west": {"uv": [1.5, 1.5, 1.75, 11.5], "texture": "#0"},
				"up": {"uv": [2.5, 1.5, 1.5, 1.75], "texture": "#0"},
				"down": {"uv": [2.5, 11.25, 1.5, 11.5], "texture": "#0"}
			}
		}
	],
	"gui_light": "front",
	"display": {
		"thirdperson_righthand": {
			"rotation": [0, 110, 0],
			"translation": [0, 7.25, 1.75],
			"scale": [0.7, 0.7, 0.7]
		},
		"thirdperson_lefthand": {
			"rotation": [180, -110, 180],
			"translation": [0, 6, 1.75],
			"scale": [0.7, 0.7, 0.7]
		},
		"firstperson_righthand": {
			"rotation": [-175.56, 80, 170],
			"translation": [0.5, 5, 0.5],
			"scale": [0.5, 0.5, 0.5]
		},
		"firstperson_lefthand": {
			"rotation": [-175.56, -88, -170],
			"translation": [0.5, 5, 0.5],
			"scale": [0.5, 0.5, 0.5]
		},
		"ground": {
			"rotation": [82, 0, 0],
			"translation": [0, -1.25, 0],
			"scale": [0.5, 0.5, 0.5]
		},
		"gui": {
			"rotation": [0, 180, 43],
			"translation": [0, 0.25, -2],
			"scale": [0.4093, 0.4093, 0.4093]
		},
		"head": {
			"rotation": [0, -18, 105],
			"translation": [2.5, 8.75, 2.25],
			"scale": [0.73516, 0.73516, 0.73516]
		},
		"fixed": {
			"rotation": [0, 0, 45],
			"translation": [1.25, -0.5, -1.25],
			"scale": [0.96484, 0.96484, 0.96484]
		}
	},
	"groups": [
		{
			"name": "group",
			"origin": [0, 0, 16],
			"color": 0,
			"boneType": "",
			"children": [0, 1, 2, 3, 4, 5, 6, 7, 8, 9, 10, 11, 12, 13, 14, 15, 16, 17]
		},
		{
			"name": "group",
			"origin": [0, 0, 16],
			"color": 0,
			"boneType": "",
			"children": []
		}
	]
}