{
	"credit": "Made with Blockbench",
	"texture_size": [32, 32],
	"textures": {
		"0": "elitecreatures:fantasy_swords_v1/sword151tex",
		"particle": "elitecreatures:fantasy_swords_v1/sword151tex"
	},
	"elements": [
		{
			"from": [7.25, -9, 7.25],
			"to": [8.75, -4, 8.75],
			"rotation": {"angle": 0, "axis": "y", "origin": [10, 4, 0]},
			"faces": {
				"north": {"uv": [13.5, 8, 16, 8.75], "rotation": 90, "texture": "#0"},
				"east": {"uv": [13.5, 8, 16, 7.25], "rotation": 270, "texture": "#0"},
				"south": {"uv": [13.5, 8.75, 16, 8], "rotation": 90, "texture": "#0"},
				"west": {"uv": [6.25, 9, 8.75, 9.75], "rotation": 270, "texture": "#0"},
				"up": {"uv": [12.75, 8, 13.5, 7.25], "rotation": 270, "texture": "#0"},
				"down": {"uv": [12.75, 8, 13.5, 7.25], "rotation": 270, "texture": "#0"}
			}
		},
		{
			"from": [7, -13.8, 7.75],
			"to": [9, -12.8, 8.25],
			"rotation": {"angle": 0, "axis": "y", "origin": [9.5, 4, 0]},
			"faces": {
				"north": {"uv": [7.25, 13.25, 7.75, 12.25], "rotation": 90, "texture": "#0"},
				"east": {"uv": [6.75, 13.25, 7.25, 13.5], "rotation": 270, "texture": "#0"},
				"south": {"uv": [7.25, 13.25, 7.75, 12.25], "rotation": 90, "texture": "#0"},
				"west": {"uv": [6.75, 13.25, 7.25, 13.5], "rotation": 270, "texture": "#0"},
				"up": {"uv": [8.5, 12.75, 8.75, 11.75], "rotation": 270, "texture": "#0"},
				"down": {"uv": [7.75, 11.75, 8, 10.75], "rotation": 270, "texture": "#0"}
			}
		},
		{
			"from": [7, -10, 7.25],
			"to": [9, -9, 8.75],
			"rotation": {"angle": 0, "axis": "y", "origin": [10, 4, 0]},
			"faces": {
				"north": {"uv": [12.75, 10.25, 13.25, 9.25], "rotation": 90, "texture": "#0"},
				"east": {"uv": [12.75, 11, 13.25, 10.25], "rotation": 270, "texture": "#0"},
				"south": {"uv": [12.75, 10.25, 13.25, 9.25], "rotation": 90, "texture": "#0"},
				"west": {"uv": [12.75, 10.25, 13.25, 11], "rotation": 270, "texture": "#0"},
				"up": {"uv": [13.25, 11, 14, 10], "rotation": 270, "texture": "#0"},
				"down": {"uv": [13.25, 10, 14, 9], "rotation": 270, "texture": "#0"}
			}
		},
		{
			"from": [5, -10, 7.5],
			"to": [7, -9, 8.5],
			"rotation": {"angle": 45, "axis": "z", "origin": [7, -9, 0]},
			"faces": {
				"north": {"uv": [8, 12.75, 8.5, 11.75], "rotation": 90, "texture": "#0"},
				"east": {"uv": [8, 13.25, 8.5, 12.75], "rotation": 270, "texture": "#0"},
				"south": {"uv": [8, 12.75, 8.5, 11.75], "rotation": 90, "texture": "#0"},
				"west": {"uv": [8, 12.75, 8.5, 13.25], "rotation": 270, "texture": "#0"},
				"up": {"uv": [8.5, 13.75, 9, 12.75], "rotation": 270, "texture": "#0"},
				"down": {"uv": [13.5, 12, 14, 11], "rotation": 270, "texture": "#0"}
			}
		},
		{
			"from": [5.6, -12.4, 7.75],
			"to": [6.6, -10.4, 8.25],
			"rotation": {"angle": 0, "axis": "y", "origin": [7, -9, 0]},
			"faces": {
				"north": {"uv": [8.75, 10.75, 8.25, 11.75], "texture": "#0"},
				"east": {"uv": [12, 9.25, 13, 9], "rotation": 90, "texture": "#0"},
				"south": {"uv": [8.75, 10.75, 8.25, 11.75], "rotation": 180, "texture": "#0"},
				"west": {"uv": [10.25, 11.25, 11.25, 11], "rotation": 90, "texture": "#0"},
				"up": {"uv": [8.75, 10.25, 8.25, 10.5], "texture": "#0"},
				"down": {"uv": [8.75, 10.75, 8.25, 10.5], "texture": "#0"}
			}
		},
		{
			"from": [9, -10, 7.35],
			"to": [11, -9, 8.65],
			"rotation": {"angle": -45, "axis": "z", "origin": [9, -9, 0]},
			"faces": {
				"north": {"uv": [11.25, 10, 11.75, 11], "rotation": 90, "texture": "#0"},
				"east": {"uv": [12, 10, 12.5, 9.25], "rotation": 270, "texture": "#0"},
				"south": {"uv": [11.25, 10, 11.75, 11], "rotation": 90, "texture": "#0"},
				"west": {"uv": [12, 9.25, 12.5, 10], "rotation": 270, "texture": "#0"},
				"up": {"uv": [10.5, 10, 11.25, 11], "rotation": 270, "texture": "#0"},
				"down": {"uv": [11.75, 10, 12.5, 11], "rotation": 270, "texture": "#0"}
			}
		},
		{
			"from": [9.4, -12.4, 7.45],
			"to": [10.4, -10.4, 8.55],
			"rotation": {"angle": 0, "axis": "y", "origin": [9, -9, 0]},
			"faces": {
				"north": {"uv": [9.75, 11.5, 10.25, 12.5], "texture": "#0"},
				"east": {"uv": [9.05, 10.5, 9.55, 11.5], "texture": "#0"},
				"south": {"uv": [9.75, 11.5, 10.25, 12.5], "rotation": 180, "texture": "#0"},
				"west": {"uv": [9.05, 11.5, 9.55, 12.5], "texture": "#0"},
				"up": {"uv": [9.75, 10.75, 10.25, 11.25], "texture": "#0"},
				"down": {"uv": [9.75, 10.75, 10.25, 11.25], "texture": "#0"}
			}
		},
		{
			"from": [9.4, -14.4, 7.5],
			"to": [10.4, -12.4, 8.5],
			"rotation": {"angle": -45, "axis": "z", "origin": [10.4, -12.4, 0]},
			"faces": {
				"north": {"uv": [11.75, 8, 12.25, 9], "texture": "#0"},
				"east": {"uv": [12.75, 8, 13.25, 9], "texture": "#0"},
				"south": {"uv": [11.75, 8, 12.25, 9], "rotation": 180, "texture": "#0"},
				"west": {"uv": [12.25, 8, 12.75, 9], "texture": "#0"},
				"up": {"uv": [12, 8, 12.5, 7.5], "texture": "#0"},
				"down": {"uv": [12, 8, 12.5, 7.5], "texture": "#0"}
			}
		},
		{
			"from": [5.5, -4, 6.75],
			"to": [10.5, 1, 9.25],
			"rotation": {"angle": 45, "axis": "z", "origin": [8, -1.5, 8]},
			"faces": {
				"north": {"uv": [13, 3.5, 15.5, 6], "texture": "#0"},
				"east": {"uv": [11.75, 7.25, 13, 4.75], "texture": "#0"},
				"south": {"uv": [13, 6, 15.5, 3.5], "rotation": 180, "texture": "#0"},
				"west": {"uv": [11.75, 4.75, 13, 2.25], "texture": "#0"},
				"up": {"uv": [9.25, 6, 11.75, 7.25], "texture": "#0"},
				"down": {"uv": [15.5, 2.25, 13, 3.5], "texture": "#0"}
			}
		},
		{
			"from": [3.58578, -1.258, 7.75],
			"to": [6.58578, 4.242, 8.25],
			"rotation": {"angle": -22.5, "axis": "z", "origin": [1.65, -1.15, 0]},
			"faces": {
				"north": {"uv": [14, 12, 15.5, 9.25], "rotation": 180, "texture": "#0"},
				"east": {"uv": [15.5, 9.25, 15.75, 12], "rotation": 180, "texture": "#0"},
				"south": {"uv": [14, 9.25, 15.5, 12], "texture": "#0"},
				"west": {"uv": [15.75, 4.5, 15.5, 7.25], "rotation": 180, "texture": "#0"},
				"up": {"uv": [14.5, 9, 16, 8.75], "rotation": 180, "texture": "#0"},
				"down": {"uv": [14.5, 8.75, 16, 9], "rotation": 180, "texture": "#0"}
			}
		},
		{
			"from": [5.5, 1.5, 8],
			"to": [10.5, 24.5, 8],
			"rotation": {"angle": 0, "axis": "y", "origin": [10.45, 3.05, 0]},
			"faces": {
				"north": {"uv": [1.25, 0.75, 3.75, 12.25], "texture": "#0"},
				"east": {"uv": [0, 0, 0, 13.75], "texture": "#0"},
				"south": {"uv": [3.75, 0.75, 1.25, 12.25], "texture": "#0"},
				"west": {"uv": [0, 0, 0, 13.75], "texture": "#0"},
				"up": {"uv": [0, 0, 3.5, 0], "texture": "#0"},
				"down": {"uv": [0, 0, 3.5, 0], "texture": "#0"}
			}
		},
		{
			"from": [5.5, 1.5, 7.65],
			"to": [10.5, 7.5, 8.35],
			"rotation": {"angle": 0, "axis": "y", "origin": [10.45, 3.05, 0]},
			"faces": {
				"north": {"uv": [1.25, 9.25, 3.75, 12.25], "texture": "#0"},
				"east": {"uv": [3, 12.25, 3.25, 15.25], "texture": "#missing"},
				"south": {"uv": [3.75, 9.25, 1.25, 12.25], "texture": "#0"},
				"west": {"uv": [5.25, 12.25, 5.5, 15.25], "texture": "#missing"},
				"up": {"uv": [5.5, 12.25, 3, 12.5], "texture": "#missing"},
				"down": {"uv": [3, 15, 5.5, 15.25], "texture": "#missing"}
			}
		},
		{
			"from": [1.942, -3.18578, 7.25],
			"to": [4.442, -1.18578, 8.75],
			"rotation": {"angle": 0, "axis": "y", "origin": [4.55, -1.25, 0]},
			"faces": {
				"north": {"uv": [7.5, 14.5, 8.5, 13.25], "rotation": 90, "texture": "#0"},
				"east": {"uv": [7.5, 15.25, 8.5, 14.5], "rotation": 270, "texture": "#0"},
				"south": {"uv": [7.5, 13.25, 8.5, 14.5], "rotation": 90, "texture": "#0"},
				"west": {"uv": [7.5, 15.25, 8.5, 16], "rotation": 270, "texture": "#0"},
				"up": {"uv": [6.75, 14.75, 7.5, 16], "rotation": 270, "texture": "#0"},
				"down": {"uv": [6.75, 13.5, 7.5, 14.75], "rotation": 270, "texture": "#0"}
			}
		},
		{
			"from": [-0.408, -2.88578, 7.5],
			"to": [2.092, -1.08578, 8.5],
			"rotation": {"angle": 0, "axis": "x", "origin": [2.15, -1.25, 0]},
			"rotated": [0, 0, 45],
			"faces": {
				"north": {"uv": [5.5, 15.5, 6.5, 14.25], "rotation": 90, "texture": "#0"},
				"east": {"uv": [5.5, 16, 6.5, 15.5], "rotation": 270, "texture": "#0"},
				"south": {"uv": [5.5, 14.25, 6.5, 15.5], "rotation": 90, "texture": "#0"},
				"west": {"uv": [5.5, 15.5, 6.5, 16], "rotation": 270, "texture": "#0"},
				"up": {"uv": [5, 14.75, 5.5, 16], "rotation": 270, "texture": "#0"},
				"down": {"uv": [4.5, 14.75, 5, 16], "rotation": 270, "texture": "#0"}
			}
		},
		{
			"from": [0.19436, -5.45383, 7.75],
			"to": [1.69436, -2.95383, 8.25],
			"rotation": {"angle": 0, "axis": "y", "origin": [0.55, -3.05, 0]},
			"faces": {
				"north": {"uv": [3.5, 16, 4.25, 14.75], "rotation": 180, "texture": "#0"},
				"east": {"uv": [3.25, 14.75, 3.5, 16], "rotation": 180, "texture": "#0"},
				"south": {"uv": [3.5, 14.75, 4.25, 16], "texture": "#0"},
				"west": {"uv": [3, 14.75, 3.25, 16], "rotation": 180, "texture": "#0"},
				"up": {"uv": [4.5, 14.75, 5.25, 14.5], "rotation": 180, "texture": "#0"},
				"down": {"uv": [4.5, 14.5, 5.25, 14.75], "rotation": 180, "texture": "#0"}
			}
		},
		{
			"from": [9.41422, -1.258, 7.75],
			"to": [12.41422, 4.242, 8.25],
			"rotation": {"angle": 22.5, "axis": "z", "origin": [14.35, -1.15, 0]},
			"faces": {
				"north": {"uv": [15.5, 12, 14, 9.25], "rotation": 180, "texture": "#0"},
				"east": {"uv": [15.5, 4.5, 15.75, 7.25], "rotation": 180, "texture": "#0"},
				"south": {"uv": [15.5, 9.25, 14, 12], "texture": "#0"},
				"west": {"uv": [15.75, 9.25, 15.5, 12], "rotation": 180, "texture": "#0"},
				"up": {"uv": [16, 9, 14.5, 8.75], "rotation": 180, "texture": "#0"},
				"down": {"uv": [16, 8.75, 14.5, 9], "rotation": 180, "texture": "#0"}
			}
		},
		{
			"from": [10, -4, 7],
			"to": [12.5, -2, 9],
			"rotation": {"angle": 22.5, "axis": "z", "origin": [10, -4, 0]},
			"faces": {
				"north": {"uv": [8.75, 13.75, 9.75, 15], "rotation": 90, "texture": "#0"},
				"east": {"uv": [8.75, 16, 9.75, 15], "rotation": 270, "texture": "#0"},
				"south": {"uv": [8.75, 13.75, 9.75, 15], "rotation": 90, "texture": "#0"},
				"west": {"uv": [10.75, 9, 11.75, 10], "rotation": 270, "texture": "#0"},
				"up": {"uv": [10.25, 13.75, 11.25, 12.5], "rotation": 270, "texture": "#0"},
				"down": {"uv": [9.25, 13.75, 10.25, 12.5], "rotation": 270, "texture": "#0"}
			}
		},
		{
			"from": [3.5, -4, 7],
			"to": [6, -2, 9],
			"rotation": {"angle": -22.5, "axis": "z", "origin": [6, -4, 0]},
			"faces": {
				"north": {"uv": [8.75, 15, 9.75, 13.75], "rotation": 90, "texture": "#0"},
				"east": {"uv": [10.75, 10, 11.75, 9], "rotation": 270, "texture": "#0"},
				"south": {"uv": [8.75, 15, 9.75, 13.75], "rotation": 90, "texture": "#0"},
				"west": {"uv": [8.75, 15, 9.75, 16], "rotation": 270, "texture": "#0"},
				"up": {"uv": [10.25, 12.5, 11.25, 13.75], "rotation": 270, "texture": "#0"},
				"down": {"uv": [9.25, 12.5, 10.25, 13.75], "rotation": 270, "texture": "#0"}
			}
		},
		{
			"from": [6, -4, 7],
			"to": [10, -2, 9],
			"rotation": {"angle": 0, "axis": "y", "origin": [5.8, -4, 0]},
			"faces": {
				"north": {"uv": [7.25, 5.5, 8.25, 3.5], "rotation": 90, "texture": "#0"},
				"east": {"uv": [10.75, 10, 11.75, 9], "rotation": 270, "texture": "#0"},
				"south": {"uv": [7.25, 5.5, 8.25, 3.5], "rotation": 90, "texture": "#0"},
				"west": {"uv": [8.25, 4.5, 9.25, 5.5], "rotation": 270, "texture": "#0"},
				"up": {"uv": [8.25, 5.5, 9.25, 7.5], "rotation": 270, "texture": "#0"},
				"down": {"uv": [7.25, 5.5, 8.25, 7.5], "rotation": 270, "texture": "#0"}
			}
		},
		{
			"from": [11.558, -3.18578, 7.25],
			"to": [14.058, -1.18578, 8.75],
			"rotation": {"angle": 0, "axis": "y", "origin": [11.45, -1.25, 0]},
			"faces": {
				"north": {"uv": [7.5, 13.25, 8.5, 14.5], "rotation": 90, "texture": "#0"},
				"east": {"uv": [7.5, 16, 8.5, 15.25], "rotation": 270, "texture": "#0"},
				"south": {"uv": [7.5, 14.5, 8.5, 13.25], "rotation": 90, "texture": "#0"},
				"west": {"uv": [7.5, 14.5, 8.5, 15.25], "rotation": 270, "texture": "#0"},
				"up": {"uv": [6.75, 16, 7.5, 14.75], "rotation": 270, "texture": "#0"},
				"down": {"uv": [6.75, 14.75, 7.5, 13.5], "rotation": 270, "texture": "#0"}
			}
		},
		{
			"from": [13.908, -2.88578, 7.5],
			"to": [16.408, -1.08578, 8.5],
			"rotation": {"angle": 0, "axis": "x", "origin": [13.85, -1.25, 0]},
			"rotated": [0, 0, -45],
			"faces": {
				"north": {"uv": [5.5, 14.25, 6.5, 15.5], "rotation": 90, "texture": "#0"},
				"east": {"uv": [5.5, 16, 6.5, 15.5], "rotation": 270, "texture": "#0"},
				"south": {"uv": [5.5, 15.5, 6.5, 14.25], "rotation": 90, "texture": "#0"},
				"west": {"uv": [5.5, 15.5, 6.5, 16], "rotation": 270, "texture": "#0"},
				"up": {"uv": [5, 16, 5.5, 14.75], "rotation": 270, "texture": "#0"},
				"down": {"uv": [4.5, 16, 5, 14.75], "rotation": 270, "texture": "#0"}
			}
		},
		{
			"from": [14.30564, -5.45383, 7.75],
			"to": [15.80564, -2.95383, 8.25],
			"rotation": {"angle": 0, "axis": "y", "origin": [15.45, -3.05, 0]},
			"faces": {
				"north": {"uv": [4.25, 16, 3.5, 14.75], "rotation": 180, "texture": "#0"},
				"east": {"uv": [3.25, 14.75, 3, 16], "rotation": 180, "texture": "#0"},
				"south": {"uv": [4.25, 14.75, 3.5, 16], "texture": "#0"},
				"west": {"uv": [3.5, 14.75, 3.25, 16], "rotation": 180, "texture": "#0"},
				"up": {"uv": [5.25, 14.75, 4.5, 14.5], "rotation": 180, "texture": "#0"},
				"down": {"uv": [5.25, 14.5, 4.5, 14.75], "rotation": 180, "texture": "#0"}
			}
		},
		{
			"from": [8.7, -9, 8],
			"to": [12.7, -3, 8],
			"faces": {
				"north": {"uv": [11.5, 3, 9.5, 6], "texture": "#0"},
				"east": {"uv": [9.5, 3, 9.5, 6], "texture": "#0"},
				"south": {"uv": [9.5, 3, 11.5, 6], "texture": "#0"},
				"west": {"uv": [9.5, 3, 9.5, 6], "texture": "#0"},
				"up": {"uv": [0, 0, 2, 0], "texture": "#0"},
				"down": {"uv": [0, 0, 2, 0], "texture": "#0"}
			}
		}
	],
	"gui_light": "front",
	"display": {
		"thirdperson_righthand": {
			"rotation": [0, 110, 0],
			"translation": [0, 7.25, 1.75],
			"scale": [0.7, 0.7, 0.7]
		},
		"thirdperson_lefthand": {
			"rotation": [180, -110, 180],
			"translation": [0, 6, 1.75],
			"scale": [0.7, 0.7, 0.7]
		},
		"firstperson_righthand": {
			"rotation": [-175.56, 80, 170],
			"translation": [0.5, 5, 0.5],
			"scale": [0.5, 0.5, 0.5]
		},
		"firstperson_lefthand": {
			"rotation": [-175.56, -88, -170],
			"translation": [0.5, 5, 0.5],
			"scale": [0.5, 0.5, 0.5]
		},
		"ground": {
			"rotation": [82, 0, 0],
			"translation": [0, -1.25, 0],
			"scale": [0.5, 0.5, 0.5]
		},
		"gui": {
			"rotation": [-3, 0, -45],
			"translation": [1, 0.75, -2],
			"scale": [0.50211, 0.50211, 0.50211]
		},
		"head": {
			"rotation": [0, -18, 105],
			"translation": [2.5, 8.75, 2.25],
			"scale": [0.73516, 0.73516, 0.73516]
		},
		"fixed": {
			"rotation": [0, 0, 45],
			"translation": [1.25, -0.5, -1.25],
			"scale": [0.96484, 0.96484, 0.96484]
		}
	}
}