{
	"credit": "MadewithBlockbench",
	"textures": {
		"1": "chronicles_animated_weapon_set:texture",
		"2": "chronicles_animated_weapon_set:eff_01",
		"3": "chronicles_animated_weapon_set:eff_02",
		"particle": "chronicles_animated_weapon_set:eff_01"
	},
	"elements": [
		{
			"from": [8.62421, 6.5, 7.17576],
			"to": [9.42421, 9.5, 7.97576],
			"rotation": {"angle": -45, "axis": "y", "origin": [8, 17.37346, 6.55154]},
			"faces": {
				"north": {"uv": [9.5, 11.6, 9.2, 12.8], "texture": "#1"},
				"east": {"uv": [9.2, 11.6, 9.5, 12.8], "texture": "#1"},
				"south": {"uv": [8.8, 11.6, 9.1, 12.8], "texture": "#1"},
				"west": {"uv": [9.2, 11.6, 9.5, 12.8], "texture": "#1"},
				"up": {"uv": [5.9, 15.1, 5.6, 14.8], "rotation": 90, "texture": "#1"},
				"down": {"uv": [6.3, 14.8, 6, 15.1], "rotation": 270, "texture": "#1"}
			}
		},
		{
			"from": [8, 7.55, 12.625],
			"to": [8, 22.45, 12.875],
			"rotation": {"angle": 0, "axis": "x", "origin": [8, 8, -10]},
			"faces": {
				"north": {"uv": [0, 0, 0, 10], "texture": "#1"},
				"east": {"uv": [4.9, 0.2, 4.8, 0.3], "texture": "#1"},
				"south": {"uv": [0, 0, 0, 10], "texture": "#1"},
				"west": {"uv": [4.8, 0.2, 4.9, 0.3], "texture": "#1"},
				"up": {"uv": [2.9, 0, 0, 0], "rotation": 90, "texture": "#1"},
				"down": {"uv": [2.9, 0, 0, 0], "rotation": 270, "texture": "#1"}
			}
		},
		{
			"from": [8, -6.45, 12.625],
			"to": [8, 8.45, 12.875],
			"rotation": {"angle": 0, "axis": "x", "origin": [8, 8, -10]},
			"faces": {
				"north": {"uv": [0, 10, 0, 0], "texture": "#1"},
				"east": {"uv": [4.9, 0.3, 4.8, 0.2], "texture": "#1"},
				"south": {"uv": [0, 10, 0, 0], "texture": "#1"},
				"west": {"uv": [4.8, 0.3, 4.9, 0.2], "texture": "#1"},
				"up": {"uv": [0, 0, 2.9, 0], "rotation": 270, "texture": "#1"},
				"down": {"uv": [0, 0, 2.9, 0], "rotation": 90, "texture": "#1"}
			}
		},
		{
			"from": [7.535, 21.4117, 11.24028],
			"to": [8.465, 22.6617, 11.99028],
			"rotation": {"angle": -22.5, "axis": "x", "origin": [8, 20.74651, 12.15789]},
			"faces": {
				"north": {"uv": [14.1, 7.6, 13.6, 8], "rotation": 90, "texture": "#1"},
				"east": {"uv": [14, 14, 14.5, 14.3], "rotation": 270, "texture": "#1"},
				"south": {"uv": [14.1, 6, 13.6, 5.6], "rotation": 90, "texture": "#1"},
				"west": {"uv": [0, 14.4, 0.5, 14.7], "rotation": 90, "texture": "#1"},
				"up": {"uv": [14.4, 12, 14.8, 12.3], "rotation": 180, "texture": "#1"},
				"down": {"uv": [14.4, 11.6, 14.8, 11.9], "texture": "#1"}
			}
		},
		{
			"from": [7.635, 12.66911, 7.9],
			"to": [8.365, 19.61911, 10.25],
			"rotation": {"angle": 22.5, "axis": "x", "origin": [8, 20.74651, 12.15789]},
			"faces": {
				"north": {"uv": [0, 10, 0.3, 12.8], "texture": "#1"},
				"east": {"uv": [7.3, 4, 6.4, 6.8], "texture": "#1"},
				"south": {"uv": [7.2, 4, 7.3, 6.8], "texture": "#1"},
				"west": {"uv": [6.4, 6.8, 7.3, 9.6], "texture": "#1"},
				"up": {"uv": [11.8, 5.5, 10, 5.2], "rotation": 90, "texture": "#1"},
				"down": {"uv": [12.2, 1.6, 10.4, 1.9], "rotation": 270, "texture": "#1"}
			}
		},
		{
			"from": [8.52421, 9, 7.07576],
			"to": [9.52421, 10.5, 8.07576],
			"rotation": {"angle": -45, "axis": "y", "origin": [8, 16.87346, 6.55154]},
			"faces": {
				"north": {"uv": [8, 13.6, 8.4, 14.2], "texture": "#1"},
				"east": {"uv": [8.4, 13.6, 8, 14.2], "texture": "#1"},
				"south": {"uv": [8, 13.6, 8.4, 14.2], "texture": "#1"},
				"west": {"uv": [13.6, 8.4, 14, 9], "texture": "#1"},
				"up": {"uv": [3.2, 11.6, 2.8, 11.2], "rotation": 90, "texture": "#1"},
				"down": {"uv": [12.4, 4, 12, 4.4], "rotation": 270, "texture": "#1"}
			}
		},
		{
			"from": [6.9, 13.70665, 10.26679],
			"to": [9.1, 15.20665, 11.76679],
			"rotation": {"angle": 45, "axis": "x", "origin": [8, 16.87346, 6.55154]},
			"faces": {
				"north": {"uv": [10.4, 7.2, 11.3, 7.9], "texture": "#1"},
				"east": {"uv": [1.2, 10.8, 1.9, 11.5], "texture": "#1"},
				"south": {"uv": [10.4, 6.4, 11.3, 7.1], "texture": "#1"},
				"west": {"uv": [11.2, 2, 11.9, 2.7], "texture": "#1"},
				"up": {"uv": [9.5, 11.3, 8.8, 10.4], "rotation": 90, "texture": "#1"},
				"down": {"uv": [1.1, 10.8, 0.4, 11.7], "rotation": 270, "texture": "#1"}
			}
		},
		{
			"from": [7.3, 20.61001, 9.4094],
			"to": [8.7, 22.31001, 11.1094],
			"rotation": {"angle": 0, "axis": "x", "origin": [8, 20.74651, 12.15789]},
			"faces": {
				"north": {"uv": [12.3, 6.4, 11.6, 7], "rotation": 90, "texture": "#1"},
				"east": {"uv": [11.2, 2.8, 11.9, 3.5], "rotation": 270, "texture": "#1"},
				"south": {"uv": [12.3, 5, 11.6, 4.4], "rotation": 90, "texture": "#1"},
				"west": {"uv": [11.2, 3.6, 11.9, 4.3], "rotation": 90, "texture": "#1"},
				"up": {"uv": [3.6, 11.6, 4.2, 12.3], "rotation": 180, "texture": "#1"},
				"down": {"uv": [2.4, 11.6, 3, 12.3], "texture": "#1"}
			}
		},
		{
			"from": [7.55, 21.83739, 10.63678],
			"to": [8.45, 24.63739, 13.43678],
			"rotation": {"angle": 0, "axis": "x", "origin": [8, 20.74651, 12.15789]},
			"faces": {
				"north": {"uv": [2.3, 11.6, 1.2, 12], "rotation": 90, "texture": "#1"},
				"east": {"uv": [3.6, 8.8, 4.7, 9.9], "rotation": 270, "texture": "#1"},
				"south": {"uv": [12.3, 11.6, 11.2, 11.2], "rotation": 90, "texture": "#1"},
				"west": {"uv": [8.8, 4.4, 9.9, 5.5], "rotation": 90, "texture": "#1"},
				"up": {"uv": [4.4, 10, 4.8, 11.1], "rotation": 180, "texture": "#1"},
				"down": {"uv": [2.8, 10, 3.2, 11.1], "texture": "#1"}
			}
		},
		{
			"from": [7.3, 18.42466, 6.78432],
			"to": [8.7, 19.62466, 7.98432],
			"rotation": {"angle": -22.5, "axis": "x", "origin": [8, 20.74651, 12.15789]},
			"faces": {
				"north": {"uv": [13.7, 0.8, 13.2, 1.4], "rotation": 90, "texture": "#1"},
				"east": {"uv": [13.6, 3.2, 14.1, 3.7], "rotation": 270, "texture": "#1"},
				"south": {"uv": [13.7, 0.6, 13.2, 0], "rotation": 90, "texture": "#1"},
				"west": {"uv": [13.6, 4, 14.1, 4.5], "rotation": 90, "texture": "#1"},
				"up": {"uv": [12.4, 12.8, 13, 13.3], "rotation": 180, "texture": "#1"},
				"down": {"uv": [12.8, 10, 13.4, 10.5], "texture": "#1"}
			}
		},
		{
			"from": [7.2, 20.97024, 9.3299],
			"to": [8.8, 22.17024, 10.5299],
			"rotation": {"angle": -22.5, "axis": "x", "origin": [8, 20.74651, 12.15789]},
			"faces": {
				"north": {"uv": [13.7, 2.4, 13.2, 3], "rotation": 90, "texture": "#1"},
				"east": {"uv": [4.4, 13.6, 4.9, 14.1], "rotation": 270, "texture": "#1"},
				"south": {"uv": [2.9, 13.8, 2.4, 13.2], "rotation": 90, "texture": "#1"},
				"west": {"uv": [13.6, 4.8, 14.1, 5.3], "rotation": 90, "texture": "#1"},
				"up": {"uv": [13.2, 1.6, 13.8, 2.1], "rotation": 180, "texture": "#1"},
				"down": {"uv": [1.6, 13.2, 2.2, 13.7], "texture": "#1"}
			}
		},
		{
			"from": [7.2, 13.03812, 4.76462],
			"to": [8.8, 14.23812, 5.96462],
			"rotation": {"angle": -45, "axis": "x", "origin": [8, 16.87346, 6.55154]},
			"faces": {
				"north": {"uv": [13.2, 2.1, 13.8, 1.6], "texture": "#1"},
				"east": {"uv": [4.4, 14.1, 4.9, 13.6], "texture": "#1"},
				"south": {"uv": [1.6, 13.7, 2.2, 13.2], "texture": "#1"},
				"west": {"uv": [13.6, 5.3, 14.1, 4.8], "texture": "#1"},
				"up": {"uv": [13.7, 3, 13.2, 2.4], "rotation": 90, "texture": "#1"},
				"down": {"uv": [2.9, 13.2, 2.4, 13.8], "rotation": 270, "texture": "#1"}
			}
		},
		{
			"from": [7.65, 13.00665, 9.56679],
			"to": [8.35, 15.90665, 12.46679],
			"rotation": {"angle": 45, "axis": "x", "origin": [8, 16.87346, 6.55154]},
			"faces": {
				"north": {"uv": [12, 2, 12.3, 3.2], "texture": "#1"},
				"east": {"uv": [8.4, 2, 9.6, 3.2], "texture": "#1"},
				"south": {"uv": [2, 12, 2.3, 13.2], "texture": "#1"},
				"west": {"uv": [9.6, 2, 8.4, 3.2], "texture": "#1"},
				"up": {"uv": [13.2, 3.5, 12, 3.2], "rotation": 90, "texture": "#1"},
				"down": {"uv": [13.2, 3.6, 12, 3.9], "rotation": 270, "texture": "#1"}
			}
		},
		{
			"from": [7.4, 17.50542, 5.86508],
			"to": [8.6, 19.20542, 7.56508],
			"rotation": {"angle": -22.5, "axis": "x", "origin": [8, 20.74651, 12.15789]},
			"faces": {
				"north": {"uv": [3.1, 12.4, 2.4, 12.9], "rotation": 90, "texture": "#1"},
				"east": {"uv": [4.4, 11.2, 5.1, 11.9], "rotation": 270, "texture": "#1"},
				"south": {"uv": [13.1, 2.1, 12.4, 1.6], "rotation": 90, "texture": "#1"},
				"west": {"uv": [5.2, 11.2, 5.9, 11.9], "rotation": 90, "texture": "#1"},
				"up": {"uv": [12.4, 0.8, 12.9, 1.5], "rotation": 180, "texture": "#1"},
				"down": {"uv": [12.4, 0, 12.9, 0.7], "texture": "#1"}
			}
		},
		{
			"from": [7.4, 18.83887, 7.19853],
			"to": [8.6, 20.53887, 8.89853],
			"rotation": {"angle": -22.5, "axis": "x", "origin": [8, 20.74651, 12.15789]},
			"faces": {
				"north": {"uv": [3.6, 12.4, 4.1, 13.1], "texture": "#1"},
				"east": {"uv": [11.2, 5.6, 11.9, 6.3], "texture": "#1"},
				"south": {"uv": [12.4, 2.4, 12.9, 3.1], "texture": "#1"},
				"west": {"uv": [6, 11.2, 6.7, 11.9], "texture": "#1"},
				"up": {"uv": [13.1, 4.5, 12.4, 4], "rotation": 90, "texture": "#1"},
				"down": {"uv": [13.1, 6, 12.4, 6.5], "rotation": 270, "texture": "#1"}
			}
		},
		{
			"from": [7.25, 8.36911, 4],
			"to": [8.75, 16.36911, 12],
			"rotation": {"angle": 0, "axis": "y", "origin": [8, 16.87346, 6.55154]},
			"faces": {
				"north": {"uv": [0.25, 0.25, 1.25, 1.2], "texture": "#2"},
				"east": {"uv": [16, 0, 0, 16], "texture": "#2"},
				"south": {"uv": [0.25, 0.25, 1.25, 1.2], "texture": "#2"},
				"west": {"uv": [0, 0, 16, 16], "texture": "#2"},
				"up": {"uv": [0.25, 0.25, 1.25, 1.2], "texture": "#2"},
				"down": {"uv": [0.25, 0.25, 1.25, 1.2], "texture": "#2"}
			}
		},
		{
			"from": [7.8, 11.98862, 9.41659],
			"to": [8.2, 19.98862, 17.41659],
			"rotation": {"angle": 45, "axis": "x", "origin": [8, 20.74651, 12.15789]},
			"faces": {
				"north": {"uv": [0.25, 0.25, 1.25, 1.2], "rotation": 180, "texture": "#3"},
				"east": {"uv": [0, 0, 16, 16], "rotation": 270, "texture": "#3"},
				"south": {"uv": [0.25, 0.25, 1.25, 1.2], "texture": "#3"},
				"west": {"uv": [16, 0, 0, 16], "rotation": 90, "texture": "#3"},
				"up": {"uv": [0.25, 0.25, 1.25, 1.2], "rotation": 180, "texture": "#3"},
				"down": {"uv": [0.25, 0.25, 1.25, 1.2], "texture": "#3"}
			}
		},
		{
			"from": [7.535, 21.2425, 9.41035],
			"to": [8.465, 21.9925, 10.66035],
			"rotation": {"angle": 22.5, "axis": "x", "origin": [8, 20.74651, 12.15789]},
			"faces": {
				"north": {"uv": [14.8, 11.6, 14.4, 11.9], "texture": "#1"},
				"east": {"uv": [14.5, 14, 14, 14.3], "texture": "#1"},
				"south": {"uv": [14.8, 12, 14.4, 12.3], "texture": "#1"},
				"west": {"uv": [0.5, 14.4, 0, 14.7], "texture": "#1"},
				"up": {"uv": [13.6, 6, 14.1, 5.6], "rotation": 90, "texture": "#1"},
				"down": {"uv": [13.6, 7.6, 14.1, 8], "rotation": 270, "texture": "#1"}
			}
		},
		{
			"from": [7.43, 20.51615, 7.44652],
			"to": [8.57, 21.26615, 10.19652],
			"rotation": {"angle": 0, "axis": "x", "origin": [8, 20.74651, 12.15789]},
			"faces": {
				"north": {"uv": [14.9, 0, 14.4, 0.3], "texture": "#1"},
				"east": {"uv": [13.1, 8.4, 12, 8.7], "texture": "#1"},
				"south": {"uv": [14.9, 0.4, 14.4, 0.7], "texture": "#1"},
				"west": {"uv": [13.5, 4.8, 12.4, 5.1], "texture": "#1"},
				"up": {"uv": [10.8, 10.1, 11.9, 9.6], "rotation": 90, "texture": "#1"},
				"down": {"uv": [10.8, 10.4, 11.9, 10.9], "rotation": 270, "texture": "#1"}
			}
		},
		{
			"from": [7.43, 14.11233, 6.67211],
			"to": [8.57, 14.86233, 9.42211],
			"rotation": {"angle": 22.5, "axis": "x", "origin": [8, 16.87346, 6.55154]},
			"faces": {
				"north": {"uv": [14.9, 0.3, 14.4, 0], "texture": "#1"},
				"east": {"uv": [13.1, 8.7, 12, 8.4], "texture": "#1"},
				"south": {"uv": [14.9, 0.7, 14.4, 0.4], "texture": "#1"},
				"west": {"uv": [13.5, 5.1, 12.4, 4.8], "texture": "#1"},
				"up": {"uv": [10.8, 10.9, 11.9, 10.4], "rotation": 90, "texture": "#1"},
				"down": {"uv": [10.8, 9.6, 11.9, 10.1], "rotation": 270, "texture": "#1"}
			}
		},
		{
			"from": [7.54, 12.61144, 7.81617],
			"to": [8.46, 14.61144, 8.56617],
			"rotation": {"angle": 45, "axis": "x", "origin": [8, 16.87346, 6.55154]},
			"faces": {
				"north": {"uv": [8.4, 12, 8, 12.8], "texture": "#1"},
				"east": {"uv": [8.7, 13.2, 8.4, 14], "texture": "#1"},
				"south": {"uv": [8.8, 12.4, 8.4, 13.2], "texture": "#1"},
				"west": {"uv": [3.5, 13.6, 3.2, 14.4], "texture": "#1"},
				"up": {"uv": [12.4, 14.8, 12.7, 14.4], "rotation": 90, "texture": "#1"},
				"down": {"uv": [14.4, 12.4, 14.7, 12.8], "rotation": 270, "texture": "#1"}
			}
		},
		{
			"from": [7.585, 11.5173, 4.76417],
			"to": [8.415, 13.0173, 5.51417],
			"rotation": {"angle": 0, "axis": "y", "origin": [8, 16.87346, 6.55154]},
			"faces": {
				"north": {"uv": [8.7, 14, 8.4, 14.6], "texture": "#1"},
				"east": {"uv": [14.3, 8, 14, 8.6], "texture": "#1"},
				"south": {"uv": [9.9, 14, 9.6, 14.6], "texture": "#1"},
				"west": {"uv": [14.3, 8.8, 14, 9.4], "texture": "#1"},
				"up": {"uv": [1.2, 15.1, 1.5, 14.8], "rotation": 90, "texture": "#1"},
				"down": {"uv": [1.6, 14.8, 1.9, 15.1], "rotation": 270, "texture": "#1"}
			}
		},
		{
			"from": [7.63, 10.83993, 6.84989],
			"to": [8.37, 11.58993, 8.09989],
			"rotation": {"angle": 22.5, "axis": "x", "origin": [8, 16.87346, 6.55154]},
			"faces": {
				"north": {"uv": [2.3, 14.8, 2, 15.1], "texture": "#1"},
				"east": {"uv": [2.5, 14.4, 2, 14.7], "texture": "#1"},
				"south": {"uv": [2.7, 14.8, 2.4, 15.1], "texture": "#1"},
				"west": {"uv": [14.9, 2, 14.4, 2.3], "texture": "#1"},
				"up": {"uv": [14.4, 3.5, 14.9, 3.2], "rotation": 90, "texture": "#1"},
				"down": {"uv": [14.4, 3.6, 14.9, 3.9], "rotation": 270, "texture": "#1"}
			}
		},
		{
			"from": [7.64, 10.33993, 8.09989],
			"to": [8.36, 11.58993, 8.84989],
			"rotation": {"angle": 22.5, "axis": "x", "origin": [8, 16.87346, 6.55154]},
			"faces": {
				"north": {"uv": [14.7, 4, 14.4, 4.5], "texture": "#1"},
				"east": {"uv": [3.5, 14.4, 3.2, 14.9], "texture": "#1"},
				"south": {"uv": [5.1, 14.4, 4.8, 14.9], "texture": "#1"},
				"west": {"uv": [4.7, 14.4, 4.4, 14.9], "texture": "#1"},
				"up": {"uv": [14.8, 2.7, 15.1, 2.4], "rotation": 90, "texture": "#1"},
				"down": {"uv": [2.8, 14.8, 3.1, 15.1], "rotation": 270, "texture": "#1"}
			}
		},
		{
			"from": [7.635, 10.40871, 3.02648],
			"to": [8.365, 11.15871, 4.27648],
			"rotation": {"angle": -22.5, "axis": "x", "origin": [8, 16.87346, 6.55154]},
			"faces": {
				"north": {"uv": [15.1, 2.8, 14.8, 3.1], "texture": "#1"},
				"east": {"uv": [14.9, 4.8, 14.4, 5.1], "texture": "#1"},
				"south": {"uv": [3.9, 14.8, 3.6, 15.1], "texture": "#1"},
				"west": {"uv": [5.7, 14.4, 5.2, 14.7], "texture": "#1"},
				"up": {"uv": [14.4, 5.5, 14.9, 5.2], "rotation": 90, "texture": "#1"},
				"down": {"uv": [14.4, 5.6, 14.9, 5.9], "rotation": 270, "texture": "#1"}
			}
		},
		{
			"from": [7.43, 9.99181, 10.03277],
			"to": [8.57, 10.74181, 11.53277],
			"rotation": {"angle": 45, "axis": "x", "origin": [8, 16.87346, 6.55154]},
			"faces": {
				"north": {"uv": [6.5, 14.4, 6, 14.7], "texture": "#1"},
				"east": {"uv": [14.6, 2.8, 14, 3.1], "texture": "#1"},
				"south": {"uv": [14.9, 6, 14.4, 6.3], "texture": "#1"},
				"west": {"uv": [14.6, 9.6, 14, 9.9], "texture": "#1"},
				"up": {"uv": [12.4, 11.7, 13, 11.2], "rotation": 90, "texture": "#1"},
				"down": {"uv": [11.6, 12.4, 12.2, 12.9], "rotation": 270, "texture": "#1"}
			}
		},
		{
			"from": [7.435, 9.32658, 3.42629],
			"to": [8.565, 10.07658, 4.67629],
			"rotation": {"angle": 0, "axis": "y", "origin": [8, 16.87346, 6.55154]},
			"faces": {
				"north": {"uv": [7.3, 14.4, 6.8, 14.7], "texture": "#1"},
				"east": {"uv": [14.9, 6.4, 14.4, 6.7], "texture": "#1"},
				"south": {"uv": [14.9, 7.2, 14.4, 7.5], "texture": "#1"},
				"west": {"uv": [14.9, 6.8, 14.4, 7.1], "texture": "#1"},
				"up": {"uv": [3.6, 13.7, 4.1, 13.2], "rotation": 90, "texture": "#1"},
				"down": {"uv": [13.2, 6, 13.7, 6.5], "rotation": 270, "texture": "#1"}
			}
		},
		{
			"from": [7.44, 9.85747, 9.14778],
			"to": [8.56, 11.10747, 9.89778],
			"rotation": {"angle": 45, "axis": "x", "origin": [8, 16.87346, 6.55154]},
			"faces": {
				"north": {"uv": [14, 13.6, 13.6, 14.1], "texture": "#1"},
				"east": {"uv": [7.9, 14.4, 7.6, 14.9], "texture": "#1"},
				"south": {"uv": [14.4, 0, 14, 0.5], "texture": "#1"},
				"west": {"uv": [14.7, 7.6, 14.4, 8.1], "texture": "#1"},
				"up": {"uv": [12.8, 14.8, 13.1, 14.4], "rotation": 90, "texture": "#1"},
				"down": {"uv": [14.4, 12.8, 14.7, 13.2], "rotation": 270, "texture": "#1"}
			}
		},
		{
			"name": "octagon",
			"from": [7.155, 11.74045, 2.5297],
			"to": [8.845, 13.06593, 5.7297],
			"rotation": {"angle": -45, "axis": "x", "origin": [8, 16.87346, 6.55154]},
			"faces": {
				"north": {"uv": [5.2, 12, 5.9, 12.5], "texture": "#1"},
				"east": {"uv": [0.4, 10, 1.7, 10.5], "texture": "#1"},
				"south": {"uv": [4.4, 12, 5.1, 12.5], "texture": "#1"},
				"west": {"uv": [1.7, 10, 0.4, 10.5], "texture": "#1"},
				"up": {"uv": [10.9, 2.7, 9.6, 2], "rotation": 90, "texture": "#1"},
				"down": {"uv": [10.9, 2.8, 9.6, 3.5], "rotation": 270, "texture": "#1"}
			}
		},
		{
			"name": "octagon",
			"from": [7.15, 11.33726, 6.4],
			"to": [8.85, 12.66274, 9.6],
			"rotation": {"angle": 0, "axis": "y", "origin": [8, 16.87346, 6.55154]},
			"faces": {
				"north": {"uv": [6, 12, 6.7, 12.5], "texture": "#1"},
				"east": {"uv": [10, 8, 11.3, 8.5], "texture": "#1"},
				"south": {"uv": [12, 5.2, 12.7, 5.7], "texture": "#1"},
				"west": {"uv": [10, 8, 11.3, 8.5], "texture": "#1"},
				"up": {"uv": [10.9, 4.3, 9.6, 3.6], "rotation": 90, "texture": "#1"},
				"down": {"uv": [10.9, 5.6, 9.6, 6.3], "rotation": 270, "texture": "#1"}
			}
		},
		{
			"name": "octagon",
			"from": [7.15, 10.4, 7.33726],
			"to": [8.85, 13.6, 8.66274],
			"rotation": {"angle": 0, "axis": "y", "origin": [8, 16.87346, 6.55154]},
			"faces": {
				"north": {"uv": [9.6, 6.4, 10.3, 7.7], "texture": "#1"},
				"east": {"uv": [2, 10, 2.5, 11.3], "texture": "#1"},
				"south": {"uv": [6.4, 9.6, 7.1, 10.9], "texture": "#1"},
				"west": {"uv": [2, 10, 2.5, 11.3], "texture": "#1"},
				"up": {"uv": [7.7, 12.7, 7.2, 12], "rotation": 90, "texture": "#1"},
				"down": {"uv": [12.5, 7.6, 12, 8.3], "rotation": 270, "texture": "#1"}
			}
		},
		{
			"name": "octagon",
			"from": [7.155, 10.80319, 3.46696],
			"to": [8.845, 14.00319, 4.79244],
			"rotation": {"angle": -45, "axis": "x", "origin": [8, 16.87346, 6.55154]},
			"faces": {
				"north": {"uv": [8, 9.6, 8.7, 10.9], "texture": "#1"},
				"east": {"uv": [10, 9.6, 10.5, 10.9], "texture": "#1"},
				"south": {"uv": [7.2, 9.6, 7.9, 10.9], "texture": "#1"},
				"west": {"uv": [10.5, 9.6, 10, 10.9], "texture": "#1"},
				"up": {"uv": [12.5, 10.3, 12, 9.6], "rotation": 90, "texture": "#1"},
				"down": {"uv": [12.5, 10.4, 12, 11.1], "rotation": 270, "texture": "#1"}
			}
		},
		{
			"from": [7.535, -6.6617, 11.24028],
			"to": [8.465, -5.4117, 11.99028],
			"rotation": {"angle": 22.5, "axis": "x", "origin": [8, -4.74651, 12.15789]},
			"faces": {
				"north": {"uv": [13.6, 7.6, 14.1, 8], "rotation": 90, "texture": "#1"},
				"east": {"uv": [14.5, 14, 14, 14.3], "rotation": 270, "texture": "#1"},
				"south": {"uv": [13.6, 6, 14.1, 5.6], "rotation": 90, "texture": "#1"},
				"west": {"uv": [0.5, 14.4, 0, 14.7], "rotation": 90, "texture": "#1"},
				"up": {"uv": [14.4, 11.9, 14.8, 11.6], "texture": "#1"},
				"down": {"uv": [14.4, 12.3, 14.8, 12], "rotation": 180, "texture": "#1"}
			}
		},
		{
			"from": [7.635, -3.61911, 7.9],
			"to": [8.365, 3.33089, 10.25],
			"rotation": {"angle": -22.5, "axis": "x", "origin": [8, -4.74651, 12.15789]},
			"faces": {
				"north": {"uv": [0, 12.8, 0.3, 10], "texture": "#1"},
				"east": {"uv": [7.3, 6.8, 6.4, 4], "texture": "#1"},
				"south": {"uv": [7.2, 6.8, 7.3, 4], "texture": "#1"},
				"west": {"uv": [6.4, 9.6, 7.3, 6.8], "texture": "#1"},
				"up": {"uv": [10.4, 1.6, 12.2, 1.9], "rotation": 270, "texture": "#1"},
				"down": {"uv": [10, 5.5, 11.8, 5.2], "rotation": 90, "texture": "#1"}
			}
		},
		{
			"from": [8.52421, 5.5, 7.07576],
			"to": [9.52421, 7, 8.07576],
			"rotation": {"angle": -45, "axis": "y", "origin": [8, -0.87346, 6.55154]},
			"faces": {
				"north": {"uv": [8, 14.2, 8.4, 13.6], "texture": "#1"},
				"east": {"uv": [8.4, 14.2, 8, 13.6], "texture": "#1"},
				"south": {"uv": [8, 14.2, 8.4, 13.6], "texture": "#1"},
				"west": {"uv": [13.6, 9, 14, 8.4], "texture": "#1"},
				"up": {"uv": [12, 4, 12.4, 4.4], "rotation": 270, "texture": "#1"},
				"down": {"uv": [2.8, 11.6, 3.2, 11.2], "rotation": 90, "texture": "#1"}
			}
		},
		{
			"from": [6.9, 0.79335, 10.26679],
			"to": [9.1, 2.29335, 11.76679],
			"rotation": {"angle": -45, "axis": "x", "origin": [8, -0.87346, 6.55154]},
			"faces": {
				"north": {"uv": [10.4, 7.9, 11.3, 7.2], "texture": "#1"},
				"east": {"uv": [1.2, 11.5, 1.9, 10.8], "texture": "#1"},
				"south": {"uv": [10.4, 7.1, 11.3, 6.4], "texture": "#1"},
				"west": {"uv": [11.2, 2.7, 11.9, 2], "texture": "#1"},
				"up": {"uv": [0.4, 10.8, 1.1, 11.7], "rotation": 270, "texture": "#1"},
				"down": {"uv": [8.8, 11.3, 9.5, 10.4], "rotation": 90, "texture": "#1"}
			}
		},
		{
			"from": [7.3, -6.31001, 9.4094],
			"to": [8.7, -4.61001, 11.1094],
			"rotation": {"angle": 0, "axis": "x", "origin": [8, -4.74651, 12.15789]},
			"faces": {
				"north": {"uv": [11.6, 6.4, 12.3, 7], "rotation": 90, "texture": "#1"},
				"east": {"uv": [11.9, 2.8, 11.2, 3.5], "rotation": 270, "texture": "#1"},
				"south": {"uv": [11.6, 5, 12.3, 4.4], "rotation": 90, "texture": "#1"},
				"west": {"uv": [11.9, 3.6, 11.2, 4.3], "rotation": 90, "texture": "#1"},
				"up": {"uv": [2.4, 12.3, 3, 11.6], "texture": "#1"},
				"down": {"uv": [3.6, 12.3, 4.2, 11.6], "rotation": 180, "texture": "#1"}
			}
		},
		{
			"from": [7.55, -8.63739, 10.63678],
			"to": [8.45, -5.83739, 13.43678],
			"rotation": {"angle": 0, "axis": "x", "origin": [8, -4.74651, 12.15789]},
			"faces": {
				"north": {"uv": [1.2, 11.6, 2.3, 12], "rotation": 90, "texture": "#1"},
				"east": {"uv": [4.7, 8.8, 3.6, 9.9], "rotation": 270, "texture": "#1"},
				"south": {"uv": [11.2, 11.6, 12.3, 11.2], "rotation": 90, "texture": "#1"},
				"west": {"uv": [9.9, 4.4, 8.8, 5.5], "rotation": 90, "texture": "#1"},
				"up": {"uv": [2.8, 11.1, 3.2, 10], "texture": "#1"},
				"down": {"uv": [4.4, 11.1, 4.8, 10], "rotation": 180, "texture": "#1"}
			}
		},
		{
			"from": [7.3, -3.62466, 6.78432],
			"to": [8.7, -2.42466, 7.98432],
			"rotation": {"angle": 22.5, "axis": "x", "origin": [8, -4.74651, 12.15789]},
			"faces": {
				"north": {"uv": [13.2, 0.8, 13.7, 1.4], "rotation": 90, "texture": "#1"},
				"east": {"uv": [14.1, 3.2, 13.6, 3.7], "rotation": 270, "texture": "#1"},
				"south": {"uv": [13.2, 0.6, 13.7, 0], "rotation": 90, "texture": "#1"},
				"west": {"uv": [14.1, 4, 13.6, 4.5], "rotation": 90, "texture": "#1"},
				"up": {"uv": [12.8, 10.5, 13.4, 10], "texture": "#1"},
				"down": {"uv": [12.4, 13.3, 13, 12.8], "rotation": 180, "texture": "#1"}
			}
		},
		{
			"from": [7.2, -6.17024, 9.3299],
			"to": [8.8, -4.97024, 10.5299],
			"rotation": {"angle": 22.5, "axis": "x", "origin": [8, -4.74651, 12.15789]},
			"faces": {
				"north": {"uv": [13.2, 2.4, 13.7, 3], "rotation": 90, "texture": "#1"},
				"east": {"uv": [4.9, 13.6, 4.4, 14.1], "rotation": 270, "texture": "#1"},
				"south": {"uv": [2.4, 13.8, 2.9, 13.2], "rotation": 90, "texture": "#1"},
				"west": {"uv": [14.1, 4.8, 13.6, 5.3], "rotation": 90, "texture": "#1"},
				"up": {"uv": [1.6, 13.7, 2.2, 13.2], "texture": "#1"},
				"down": {"uv": [13.2, 2.1, 13.8, 1.6], "rotation": 180, "texture": "#1"}
			}
		},
		{
			"from": [7.2, 1.76188, 4.76462],
			"to": [8.8, 2.96188, 5.96462],
			"rotation": {"angle": 45, "axis": "x", "origin": [8, -0.87346, 6.55154]},
			"faces": {
				"north": {"uv": [13.2, 1.6, 13.8, 2.1], "texture": "#1"},
				"east": {"uv": [4.4, 13.6, 4.9, 14.1], "texture": "#1"},
				"south": {"uv": [1.6, 13.2, 2.2, 13.7], "texture": "#1"},
				"west": {"uv": [13.6, 4.8, 14.1, 5.3], "texture": "#1"},
				"up": {"uv": [2.4, 13.2, 2.9, 13.8], "rotation": 270, "texture": "#1"},
				"down": {"uv": [13.2, 3, 13.7, 2.4], "rotation": 90, "texture": "#1"}
			}
		},
		{
			"from": [7.65, 0.09335, 9.56679],
			"to": [8.35, 2.99335, 12.46679],
			"rotation": {"angle": -45, "axis": "x", "origin": [8, -0.87346, 6.55154]},
			"faces": {
				"north": {"uv": [12, 3.2, 12.3, 2], "texture": "#1"},
				"east": {"uv": [8.4, 3.2, 9.6, 2], "texture": "#1"},
				"south": {"uv": [2, 13.2, 2.3, 12], "texture": "#1"},
				"west": {"uv": [9.6, 3.2, 8.4, 2], "texture": "#1"},
				"up": {"uv": [12, 3.6, 13.2, 3.9], "rotation": 270, "texture": "#1"},
				"down": {"uv": [12, 3.5, 13.2, 3.2], "rotation": 90, "texture": "#1"}
			}
		},
		{
			"from": [7.4, -3.20542, 5.86508],
			"to": [8.6, -1.50542, 7.56508],
			"rotation": {"angle": 22.5, "axis": "x", "origin": [8, -4.74651, 12.15789]},
			"faces": {
				"north": {"uv": [2.4, 12.4, 3.1, 12.9], "rotation": 90, "texture": "#1"},
				"east": {"uv": [5.1, 11.2, 4.4, 11.9], "rotation": 270, "texture": "#1"},
				"south": {"uv": [12.4, 2.1, 13.1, 1.6], "rotation": 90, "texture": "#1"},
				"west": {"uv": [5.9, 11.2, 5.2, 11.9], "rotation": 90, "texture": "#1"},
				"up": {"uv": [12.4, 0.7, 12.9, 0], "texture": "#1"},
				"down": {"uv": [12.4, 1.5, 12.9, 0.8], "rotation": 180, "texture": "#1"}
			}
		},
		{
			"from": [7.4, -4.53887, 7.19853],
			"to": [8.6, -2.83887, 8.89853],
			"rotation": {"angle": 22.5, "axis": "x", "origin": [8, -4.74651, 12.15789]},
			"faces": {
				"north": {"uv": [3.6, 13.1, 4.1, 12.4], "texture": "#1"},
				"east": {"uv": [11.2, 6.3, 11.9, 5.6], "texture": "#1"},
				"south": {"uv": [12.4, 3.1, 12.9, 2.4], "texture": "#1"},
				"west": {"uv": [6, 11.9, 6.7, 11.2], "texture": "#1"},
				"up": {"uv": [12.4, 6, 13.1, 6.5], "rotation": 270, "texture": "#1"},
				"down": {"uv": [12.4, 4.5, 13.1, 4], "rotation": 90, "texture": "#1"}
			}
		},
		{
			"from": [7.25, -0.36911, 4],
			"to": [8.75, 7.63089, 12],
			"rotation": {"angle": 0, "axis": "y", "origin": [8, -0.87346, 6.55154]},
			"faces": {
				"north": {"uv": [0.25, 1.2, 1.25, 0.25], "texture": "#2"},
				"east": {"uv": [16, 16, 0, 0], "texture": "#2"},
				"south": {"uv": [0.25, 1.2, 1.25, 0.25], "texture": "#2"},
				"west": {"uv": [0, 16, 16, 0], "texture": "#2"},
				"up": {"uv": [0.25, 1.2, 1.25, 0.25], "texture": "#2"},
				"down": {"uv": [0.25, 1.2, 1.25, 0.25], "texture": "#2"}
			}
		},
		{
			"from": [7.8, -3.98862, 9.41659],
			"to": [8.2, 4.01138, 17.41659],
			"rotation": {"angle": -45, "axis": "x", "origin": [8, -4.74651, 12.15789]},
			"faces": {
				"north": {"uv": [0.25, 1.2, 1.25, 0.25], "rotation": 180, "texture": "#3"},
				"east": {"uv": [16, 0, 0, 16], "rotation": 270, "texture": "#3"},
				"south": {"uv": [0.25, 1.2, 1.25, 0.25], "texture": "#3"},
				"west": {"uv": [0, 0, 16, 16], "rotation": 90, "texture": "#3"},
				"up": {"uv": [0.25, 1.2, 1.25, 0.25], "texture": "#3"},
				"down": {"uv": [0.25, 1.2, 1.25, 0.25], "rotation": 180, "texture": "#3"}
			}
		},
		{
			"from": [8, 4.78305, 1.05952],
			"to": [8, 6.83305, 4.80952],
			"rotation": {"angle": 0, "axis": "x", "origin": [8, 8.55805, 3.93452]},
			"faces": {
				"north": {"uv": [5.2, 0, 0, 0], "rotation": 270, "texture": "#1"},
				"east": {"uv": [4.1, 0.6, 3.2, 2.3], "rotation": 90, "texture": "#1"},
				"south": {"uv": [5.2, 0, 0, 0], "rotation": 270, "texture": "#1"},
				"west": {"uv": [3.2, 0.6, 4.1, 2.3], "rotation": 270, "texture": "#1"},
				"up": {"uv": [0, 3.7, 0, 0], "rotation": 180, "texture": "#1"},
				"down": {"uv": [0, 3.7, 0, 0], "texture": "#1"}
			}
		},
		{
			"from": [8, 9.16695, 1.05952],
			"to": [8, 11.21695, 4.80952],
			"rotation": {"angle": 0, "axis": "x", "origin": [8, 7.44195, 3.93452]},
			"faces": {
				"north": {"uv": [0, 0, 5.2, 0], "rotation": 270, "texture": "#1"},
				"east": {"uv": [3.2, 0.6, 4.1, 2.3], "rotation": 90, "texture": "#1"},
				"south": {"uv": [0, 0, 5.2, 0], "rotation": 270, "texture": "#1"},
				"west": {"uv": [4.1, 0.6, 3.2, 2.3], "rotation": 270, "texture": "#1"},
				"up": {"uv": [0, 0, 0, 3.7], "texture": "#1"},
				"down": {"uv": [0, 0, 0, 3.7], "rotation": 180, "texture": "#1"}
			}
		},
		{
			"from": [7.535, -5.9925, 9.41035],
			"to": [8.465, -5.2425, 10.66035],
			"rotation": {"angle": -22.5, "axis": "x", "origin": [8, -4.74651, 12.15789]},
			"faces": {
				"north": {"uv": [14.8, 11.9, 14.4, 11.6], "texture": "#1"},
				"east": {"uv": [14.5, 14.3, 14, 14], "texture": "#1"},
				"south": {"uv": [14.8, 12.3, 14.4, 12], "texture": "#1"},
				"west": {"uv": [0.5, 14.7, 0, 14.4], "texture": "#1"},
				"up": {"uv": [14.1, 7.6, 13.6, 8], "rotation": 270, "texture": "#1"},
				"down": {"uv": [14.1, 6, 13.6, 5.6], "rotation": 90, "texture": "#1"}
			}
		},
		{
			"from": [7.43, -5.26615, 7.44652],
			"to": [8.57, -4.51615, 10.19652],
			"rotation": {"angle": 0, "axis": "x", "origin": [8, -4.74651, 12.15789]},
			"faces": {
				"north": {"uv": [14.9, 0.3, 14.4, 0], "texture": "#1"},
				"east": {"uv": [13.1, 8.7, 12, 8.4], "texture": "#1"},
				"south": {"uv": [14.9, 0.7, 14.4, 0.4], "texture": "#1"},
				"west": {"uv": [13.5, 5.1, 12.4, 4.8], "texture": "#1"},
				"up": {"uv": [11.9, 10.4, 10.8, 10.9], "rotation": 270, "texture": "#1"},
				"down": {"uv": [11.9, 10.1, 10.8, 9.6], "rotation": 90, "texture": "#1"}
			}
		},
		{
			"from": [7.43, 1.13767, 6.67211],
			"to": [8.57, 1.88767, 9.42211],
			"rotation": {"angle": -22.5, "axis": "x", "origin": [8, -0.87346, 6.55154]},
			"faces": {
				"north": {"uv": [14.9, 0, 14.4, 0.3], "texture": "#1"},
				"east": {"uv": [13.1, 8.4, 12, 8.7], "texture": "#1"},
				"south": {"uv": [14.9, 0.4, 14.4, 0.7], "texture": "#1"},
				"west": {"uv": [13.5, 4.8, 12.4, 5.1], "texture": "#1"},
				"up": {"uv": [11.9, 9.6, 10.8, 10.1], "rotation": 270, "texture": "#1"},
				"down": {"uv": [11.9, 10.9, 10.8, 10.4], "rotation": 90, "texture": "#1"}
			}
		},
		{
			"from": [7.54, 1.38856, 7.81617],
			"to": [8.46, 3.38856, 8.56617],
			"rotation": {"angle": -45, "axis": "x", "origin": [8, -0.87346, 6.55154]},
			"faces": {
				"north": {"uv": [8.4, 12.8, 8, 12], "texture": "#1"},
				"east": {"uv": [8.7, 14, 8.4, 13.2], "texture": "#1"},
				"south": {"uv": [8.8, 13.2, 8.4, 12.4], "texture": "#1"},
				"west": {"uv": [3.5, 14.4, 3.2, 13.6], "texture": "#1"},
				"up": {"uv": [14.7, 12.4, 14.4, 12.8], "rotation": 270, "texture": "#1"},
				"down": {"uv": [12.7, 14.8, 12.4, 14.4], "rotation": 90, "texture": "#1"}
			}
		},
		{
			"from": [7.585, 2.9827, 4.76417],
			"to": [8.415, 4.4827, 5.51417],
			"rotation": {"angle": 0, "axis": "y", "origin": [8, -0.87346, 6.55154]},
			"faces": {
				"north": {"uv": [8.7, 14.6, 8.4, 14], "texture": "#1"},
				"east": {"uv": [14.3, 8.6, 14, 8], "texture": "#1"},
				"south": {"uv": [9.9, 14.6, 9.6, 14], "texture": "#1"},
				"west": {"uv": [14.3, 9.4, 14, 8.8], "texture": "#1"},
				"up": {"uv": [1.9, 14.8, 1.6, 15.1], "rotation": 270, "texture": "#1"},
				"down": {"uv": [1.5, 15.1, 1.2, 14.8], "rotation": 90, "texture": "#1"}
			}
		},
		{
			"from": [7.63, 4.41007, 6.84989],
			"to": [8.37, 5.16007, 8.09989],
			"rotation": {"angle": -22.5, "axis": "x", "origin": [8, -0.87346, 6.55154]},
			"faces": {
				"north": {"uv": [2.3, 15.1, 2, 14.8], "texture": "#1"},
				"east": {"uv": [2.5, 14.7, 2, 14.4], "texture": "#1"},
				"south": {"uv": [2.7, 15.1, 2.4, 14.8], "texture": "#1"},
				"west": {"uv": [14.9, 2.3, 14.4, 2], "texture": "#1"},
				"up": {"uv": [14.9, 3.6, 14.4, 3.9], "rotation": 270, "texture": "#1"},
				"down": {"uv": [14.9, 3.5, 14.4, 3.2], "rotation": 90, "texture": "#1"}
			}
		},
		{
			"from": [7.64, 4.41007, 8.09989],
			"to": [8.36, 5.66007, 8.84989],
			"rotation": {"angle": -22.5, "axis": "x", "origin": [8, -0.87346, 6.55154]},
			"faces": {
				"north": {"uv": [14.7, 4.5, 14.4, 4], "texture": "#1"},
				"east": {"uv": [3.5, 14.9, 3.2, 14.4], "texture": "#1"},
				"south": {"uv": [5.1, 14.9, 4.8, 14.4], "texture": "#1"},
				"west": {"uv": [4.7, 14.9, 4.4, 14.4], "texture": "#1"},
				"up": {"uv": [3.1, 14.8, 2.8, 15.1], "rotation": 270, "texture": "#1"},
				"down": {"uv": [15.1, 2.7, 14.8, 2.4], "rotation": 90, "texture": "#1"}
			}
		},
		{
			"from": [7.635, 4.84129, 3.02648],
			"to": [8.365, 5.59129, 4.27648],
			"rotation": {"angle": 22.5, "axis": "x", "origin": [8, -0.87346, 6.55154]},
			"faces": {
				"north": {"uv": [15.1, 3.1, 14.8, 2.8], "texture": "#1"},
				"east": {"uv": [14.9, 5.1, 14.4, 4.8], "texture": "#1"},
				"south": {"uv": [3.9, 15.1, 3.6, 14.8], "texture": "#1"},
				"west": {"uv": [5.7, 14.7, 5.2, 14.4], "texture": "#1"},
				"up": {"uv": [14.9, 5.6, 14.4, 5.9], "rotation": 270, "texture": "#1"},
				"down": {"uv": [14.9, 5.5, 14.4, 5.2], "rotation": 90, "texture": "#1"}
			}
		},
		{
			"from": [7.43, 5.25819, 10.03277],
			"to": [8.57, 6.00819, 11.53277],
			"rotation": {"angle": -45, "axis": "x", "origin": [8, -0.87346, 6.55154]},
			"faces": {
				"north": {"uv": [6.5, 14.7, 6, 14.4], "texture": "#1"},
				"east": {"uv": [14.6, 3.1, 14, 2.8], "texture": "#1"},
				"south": {"uv": [14.9, 6.3, 14.4, 6], "texture": "#1"},
				"west": {"uv": [14.6, 9.9, 14, 9.6], "texture": "#1"},
				"up": {"uv": [12.2, 12.4, 11.6, 12.9], "rotation": 270, "texture": "#1"},
				"down": {"uv": [13, 11.7, 12.4, 11.2], "rotation": 90, "texture": "#1"}
			}
		},
		{
			"from": [7.435, 5.92342, 3.42629],
			"to": [8.565, 6.67342, 4.67629],
			"rotation": {"angle": 0, "axis": "y", "origin": [8, -0.87346, 6.55154]},
			"faces": {
				"north": {"uv": [7.3, 14.7, 6.8, 14.4], "texture": "#1"},
				"east": {"uv": [14.9, 6.7, 14.4, 6.4], "texture": "#1"},
				"south": {"uv": [14.9, 7.5, 14.4, 7.2], "texture": "#1"},
				"west": {"uv": [14.9, 7.1, 14.4, 6.8], "texture": "#1"},
				"up": {"uv": [13.7, 6, 13.2, 6.5], "rotation": 270, "texture": "#1"},
				"down": {"uv": [4.1, 13.7, 3.6, 13.2], "rotation": 90, "texture": "#1"}
			}
		},
		{
			"from": [7.44, 4.89253, 9.14778],
			"to": [8.56, 6.14253, 9.89778],
			"rotation": {"angle": -45, "axis": "x", "origin": [8, -0.87346, 6.55154]},
			"faces": {
				"north": {"uv": [14, 14.1, 13.6, 13.6], "texture": "#1"},
				"east": {"uv": [7.9, 14.9, 7.6, 14.4], "texture": "#1"},
				"south": {"uv": [14.4, 0.5, 14, 0], "texture": "#1"},
				"west": {"uv": [14.7, 8.1, 14.4, 7.6], "texture": "#1"},
				"up": {"uv": [14.7, 12.8, 14.4, 13.2], "rotation": 270, "texture": "#1"},
				"down": {"uv": [13.1, 14.8, 12.8, 14.4], "rotation": 90, "texture": "#1"}
			}
		},
		{
			"name": "octagon",
			"from": [7.155, 2.93407, 2.5297],
			"to": [8.845, 4.25955, 5.7297],
			"rotation": {"angle": 45, "axis": "x", "origin": [8, -0.87346, 6.55154]},
			"faces": {
				"north": {"uv": [5.2, 12.5, 5.9, 12], "texture": "#1"},
				"east": {"uv": [0.4, 10.5, 1.7, 10], "texture": "#1"},
				"south": {"uv": [4.4, 12.5, 5.1, 12], "texture": "#1"},
				"west": {"uv": [1.7, 10.5, 0.4, 10], "texture": "#1"},
				"up": {"uv": [9.6, 2.8, 10.9, 3.5], "rotation": 270, "texture": "#1"},
				"down": {"uv": [9.6, 2.7, 10.9, 2], "rotation": 90, "texture": "#1"}
			}
		},
		{
			"name": "octagon",
			"from": [7.15, 3.33726, 6.4],
			"to": [8.85, 4.66274, 9.6],
			"rotation": {"angle": 0, "axis": "y", "origin": [8, -0.87346, 6.55154]},
			"faces": {
				"north": {"uv": [6, 12.5, 6.7, 12], "texture": "#1"},
				"east": {"uv": [10, 8.5, 11.3, 8], "texture": "#1"},
				"south": {"uv": [12, 5.7, 12.7, 5.2], "texture": "#1"},
				"west": {"uv": [10, 8.5, 11.3, 8], "texture": "#1"},
				"up": {"uv": [9.6, 5.6, 10.9, 6.3], "rotation": 270, "texture": "#1"},
				"down": {"uv": [9.6, 4.3, 10.9, 3.6], "rotation": 90, "texture": "#1"}
			}
		},
		{
			"name": "octagon",
			"from": [7.15, 2.4, 7.33726],
			"to": [8.85, 5.6, 8.66274],
			"rotation": {"angle": 0, "axis": "y", "origin": [8, -0.87346, 6.55154]},
			"faces": {
				"north": {"uv": [9.6, 7.7, 10.3, 6.4], "texture": "#1"},
				"east": {"uv": [2, 11.3, 2.5, 10], "texture": "#1"},
				"south": {"uv": [6.4, 10.9, 7.1, 9.6], "texture": "#1"},
				"west": {"uv": [2, 11.3, 2.5, 10], "texture": "#1"},
				"up": {"uv": [12, 7.6, 12.5, 8.3], "rotation": 270, "texture": "#1"},
				"down": {"uv": [7.2, 12.7, 7.7, 12], "rotation": 90, "texture": "#1"}
			}
		},
		{
			"name": "octagon",
			"from": [7.155, 1.99681, 3.46696],
			"to": [8.845, 5.19681, 4.79244],
			"rotation": {"angle": 45, "axis": "x", "origin": [8, -0.87346, 6.55154]},
			"faces": {
				"north": {"uv": [8, 10.9, 8.7, 9.6], "texture": "#1"},
				"east": {"uv": [10, 10.9, 10.5, 9.6], "texture": "#1"},
				"south": {"uv": [7.2, 10.9, 7.9, 9.6], "texture": "#1"},
				"west": {"uv": [10.5, 10.9, 10, 9.6], "texture": "#1"},
				"up": {"uv": [12, 10.4, 12.5, 11.1], "rotation": 270, "texture": "#1"},
				"down": {"uv": [12, 10.3, 12.5, 9.6], "rotation": 90, "texture": "#1"}
			}
		}
	],
	"gui_light": "front",
	"display": {
		"thirdperson_righthand": {
			"translation": [0, -2.25, 2]
		},
		"thirdperson_lefthand": {
			"translation": [0, -2.25, 2]
		},
		"firstperson_righthand": {
			"rotation": [12, 0, 0],
			"translation": [1, 6.25, 1],
			"scale": [0.45, 0.45, 0.45]
		},
		"firstperson_lefthand": {
			"rotation": [12, 0, 0],
			"translation": [1, 6.25, 1],
			"scale": [0.45, 0.45, 0.45]
		},
		"ground": {
			"rotation": [45, 0, 0],
			"translation": [1.25, 11.75, -2.25],
			"scale": [0.69297, 0.69297, 0.69297]
		},
		"gui": {
			"rotation": [90, 45, -90],
			"translation": [-1.5, 1.5, 0],
			"scale": [0.56, 0.56, 0.56]
		},
		"head": {
			"translation": [0, -4.5, 1],
			"scale": [0, 0, 0]
		},
		"fixed": {
			"rotation": [0, 90, 0],
			"translation": [0, 0, -1.25],
			"scale": [2.3, 2.3, 2.3]
		}
	}
}