{
	"credit": "MadewithBlockbench",
	"textures": {
		"1": "chronicles_animated_weapon_set:texture",
		"2": "chronicles_animated_weapon_set:eff_01",
		"3": "chronicles_animated_weapon_set:eff_02",
		"particle": "chronicles_animated_weapon_set:eff_01"
	},
	"elements": [
		{
			"from": [7.53, 7.85965, 9.70795],
			"to": [8.47, 8.60965, 10.95795],
			"rotation": {"angle": -22.5, "axis": "x", "origin": [8, 5.98811, 11.2625]},
			"faces": {
				"north": {"uv": [13.5, 8.8, 13.2, 8.4], "rotation": 270, "texture": "#1"},
				"east": {"uv": [14, 11.6, 14.3, 12.1], "rotation": 90, "texture": "#1"},
				"south": {"uv": [10.7, 14.4, 10.4, 14.8], "rotation": 270, "texture": "#1"},
				"west": {"uv": [12, 14, 12.3, 14.5], "rotation": 270, "texture": "#1"},
				"up": {"uv": [13.6, 10, 14, 10.5], "texture": "#1"},
				"down": {"uv": [12.4, 13.6, 12.8, 14.1], "rotation": 180, "texture": "#1"}
			}
		},
		{
			"from": [7.535, 6.87654, 9.20903],
			"to": [8.465, 7.62654, 10.50903],
			"rotation": {"angle": 22.5, "axis": "x", "origin": [8, 5.98811, 11.2625]},
			"faces": {
				"north": {"uv": [11.1, 14.8, 10.8, 14.4], "rotation": 270, "texture": "#1"},
				"east": {"uv": [14, 12.4, 14.3, 12.9], "rotation": 90, "texture": "#1"},
				"south": {"uv": [14.7, 10.8, 14.4, 11.2], "rotation": 270, "texture": "#1"},
				"west": {"uv": [14, 13.2, 14.3, 13.7], "rotation": 270, "texture": "#1"},
				"up": {"uv": [12.8, 13.6, 13.2, 14.1], "texture": "#1"},
				"down": {"uv": [13.2, 13.6, 13.6, 14.1], "rotation": 180, "texture": "#1"}
			}
		},
		{
			"from": [7.53, 5.76861, 11.181],
			"to": [8.47, 8.01861, 11.931],
			"rotation": {"angle": -22.5, "axis": "x", "origin": [8, 5.98811, 11.2625]},
			"faces": {
				"north": {"uv": [8.1, 12, 7.2, 11.6], "rotation": 270, "texture": "#1"},
				"east": {"uv": [12.8, 8, 13.7, 8.3], "rotation": 90, "texture": "#1"},
				"south": {"uv": [12.5, 7.2, 11.6, 7.6], "rotation": 270, "texture": "#1"},
				"west": {"uv": [12.8, 10.8, 13.7, 11.1], "rotation": 270, "texture": "#1"},
				"up": {"uv": [11.2, 14.4, 11.6, 14.7], "texture": "#1"},
				"down": {"uv": [14.4, 11.2, 14.8, 11.5], "rotation": 180, "texture": "#1"}
			}
		},
		{
			"from": [7.535, 6.11627, 11.53686],
			"to": [8.465, 7.36627, 12.28686],
			"rotation": {"angle": 22.5, "axis": "x", "origin": [8, 5.98811, 11.2625]},
			"faces": {
				"north": {"uv": [14.1, 6, 13.6, 5.6], "rotation": 270, "texture": "#1"},
				"east": {"uv": [14, 14, 14.5, 14.3], "rotation": 90, "texture": "#1"},
				"south": {"uv": [14.1, 7.6, 13.6, 8], "rotation": 270, "texture": "#1"},
				"west": {"uv": [0, 14.4, 0.5, 14.7], "rotation": 270, "texture": "#1"},
				"up": {"uv": [14.4, 11.6, 14.8, 11.9], "texture": "#1"},
				"down": {"uv": [14.4, 12, 14.8, 12.3], "rotation": 180, "texture": "#1"}
			}
		},
		{
			"from": [7.53, 3.36657, 9.70795],
			"to": [8.47, 4.11657, 10.95795],
			"rotation": {"angle": 22.5, "axis": "x", "origin": [8, 5.98811, 11.2625]},
			"faces": {
				"north": {"uv": [13.2, 8.8, 13.5, 8.4], "rotation": 270, "texture": "#1"},
				"east": {"uv": [14.3, 11.6, 14, 12.1], "rotation": 90, "texture": "#1"},
				"south": {"uv": [10.4, 14.4, 10.7, 14.8], "rotation": 270, "texture": "#1"},
				"west": {"uv": [12.3, 14, 12, 14.5], "rotation": 270, "texture": "#1"},
				"up": {"uv": [12.8, 13.6, 12.4, 14.1], "texture": "#1"},
				"down": {"uv": [14, 10, 13.6, 10.5], "rotation": 180, "texture": "#1"}
			}
		},
		{
			"from": [7.535, 4.34968, 9.20903],
			"to": [8.465, 5.09968, 10.50903],
			"rotation": {"angle": -22.5, "axis": "x", "origin": [8, 5.98811, 11.2625]},
			"faces": {
				"north": {"uv": [10.8, 14.8, 11.1, 14.4], "rotation": 270, "texture": "#1"},
				"east": {"uv": [14.3, 12.4, 14, 12.9], "rotation": 90, "texture": "#1"},
				"south": {"uv": [14.4, 10.8, 14.7, 11.2], "rotation": 270, "texture": "#1"},
				"west": {"uv": [14.3, 13.2, 14, 13.7], "rotation": 270, "texture": "#1"},
				"up": {"uv": [13.6, 13.6, 13.2, 14.1], "texture": "#1"},
				"down": {"uv": [13.2, 13.6, 12.8, 14.1], "rotation": 180, "texture": "#1"}
			}
		},
		{
			"from": [7.53, 3.95761, 11.181],
			"to": [8.47, 6.20761, 11.931],
			"rotation": {"angle": 22.5, "axis": "x", "origin": [8, 5.98811, 11.2625]},
			"faces": {
				"north": {"uv": [7.2, 12, 8.1, 11.6], "rotation": 270, "texture": "#1"},
				"east": {"uv": [13.7, 8, 12.8, 8.3], "rotation": 90, "texture": "#1"},
				"south": {"uv": [11.6, 7.2, 12.5, 7.6], "rotation": 270, "texture": "#1"},
				"west": {"uv": [13.7, 10.8, 12.8, 11.1], "rotation": 270, "texture": "#1"},
				"up": {"uv": [14.8, 11.2, 14.4, 11.5], "texture": "#1"},
				"down": {"uv": [11.6, 14.4, 11.2, 14.7], "rotation": 180, "texture": "#1"}
			}
		},
		{
			"from": [7.535, 4.60995, 11.53686],
			"to": [8.465, 5.85995, 12.28686],
			"rotation": {"angle": -22.5, "axis": "x", "origin": [8, 5.98811, 11.2625]},
			"faces": {
				"north": {"uv": [13.6, 6, 14.1, 5.6], "rotation": 270, "texture": "#1"},
				"east": {"uv": [14.5, 14, 14, 14.3], "rotation": 90, "texture": "#1"},
				"south": {"uv": [13.6, 7.6, 14.1, 8], "rotation": 270, "texture": "#1"},
				"west": {"uv": [0.5, 14.4, 0, 14.7], "rotation": 270, "texture": "#1"},
				"up": {"uv": [14.8, 12, 14.4, 12.3], "texture": "#1"},
				"down": {"uv": [14.8, 11.6, 14.4, 11.9], "rotation": 180, "texture": "#1"}
			}
		},
		{
			"from": [7.3, 3.92295, 11.62766],
			"to": [8.7, 5.62295, 13.32766],
			"rotation": {"angle": -45, "axis": "x", "origin": [8, 5.98811, 11.2625]},
			"faces": {
				"north": {"uv": [3.6, 11.6, 4.2, 12.3], "texture": "#1"},
				"east": {"uv": [11.2, 2.8, 11.9, 3.5], "texture": "#1"},
				"south": {"uv": [2.4, 11.6, 3, 12.3], "texture": "#1"},
				"west": {"uv": [11.2, 3.6, 11.9, 4.3], "texture": "#1"},
				"up": {"uv": [12.3, 5, 11.6, 4.4], "rotation": 90, "texture": "#1"},
				"down": {"uv": [12.3, 6.4, 11.6, 7], "rotation": 270, "texture": "#1"}
			}
		},
		{
			"from": [7.55, 5.50389, 8.94672],
			"to": [8.45, 8.30389, 11.74672],
			"rotation": {"angle": -45, "axis": "x", "origin": [8, 5.98811, 11.2625]},
			"faces": {
				"north": {"uv": [4.4, 10, 4.8, 11.1], "texture": "#1"},
				"east": {"uv": [3.6, 8.8, 4.7, 9.9], "texture": "#1"},
				"south": {"uv": [2.8, 10, 3.2, 11.1], "texture": "#1"},
				"west": {"uv": [8.8, 4.4, 9.9, 5.5], "texture": "#1"},
				"up": {"uv": [12.3, 11.6, 11.2, 11.2], "rotation": 90, "texture": "#1"},
				"down": {"uv": [2.3, 11.6, 1.2, 12], "rotation": 270, "texture": "#1"}
			}
		},
		{
			"from": [7.275, 6.51489, 9.53573],
			"to": [8.725, 7.71489, 10.73573],
			"rotation": {"angle": -45, "axis": "x", "origin": [8, 5.98811, 11.2625]},
			"faces": {
				"north": {"uv": [0, 12.8, 0.6, 13.3], "texture": "#1"},
				"east": {"uv": [13.2, 11.2, 13.7, 11.7], "texture": "#1"},
				"south": {"uv": [12.4, 12, 13, 12.5], "texture": "#1"},
				"west": {"uv": [11.6, 13.2, 12.1, 13.7], "texture": "#1"},
				"up": {"uv": [1.3, 13.4, 0.8, 12.8], "rotation": 90, "texture": "#1"},
				"down": {"uv": [4.9, 12.8, 4.4, 13.4], "rotation": 270, "texture": "#1"}
			}
		},
		{
			"from": [7.53, 7.85965, 5.04205],
			"to": [8.47, 8.60965, 6.29205],
			"rotation": {"angle": 22.5, "axis": "x", "origin": [8, 5.98811, 4.7375]},
			"faces": {
				"north": {"uv": [10.7, 14.8, 10.4, 14.4], "rotation": 270, "texture": "#1"},
				"east": {"uv": [14, 12.1, 14.3, 11.6], "rotation": 90, "texture": "#1"},
				"south": {"uv": [13.5, 8.4, 13.2, 8.8], "rotation": 270, "texture": "#1"},
				"west": {"uv": [12, 14.5, 12.3, 14], "rotation": 270, "texture": "#1"},
				"up": {"uv": [13.6, 10.5, 14, 10], "texture": "#1"},
				"down": {"uv": [12.4, 14.1, 12.8, 13.6], "rotation": 180, "texture": "#1"}
			}
		},
		{
			"from": [7.535, 6.87654, 5.49097],
			"to": [8.465, 7.62654, 6.79097],
			"rotation": {"angle": -22.5, "axis": "x", "origin": [8, 5.98811, 4.7375]},
			"faces": {
				"north": {"uv": [14.7, 11.2, 14.4, 10.8], "rotation": 270, "texture": "#1"},
				"east": {"uv": [14, 12.9, 14.3, 12.4], "rotation": 90, "texture": "#1"},
				"south": {"uv": [11.1, 14.4, 10.8, 14.8], "rotation": 270, "texture": "#1"},
				"west": {"uv": [14, 13.7, 14.3, 13.2], "rotation": 270, "texture": "#1"},
				"up": {"uv": [12.8, 14.1, 13.2, 13.6], "texture": "#1"},
				"down": {"uv": [13.2, 14.1, 13.6, 13.6], "rotation": 180, "texture": "#1"}
			}
		},
		{
			"from": [7.53, 5.76861, 4.069],
			"to": [8.47, 8.01861, 4.819],
			"rotation": {"angle": 22.5, "axis": "x", "origin": [8, 5.98811, 4.7375]},
			"faces": {
				"north": {"uv": [12.5, 7.6, 11.6, 7.2], "rotation": 270, "texture": "#1"},
				"east": {"uv": [12.8, 8.3, 13.7, 8], "rotation": 90, "texture": "#1"},
				"south": {"uv": [8.1, 11.6, 7.2, 12], "rotation": 270, "texture": "#1"},
				"west": {"uv": [12.8, 11.1, 13.7, 10.8], "rotation": 270, "texture": "#1"},
				"up": {"uv": [11.2, 14.7, 11.6, 14.4], "texture": "#1"},
				"down": {"uv": [14.4, 11.5, 14.8, 11.2], "rotation": 180, "texture": "#1"}
			}
		},
		{
			"from": [7.535, 6.11627, 3.71314],
			"to": [8.465, 7.36627, 4.46314],
			"rotation": {"angle": -22.5, "axis": "x", "origin": [8, 5.98811, 4.7375]},
			"faces": {
				"north": {"uv": [14.1, 8, 13.6, 7.6], "rotation": 270, "texture": "#1"},
				"east": {"uv": [14, 14.3, 14.5, 14], "rotation": 90, "texture": "#1"},
				"south": {"uv": [14.1, 5.6, 13.6, 6], "rotation": 270, "texture": "#1"},
				"west": {"uv": [0, 14.7, 0.5, 14.4], "rotation": 270, "texture": "#1"},
				"up": {"uv": [14.4, 11.9, 14.8, 11.6], "texture": "#1"},
				"down": {"uv": [14.4, 12.3, 14.8, 12], "rotation": 180, "texture": "#1"}
			}
		},
		{
			"from": [7.53, 3.36657, 5.04205],
			"to": [8.47, 4.11657, 6.29205],
			"rotation": {"angle": -22.5, "axis": "x", "origin": [8, 5.98811, 4.7375]},
			"faces": {
				"north": {"uv": [10.4, 14.8, 10.7, 14.4], "rotation": 270, "texture": "#1"},
				"east": {"uv": [14.3, 12.1, 14, 11.6], "rotation": 90, "texture": "#1"},
				"south": {"uv": [13.2, 8.4, 13.5, 8.8], "rotation": 270, "texture": "#1"},
				"west": {"uv": [12.3, 14.5, 12, 14], "rotation": 270, "texture": "#1"},
				"up": {"uv": [12.8, 14.1, 12.4, 13.6], "texture": "#1"},
				"down": {"uv": [14, 10.5, 13.6, 10], "rotation": 180, "texture": "#1"}
			}
		},
		{
			"from": [7.535, 4.34968, 5.49097],
			"to": [8.465, 5.09968, 6.79097],
			"rotation": {"angle": 22.5, "axis": "x", "origin": [8, 5.98811, 4.7375]},
			"faces": {
				"north": {"uv": [14.4, 11.2, 14.7, 10.8], "rotation": 270, "texture": "#1"},
				"east": {"uv": [14.3, 12.9, 14, 12.4], "rotation": 90, "texture": "#1"},
				"south": {"uv": [10.8, 14.4, 11.1, 14.8], "rotation": 270, "texture": "#1"},
				"west": {"uv": [14.3, 13.7, 14, 13.2], "rotation": 270, "texture": "#1"},
				"up": {"uv": [13.6, 14.1, 13.2, 13.6], "texture": "#1"},
				"down": {"uv": [13.2, 14.1, 12.8, 13.6], "rotation": 180, "texture": "#1"}
			}
		},
		{
			"from": [7.53, 3.95761, 4.069],
			"to": [8.47, 6.20761, 4.819],
			"rotation": {"angle": -22.5, "axis": "x", "origin": [8, 5.98811, 4.7375]},
			"faces": {
				"north": {"uv": [11.6, 7.6, 12.5, 7.2], "rotation": 270, "texture": "#1"},
				"east": {"uv": [13.7, 8.3, 12.8, 8], "rotation": 90, "texture": "#1"},
				"south": {"uv": [7.2, 11.6, 8.1, 12], "rotation": 270, "texture": "#1"},
				"west": {"uv": [13.7, 11.1, 12.8, 10.8], "rotation": 270, "texture": "#1"},
				"up": {"uv": [14.8, 11.5, 14.4, 11.2], "texture": "#1"},
				"down": {"uv": [11.6, 14.7, 11.2, 14.4], "rotation": 180, "texture": "#1"}
			}
		},
		{
			"from": [7.535, 4.60995, 3.71314],
			"to": [8.465, 5.85995, 4.46314],
			"rotation": {"angle": 22.5, "axis": "x", "origin": [8, 5.98811, 4.7375]},
			"faces": {
				"north": {"uv": [13.6, 8, 14.1, 7.6], "rotation": 270, "texture": "#1"},
				"east": {"uv": [14.5, 14.3, 14, 14], "rotation": 90, "texture": "#1"},
				"south": {"uv": [13.6, 5.6, 14.1, 6], "rotation": 270, "texture": "#1"},
				"west": {"uv": [0.5, 14.7, 0, 14.4], "rotation": 270, "texture": "#1"},
				"up": {"uv": [14.8, 12.3, 14.4, 12], "texture": "#1"},
				"down": {"uv": [14.8, 11.9, 14.4, 11.6], "rotation": 180, "texture": "#1"}
			}
		},
		{
			"from": [7.3, 3.92295, 2.67234],
			"to": [8.7, 5.62295, 4.37234],
			"rotation": {"angle": 45, "axis": "x", "origin": [8, 5.98811, 4.7375]},
			"faces": {
				"north": {"uv": [3, 11.6, 2.4, 12.3], "texture": "#1"},
				"east": {"uv": [11.9, 2.8, 11.2, 3.5], "texture": "#1"},
				"south": {"uv": [4.2, 11.6, 3.6, 12.3], "texture": "#1"},
				"west": {"uv": [11.9, 3.6, 11.2, 4.3], "texture": "#1"},
				"up": {"uv": [11.6, 5, 12.3, 4.4], "rotation": 90, "texture": "#1"},
				"down": {"uv": [11.6, 6.4, 12.3, 7], "rotation": 270, "texture": "#1"}
			}
		},
		{
			"from": [7.55, 5.50389, 4.25328],
			"to": [8.45, 8.30389, 7.05328],
			"rotation": {"angle": 45, "axis": "x", "origin": [8, 5.98811, 4.7375]},
			"faces": {
				"north": {"uv": [3.2, 10, 2.8, 11.1], "texture": "#1"},
				"east": {"uv": [4.7, 8.8, 3.6, 9.9], "texture": "#1"},
				"south": {"uv": [4.8, 10, 4.4, 11.1], "texture": "#1"},
				"west": {"uv": [9.9, 4.4, 8.8, 5.5], "texture": "#1"},
				"up": {"uv": [11.2, 11.6, 12.3, 11.2], "rotation": 90, "texture": "#1"},
				"down": {"uv": [1.2, 11.6, 2.3, 12], "rotation": 270, "texture": "#1"}
			}
		},
		{
			"from": [7.275, 6.51489, 5.26427],
			"to": [8.725, 7.71489, 6.46427],
			"rotation": {"angle": 45, "axis": "x", "origin": [8, 5.98811, 4.7375]},
			"faces": {
				"north": {"uv": [13, 12, 12.4, 12.5], "texture": "#1"},
				"east": {"uv": [13.7, 11.2, 13.2, 11.7], "texture": "#1"},
				"south": {"uv": [0.6, 12.8, 0, 13.3], "texture": "#1"},
				"west": {"uv": [12.1, 13.2, 11.6, 13.7], "texture": "#1"},
				"up": {"uv": [0.8, 13.4, 1.3, 12.8], "rotation": 90, "texture": "#1"},
				"down": {"uv": [4.4, 12.8, 4.9, 13.4], "rotation": 270, "texture": "#1"}
			}
		},
		{
			"from": [7.63, -8.59054, 13.34516],
			"to": [8.37, -7.84054, 14.84516],
			"rotation": {"angle": 22.5, "axis": "x", "origin": [8, 4.3755, 8]},
			"faces": {
				"north": {"uv": [14.8, 4, 15.1, 4.3], "texture": "#1"},
				"east": {"uv": [10, 14, 10.6, 14.3], "texture": "#1"},
				"south": {"uv": [4, 14.8, 4.3, 15.1], "texture": "#1"},
				"west": {"uv": [14, 10, 14.6, 10.3], "texture": "#1"},
				"up": {"uv": [14.6, 10.7, 14, 10.4], "rotation": 90, "texture": "#1"},
				"down": {"uv": [11.4, 14, 10.8, 14.3], "rotation": 270, "texture": "#1"}
			}
		},
		{
			"from": [7.625, -9.48237, 2.80791],
			"to": [8.375, -8.73237, 3.80791],
			"rotation": {"angle": -22.5, "axis": "x", "origin": [8, 4.3755, 8]},
			"faces": {
				"north": {"uv": [5.2, 14.8, 5.5, 15.1], "texture": "#1"},
				"east": {"uv": [13.6, 14.4, 14, 14.7], "texture": "#1"},
				"south": {"uv": [14.8, 4.4, 15.1, 4.7], "texture": "#1"},
				"west": {"uv": [14.4, 13.6, 14.8, 13.9], "texture": "#1"},
				"up": {"uv": [14.4, 14.7, 14, 14.4], "rotation": 90, "texture": "#1"},
				"down": {"uv": [14.8, 14.4, 14.4, 14.7], "rotation": 270, "texture": "#1"}
			}
		},
		{
			"from": [7.63, -8.59054, 1.15484],
			"to": [8.37, -7.84054, 2.65484],
			"rotation": {"angle": -22.5, "axis": "x", "origin": [8, 4.3755, 8]},
			"faces": {
				"north": {"uv": [4.3, 14.8, 4, 15.1], "texture": "#1"},
				"east": {"uv": [10.6, 14, 10, 14.3], "texture": "#1"},
				"south": {"uv": [15.1, 4, 14.8, 4.3], "texture": "#1"},
				"west": {"uv": [14.6, 10, 14, 10.3], "texture": "#1"},
				"up": {"uv": [14, 10.7, 14.6, 10.4], "rotation": 90, "texture": "#1"},
				"down": {"uv": [10.8, 14, 11.4, 14.3], "rotation": 270, "texture": "#1"}
			}
		},
		{
			"from": [7.625, -9.48237, 12.19209],
			"to": [8.375, -8.73237, 13.19209],
			"rotation": {"angle": 22.5, "axis": "x", "origin": [8, 4.3755, 8]},
			"faces": {
				"north": {"uv": [15.1, 4.4, 14.8, 4.7], "texture": "#1"},
				"east": {"uv": [14, 14.4, 13.6, 14.7], "texture": "#1"},
				"south": {"uv": [5.5, 14.8, 5.2, 15.1], "texture": "#1"},
				"west": {"uv": [14.8, 13.6, 14.4, 13.9], "texture": "#1"},
				"up": {"uv": [14, 14.7, 14.4, 14.4], "rotation": 90, "texture": "#1"},
				"down": {"uv": [14.4, 14.4, 14.8, 14.7], "rotation": 270, "texture": "#1"}
			}
		},
		{
			"from": [7.25, -6.46378, 17.33928],
			"to": [8.75, -4.96378, 18.83928],
			"rotation": {"angle": 45, "axis": "x", "origin": [8, 4.3755, 8]},
			"faces": {
				"north": {"uv": [11.6, 11.6, 12.2, 12.2], "texture": "#1"},
				"east": {"uv": [11.6, 8.8, 12.2, 9.4], "texture": "#1"},
				"south": {"uv": [10, 11.6, 10.6, 12.2], "texture": "#1"},
				"west": {"uv": [10.8, 11.6, 11.4, 12.2], "texture": "#1"},
				"up": {"uv": [1, 12.6, 0.4, 12], "rotation": 90, "texture": "#1"},
				"down": {"uv": [1.8, 12, 1.2, 12.6], "rotation": 270, "texture": "#1"}
			}
		},
		{
			"from": [8, -13.33089, 5.8],
			"to": [8, -8.58089, 10.2],
			"rotation": {"angle": 0, "axis": "y", "origin": [8, 4.3755, 8]},
			"faces": {
				"north": {"uv": [0, 0, 0, 1.9], "texture": "#1"},
				"east": {"uv": [8.4, 0, 10.2, 1.9], "texture": "#1"},
				"south": {"uv": [0, 0, 0, 1.9], "texture": "#1"},
				"west": {"uv": [8.4, 0, 10.2, 1.9], "texture": "#1"},
				"up": {"uv": [1.8, 0, 0, 0], "rotation": 90, "texture": "#1"},
				"down": {"uv": [1.8, 0, 0, 0], "rotation": 270, "texture": "#1"}
			}
		},
		{
			"from": [7.45, -7.29944, 18.52494],
			"to": [8.55, -6.14944, 19.67494],
			"rotation": {"angle": 45, "axis": "x", "origin": [8, 4.3755, 8]},
			"faces": {
				"north": {"uv": [14, 1.6, 14.4, 2.1], "texture": "#1"},
				"east": {"uv": [6.8, 13.6, 7.3, 14.1], "texture": "#1"},
				"south": {"uv": [1.6, 14, 2, 14.5], "texture": "#1"},
				"west": {"uv": [13.6, 6.8, 14.1, 7.3], "texture": "#1"},
				"up": {"uv": [2.5, 14.4, 2, 14], "rotation": 90, "texture": "#1"},
				"down": {"uv": [14.5, 2.4, 14, 2.8], "rotation": 270, "texture": "#1"}
			}
		},
		{
			"from": [7.5, -10.4251, 2.28256],
			"to": [8.5, -9.2751, 2.68256],
			"rotation": {"angle": -22.5, "axis": "x", "origin": [8, 4.3755, 8]},
			"faces": {
				"north": {"uv": [3.6, 14, 4, 14.5], "texture": "#1"},
				"east": {"uv": [0, 14.8, 0.2, 15.3], "texture": "#1"},
				"south": {"uv": [2.8, 14, 3.2, 14.5], "texture": "#1"},
				"west": {"uv": [0.4, 14.8, 0.6, 15.3], "texture": "#1"},
				"up": {"uv": [6.6, 15.2, 6.4, 14.8], "rotation": 90, "texture": "#1"},
				"down": {"uv": [7, 14.8, 6.8, 15.2], "rotation": 270, "texture": "#1"}
			}
		},
		{
			"from": [7.5, -10.4251, 13.31744],
			"to": [8.5, -9.2751, 13.71744],
			"rotation": {"angle": 22.5, "axis": "x", "origin": [8, 4.3755, 8]},
			"faces": {
				"north": {"uv": [14, 6, 14.4, 6.5], "texture": "#1"},
				"east": {"uv": [0.8, 14.8, 1, 15.3], "texture": "#1"},
				"south": {"uv": [4, 14, 4.4, 14.5], "texture": "#1"},
				"west": {"uv": [14.8, 0.8, 15, 1.3], "texture": "#1"},
				"up": {"uv": [7.4, 15.2, 7.2, 14.8], "rotation": 90, "texture": "#1"},
				"down": {"uv": [15, 7.6, 14.8, 8], "rotation": 270, "texture": "#1"}
			}
		},
		{
			"name": "octagon",
			"from": [7.155, 5.14514, 6.86383],
			"to": [8.845, 6.47062, 10.06383],
			"rotation": {"angle": -45, "axis": "x", "origin": [8, 5.34405, 8]},
			"faces": {
				"north": {"uv": [5.2, 12, 5.9, 12.5], "texture": "#1"},
				"east": {"uv": [0.4, 10, 1.7, 10.5], "texture": "#1"},
				"south": {"uv": [4.4, 12, 5.1, 12.5], "texture": "#1"},
				"west": {"uv": [1.7, 10, 0.4, 10.5], "texture": "#1"},
				"up": {"uv": [10.9, 2.7, 9.6, 2], "rotation": 90, "texture": "#1"},
				"down": {"uv": [10.9, 2.8, 9.6, 3.5], "rotation": 270, "texture": "#1"}
			}
		},
		{
			"name": "octagon",
			"from": [7.15, 5.33726, 6.4],
			"to": [8.85, 6.66274, 9.6],
			"rotation": {"angle": 0, "axis": "y", "origin": [8, 5.34405, 8]},
			"faces": {
				"north": {"uv": [6, 12, 6.7, 12.5], "texture": "#1"},
				"east": {"uv": [10, 8, 11.3, 8.5], "texture": "#1"},
				"south": {"uv": [12, 5.2, 12.7, 5.7], "texture": "#1"},
				"west": {"uv": [10, 8, 11.3, 8.5], "texture": "#1"},
				"up": {"uv": [10.9, 4.3, 9.6, 3.6], "rotation": 90, "texture": "#1"},
				"down": {"uv": [10.9, 5.6, 9.6, 6.3], "rotation": 270, "texture": "#1"}
			}
		},
		{
			"name": "octagon",
			"from": [7.15, 4.4, 7.33726],
			"to": [8.85, 7.6, 8.66274],
			"rotation": {"angle": 0, "axis": "y", "origin": [8, 5.34405, 8]},
			"faces": {
				"north": {"uv": [9.6, 6.4, 10.3, 7.7], "texture": "#1"},
				"east": {"uv": [2, 10, 2.5, 11.3], "texture": "#1"},
				"south": {"uv": [6.4, 9.6, 7.1, 10.9], "texture": "#1"},
				"west": {"uv": [2, 10, 2.5, 11.3], "texture": "#1"},
				"up": {"uv": [7.7, 12.7, 7.2, 12], "rotation": 90, "texture": "#1"},
				"down": {"uv": [12.5, 7.6, 12, 8.3], "rotation": 270, "texture": "#1"}
			}
		},
		{
			"name": "octagon",
			"from": [7.155, 4.20788, 7.80109],
			"to": [8.845, 7.40788, 9.12657],
			"rotation": {"angle": -45, "axis": "x", "origin": [8, 5.34405, 8]},
			"faces": {
				"north": {"uv": [8, 9.6, 8.7, 10.9], "texture": "#1"},
				"east": {"uv": [10, 9.6, 10.5, 10.9], "texture": "#1"},
				"south": {"uv": [7.2, 9.6, 7.9, 10.9], "texture": "#1"},
				"west": {"uv": [10.5, 9.6, 10, 10.9], "texture": "#1"},
				"up": {"uv": [12.5, 10.3, 12, 9.6], "rotation": 90, "texture": "#1"},
				"down": {"uv": [12.5, 10.4, 12, 11.1], "rotation": 270, "texture": "#1"}
			}
		},
		{
			"from": [6.9, 5.0629, 6.78115],
			"to": [9.1, 6.5629, 8.28115],
			"rotation": {"angle": 45, "axis": "x", "origin": [8, 5.34405, 8]},
			"faces": {
				"north": {"uv": [10.4, 7.2, 11.3, 7.9], "texture": "#1"},
				"east": {"uv": [1.2, 10.8, 1.9, 11.5], "texture": "#1"},
				"south": {"uv": [10.4, 6.4, 11.3, 7.1], "texture": "#1"},
				"west": {"uv": [11.2, 2, 11.9, 2.7], "texture": "#1"},
				"up": {"uv": [9.5, 11.3, 8.8, 10.4], "rotation": 90, "texture": "#1"},
				"down": {"uv": [1.1, 10.8, 0.4, 11.7], "rotation": 270, "texture": "#1"}
			}
		},
		{
			"from": [7.5, 3, 7.5],
			"to": [8.5, 4.5, 8.5],
			"rotation": {"angle": -45, "axis": "y", "origin": [8, 4.3755, 8]},
			"faces": {
				"north": {"uv": [8, 13.6, 8.4, 14.2], "texture": "#1"},
				"east": {"uv": [8.4, 13.6, 8, 14.2], "texture": "#1"},
				"south": {"uv": [8, 13.6, 8.4, 14.2], "texture": "#1"},
				"west": {"uv": [13.6, 8.4, 14, 9], "texture": "#1"},
				"up": {"uv": [3.2, 11.6, 2.8, 11.2], "rotation": 90, "texture": "#1"},
				"down": {"uv": [12.4, 4, 12, 4.4], "rotation": 270, "texture": "#1"}
			}
		},
		{
			"from": [7.5, -9.5, 7.5],
			"to": [8.5, -8, 8.5],
			"rotation": {"angle": -45, "axis": "y", "origin": [8, 4.3755, 8]},
			"faces": {
				"north": {"uv": [8, 14.2, 8.4, 13.6], "texture": "#1"},
				"east": {"uv": [8.4, 14.2, 8, 13.6], "texture": "#1"},
				"south": {"uv": [8, 14.2, 8.4, 13.6], "texture": "#1"},
				"west": {"uv": [13.6, 9, 14, 8.4], "texture": "#1"},
				"up": {"uv": [12.4, 4.4, 12, 4], "rotation": 90, "texture": "#1"},
				"down": {"uv": [3.2, 11.2, 2.8, 11.6], "rotation": 270, "texture": "#1"}
			}
		},
		{
			"from": [7.6, -8, 7.6],
			"to": [8.4, -5, 8.4],
			"rotation": {"angle": -45, "axis": "y", "origin": [8, 4.3755, 8]},
			"faces": {
				"north": {"uv": [9.5, 11.6, 9.2, 12.8], "texture": "#1"},
				"east": {"uv": [9.2, 11.6, 9.5, 12.8], "texture": "#1"},
				"south": {"uv": [8.8, 11.6, 9.1, 12.8], "texture": "#1"},
				"west": {"uv": [9.2, 11.6, 9.5, 12.8], "texture": "#1"},
				"up": {"uv": [5.9, 15.1, 5.6, 14.8], "rotation": 90, "texture": "#1"},
				"down": {"uv": [6.3, 14.8, 6, 15.1], "rotation": 270, "texture": "#1"}
			}
		},
		{
			"from": [7.6, 0, 7.6],
			"to": [8.4, 3, 8.4],
			"rotation": {"angle": -45, "axis": "y", "origin": [8, 4.3755, 8]},
			"faces": {
				"north": {"uv": [9.5, 11.6, 9.2, 12.8], "texture": "#1"},
				"east": {"uv": [9.2, 11.6, 9.5, 12.8], "texture": "#1"},
				"south": {"uv": [8.8, 11.6, 9.1, 12.8], "texture": "#1"},
				"west": {"uv": [9.2, 11.6, 9.5, 12.8], "texture": "#1"},
				"up": {"uv": [5.9, 15.1, 5.6, 14.8], "rotation": 90, "texture": "#1"},
				"down": {"uv": [6.3, 14.8, 6, 15.1], "rotation": 270, "texture": "#1"}
			}
		},
		{
			"from": [7.6, -5, 7.6],
			"to": [8.4, 0, 8.4],
			"rotation": {"angle": -45, "axis": "y", "origin": [8, 4.3755, 8]},
			"faces": {
				"north": {"uv": [9.6, 6.1, 9.9, 7.9], "texture": "#1"},
				"east": {"uv": [9.9, 6.1, 9.6, 7.9], "texture": "#1"},
				"south": {"uv": [9.6, 6.1, 9.9, 7.9], "texture": "#1"},
				"west": {"uv": [9.9, 6.1, 9.6, 7.9], "texture": "#1"},
				"up": {"uv": [5.9, 15.1, 5.6, 14.8], "rotation": 90, "texture": "#1"},
				"down": {"uv": [6.3, 14.8, 6, 15.1], "rotation": 270, "texture": "#1"}
			}
		},
		{
			"from": [8, 3.86911, 8.5],
			"to": [8, 7.61911, 17.5],
			"rotation": {"angle": 0, "axis": "x", "origin": [8, 5.74411, 13]},
			"faces": {
				"north": {"uv": [0, 0, 0, 3.7], "texture": "#1"},
				"east": {"uv": [7.5, 2.5, 4.1, 3.9], "texture": "#1"},
				"south": {"uv": [0, 0, 0, 3.7], "texture": "#1"},
				"west": {"uv": [4.1, 2.5, 7.5, 3.9], "texture": "#1"},
				"up": {"uv": [5.2, 0, 0, 0], "rotation": 90, "texture": "#1"},
				"down": {"uv": [5.2, 0, 0, 0], "rotation": 270, "texture": "#1"}
			}
		},
		{
			"from": [8, 3.86911, -1.5],
			"to": [8, 7.61911, 7.5],
			"rotation": {"angle": 0, "axis": "x", "origin": [8, 5.74411, 3]},
			"faces": {
				"north": {"uv": [0, 0, 0, 3.7], "texture": "#1"},
				"east": {"uv": [4.1, 2.5, 7.5, 3.9], "texture": "#1"},
				"south": {"uv": [0, 0, 0, 3.7], "texture": "#1"},
				"west": {"uv": [7.5, 2.5, 4.1, 3.9], "texture": "#1"},
				"up": {"uv": [0, 0, 5.2, 0], "rotation": 90, "texture": "#1"},
				"down": {"uv": [0, 0, 5.2, 0], "rotation": 270, "texture": "#1"}
			}
		},
		{
			"from": [7.25, 2.26911, 4],
			"to": [8.75, 10.26911, 12],
			"rotation": {"angle": 0, "axis": "y", "origin": [8.75, 4.3255, -10.55]},
			"faces": {
				"north": {"uv": [0.25, 0.25, 1.25, 1.2], "texture": "#2"},
				"east": {"uv": [0, 0, 16, 16], "texture": "#2"},
				"south": {"uv": [0.25, 0.25, 1.25, 1.2], "texture": "#2"},
				"west": {"uv": [16, 0, 0, 16], "texture": "#2"},
				"up": {"uv": [0.25, 0.25, 1.25, 1.2], "texture": "#2"},
				"down": {"uv": [0.25, 0.25, 1.25, 1.2], "texture": "#2"}
			}
		},
		{
			"from": [8, 5.36911, 4],
			"to": [8, 13.36911, 12],
			"rotation": {"angle": 0, "axis": "y", "origin": [8.75, 15.3255, -1.55]},
			"faces": {
				"north": {"uv": [0.25, 0.25, 1.25, 1.2], "texture": "#3"},
				"east": {"uv": [0, 0, 16, 16], "texture": "#3"},
				"south": {"uv": [0.25, 0.25, 1.25, 1.2], "texture": "#3"},
				"west": {"uv": [16, 0, 0, 16], "texture": "#3"},
				"up": {"uv": [0.25, 0.25, 1.25, 1.2], "texture": "#3"},
				"down": {"uv": [0.25, 0.25, 1.25, 1.2], "texture": "#3"}
			}
		}
	],
	"gui_light": "front",
	"display": {
		"thirdperson_righthand": {
			"translation": [0, 16.25, 2],
			"scale": [1.2, 1.2, 1.2]
		},
		"thirdperson_lefthand": {
			"translation": [0, 16.25, 2],
			"scale": [1.2, 1.2, 1.2]
		},
		"firstperson_righthand": {
			"translation": [14.75, 15, -11.75],
			"scale": [1.50977, 1.50977, 1.50977]
		},
		"firstperson_lefthand": {
			"translation": [14.75, 15, -11.75],
			"scale": [1.50977, 1.50977, 1.50977]
		},
		"ground": {
			"rotation": [-45, 0, 0],
			"translation": [-0.75, 12, -6.5],
			"scale": [0.9, 0.9, 0.9]
		},
		"gui": {
			"rotation": [-90, 45, 90],
			"translation": [-4, 4, 0],
			"scale": [0.78648, 0.78648, 0.78648]
		},
		"head": {
			"translation": [0, -4.5, 1],
			"scale": [0, 0, 0]
		},
		"fixed": {
			"rotation": [0, 90, 0],
			"translation": [0, 20.75, -1.25],
			"scale": [2.3, 2.3, 2.3]
		}
	}
}