{"credit":"Made with Blockbench","texture_size":[60,60],"textures":{"0":"aetherburn_pack:texture","1":"aetherburn_pack:fire","2":"aetherburn_pack:chest","3":"aetherburn_pack:crystal","particle":"aetherburn_pack:texture"},"elements":[{"from":[5.418,9.90703,7.625],"to":[10.582,18.39503,7.625],"rotation":{"angle":0,"axis":"y","origin":[8,14.15103,9.5]},"faces":{"north":{"uv":[3.25,0,13.25,16],"texture":"#3"},"south":{"uv":[13.25,0,3.25,16],"texture":"#3"}}},{"from":[-1,11.0973,11.9],"to":[15,22.0973,12.1],"rotation":{"angle":0,"axis":"y","origin":[7,16.5973,12]},"faces":{"north":{"uv":[0,0,16,11],"texture":"#1"},"south":{"uv":[16,0,0,11],"texture":"#1"}}},{"from":[-0.77,-0.05876,2.43],"to":[16.77,2.44124,13.57],"rotation":{"angle":0,"axis":"y","origin":[8,4.61591,8]},"faces":{"north":{"uv":[10.13333,1.33333,14.8,2],"texture":"#2"},"east":{"uv":[0,10.93333,3,11.6],"texture":"#2"},"south":{"uv":[10.13333,2.4,14.8,3.06667],"texture":"#2"},"west":{"uv":[3.46667,11.2,6.46667,11.86667],"texture":"#2"},"up":{"uv":[9.73333,3,5.06667,0],"texture":"#2"},"down":{"uv":[9.73333,3.46667,5.06667,6.46667],"texture":"#2"}}},{"from":[13.12,5.70124,9.92],"to":[16.32,6.98124,13.12],"rotation":{"angle":0,"axis":"y","origin":[8,4.61591,8]},"faces":{"north":{"uv":[13.6,5.6,14.46667,5.93333],"texture":"#2"},"east":{"uv":[11.46667,13.6,12.33333,13.93333],"texture":"#2"},"south":{"uv":[13.86667,3.46667,14.73333,3.8],"texture":"#2"},"west":{"uv":[6.13333,13.86667,7,14.2],"texture":"#2"},"up":{"uv":[12.06667,11,11.2,10.13333],"texture":"#2"},"down":{"uv":[7.8,11.46667,6.93333,12.33333],"texture":"#2"}}},{"from":[0.33,2.34124,3.68],"to":[15.67,7.08124,12.32],"rotation":{"angle":0,"axis":"y","origin":[8.05,4.61591,8.04687]},"faces":{"north":{"uv":[8.53333,6.93333,12.53333,8.2],"texture":"#2"},"east":{"uv":[5.06667,9.6,7.4,10.86667],"texture":"#2"},"south":{"uv":[8.53333,8.53333,12.53333,9.8],"texture":"#2"},"west":{"uv":[10.13333,3.46667,12.46667,4.73333],"texture":"#2"},"up":{"uv":[4,9.26667,0,6.93333],"texture":"#2"},"down":{"uv":[8.26667,6.93333,4.26667,9.26667],"texture":"#2"}}},{"from":[-0.96,6.98124,2.24],"to":[16.96,10.18764,13.76],"rotation":{"angle":0,"axis":"y","origin":[8,4.61591,8]},"faces":{"north":{"uv":[0,9.6,4.8,10.46667],"texture":"#2"},"east":{"uv":[10.13333,5.06667,13.2,5.93333],"texture":"#2"},"south":{"uv":[10.13333,0,14.93333,0.86667],"texture":"#2"},"west":{"uv":[7.73333,10.13333,10.8,11],"texture":"#2"},"up":{"uv":[4.8,3.06667,0,0],"texture":"#2"},"down":{"uv":[4.8,3.46667,0,6.53333],"texture":"#2"}}},{"from":[13.49137,-2.13975,6.4],"to":[14.45137,0.42025,7.04],"rotation":{"angle":45,"axis":"z","origin":[8,4.61591,8]},"faces":{"north":{"uv":[1.86667,14.66667,2.13333,15.33333],"texture":"#2"},"east":{"uv":[8.53333,14.66667,8.73333,15.33333],"texture":"#2"},"south":{"uv":[2.4,14.66667,2.66667,15.33333],"texture":"#2"},"west":{"uv":[9.06667,14.66667,9.26667,15.33333],"texture":"#2"},"up":{"uv":[13.06667,4.73333,12.8,4.53333],"texture":"#2"},"down":{"uv":[13.06667,9.6,12.8,9.8],"texture":"#2"}}},{"from":[13.49137,-2.13975,8.96],"to":[14.45137,0.42025,9.6],"rotation":{"angle":45,"axis":"z","origin":[8,4.61591,8]},"faces":{"north":{"uv":[2.66667,14.66667,2.4,15.33333],"texture":"#2"},"east":{"uv":[8.73333,14.66667,8.53333,15.33333],"texture":"#2"},"south":{"uv":[2.13333,14.66667,1.86667,15.33333],"texture":"#2"},"west":{"uv":[9.26667,14.66667,9.06667,15.33333],"texture":"#2"},"up":{"uv":[13.06667,4.53333,12.8,4.73333],"texture":"#2"},"down":{"uv":[13.06667,9.8,12.8,9.6],"texture":"#2"}}},{"from":[13.65137,-1.97975,6.24],"to":[14.29137,-1.33975,9.76],"rotation":{"angle":45,"axis":"z","origin":[8,4.61591,8]},"faces":{"north":{"uv":[14.93333,5.86667,15.13333,6.06667],"texture":"#2"},"east":{"uv":[10.13333,6.4,11.06667,6.6],"texture":"#2"},"south":{"uv":[14.93333,12.53333,15.13333,12.73333],"texture":"#2"},"west":{"uv":[11.46667,6.4,12.4,6.6],"texture":"#2"},"up":{"uv":[13,14.53333,12.8,13.6],"texture":"#2"},"down":{"uv":[1.53333,14.4,1.33333,15.33333],"texture":"#2"}}},{"from":[1.70863,-1.97975,6.24],"to":[2.34863,-1.33975,9.76],"rotation":{"angle":-45,"axis":"z","origin":[8,4.61591,8]},"faces":{"north":{"uv":[15.13333,5.86667,14.93333,6.06667],"texture":"#2"},"east":{"uv":[12.4,6.4,11.46667,6.6],"texture":"#2"},"south":{"uv":[15.13333,12.53333,14.93333,12.73333],"texture":"#2"},"west":{"uv":[11.06667,6.4,10.13333,6.6],"texture":"#2"},"up":{"uv":[12.8,14.53333,13,13.6],"texture":"#2"},"down":{"uv":[1.33333,14.4,1.53333,15.33333],"texture":"#2"}}},{"from":[1.54863,-2.13975,8.96],"to":[2.50863,0.42025,9.6],"rotation":{"angle":-45,"axis":"z","origin":[8,4.61591,8]},"faces":{"north":{"uv":[2.4,14.66667,2.66667,15.33333],"texture":"#2"},"east":{"uv":[9.06667,14.66667,9.26667,15.33333],"texture":"#2"},"south":{"uv":[1.86667,14.66667,2.13333,15.33333],"texture":"#2"},"west":{"uv":[8.53333,14.66667,8.73333,15.33333],"texture":"#2"},"up":{"uv":[12.8,4.53333,13.06667,4.73333],"texture":"#2"},"down":{"uv":[12.8,9.8,13.06667,9.6],"texture":"#2"}}},{"from":[1.54863,-2.13975,6.4],"to":[2.50863,0.42025,7.04],"rotation":{"angle":-45,"axis":"z","origin":[8,4.61591,8]},"faces":{"north":{"uv":[2.13333,14.66667,1.86667,15.33333],"texture":"#2"},"east":{"uv":[9.26667,14.66667,9.06667,15.33333],"texture":"#2"},"south":{"uv":[2.66667,14.66667,2.4,15.33333],"texture":"#2"},"west":{"uv":[8.73333,14.66667,8.53333,15.33333],"texture":"#2"},"up":{"uv":[12.8,4.73333,13.06667,4.53333],"texture":"#2"},"down":{"uv":[12.8,9.6,13.06667,9.8],"texture":"#2"}}},{"from":[13.504,3.14124,10.304],"to":[15.936,5.70124,12.736],"rotation":{"angle":0,"axis":"y","origin":[8,4.61591,8]},"faces":{"north":{"uv":[4,12.26667,4.66667,12.93333],"texture":"#2"},"east":{"uv":[5.06667,12.26667,5.73333,12.93333],"texture":"#2"},"south":{"uv":[12.26667,11.46667,12.93333,12.13333],"texture":"#2"},"west":{"uv":[12.53333,10.13333,13.2,10.8],"texture":"#2"},"up":{"uv":[12.93333,13.2,12.26667,12.53333],"texture":"#2"},"down":{"uv":[13.46667,3.46667,12.8,4.13333],"texture":"#2"}}},{"from":[13.12,2.40124,9.92],"to":[16.32,3.68124,13.12],"rotation":{"angle":0,"axis":"y","origin":[8,1.31591,8]},"faces":{"north":{"uv":[13.6,5.6,14.46667,5.93333],"texture":"#2"},"east":{"uv":[11.46667,13.6,12.33333,13.93333],"texture":"#2"},"south":{"uv":[13.86667,3.46667,14.73333,3.8],"texture":"#2"},"west":{"uv":[6.13333,13.86667,7,14.2],"texture":"#2"},"up":{"uv":[12.06667,11,11.2,10.13333],"texture":"#2"},"down":{"uv":[7.8,11.46667,6.93333,12.33333],"texture":"#2"}}},{"from":[-0.32,5.70124,9.92],"to":[2.88,6.98124,13.12],"rotation":{"angle":0,"axis":"y","origin":[8,4.61591,8]},"faces":{"north":{"uv":[14.46667,5.6,13.6,5.93333],"texture":"#2"},"east":{"uv":[7,13.86667,6.13333,14.2],"texture":"#2"},"south":{"uv":[14.73333,3.46667,13.86667,3.8],"texture":"#2"},"west":{"uv":[12.33333,13.6,11.46667,13.93333],"texture":"#2"},"up":{"uv":[11.2,11,12.06667,10.13333],"texture":"#2"},"down":{"uv":[6.93333,11.46667,7.8,12.33333],"texture":"#2"}}},{"from":[0.064,3.14124,10.304],"to":[2.496,5.70124,12.736],"rotation":{"angle":0,"axis":"y","origin":[8,4.61591,8]},"faces":{"north":{"uv":[4.66667,12.26667,4,12.93333],"texture":"#2"},"east":{"uv":[13.2,10.13333,12.53333,10.8],"texture":"#2"},"south":{"uv":[12.93333,11.46667,12.26667,12.13333],"texture":"#2"},"west":{"uv":[5.73333,12.26667,5.06667,12.93333],"texture":"#2"},"up":{"uv":[12.26667,13.2,12.93333,12.53333],"texture":"#2"},"down":{"uv":[12.8,3.46667,13.46667,4.13333],"texture":"#2"}}},{"from":[-0.32,2.40124,9.92],"to":[2.88,3.68124,13.12],"rotation":{"angle":0,"axis":"y","origin":[8,1.31591,8]},"faces":{"north":{"uv":[14.46667,5.6,13.6,5.93333],"texture":"#2"},"east":{"uv":[7,13.86667,6.13333,14.2],"texture":"#2"},"south":{"uv":[14.73333,3.46667,13.86667,3.8],"texture":"#2"},"west":{"uv":[12.33333,13.6,11.46667,13.93333],"texture":"#2"},"up":{"uv":[11.2,11,12.06667,10.13333],"texture":"#2"},"down":{"uv":[6.93333,11.46667,7.8,12.33333],"texture":"#2"}}},{"from":[-0.32,5.70124,2.88],"to":[2.88,6.98124,6.08],"rotation":{"angle":0,"axis":"y","origin":[8,4.61591,8]},"faces":{"north":{"uv":[13.86667,3.46667,14.73333,3.8],"texture":"#2"},"east":{"uv":[6.13333,13.86667,7,14.2],"texture":"#2"},"south":{"uv":[13.6,5.6,14.46667,5.93333],"texture":"#2"},"west":{"uv":[11.46667,13.6,12.33333,13.93333],"texture":"#2"},"up":{"uv":[11.2,10.13333,12.06667,11],"texture":"#2"},"down":{"uv":[6.93333,12.33333,7.8,11.46667],"texture":"#2"}}},{"from":[0.064,3.14124,3.264],"to":[2.496,5.70124,5.696],"rotation":{"angle":0,"axis":"y","origin":[8,4.61591,8]},"faces":{"north":{"uv":[12.26667,11.46667,12.93333,12.13333],"texture":"#2"},"east":{"uv":[12.53333,10.13333,13.2,10.8],"texture":"#2"},"south":{"uv":[4,12.26667,4.66667,12.93333],"texture":"#2"},"west":{"uv":[5.06667,12.26667,5.73333,12.93333],"texture":"#2"},"up":{"uv":[12.26667,12.53333,12.93333,13.2],"texture":"#2"},"down":{"uv":[12.8,4.13333,13.46667,3.46667],"texture":"#2"}}},{"from":[-0.32,2.40124,2.88],"to":[2.88,3.68124,6.08],"rotation":{"angle":0,"axis":"y","origin":[8,1.31591,8]},"faces":{"north":{"uv":[13.86667,3.46667,14.73333,3.8],"texture":"#2"},"east":{"uv":[6.13333,13.86667,7,14.2],"texture":"#2"},"south":{"uv":[13.6,5.6,14.46667,5.93333],"texture":"#2"},"west":{"uv":[11.46667,13.6,12.33333,13.93333],"texture":"#2"},"up":{"uv":[11.2,10.13333,12.06667,11],"texture":"#2"},"down":{"uv":[6.93333,12.33333,7.8,11.46667],"texture":"#2"}}},{"from":[13.12,5.70124,2.88],"to":[16.32,6.98124,6.08],"rotation":{"angle":0,"axis":"y","origin":[8,4.61591,8]},"faces":{"north":{"uv":[14.73333,3.46667,13.86667,3.8],"texture":"#2"},"east":{"uv":[12.33333,13.6,11.46667,13.93333],"texture":"#2"},"south":{"uv":[14.46667,5.6,13.6,5.93333],"texture":"#2"},"west":{"uv":[7,13.86667,6.13333,14.2],"texture":"#2"},"up":{"uv":[12.06667,10.13333,11.2,11],"texture":"#2"},"down":{"uv":[7.8,12.33333,6.93333,11.46667],"texture":"#2"}}},{"from":[13.504,3.14124,3.264],"to":[15.936,5.70124,5.696],"rotation":{"angle":0,"axis":"y","origin":[8,4.61591,8]},"faces":{"north":{"uv":[12.93333,11.46667,12.26667,12.13333],"texture":"#2"},"east":{"uv":[5.73333,12.26667,5.06667,12.93333],"texture":"#2"},"south":{"uv":[4.66667,12.26667,4,12.93333],"texture":"#2"},"west":{"uv":[13.2,10.13333,12.53333,10.8],"texture":"#2"},"up":{"uv":[12.93333,12.53333,12.26667,13.2],"texture":"#2"},"down":{"uv":[13.46667,4.13333,12.8,3.46667],"texture":"#2"}}},{"from":[13.12,2.40124,2.88],"to":[16.32,3.68124,6.08],"rotation":{"angle":0,"axis":"y","origin":[8,1.31591,8]},"faces":{"north":{"uv":[14.73333,3.46667,13.86667,3.8],"texture":"#2"},"east":{"uv":[12.33333,13.6,11.46667,13.93333],"texture":"#2"},"south":{"uv":[14.46667,5.6,13.6,5.93333],"texture":"#2"},"west":{"uv":[7,13.86667,6.13333,14.2],"texture":"#2"},"up":{"uv":[12.06667,10.13333,11.2,11],"texture":"#2"},"down":{"uv":[7.8,12.33333,6.93333,11.46667],"texture":"#2"}}},{"from":[7.28,11.46442,8.256],"to":[8.72,12.90442,10.744],"rotation":{"angle":0,"axis":"y","origin":[8,13.12194,9.5]},"faces":{"north":{"uv":[13.25,12.5,13.625,12.875],"texture":"#0"},"east":{"uv":[11.5,1.5,12.125,1.875],"texture":"#0"},"south":{"uv":[13.25,13.25,13.625,13.625],"texture":"#0"},"west":{"uv":[1.75,11.5,2.375,11.875],"texture":"#0"},"up":{"uv":[11.5,2.25,11.875,2.875],"rotation":180,"texture":"#0"},"down":{"uv":[11.5,7.625,11.875,7],"rotation":180,"texture":"#0"}}},{"from":[8.16018,10.1872,8.256],"to":[9.60018,11.6272,10.744],"rotation":{"angle":22.5,"axis":"z","origin":[8,13.12194,9.5]},"faces":{"north":{"uv":[0,13.5,0.375,13.875],"texture":"#0"},"east":{"uv":[11.5,5.5,12.125,5.875],"texture":"#0"},"south":{"uv":[0.75,13.5,1.125,13.875],"texture":"#0"},"west":{"uv":[7.25,11.75,7.875,12.125],"texture":"#0"},"up":{"uv":[11.75,8,12.125,8.625],"rotation":180,"texture":"#0"},"down":{"uv":[11.75,9.625,12.125,9],"rotation":180,"texture":"#0"}}},{"from":[8.74844,11.7565,8.26],"to":[9.76444,13.1965,10.74],"rotation":{"angle":-22.5,"axis":"z","origin":[8,13.12194,9.5]},"faces":{"north":{"uv":[9,4.75,9.25,5.125],"texture":"#0"},"east":{"uv":[11.75,10,12.375,10.375],"texture":"#0"},"south":{"uv":[7.5,13.5,7.75,13.875],"texture":"#0"},"west":{"uv":[11.75,10.75,12.375,11.125],"texture":"#0"},"up":{"uv":[2.25,9.25,2.5,9.875],"rotation":180,"texture":"#0"},"down":{"uv":[2.25,13.875,2.5,13.25],"rotation":180,"texture":"#0"}}},{"from":[9.76668,12.17827,8.26],"to":[11.20668,14.33827,10.74],"rotation":{"angle":-22.5,"axis":"z","origin":[8,13.12194,9.5]},"faces":{"north":{"uv":[12.5,12.5,12.875,13.0625],"texture":"#0"},"east":{"uv":[8.75,10,9.375,10.5625],"texture":"#0"},"south":{"uv":[12.75,3.25,13.125,3.8125],"texture":"#0"},"west":{"uv":[10,9.5,10.625,10.0625],"texture":"#0"},"up":{"uv":[11,11.75,11.375,12.375],"rotation":180,"texture":"#0"},"down":{"uv":[11.75,12.125,12.125,11.5],"rotation":180,"texture":"#0"}}},{"from":[7.08912,14.03043,8.256],"to":[10.49688,15.47043,10.744],"rotation":{"angle":-45,"axis":"z","origin":[8,13.12194,9.5]},"faces":{"north":{"uv":[5,9.5,5.375,10.375],"rotation":90,"texture":"#0"},"east":{"uv":[12.375,4.25,12,4.875],"rotation":270,"texture":"#0"},"south":{"uv":[2,10.25,2.375,11.125],"rotation":270,"texture":"#0"},"west":{"uv":[12.375,3.875,12,3.25],"rotation":270,"texture":"#0"},"up":{"uv":[9.625,4.375,9,3.5],"rotation":90,"texture":"#0"},"down":{"uv":[0.625,10.125,0,9.25],"rotation":90,"texture":"#0"}}},{"from":[5.64912,10.62483,8.256],"to":[7.08912,15.47043,10.744],"rotation":{"angle":-45,"axis":"z","origin":[8,13.12194,9.5]},"faces":{"north":{"uv":[9.25,8.5,9.625,9.7625],"texture":"#0"},"east":{"uv":[8,2.5,8.625,3.76563],"texture":"#0"},"south":{"uv":[9.625,8.5,9.25,9.7625],"texture":"#0"},"west":{"uv":[8,3.95,8.625,5.1875],"texture":"#0"},"up":{"uv":[5,12,5.375,12.625],"rotation":180,"texture":"#0"},"down":{"uv":[1.75,12.875,2.125,12.25],"rotation":180,"texture":"#0"}}},{"from":[6.23356,9.51649,4.456],"to":[7.67356,11.67649,7.044],"rotation":{"angle":-22.5,"axis":"z","origin":[8,10.57278,5.75]},"faces":{"north":{"uv":[5,13.54688,5.375,13],"rotation":180,"texture":"#0"},"east":{"uv":[10.5,0.54688,11.125,0],"rotation":180,"texture":"#0"},"south":{"uv":[13,6.79688,13.375,6.25],"rotation":180,"texture":"#0"},"west":{"uv":[0,11.0625,0.625,10.5],"rotation":180,"texture":"#0"},"up":{"uv":[12.875,7.25,12.5,7.875],"rotation":180,"texture":"#0"},"down":{"uv":[12.875,8.875,12.5,8.25],"rotation":180,"texture":"#0"}}},{"from":[6.03112,10.22436,4.46],"to":[7.47112,12.22436,7.04],"rotation":{"angle":45,"axis":"z","origin":[8,10.57278,5.75]},"faces":{"north":{"uv":[13.25,7.75,13.625,7.25],"rotation":180,"texture":"#0"},"east":{"uv":[11,6.75,11.625,6.25],"rotation":180,"texture":"#0"},"south":{"uv":[8,13.75,8.375,13.25],"rotation":180,"texture":"#0"},"west":{"uv":[11,4,11.625,3.5],"rotation":180,"texture":"#0"},"up":{"uv":[12.875,5.25,12.5,5.875],"rotation":180,"texture":"#0"},"down":{"uv":[7.625,13.125,7.25,12.5],"rotation":180,"texture":"#0"}}},{"from":[8.32644,9.51649,4.456],"to":[9.76644,11.67649,7.044],"rotation":{"angle":22.5,"axis":"z","origin":[8,10.57278,5.75]},"faces":{"north":{"uv":[5.375,13.54688,5,13],"rotation":180,"texture":"#0"},"east":{"uv":[0.625,11.0625,0,10.5],"rotation":180,"texture":"#0"},"south":{"uv":[13.375,6.79688,13,6.25],"rotation":180,"texture":"#0"},"west":{"uv":[11.125,0.54688,10.5,0],"rotation":180,"texture":"#0"},"up":{"uv":[12.5,7.25,12.875,7.875],"rotation":180,"texture":"#0"},"down":{"uv":[12.5,8.875,12.875,8.25],"rotation":180,"texture":"#0"}}},{"from":[7.65158,8.6039,4.46],"to":[9.65158,10.0439,7.04],"rotation":{"angle":45,"axis":"z","origin":[8,10.57278,5.75]},"faces":{"north":{"uv":[13.25,7.25,13.625,7.75],"rotation":270,"texture":"#0"},"east":{"uv":[12.5,5.25,12.875,5.875],"rotation":270,"texture":"#0"},"south":{"uv":[8,13.25,8.375,13.75],"rotation":90,"texture":"#0"},"west":{"uv":[7.25,13.125,7.625,12.5],"rotation":270,"texture":"#0"},"up":{"uv":[11.625,6.75,11,6.25],"rotation":270,"texture":"#0"},"down":{"uv":[11.625,4,11,3.5],"rotation":270,"texture":"#0"}}},{"from":[6.78379,6.36815,1.015],"to":[7.74379,8.52815,3.485],"rotation":{"angle":-22.5,"axis":"z","origin":[8,7.93245,2.25]},"faces":{"north":{"uv":[5.75,13.5,6,14.0625],"rotation":180,"texture":"#0"},"east":{"uv":[10.5,7,11.125,7.5625],"rotation":180,"texture":"#0"},"south":{"uv":[6.25,13.5,6.5,14.0625],"rotation":180,"texture":"#0"},"west":{"uv":[10.5,1,11.125,1.5625],"rotation":180,"texture":"#0"},"up":{"uv":[8.75,13.875,9,13.25],"texture":"#0"},"down":{"uv":[13.25,8,13.5,8.625],"texture":"#0"}}},{"from":[8.25621,6.36815,1.015],"to":[9.21621,8.52815,3.485],"rotation":{"angle":22.5,"axis":"z","origin":[8,7.93245,2.25]},"faces":{"north":{"uv":[6,13.5,5.75,14.0625],"rotation":180,"texture":"#0"},"east":{"uv":[11.125,1,10.5,1.5625],"rotation":180,"texture":"#0"},"south":{"uv":[6.5,13.5,6.25,14.0625],"rotation":180,"texture":"#0"},"west":{"uv":[11.125,7,10.5,7.5625],"rotation":180,"texture":"#0"},"up":{"uv":[9,13.875,8.75,13.25],"texture":"#0"},"down":{"uv":[13.5,8,13.25,8.625],"texture":"#0"}}},{"from":[7.085,6.0218,1.01],"to":[8.525,7.4918,3.49],"rotation":{"angle":45,"axis":"z","origin":[8,7.93245,2.25]},"faces":{"north":{"uv":[13.5,3.375,13.875,3],"texture":"#0"},"east":{"uv":[9,12.875,9.625,12.5],"texture":"#0"},"south":{"uv":[13.5,4.125,13.875,3.75],"texture":"#0"},"west":{"uv":[12.5,9.625,13.125,9.25],"texture":"#0"},"up":{"uv":[11.75,12.5,12.125,13.125],"rotation":180,"texture":"#0"},"down":{"uv":[12.5,12.125,12.875,11.5],"rotation":180,"texture":"#0"}}},{"from":[6.08936,7.01744,1.01],"to":[7.55936,8.45744,3.49],"rotation":{"angle":45,"axis":"z","origin":[8,7.93245,2.25]},"faces":{"north":{"uv":[13.875,3.375,13.5,3],"rotation":270,"texture":"#0"},"east":{"uv":[11.75,13.125,12.125,12.5],"rotation":90,"texture":"#0"},"south":{"uv":[13.875,4.125,13.5,3.75],"rotation":90,"texture":"#0"},"west":{"uv":[12.5,11.5,12.875,12.125],"rotation":90,"texture":"#0"},"up":{"uv":[9,12.5,9.625,12.875],"rotation":270,"texture":"#0"},"down":{"uv":[12.5,9.25,13.125,9.625],"rotation":270,"texture":"#0"}}},{"from":[5.28262,8.32702,8.306],"to":[6.72262,10.48702,10.694],"rotation":{"angle":-22.5,"axis":"z","origin":[8,13.12194,9.5]},"faces":{"north":{"uv":[11,12.75,11.375,13.275],"rotation":180,"texture":"#0"},"east":{"uv":[10.25,4.5,10.875,5.0625],"rotation":180,"texture":"#0"},"south":{"uv":[11.375,12.75,11,13.275],"rotation":180,"texture":"#0"},"west":{"uv":[1,10.25,1.625,10.8125],"rotation":180,"texture":"#0"},"up":{"uv":[12.5,1.625,12.875,1],"texture":"#0"},"down":{"uv":[0.75,12.5,1.125,13.125],"texture":"#0"}}},{"from":[4.0573,10.6045,8.31],"to":[6.4573,12.0445,10.69],"rotation":{"angle":0,"axis":"y","origin":[8,13.12194,9.5]},"faces":{"north":{"uv":[8.625,12.875,8.25,12.25],"rotation":270,"texture":"#0"},"east":{"uv":[12.5,0.625,12.875,0],"rotation":90,"texture":"#0"},"south":{"uv":[10.625,12.875,10.25,12.25],"rotation":90,"texture":"#0"},"west":{"uv":[0,12.5,0.375,13.125],"rotation":90,"texture":"#0"},"up":{"uv":[10,3.5,10.625,4.125],"rotation":270,"texture":"#0"},"down":{"uv":[10,8.5,10.625,9.125],"rotation":270,"texture":"#0"}}},{"from":[9.27738,8.32702,8.306],"to":[10.71738,10.48702,10.694],"rotation":{"angle":22.5,"axis":"z","origin":[8,13.12194,9.5]},"faces":{"north":{"uv":[11.375,12.75,11,13.275],"rotation":180,"texture":"#0"},"east":{"uv":[1.625,10.25,1,10.8125],"rotation":180,"texture":"#0"},"south":{"uv":[11,12.75,11.375,13.275],"rotation":180,"texture":"#0"},"west":{"uv":[10.875,4.5,10.25,5.0625],"rotation":180,"texture":"#0"},"up":{"uv":[12.875,1.625,12.5,1],"texture":"#0"},"down":{"uv":[1.125,12.5,0.75,13.125],"texture":"#0"}}},{"from":[9.5427,10.6045,8.31],"to":[11.9427,12.0445,10.69],"rotation":{"angle":0,"axis":"y","origin":[8,13.12194,9.5]},"faces":{"north":{"uv":[8.625,12.25,8.25,12.875],"rotation":270,"texture":"#0"},"east":{"uv":[0,13.125,0.375,12.5],"rotation":90,"texture":"#0"},"south":{"uv":[10.625,12.25,10.25,12.875],"rotation":90,"texture":"#0"},"west":{"uv":[12.5,0,12.875,0.625],"rotation":90,"texture":"#0"},"up":{"uv":[10,4.125,10.625,3.5],"rotation":270,"texture":"#0"},"down":{"uv":[10,9.125,10.625,8.5],"rotation":270,"texture":"#0"}}},{"from":[4.79332,12.17827,8.26],"to":[6.23332,14.33827,10.74],"rotation":{"angle":22.5,"axis":"z","origin":[8,13.12194,9.5]},"faces":{"north":{"uv":[12.875,12.5,12.5,13.0625],"texture":"#0"},"east":{"uv":[10.625,9.5,10,10.0625],"texture":"#0"},"south":{"uv":[13.125,3.25,12.75,3.8125],"texture":"#0"},"west":{"uv":[9.375,10,8.75,10.5625],"texture":"#0"},"up":{"uv":[11.375,11.75,11,12.375],"rotation":180,"texture":"#0"},"down":{"uv":[12.125,12.125,11.75,11.5],"rotation":180,"texture":"#0"}}},{"from":[6.39982,10.1872,8.256],"to":[7.83982,11.6272,10.744],"rotation":{"angle":-22.5,"axis":"z","origin":[8,13.12194,9.5]},"faces":{"north":{"uv":[0.375,13.5,0,13.875],"texture":"#0"},"east":{"uv":[7.875,11.75,7.25,12.125],"texture":"#0"},"south":{"uv":[1.125,13.5,0.75,13.875],"texture":"#0"},"west":{"uv":[12.125,5.5,11.5,5.875],"texture":"#0"},"up":{"uv":[12.125,8,11.75,8.625],"rotation":180,"texture":"#0"},"down":{"uv":[12.125,9.625,11.75,9],"rotation":180,"texture":"#0"}}},{"from":[6.23556,11.7565,8.26],"to":[7.25156,13.1965,10.74],"rotation":{"angle":22.5,"axis":"z","origin":[8,13.12194,9.5]},"faces":{"north":{"uv":[9.25,4.75,9,5.125],"texture":"#0"},"east":{"uv":[12.375,10.75,11.75,11.125],"texture":"#0"},"south":{"uv":[7.75,13.5,7.5,13.875],"texture":"#0"},"west":{"uv":[12.375,10,11.75,10.375],"texture":"#0"},"up":{"uv":[2.5,9.25,2.25,9.875],"rotation":180,"texture":"#0"},"down":{"uv":[2.5,13.875,2.25,13.25],"rotation":180,"texture":"#0"}}},{"from":[8.03533,7.96776,1.01],"to":[9.33533,9.26776,3.49],"rotation":{"angle":45,"axis":"z","origin":[8,7.93245,2.25]},"faces":{"north":{"uv":[13.8125,4.8125,13.5,4.5],"texture":"#0"},"east":{"uv":[13.875,1.0625,13.25,0.75],"texture":"#0"},"south":{"uv":[7.0625,13.8125,6.75,13.5],"texture":"#0"},"west":{"uv":[13.875,0.3125,13.25,0],"texture":"#0"},"up":{"uv":[13.5625,5.25,13.25,5.875],"rotation":180,"texture":"#0"},"down":{"uv":[1.8125,13.875,1.5,13.25],"rotation":180,"texture":"#0"}}},{"from":[4.51385,6.6224,1.75],"to":[8.51385,10.6224,2.75],"rotation":{"angle":22.5,"axis":"z","origin":[8,7.93245,2.25]},"faces":{"north":{"uv":[8.25,8.5,7.25,7.5],"rotation":90,"texture":"#0"},"south":{"uv":[7.25,8.5,8.25,7.5],"rotation":270,"texture":"#0"}}},{"from":[7.48615,6.6224,1.75],"to":[11.48615,10.6224,2.75],"rotation":{"angle":-22.5,"axis":"z","origin":[8,7.93245,2.25]},"faces":{"north":{"uv":[8.25,7.5,7.25,8.5],"rotation":90,"texture":"#0"},"south":{"uv":[7.25,7.5,8.25,8.5],"rotation":270,"texture":"#0"}}},{"from":[2.32012,13.83549,8.01],"to":[3.76012,15.83549,10.99],"rotation":{"angle":45,"axis":"z","origin":[6,11.12194,9.5]},"faces":{"north":{"uv":[13.625,7.25,13.25,7.75],"texture":"#0"},"east":{"uv":[11.625,6.25,11,6.75],"texture":"#0"},"south":{"uv":[8.375,13.25,8,13.75],"texture":"#0"},"west":{"uv":[11.625,3.5,11,4],"texture":"#0"},"up":{"uv":[12.875,5.25,12.5,5.875],"rotation":180,"texture":"#0"},"down":{"uv":[7.625,13.125,7.25,12.5],"rotation":180,"texture":"#0"}}},{"from":[0.7499,9.65664,8.006],"to":[2.1899,11.81664,10.994],"rotation":{"angle":-22.5,"axis":"z","origin":[6,11.12194,9.5]},"faces":{"north":{"uv":[5.375,13,5,13.54688],"texture":"#0"},"east":{"uv":[11.125,0,10.5,0.54688],"texture":"#0"},"south":{"uv":[13.375,6.25,13,6.79688],"texture":"#0"},"west":{"uv":[0.625,10.5,0,11.0625],"texture":"#0"},"up":{"uv":[12.875,7.25,12.5,7.875],"rotation":180,"texture":"#0"},"down":{"uv":[12.875,8.875,12.5,8.25],"rotation":180,"texture":"#0"}}},{"from":[1.09443,13.21305,9],"to":[5.09443,17.21305,10],"rotation":{"angle":22.5,"axis":"z","origin":[6,11.12194,9.5]},"faces":{"north":{"uv":[8.25,8.5,7.25,7.5],"rotation":90,"texture":"#0"},"south":{"uv":[7.25,8.5,8.25,7.5],"rotation":270,"texture":"#0"}}},{"from":[12.23988,13.83549,8.01],"to":[13.67988,15.83549,10.99],"rotation":{"angle":-45,"axis":"z","origin":[10,11.12194,9.5]},"faces":{"north":{"uv":[13.25,7.25,13.625,7.75],"texture":"#0"},"east":{"uv":[11,3.5,11.625,4],"texture":"#0"},"south":{"uv":[8,13.25,8.375,13.75],"texture":"#0"},"west":{"uv":[11,6.25,11.625,6.75],"texture":"#0"},"up":{"uv":[12.5,5.25,12.875,5.875],"rotation":180,"texture":"#0"},"down":{"uv":[7.25,13.125,7.625,12.5],"rotation":180,"texture":"#0"}}},{"from":[13.8101,9.65664,8.006],"to":[15.2501,11.81664,10.994],"rotation":{"angle":22.5,"axis":"z","origin":[10,11.12194,9.5]},"faces":{"north":{"uv":[5,13,5.375,13.54688],"texture":"#0"},"east":{"uv":[0,10.5,0.625,11.0625],"texture":"#0"},"south":{"uv":[13,6.25,13.375,6.79688],"texture":"#0"},"west":{"uv":[10.5,0,11.125,0.54688],"texture":"#0"},"up":{"uv":[12.5,7.25,12.875,7.875],"rotation":180,"texture":"#0"},"down":{"uv":[12.5,8.875,12.875,8.25],"rotation":180,"texture":"#0"}}},{"from":[10.90557,13.21305,9],"to":[14.90557,17.21305,10],"rotation":{"angle":-22.5,"axis":"z","origin":[10,11.12194,9.5]},"faces":{"north":{"uv":[8.25,7.5,7.25,8.5],"rotation":90,"texture":"#0"},"south":{"uv":[7.25,7.5,8.25,8.5],"rotation":270,"texture":"#0"}}}],"gui_light":"front","display":{"thirdperson_righthand":{"rotation":[53.5,0,0],"translation":[0,2.5,2],"scale":[0.55,0.55,0.55]},"thirdperson_lefthand":{"rotation":[53.5,0,0],"translation":[0,2.5,2],"scale":[0.55,0.55,0.55]},"firstperson_righthand":{"translation":[1.5,2.25,0],"scale":[0.31,0.31,0.31]},"firstperson_lefthand":{"translation":[1.5,2.25,0],"scale":[0.31,0.31,0.31]},"ground":{"translation":[0,4,0],"scale":[0.8,0.8,0.8]},"gui":{"rotation":[-170.75,17.5,-180],"translation":[0,-0.5,0],"scale":[0.68,0.68,0.68]},"head":{"translation":[0,-21.75,0],"scale":[2.47,2.47,2.47]},"fixed":{"rotation":[-90,0,0],"translation":[0,0,-30],"scale":[4,4,4]}},"groups":[{"name":"chest","origin":[7.5,6,7.57323],"color":0,"children":[{"name":"crystal","origin":[8,6.8873,7.75726],"color":0,"children":[0,1]},2,3,4,5,6,7,8,9,10,11,12,13,14,15,16,17,18,19,20,21,22,23,24,25,26,27,28,29,30,31,32,33,34,35,36,37,38,39,40,41,42,43,44,45,46,47,48,49,50,51,52]}],"USER":"{{USER}}","NONCE":"{{NONCE}}","TIMESTAMP":"{{TIMESTAMP}}","RESOURCE":"{{RESOURCE}}","MCMODELS":"{{MCMODELS}}","mcmodels":"fe7cf077fa8f9f50bbae311c44cd3769"}