{"credit":"Made with Blockbench","textures":{"0":"aetherburn_pack:texture","1":"aetherburn_pack:fire","2":"aetherburn_pack:crystal","particle":"aetherburn_pack:texture"},"elements":[{"from":[6.956,2.59254,7.62142],"to":[9.044,7.43814,9.06142],"rotation":{"angle":0,"axis":"x","origin":[8,8.07791,6.73637]},"faces":{"north":{"uv":[8.625,3.76563,8,2.5],"texture":"#0"},"east":{"uv":[9.625,9.7625,9.25,8.5],"texture":"#0"},"south":{"uv":[8.625,5.1875,8,3.95],"texture":"#0"},"west":{"uv":[9.25,9.7625,9.625,8.5],"texture":"#0"},"up":{"uv":[2.125,12.25,1.75,12.875],"rotation":270,"texture":"#0"},"down":{"uv":[5.375,12.625,5,12],"rotation":90,"texture":"#0"}}},{"from":[6.51,-1.31741,3.95298],"to":[9.49,0.68259,5.39298],"rotation":{"angle":0,"axis":"y","origin":[8,0.37768,3.89806]},"faces":{"north":{"uv":[11,6.25,11.625,6.75],"texture":"#0"},"east":{"uv":[13.25,7.25,13.625,7.75],"texture":"#0"},"south":{"uv":[11,3.5,11.625,4],"texture":"#0"},"west":{"uv":[8,13.25,8.375,13.75],"texture":"#0"},"up":{"uv":[12.875,5.875,12.5,5.25],"rotation":90,"texture":"#0"},"down":{"uv":[7.625,12.5,7.25,13.125],"rotation":270,"texture":"#0"}}},{"from":[6.506,-0.72141,2.87183],"to":[9.494,0.71859,5.03183],"rotation":{"angle":22.5,"axis":"x","origin":[8,0.37768,3.89806]},"faces":{"north":{"uv":[12.875,7.875,12.5,7.25],"rotation":270,"texture":"#0"},"east":{"uv":[5,13,5.375,13.54688],"rotation":90,"texture":"#0"},"south":{"uv":[12.875,8.25,12.5,8.875],"rotation":270,"texture":"#0"},"west":{"uv":[13,6.25,13.375,6.79688],"rotation":270,"texture":"#0"},"up":{"uv":[0,10.5,0.625,11.0625],"texture":"#0"},"down":{"uv":[10.5,0,11.125,0.54688],"rotation":180,"texture":"#0"}}},{"from":[6.506,10.56866,6.03228],"to":[9.494,12.72866,7.47228],"rotation":{"angle":45,"axis":"x","origin":[8,12.11274,6.73555]},"faces":{"north":{"uv":[0,10.5,0.625,11.0625],"rotation":180,"texture":"#0"},"east":{"uv":[5,13,5.375,13.54688],"rotation":180,"texture":"#0"},"south":{"uv":[10.5,0,11.125,0.54688],"rotation":180,"texture":"#0"},"west":{"uv":[13,6.25,13.375,6.79688],"rotation":180,"texture":"#0"},"up":{"uv":[12.875,8.25,12.5,8.875],"rotation":270,"texture":"#0"},"down":{"uv":[12.875,7.875,12.5,7.25],"rotation":90,"texture":"#0"}}},{"from":[6.51,11.8279,5.89768],"to":[9.49,13.2679,7.89768],"rotation":{"angle":22.5,"axis":"x","origin":[8,12.11274,6.73555]},"faces":{"north":{"uv":[12.5,5.25,12.875,5.875],"rotation":90,"texture":"#0"},"east":{"uv":[13.625,7.75,13.25,7.25],"rotation":270,"texture":"#0"},"south":{"uv":[7.25,13.125,7.625,12.5],"rotation":90,"texture":"#0"},"west":{"uv":[8.375,13.75,8,13.25],"rotation":90,"texture":"#0"},"up":{"uv":[11.625,4,11,3.5],"rotation":180,"texture":"#0"},"down":{"uv":[11.625,6.75,11,6.25],"texture":"#0"}}},{"from":[6.96,6.93661,6.96927],"to":[9.04,8.37661,9.12927],"rotation":{"angle":22.5,"axis":"x","origin":[8,8.07791,6.73637]},"faces":{"north":{"uv":[11.75,11.5,12.125,12.125],"rotation":90,"texture":"#0"},"east":{"uv":[12.5,13.0625,12.875,12.5],"rotation":90,"texture":"#0"},"south":{"uv":[11,12.375,11.375,11.75],"rotation":90,"texture":"#0"},"west":{"uv":[12.75,3.8125,13.125,3.25],"rotation":270,"texture":"#0"},"up":{"uv":[8.75,10.5625,9.375,10],"texture":"#0"},"down":{"uv":[10,10.0625,10.625,9.5],"rotation":180,"texture":"#0"}}},{"from":[6.956,6.68443,5.67226],"to":[9.044,8.12443,7.11226],"rotation":{"angle":-22.5,"axis":"x","origin":[8,8.07791,6.73637]},"faces":{"north":{"uv":[7.25,12.125,7.875,11.75],"texture":"#0"},"east":{"uv":[0,13.875,0.375,13.5],"texture":"#0"},"south":{"uv":[11.5,5.875,12.125,5.5],"texture":"#0"},"west":{"uv":[0.75,13.875,1.125,13.5],"texture":"#0"},"up":{"uv":[11.75,9,12.125,9.625],"rotation":270,"texture":"#0"},"down":{"uv":[11.75,8.625,12.125,8],"rotation":90,"texture":"#0"}}},{"from":[7.006,15.18443,2.27226],"to":[8.994,16.62443,3.71226],"rotation":{"angle":-22.5,"axis":"x","origin":[7.95,16.57791,3.33637]},"faces":{"north":{"uv":[7.25,12.125,7.875,11.75],"texture":"#0"},"east":{"uv":[0,13.875,0.375,13.5],"texture":"#0"},"south":{"uv":[11.5,5.875,12.125,5.5],"texture":"#0"},"west":{"uv":[0.75,13.875,1.125,13.5],"texture":"#0"},"up":{"uv":[11.75,9,12.125,9.625],"rotation":270,"texture":"#0"},"down":{"uv":[11.75,8.625,12.125,8],"rotation":90,"texture":"#0"}}},{"from":[7.01,15.43661,3.56927],"to":[8.99,16.87661,5.72927],"rotation":{"angle":22.5,"axis":"x","origin":[7.95,16.57791,3.33637]},"faces":{"north":{"uv":[11.75,11.5,12.125,12.125],"rotation":90,"texture":"#0"},"east":{"uv":[12.5,13.0625,12.875,12.5],"rotation":90,"texture":"#0"},"south":{"uv":[11,12.375,11.375,11.75],"rotation":90,"texture":"#0"},"west":{"uv":[12.75,3.8125,13.125,3.25],"rotation":270,"texture":"#0"},"up":{"uv":[8.75,10.5625,9.375,10],"texture":"#0"},"down":{"uv":[10,10.0625,10.625,9.5],"rotation":180,"texture":"#0"}}},{"from":[7.006,11.09254,4.22142],"to":[8.994,15.93814,5.66142],"rotation":{"angle":0,"axis":"x","origin":[7.95,16.57791,3.33637]},"faces":{"north":{"uv":[8.625,3.76563,8,2.5],"texture":"#0"},"east":{"uv":[9.625,9.7625,9.25,8.5],"texture":"#0"},"south":{"uv":[8.625,5.1875,8,3.95],"texture":"#0"},"west":{"uv":[9.25,9.7625,9.625,8.5],"texture":"#0"},"up":{"uv":[2.125,12.25,1.75,12.875],"rotation":270,"texture":"#0"},"down":{"uv":[5.375,12.625,5,12],"rotation":90,"texture":"#0"}}},{"from":[7.01,7.38425,6.41878],"to":[8.99,9.78425,7.85878],"rotation":{"angle":45,"axis":"x","origin":[8,8.07791,6.73637]},"faces":{"north":{"uv":[10.625,9.125,10,8.5],"rotation":180,"texture":"#0"},"east":{"uv":[8.25,12.25,8.625,12.875],"texture":"#0"},"south":{"uv":[10.625,4.125,10,3.5],"rotation":180,"texture":"#0"},"west":{"uv":[10.25,12.25,10.625,12.875],"texture":"#0"},"up":{"uv":[0.375,13.125,0,12.5],"rotation":90,"texture":"#0"},"down":{"uv":[12.875,0,12.5,0.625],"rotation":270,"texture":"#0"}}},{"from":[7.006,7.82461,6.78946],"to":[8.994,9.98461,8.22946],"rotation":{"angle":-22.5,"axis":"x","origin":[8,8.07791,6.73637]},"faces":{"north":{"uv":[10.875,5.0625,10.25,4.5],"rotation":180,"texture":"#0"},"east":{"uv":[11.375,13.275,11,12.75],"rotation":180,"texture":"#0"},"south":{"uv":[1.625,10.8125,1,10.25],"rotation":180,"texture":"#0"},"west":{"uv":[11,13.275,11.375,12.75],"rotation":180,"texture":"#0"},"up":{"uv":[1.125,13.125,0.75,12.5],"rotation":90,"texture":"#0"},"down":{"uv":[12.875,1,12.5,1.625],"rotation":270,"texture":"#0"}}},{"from":[8,0.65,1.7],"to":[8,16.05,7.8],"rotation":{"angle":0,"axis":"y","origin":[8,8.35,4.375]},"faces":{"east":{"uv":[14.375,0,16,4.0625],"texture":"#0"},"west":{"uv":[16,0,14.375,4.0625],"texture":"#0"}}},{"from":[7.056,8.15175,3.62966],"to":[8.944,9.59175,5.06966],"rotation":{"angle":45,"axis":"x","origin":[7.9,8.07791,6.73637]},"faces":{"north":{"uv":[2.375,11.5,1.75,11.875],"rotation":180,"texture":"#0"},"east":{"uv":[13.25,12.875,13.625,12.5],"texture":"#0"},"south":{"uv":[12.125,1.5,11.5,1.875],"rotation":180,"texture":"#0"},"west":{"uv":[13.25,13.625,13.625,13.25],"texture":"#0"},"up":{"uv":[11.5,7,11.875,7.625],"rotation":270,"texture":"#0"},"down":{"uv":[11.5,2.875,11.875,2.25],"rotation":90,"texture":"#0"}}},{"from":[7.06,8.78395,5.22479],"to":[8.94,10.22395,6.24079],"rotation":{"angle":22.5,"axis":"x","origin":[7.9,8.07791,6.73637]},"faces":{"north":{"uv":[12.375,10.75,11.75,11.125],"rotation":180,"texture":"#0"},"east":{"uv":[9,5.125,9.25,4.75],"texture":"#0"},"south":{"uv":[12.375,10,11.75,10.375],"rotation":180,"texture":"#0"},"west":{"uv":[7.5,13.875,7.75,13.5],"texture":"#0"},"up":{"uv":[2.25,13.25,2.5,13.875],"rotation":270,"texture":"#0"},"down":{"uv":[2.25,9.875,2.5,9.25],"rotation":90,"texture":"#0"}}},{"from":[7.06,10.97639,5.6157],"to":[8.94,11.99239,7.0557],"rotation":{"angle":-22.5,"axis":"x","origin":[7.9,8.07791,6.73637]},"faces":{"north":{"uv":[2.5,9.875,2.25,9.25],"rotation":270,"texture":"#0"},"east":{"uv":[9.25,5.125,9,4.75],"rotation":270,"texture":"#0"},"south":{"uv":[2.5,13.25,2.25,13.875],"rotation":270,"texture":"#0"},"west":{"uv":[7.75,13.875,7.5,13.5],"rotation":90,"texture":"#0"},"up":{"uv":[11.75,10,12.375,10.375],"texture":"#0"},"down":{"uv":[11.75,10.75,12.375,11.125],"rotation":180,"texture":"#0"}}},{"from":[7.3,-6.91215,7.3],"to":[8.7,-2.21215,8.7],"rotation":{"angle":0,"axis":"y","origin":[8,0.33214,8]},"faces":{"north":{"uv":[5.375,10.5625,5,11.875],"texture":"#0"},"east":{"uv":[5.375,10.5625,5,11.875],"texture":"#0"},"south":{"uv":[5.375,10.5625,5,11.875],"texture":"#0"},"west":{"uv":[5.375,10.5625,5,11.875],"texture":"#0"},"up":{"uv":[9.25,13.625,9.625,13.25],"rotation":90,"texture":"#0"},"down":{"uv":[10,13.25,10.375,13.625],"rotation":270,"texture":"#0"}}},{"from":[7.2,-7.66215,7.2],"to":[8.8,-1.26215,8.8],"rotation":{"angle":0,"axis":"y","origin":[8,0.33214,8]},"faces":{"north":{"uv":[8.375,5.5,8,7.125],"texture":"#0"},"east":{"uv":[5.375,7.5,5,9.125],"texture":"#0"},"south":{"uv":[9.125,5.5,8.75,7.125],"texture":"#0"},"west":{"uv":[8.875,7.5,8.5,9.125],"texture":"#0"},"up":{"uv":[13.25,11.375,13.625,11],"rotation":90,"texture":"#0"},"down":{"uv":[13.25,11.75,13.625,12.125],"rotation":270,"texture":"#0"}}},{"from":[6.756,-1.78558,7.28],"to":[9.244,-0.34558,8.72],"rotation":{"angle":0,"axis":"y","origin":[8,-4.91786,8]},"faces":{"north":{"uv":[12.125,1.5,11.5,1.875],"texture":"#0"},"east":{"uv":[13.625,12.5,13.25,12.875],"texture":"#0"},"south":{"uv":[2.375,11.5,1.75,11.875],"texture":"#0"},"west":{"uv":[13.625,13.25,13.25,13.625],"texture":"#0"},"up":{"uv":[11.5,2.875,11.875,2.25],"rotation":90,"texture":"#0"},"down":{"uv":[11.5,7,11.875,7.625],"rotation":270,"texture":"#0"}}},{"from":[6.756,-3.1774,4.56684],"to":[9.244,-1.7374,6.00684],"rotation":{"angle":22.5,"axis":"x","origin":[8,-4.66786,8]},"faces":{"north":{"uv":[12.125,5.5,11.5,5.875],"texture":"#0"},"east":{"uv":[0.375,13.5,0,13.875],"texture":"#0"},"south":{"uv":[7.875,11.75,7.25,12.125],"texture":"#0"},"west":{"uv":[1.125,13.5,0.75,13.875],"texture":"#0"},"up":{"uv":[11.75,8.625,12.125,8],"rotation":90,"texture":"#0"},"down":{"uv":[11.75,9,12.125,9.625],"rotation":270,"texture":"#0"}}},{"from":[6.76,-1.8581,8.06854],"to":[9.24,-0.4181,9.08454],"rotation":{"angle":-22.5,"axis":"x","origin":[8,-4.91786,8]},"faces":{"north":{"uv":[12.375,10,11.75,10.375],"texture":"#0"},"east":{"uv":[9.25,4.75,9,5.125],"texture":"#0"},"south":{"uv":[12.375,10.75,11.75,11.125],"texture":"#0"},"west":{"uv":[7.75,13.5,7.5,13.875],"texture":"#0"},"up":{"uv":[2.25,9.875,2.5,9.25],"rotation":90,"texture":"#0"},"down":{"uv":[2.25,13.25,2.5,13.875],"rotation":270,"texture":"#0"}}},{"from":[6.76,-1.18633,6.6263],"to":[9.24,0.97367,8.0663],"rotation":{"angle":-22.5,"axis":"x","origin":[8,-4.66786,8]},"faces":{"north":{"uv":[9.375,10,8.75,10.5625],"texture":"#0"},"east":{"uv":[12.875,12.5,12.5,13.0625],"texture":"#0"},"south":{"uv":[10.625,9.5,10,10.0625],"texture":"#0"},"west":{"uv":[13.125,3.25,12.75,3.8125],"texture":"#0"},"up":{"uv":[11,12.375,11.375,11.75],"rotation":90,"texture":"#0"},"down":{"uv":[11.75,11.5,12.125,12.125],"rotation":270,"texture":"#0"}}},{"from":[6.756,-0.37247,8.89002],"to":[9.244,1.06753,12.29778],"rotation":{"angle":-45,"axis":"x","origin":[8,-4.66786,8]},"faces":{"north":{"uv":[12.375,4.875,12,4.25],"rotation":270,"texture":"#0"},"east":{"uv":[5,10.375,5.375,9.5],"rotation":90,"texture":"#0"},"south":{"uv":[12.375,3.25,12,3.875],"rotation":270,"texture":"#0"},"west":{"uv":[2,11.125,2.375,10.25],"rotation":270,"texture":"#0"},"up":{"uv":[9,4.375,9.625,3.5],"texture":"#0"},"down":{"uv":[0,10.125,0.625,9.25],"rotation":180,"texture":"#0"}}},{"from":[6.756,-3.77807,12.29778],"to":[9.244,1.06753,13.73778],"rotation":{"angle":-45,"axis":"x","origin":[8,-4.66786,8]},"faces":{"north":{"uv":[8.625,2.5,8,3.76563],"texture":"#0"},"east":{"uv":[9.625,8.5,9.25,9.7625],"texture":"#0"},"south":{"uv":[8.625,3.95,8,5.1875],"texture":"#0"},"west":{"uv":[9.25,8.5,9.625,9.7625],"texture":"#0"},"up":{"uv":[5,12.625,5.375,12],"rotation":90,"texture":"#0"},"down":{"uv":[1.75,12.25,2.125,12.875],"rotation":270,"texture":"#0"}}},{"from":[6.765,-7.93148,3.60764],"to":[9.235,-5.77148,4.56764],"rotation":{"angle":-22.5,"axis":"x","origin":[8,0.33214,8]},"faces":{"north":{"uv":[11.125,1,10.5,1.5625],"texture":"#0"},"east":{"uv":[6,13.5,5.75,14.0625],"texture":"#0"},"south":{"uv":[11.125,7,10.5,7.5625],"texture":"#0"},"west":{"uv":[6.5,13.5,6.25,14.0625],"texture":"#0"},"up":{"uv":[13.25,8.625,13.5,8],"rotation":90,"texture":"#0"},"down":{"uv":[8.75,13.25,9,13.875],"rotation":270,"texture":"#0"}}},{"from":[6.765,-7.93148,11.43236],"to":[9.235,-5.77148,12.39236],"rotation":{"angle":22.5,"axis":"x","origin":[8,0.33214,8]},"faces":{"north":{"uv":[10.5,7,11.125,7.5625],"texture":"#0"},"east":{"uv":[5.75,13.5,6,14.0625],"texture":"#0"},"south":{"uv":[10.5,1,11.125,1.5625],"texture":"#0"},"west":{"uv":[6.25,13.5,6.5,14.0625],"texture":"#0"},"up":{"uv":[13.5,8.625,13.25,8],"rotation":90,"texture":"#0"},"down":{"uv":[9,13.25,8.75,13.875],"rotation":270,"texture":"#0"}}},{"from":[6.76,-6.06163,2.57187],"to":[9.24,-4.62163,4.04187],"rotation":{"angle":-45,"axis":"x","origin":[8,0.33214,8]},"faces":{"north":{"uv":[11.75,13.125,12.125,12.5],"rotation":270,"texture":"#0"},"east":{"uv":[13.875,3.375,13.5,3],"rotation":90,"texture":"#0"},"south":{"uv":[12.5,11.5,12.875,12.125],"rotation":270,"texture":"#0"},"west":{"uv":[13.875,4.125,13.5,3.75],"rotation":270,"texture":"#0"},"up":{"uv":[13.125,9.625,12.5,9.25],"texture":"#0"},"down":{"uv":[9.625,12.875,9,12.5],"rotation":180,"texture":"#0"}}},{"from":[6.76,-5.09599,1.60623],"to":[9.24,-3.62599,3.04623],"rotation":{"angle":-45,"axis":"x","origin":[8,0.33214,8]},"faces":{"north":{"uv":[9.625,12.5,9,12.875],"texture":"#0"},"east":{"uv":[13.875,3,13.5,3.375],"texture":"#0"},"south":{"uv":[13.125,9.25,12.5,9.625],"texture":"#0"},"west":{"uv":[13.875,3.75,13.5,4.125],"texture":"#0"},"up":{"uv":[12.5,12.125,12.875,11.5],"rotation":90,"texture":"#0"},"down":{"uv":[11.75,12.5,12.125,13.125],"rotation":270,"texture":"#0"}}},{"from":[6.76,-1.18633,7.9337],"to":[9.24,0.97367,9.3737],"rotation":{"angle":22.5,"axis":"x","origin":[8,-4.66786,8]},"faces":{"north":{"uv":[10,9.5,10.625,10.0625],"texture":"#0"},"east":{"uv":[12.5,12.5,12.875,13.0625],"texture":"#0"},"south":{"uv":[8.75,10,9.375,10.5625],"texture":"#0"},"west":{"uv":[12.75,3.25,13.125,3.8125],"texture":"#0"},"up":{"uv":[11.375,12.375,11,11.75],"rotation":90,"texture":"#0"},"down":{"uv":[12.125,11.5,11.75,12.125],"rotation":270,"texture":"#0"}}},{"from":[6.756,-3.1774,9.99316],"to":[9.244,-1.7374,11.43316],"rotation":{"angle":-22.5,"axis":"x","origin":[8,-4.66786,8]},"faces":{"north":{"uv":[7.25,11.75,7.875,12.125],"texture":"#0"},"east":{"uv":[0,13.5,0.375,13.875],"texture":"#0"},"south":{"uv":[11.5,5.5,12.125,5.875],"texture":"#0"},"west":{"uv":[0.75,13.5,1.125,13.875],"texture":"#0"},"up":{"uv":[12.125,8.625,11.75,8],"rotation":90,"texture":"#0"},"down":{"uv":[12.125,9,11.75,9.625],"rotation":270,"texture":"#0"}}},{"from":[6.76,-1.8581,6.91546],"to":[9.24,-0.4181,7.93146],"rotation":{"angle":22.5,"axis":"x","origin":[8,-4.91786,8]},"faces":{"north":{"uv":[11.75,10.75,12.375,11.125],"texture":"#0"},"east":{"uv":[9,4.75,9.25,5.125],"texture":"#0"},"south":{"uv":[11.75,10,12.375,10.375],"texture":"#0"},"west":{"uv":[7.5,13.5,7.75,13.875],"texture":"#0"},"up":{"uv":[2.5,9.875,2.25,9.25],"rotation":90,"texture":"#0"},"down":{"uv":[2.5,13.25,2.25,13.875],"rotation":270,"texture":"#0"}}},{"from":[6.76,-6.90731,0.76055],"to":[9.24,-5.60731,2.06055],"rotation":{"angle":-45,"axis":"x","origin":[8,0.33214,8]},"faces":{"north":{"uv":[13.5625,5.875,13.25,5.25],"rotation":270,"texture":"#0"},"east":{"uv":[13.5,4.8125,13.8125,4.5],"rotation":90,"texture":"#0"},"south":{"uv":[1.8125,13.25,1.5,13.875],"rotation":270,"texture":"#0"},"west":{"uv":[6.75,13.8125,7.0625,13.5],"rotation":270,"texture":"#0"},"up":{"uv":[13.25,0.3125,13.875,0],"texture":"#0"},"down":{"uv":[13.25,1.0625,13.875,0.75],"rotation":180,"texture":"#0"}}},{"from":[8,3.01285,5.01774],"to":[8,12.61285,10.96774],"rotation":{"angle":0,"axis":"x","origin":[8,7.81285,7.99274]},"faces":{"east":{"uv":[0,14.5625,2.3125,16],"rotation":270,"texture":"#0"},"west":{"uv":[2.3125,14.5625,0,16],"rotation":90,"texture":"#0"}}},{"from":[7.5,-10.02573,7.69],"to":[8.5,-6.02573,11.69],"rotation":{"angle":22.5,"axis":"x","origin":[8,0.33214,8]},"faces":{"east":{"uv":[8.25,7.5,7.25,8.5],"rotation":270,"texture":"#0"},"west":{"uv":[7.25,7.5,8.25,8.5],"rotation":90,"texture":"#0"}}},{"from":[7.5,-10.02573,4.31],"to":[8.5,-6.02573,8.31],"rotation":{"angle":-22.5,"axis":"x","origin":[8,0.33214,8]},"faces":{"east":{"uv":[8.25,8.5,7.25,7.5],"rotation":270,"texture":"#0"},"west":{"uv":[7.25,8.5,8.25,7.5],"rotation":90,"texture":"#0"}}},{"from":[7.5,0.59593,8.1361],"to":[8.5,4.59593,12.1361],"rotation":{"angle":22.5,"axis":"x","origin":[8,2.59593,10.1361]},"faces":{"east":{"uv":[8.25,8.5,7.25,7.5],"rotation":90,"texture":"#0"},"west":{"uv":[7.25,8.5,8.25,7.5],"rotation":270,"texture":"#0"}}},{"from":[7.5,10.59593,5.1361],"to":[8.5,14.59593,9.1361],"rotation":{"angle":22.5,"axis":"x","origin":[8,12.59593,7.1361]},"faces":{"east":{"uv":[8.25,8.5,7.25,7.5],"rotation":90,"texture":"#0"},"west":{"uv":[7.25,8.5,8.25,7.5],"rotation":270,"texture":"#0"}}},{"from":[6.125,-2.09297,5.418],"to":[9.875,6.39503,10.582],"rotation":{"angle":0,"axis":"y","origin":[8.00698,-6.66786,8.23337]},"faces":{"east":{"uv":[13.25,0,3.25,16],"texture":"#2"},"west":{"uv":[3.25,0,13.25,16],"texture":"#2"}}},{"from":[7.9,0.0973,0.5],"to":[8.1,11.0973,16.5],"rotation":{"angle":0,"axis":"y","origin":[8,-2.66786,7.50726]},"faces":{"east":{"uv":[16,0,0,11],"texture":"#1"},"west":{"uv":[0,0,16,11],"texture":"#1"}}}],"gui_light":"front","display":{"thirdperson_righthand":{"translation":[0,8.5,1.5],"scale":[0.9,0.9,0.9]},"thirdperson_lefthand":{"translation":[0,8.5,1.5],"scale":[0.9,0.9,0.9]},"firstperson_righthand":{"rotation":[-14.5,0,0],"translation":[14.5,2.5,-13]},"firstperson_lefthand":{"rotation":[-14.5,0,0],"translation":[14.5,2.5,-13]},"ground":{"rotation":[0,0,-32],"translation":[3.5,9.5,0],"scale":[0.73,0.73,0.73]},"gui":{"rotation":[-90,52,90],"translation":[-1.25,2.75,0],"scale":[0.7,0.7,0.7]},"head":{"scale":[0.01,0.01,0.01]},"fixed":{"rotation":[0,-90,0],"translation":[0,11,-1.25],"scale":[2,2,2]}},"groups":[{"name":"fishing","origin":[7.9434,-1.23928,8],"color":0,"children":[{"name":"top","origin":[8,1.33214,5],"color":0,"children":[0,1,2,3,4,5,6,7,8,9,10,11,{"name":"crystal","origin":[8,6.8873,7.75726],"color":0,"children":[]}]},{"name":"down","origin":[8,1.33214,5],"color":0,"children":[{"name":"crystal","origin":[8,6.8873,7.75726],"color":0,"children":[]}]},12,13,14,15,16,17,18,19,20,21,22,23,24,25,26,27,28,29,30,31,32,33,34,35,36,{"name":"crystal","origin":[8,6.8873,7.75726],"color":0,"children":[37,38]}]}],"mcmodels":"fe7cf077fa8f9f50bbae311c44cd3769"}