{"credit":"Made with Blockbench","texture_size":[20,20],"textures":{"0":"aetherburn_pack:texture","1":"aetherburn_pack:fire","2":"aetherburn_pack:crystal","3":"aetherburn_pack:texture1","particle":"aetherburn_pack:texture"},"elements":[{"from":[6.125,5.60497,5.418],"to":[9.875,14.09297,10.582],"rotation":{"angle":0,"axis":"y","origin":[8.00698,18.66786,8.23337]},"faces":{"east":{"uv":[13.25,16,3.25,0],"texture":"#2"},"west":{"uv":[3.25,16,13.25,0],"texture":"#2"}}},{"from":[7.15,2.1527,8],"to":[7.35,13.1527,17],"rotation":{"angle":22.5,"axis":"x","origin":[7.25,6.4027,9]},"faces":{"west":{"uv":[0,11,10.16667,0],"rotation":180,"texture":"#1"}}},{"from":[7.15,2.1527,-1],"to":[7.35,13.1527,8],"rotation":{"angle":-22.5,"axis":"x","origin":[7.25,6.4027,7]},"faces":{"west":{"uv":[10.16667,11,0,0],"rotation":180,"texture":"#1"}}},{"from":[6.956,3.56186,1.93858],"to":[9.044,8.40746,3.37858],"rotation":{"angle":0,"axis":"y","origin":[8,2.92209,4.26363]},"faces":{"north":{"uv":[8,3.95,8.625,5.1875],"texture":"#0"},"east":{"uv":[9.25,8.5,9.625,9.7625],"texture":"#0"},"south":{"uv":[8,2.5,8.625,3.76563],"texture":"#0"},"west":{"uv":[9.625,8.5,9.25,9.7625],"texture":"#0"},"up":{"uv":[5.375,12.625,5,12],"rotation":90,"texture":"#0"},"down":{"uv":[2.125,12.25,1.75,12.875],"rotation":270,"texture":"#0"}}},{"from":[6.96,2.62339,1.87073],"to":[9.04,4.06339,4.03073],"rotation":{"angle":22.5,"axis":"x","origin":[8,2.92209,4.26363]},"faces":{"north":{"uv":[11.375,11.75,11,12.375],"rotation":90,"texture":"#0"},"east":{"uv":[12.875,12.5,12.5,13.0625],"rotation":90,"texture":"#0"},"south":{"uv":[12.125,12.125,11.75,11.5],"rotation":90,"texture":"#0"},"west":{"uv":[13.125,3.25,12.75,3.8125],"rotation":270,"texture":"#0"},"up":{"uv":[10,10.0625,10.625,9.5],"rotation":180,"texture":"#0"},"down":{"uv":[8.75,10.5625,9.375,10],"texture":"#0"}}},{"from":[6.956,2.87557,3.88774],"to":[9.044,4.31557,5.32774],"rotation":{"angle":-22.5,"axis":"x","origin":[8,2.92209,4.26363]},"faces":{"north":{"uv":[12.125,5.5,11.5,5.875],"texture":"#0"},"east":{"uv":[0.375,13.5,0,13.875],"texture":"#0"},"south":{"uv":[7.875,11.75,7.25,12.125],"texture":"#0"},"west":{"uv":[1.125,13.5,0.75,13.875],"texture":"#0"},"up":{"uv":[11.75,8.625,12.125,8],"rotation":90,"texture":"#0"},"down":{"uv":[11.75,9,12.125,9.625],"rotation":270,"texture":"#0"}}},{"from":[7.01,1.21575,3.14122],"to":[8.99,3.61575,4.58122],"rotation":{"angle":45,"axis":"x","origin":[8,2.92209,4.26363]},"faces":{"north":{"uv":[10,3.5,10.625,4.125],"rotation":180,"texture":"#0"},"east":{"uv":[8.625,12.875,8.25,12.25],"texture":"#0"},"south":{"uv":[10,8.5,10.625,9.125],"rotation":180,"texture":"#0"},"west":{"uv":[10.625,12.875,10.25,12.25],"texture":"#0"},"up":{"uv":[12.875,0,12.5,0.625],"rotation":270,"texture":"#0"},"down":{"uv":[0.375,13.125,0,12.5],"rotation":90,"texture":"#0"}}},{"from":[7.006,1.01539,2.77054],"to":[8.994,3.17539,4.21054],"rotation":{"angle":-22.5,"axis":"x","origin":[8,2.92209,4.26363]},"faces":{"north":{"uv":[1,10.25,1.625,10.8125],"rotation":180,"texture":"#0"},"east":{"uv":[11,12.75,11.375,13.275],"rotation":180,"texture":"#0"},"south":{"uv":[10.25,4.5,10.875,5.0625],"rotation":180,"texture":"#0"},"west":{"uv":[11.375,12.75,11,13.275],"rotation":180,"texture":"#0"},"up":{"uv":[12.875,1,12.5,1.625],"rotation":270,"texture":"#0"},"down":{"uv":[1.125,13.125,0.75,12.5],"rotation":90,"texture":"#0"}}},{"from":[7.056,1.40825,5.93034],"to":[8.944,2.84825,7.37034],"rotation":{"angle":45,"axis":"x","origin":[7.9,2.92209,4.26363]},"faces":{"north":{"uv":[11.5,1.875,12.125,1.5],"rotation":180,"texture":"#0"},"east":{"uv":[13.625,12.5,13.25,12.875],"texture":"#0"},"south":{"uv":[1.75,11.875,2.375,11.5],"rotation":180,"texture":"#0"},"west":{"uv":[13.625,13.25,13.25,13.625],"texture":"#0"},"up":{"uv":[11.5,2.875,11.875,2.25],"rotation":90,"texture":"#0"},"down":{"uv":[11.5,7,11.875,7.625],"rotation":270,"texture":"#0"}}},{"from":[7.06,0.77605,4.75921],"to":[8.94,2.21605,5.77521],"rotation":{"angle":22.5,"axis":"x","origin":[7.9,2.92209,4.26363]},"faces":{"north":{"uv":[11.75,10.375,12.375,10],"rotation":180,"texture":"#0"},"east":{"uv":[9.25,4.75,9,5.125],"texture":"#0"},"south":{"uv":[11.75,11.125,12.375,10.75],"rotation":180,"texture":"#0"},"west":{"uv":[7.75,13.5,7.5,13.875],"texture":"#0"},"up":{"uv":[2.25,9.875,2.5,9.25],"rotation":90,"texture":"#0"},"down":{"uv":[2.25,13.25,2.5,13.875],"rotation":270,"texture":"#0"}}},{"from":[6.756,9.68247,-2.73778],"to":[9.244,14.52807,-1.29778],"rotation":{"angle":-45,"axis":"x","origin":[8,15.41786,3]},"faces":{"north":{"uv":[8,5.1875,8.625,3.95],"texture":"#0"},"east":{"uv":[9.25,9.7625,9.625,8.5],"texture":"#0"},"south":{"uv":[8,3.76563,8.625,2.5],"texture":"#0"},"west":{"uv":[9.625,9.7625,9.25,8.5],"texture":"#0"},"up":{"uv":[1.75,12.25,2.125,12.875],"rotation":270,"texture":"#0"},"down":{"uv":[5,12.625,5.375,12],"rotation":90,"texture":"#0"}}},{"from":[6.76,9.77633,1.6263],"to":[9.24,11.93633,3.0663],"rotation":{"angle":22.5,"axis":"x","origin":[8,15.41786,3]},"faces":{"north":{"uv":[9.375,10.5625,8.75,10],"texture":"#0"},"east":{"uv":[12.875,13.0625,12.5,12.5],"texture":"#0"},"south":{"uv":[10.625,10.0625,10,9.5],"texture":"#0"},"west":{"uv":[13.125,3.8125,12.75,3.25],"texture":"#0"},"up":{"uv":[12.125,11.5,11.75,12.125],"rotation":270,"texture":"#0"},"down":{"uv":[11.375,12.375,11,11.75],"rotation":90,"texture":"#0"}}},{"from":[6.756,12.4874,-0.43316],"to":[9.244,13.9274,1.00684],"rotation":{"angle":-22.5,"axis":"x","origin":[8,15.41786,3]},"faces":{"north":{"uv":[12.125,5.875,11.5,5.5],"texture":"#0"},"east":{"uv":[0.375,13.875,0,13.5],"texture":"#0"},"south":{"uv":[7.875,12.125,7.25,11.75],"texture":"#0"},"west":{"uv":[1.125,13.875,0.75,13.5],"texture":"#0"},"up":{"uv":[12.125,9,11.75,9.625],"rotation":270,"texture":"#0"},"down":{"uv":[12.125,8.625,11.75,8],"rotation":90,"texture":"#0"}}},{"from":[8,-1.61285,0.03226],"to":[8,7.98715,5.98226],"rotation":{"angle":0,"axis":"y","origin":[8,3.18715,3.00726]},"faces":{"east":{"uv":[2.3125,16,0,14.5625],"rotation":270,"texture":"#0"},"west":{"uv":[0,16,2.3125,14.5625],"rotation":90,"texture":"#0"}}},{"from":[7.5,4.70407,-0.7861],"to":[8.5,8.70407,3.2139],"rotation":{"angle":0,"axis":"x","origin":[8,6.70407,1.2139]},"faces":{"east":{"uv":[8.25,8.5,7.25,7.5],"rotation":180,"texture":"#0"},"west":{"uv":[7.25,8.5,8.25,7.5],"rotation":180,"texture":"#0"}}},{"from":[7.06,-0.99239,3.9443],"to":[8.94,0.02361,5.3843],"rotation":{"angle":-22.5,"axis":"x","origin":[7.9,2.92209,4.26363]},"faces":{"north":{"uv":[2.25,13.875,2.5,13.25],"rotation":270,"texture":"#0"},"east":{"uv":[9,4.75,9.25,5.125],"rotation":270,"texture":"#0"},"south":{"uv":[2.25,9.25,2.5,9.875],"rotation":270,"texture":"#0"},"west":{"uv":[7.5,13.5,7.75,13.875],"rotation":90,"texture":"#0"},"up":{"uv":[11.75,10.75,12.375,11.125],"rotation":180,"texture":"#0"},"down":{"uv":[11.75,10,12.375,10.375],"texture":"#0"}}},{"from":[7.006,-4.93814,5.33858],"to":[8.994,-0.09254,6.77858],"rotation":{"angle":0,"axis":"y","origin":[7.95,-5.57791,7.66363]},"faces":{"north":{"uv":[8,3.95,8.625,5.1875],"texture":"#0"},"east":{"uv":[9.25,8.5,9.625,9.7625],"texture":"#0"},"south":{"uv":[8,2.5,8.625,3.76563],"texture":"#0"},"west":{"uv":[9.625,8.5,9.25,9.7625],"texture":"#0"},"up":{"uv":[5.375,12.625,5,12],"rotation":90,"texture":"#0"},"down":{"uv":[2.125,12.25,1.75,12.875],"rotation":270,"texture":"#0"}}},{"from":[7.006,-7.09862,6.52877],"to":[8.994,-5.65862,7.96877],"rotation":{"angle":22.5,"axis":"x","origin":[8,-6.10223,6.76149]},"faces":{"north":{"uv":[12.125,5.5,11.5,5.875],"texture":"#0"},"east":{"uv":[0.375,13.5,0,13.875],"texture":"#0"},"south":{"uv":[7.875,11.75,7.25,12.125],"texture":"#0"},"west":{"uv":[1.125,13.5,0.75,13.875],"texture":"#0"},"up":{"uv":[11.75,8.625,12.125,8],"rotation":90,"texture":"#0"},"down":{"uv":[11.75,9,12.125,9.625],"rotation":270,"texture":"#0"}}},{"from":[7.01,-6.64223,5.89237],"to":[8.99,-4.48223,7.33237],"rotation":{"angle":-22.5,"axis":"x","origin":[8,-6.10223,6.76149]},"faces":{"north":{"uv":[8.75,10.5625,9.375,10],"rotation":180,"texture":"#0"},"east":{"uv":[12.875,12.5,12.5,13.0625],"texture":"#0"},"south":{"uv":[10,10.0625,10.625,9.5],"rotation":180,"texture":"#0"},"west":{"uv":[13.125,3.25,12.75,3.8125],"texture":"#0"},"up":{"uv":[11.375,11.75,11,12.375],"rotation":270,"texture":"#0"},"down":{"uv":[12.125,12.125,11.75,11.5],"rotation":90,"texture":"#0"}}},{"from":[8,-6.5,7.73358],"to":[8,11.75,14.73358],"rotation":{"angle":22.5,"axis":"y","origin":[8,2.625,11.23358]},"faces":{"east":{"uv":[0,0,5.6,14.6],"texture":"#3"},"west":{"uv":[5.6,0,0,14.6],"texture":"#3"}}},{"from":[6.956,3.56186,12.62142],"to":[9.044,8.40746,14.06142],"rotation":{"angle":0,"axis":"y","origin":[8,2.92209,11.73637]},"faces":{"north":{"uv":[8.625,2.5,8,3.76563],"texture":"#0"},"east":{"uv":[9.625,8.5,9.25,9.7625],"texture":"#0"},"south":{"uv":[8.625,3.95,8,5.1875],"texture":"#0"},"west":{"uv":[9.25,8.5,9.625,9.7625],"texture":"#0"},"up":{"uv":[5,12.625,5.375,12],"rotation":90,"texture":"#0"},"down":{"uv":[1.75,12.25,2.125,12.875],"rotation":270,"texture":"#0"}}},{"from":[8,-6.5,1.26642],"to":[8,11.75,8.26642],"rotation":{"angle":-22.5,"axis":"y","origin":[8,2.625,4.76642]},"faces":{"east":{"uv":[5.6,0,0,14.6],"texture":"#3"},"west":{"uv":[0,0,5.6,14.6],"texture":"#3"}}},{"from":[6.96,2.62339,11.96927],"to":[9.04,4.06339,14.12927],"rotation":{"angle":-22.5,"axis":"x","origin":[8,2.92209,11.73637]},"faces":{"north":{"uv":[12.125,11.5,11.75,12.125],"rotation":90,"texture":"#0"},"east":{"uv":[12.875,13.0625,12.5,12.5],"rotation":90,"texture":"#0"},"south":{"uv":[11.375,12.375,11,11.75],"rotation":90,"texture":"#0"},"west":{"uv":[13.125,3.8125,12.75,3.25],"rotation":270,"texture":"#0"},"up":{"uv":[10,9.5,10.625,10.0625],"rotation":180,"texture":"#0"},"down":{"uv":[8.75,10,9.375,10.5625],"texture":"#0"}}},{"from":[6.956,2.87557,10.67226],"to":[9.044,4.31557,12.11226],"rotation":{"angle":22.5,"axis":"x","origin":[8,2.92209,11.73637]},"faces":{"north":{"uv":[7.25,11.75,7.875,12.125],"texture":"#0"},"east":{"uv":[0,13.5,0.375,13.875],"texture":"#0"},"south":{"uv":[11.5,5.5,12.125,5.875],"texture":"#0"},"west":{"uv":[0.75,13.5,1.125,13.875],"texture":"#0"},"up":{"uv":[12.125,8.625,11.75,8],"rotation":90,"texture":"#0"},"down":{"uv":[12.125,9,11.75,9.625],"rotation":270,"texture":"#0"}}},{"from":[7.01,1.21575,11.41878],"to":[8.99,3.61575,12.85878],"rotation":{"angle":-45,"axis":"x","origin":[8,2.92209,11.73637]},"faces":{"north":{"uv":[10.625,8.5,10,9.125],"rotation":180,"texture":"#0"},"east":{"uv":[8.25,12.875,8.625,12.25],"texture":"#0"},"south":{"uv":[10.625,3.5,10,4.125],"rotation":180,"texture":"#0"},"west":{"uv":[10.25,12.875,10.625,12.25],"texture":"#0"},"up":{"uv":[12.5,0,12.875,0.625],"rotation":270,"texture":"#0"},"down":{"uv":[0,13.125,0.375,12.5],"rotation":90,"texture":"#0"}}},{"from":[7.006,1.01539,11.78946],"to":[8.994,3.17539,13.22946],"rotation":{"angle":22.5,"axis":"x","origin":[8,2.92209,11.73637]},"faces":{"north":{"uv":[10.875,4.5,10.25,5.0625],"rotation":180,"texture":"#0"},"east":{"uv":[11.375,12.75,11,13.275],"rotation":180,"texture":"#0"},"south":{"uv":[1.625,10.25,1,10.8125],"rotation":180,"texture":"#0"},"west":{"uv":[11,12.75,11.375,13.275],"rotation":180,"texture":"#0"},"up":{"uv":[12.5,1,12.875,1.625],"rotation":270,"texture":"#0"},"down":{"uv":[0.75,13.125,1.125,12.5],"rotation":90,"texture":"#0"}}},{"from":[7.056,1.40825,8.62966],"to":[8.944,2.84825,10.06966],"rotation":{"angle":-45,"axis":"x","origin":[7.9,2.92209,11.73637]},"faces":{"north":{"uv":[2.375,11.875,1.75,11.5],"rotation":180,"texture":"#0"},"east":{"uv":[13.25,12.5,13.625,12.875],"texture":"#0"},"south":{"uv":[12.125,1.875,11.5,1.5],"rotation":180,"texture":"#0"},"west":{"uv":[13.25,13.25,13.625,13.625],"texture":"#0"},"up":{"uv":[11.875,2.875,11.5,2.25],"rotation":90,"texture":"#0"},"down":{"uv":[11.875,7,11.5,7.625],"rotation":270,"texture":"#0"}}},{"from":[7.06,0.77605,10.22479],"to":[8.94,2.21605,11.24079],"rotation":{"angle":-22.5,"axis":"x","origin":[7.9,2.92209,11.73637]},"faces":{"north":{"uv":[12.375,11.125,11.75,10.75],"rotation":180,"texture":"#0"},"east":{"uv":[9,4.75,9.25,5.125],"texture":"#0"},"south":{"uv":[12.375,10.375,11.75,10],"rotation":180,"texture":"#0"},"west":{"uv":[7.5,13.5,7.75,13.875],"texture":"#0"},"up":{"uv":[2.5,9.875,2.25,9.25],"rotation":90,"texture":"#0"},"down":{"uv":[2.5,13.25,2.25,13.875],"rotation":270,"texture":"#0"}}},{"from":[6.756,9.68247,17.29778],"to":[9.244,14.52807,18.73778],"rotation":{"angle":45,"axis":"x","origin":[8,15.41786,13]},"faces":{"north":{"uv":[8.625,3.76563,8,2.5],"texture":"#0"},"east":{"uv":[9.625,9.7625,9.25,8.5],"texture":"#0"},"south":{"uv":[8.625,5.1875,8,3.95],"texture":"#0"},"west":{"uv":[9.25,9.7625,9.625,8.5],"texture":"#0"},"up":{"uv":[2.125,12.25,1.75,12.875],"rotation":270,"texture":"#0"},"down":{"uv":[5.375,12.625,5,12],"rotation":90,"texture":"#0"}}},{"from":[6.76,9.77633,12.9337],"to":[9.24,11.93633,14.3737],"rotation":{"angle":-22.5,"axis":"x","origin":[8,15.41786,13]},"faces":{"north":{"uv":[10,10.0625,10.625,9.5],"texture":"#0"},"east":{"uv":[12.5,13.0625,12.875,12.5],"texture":"#0"},"south":{"uv":[8.75,10.5625,9.375,10],"texture":"#0"},"west":{"uv":[12.75,3.8125,13.125,3.25],"texture":"#0"},"up":{"uv":[11.75,11.5,12.125,12.125],"rotation":270,"texture":"#0"},"down":{"uv":[11,12.375,11.375,11.75],"rotation":90,"texture":"#0"}}},{"from":[6.756,12.4874,14.99316],"to":[9.244,13.9274,16.43316],"rotation":{"angle":22.5,"axis":"x","origin":[8,15.41786,13]},"faces":{"north":{"uv":[7.25,12.125,7.875,11.75],"texture":"#0"},"east":{"uv":[0,13.875,0.375,13.5],"texture":"#0"},"south":{"uv":[11.5,5.875,12.125,5.5],"texture":"#0"},"west":{"uv":[0.75,13.875,1.125,13.5],"texture":"#0"},"up":{"uv":[11.75,9,12.125,9.625],"rotation":270,"texture":"#0"},"down":{"uv":[11.75,8.625,12.125,8],"rotation":90,"texture":"#0"}}},{"from":[8,-1.61285,10.01774],"to":[8,7.98715,15.96774],"rotation":{"angle":0,"axis":"y","origin":[8,3.18715,12.99274]},"faces":{"east":{"uv":[2.3125,14.5625,0,16],"rotation":270,"texture":"#0"},"west":{"uv":[0,14.5625,2.3125,16],"rotation":90,"texture":"#0"}}},{"from":[7.5,4.70407,12.7861],"to":[8.5,8.70407,16.7861],"rotation":{"angle":0,"axis":"x","origin":[8,6.70407,14.7861]},"faces":{"east":{"uv":[7.25,8.5,8.25,7.5],"rotation":180,"texture":"#0"},"west":{"uv":[8.25,8.5,7.25,7.5],"rotation":180,"texture":"#0"}}},{"from":[7.06,-0.99239,10.6157],"to":[8.94,0.02361,12.0557],"rotation":{"angle":22.5,"axis":"x","origin":[7.9,2.92209,11.73637]},"faces":{"north":{"uv":[2.25,9.875,2.5,9.25],"rotation":270,"texture":"#0"},"east":{"uv":[9,5.125,9.25,4.75],"rotation":270,"texture":"#0"},"south":{"uv":[2.25,13.25,2.5,13.875],"rotation":270,"texture":"#0"},"west":{"uv":[7.5,13.875,7.75,13.5],"rotation":90,"texture":"#0"},"up":{"uv":[11.75,11.125,12.375,10.75],"rotation":180,"texture":"#0"},"down":{"uv":[11.75,10.375,12.375,10],"texture":"#0"}}},{"from":[7.006,-4.93814,9.22142],"to":[8.994,-0.09254,10.66142],"rotation":{"angle":0,"axis":"y","origin":[7.95,-5.57791,8.33637]},"faces":{"north":{"uv":[8.625,2.5,8,3.76563],"texture":"#0"},"east":{"uv":[9.625,8.5,9.25,9.7625],"texture":"#0"},"south":{"uv":[8.625,3.95,8,5.1875],"texture":"#0"},"west":{"uv":[9.25,8.5,9.625,9.7625],"texture":"#0"},"up":{"uv":[5,12.625,5.375,12],"rotation":90,"texture":"#0"},"down":{"uv":[1.75,12.25,2.125,12.875],"rotation":270,"texture":"#0"}}},{"from":[7.006,-7.09862,8.03123],"to":[8.994,-5.65862,9.47123],"rotation":{"angle":-22.5,"axis":"x","origin":[8,-6.10223,9.23851]},"faces":{"north":{"uv":[7.25,11.75,7.875,12.125],"texture":"#0"},"east":{"uv":[0,13.5,0.375,13.875],"texture":"#0"},"south":{"uv":[11.5,5.5,12.125,5.875],"texture":"#0"},"west":{"uv":[0.75,13.5,1.125,13.875],"texture":"#0"},"up":{"uv":[12.125,8.625,11.75,8],"rotation":90,"texture":"#0"},"down":{"uv":[12.125,9,11.75,9.625],"rotation":270,"texture":"#0"}}},{"from":[7.01,-6.64223,8.66763],"to":[8.99,-4.48223,10.10763],"rotation":{"angle":22.5,"axis":"x","origin":[8,-6.10223,9.23851]},"faces":{"north":{"uv":[10.625,10.0625,10,9.5],"rotation":180,"texture":"#0"},"east":{"uv":[12.5,12.5,12.875,13.0625],"texture":"#0"},"south":{"uv":[9.375,10.5625,8.75,10],"rotation":180,"texture":"#0"},"west":{"uv":[12.75,3.25,13.125,3.8125],"texture":"#0"},"up":{"uv":[11,11.75,11.375,12.375],"rotation":270,"texture":"#0"},"down":{"uv":[11.75,12.125,12.125,11.5],"rotation":90,"texture":"#0"}}},{"from":[11.3,0.96215,7.3],"to":[12.7,5.66215,8.7],"rotation":{"angle":0,"axis":"y","origin":[12,3,8]},"faces":{"north":{"uv":[5.375,11.875,5,10.5625],"texture":"#0"},"east":{"uv":[5.375,11.875,5,10.5625],"texture":"#0"},"south":{"uv":[5.375,11.875,5,10.5625],"texture":"#0"},"west":{"uv":[5.375,11.875,5,10.5625],"texture":"#0"},"up":{"uv":[10.375,13.25,10,13.625],"texture":"#0"},"down":{"uv":[9.625,13.625,9.25,13.25],"texture":"#0"}}},{"from":[11.2,0.01215,7.2],"to":[12.8,6.41215,8.8],"rotation":{"angle":0,"axis":"y","origin":[12,3,8]},"faces":{"north":{"uv":[8.875,9.125,8.5,7.5],"texture":"#0"},"east":{"uv":[8.375,7.125,8,5.5],"texture":"#0"},"south":{"uv":[5.375,9.125,5,7.5],"texture":"#0"},"west":{"uv":[9.125,7.125,8.75,5.5],"texture":"#0"},"up":{"uv":[13.625,11.75,13.25,12.125],"texture":"#0"},"down":{"uv":[13.625,11.375,13.25,11],"texture":"#0"}}},{"from":[11.28,-0.90442,6.756],"to":[12.72,0.53558,9.244],"rotation":{"angle":0,"axis":"y","origin":[12,3,8]},"faces":{"north":{"uv":[13.625,13.625,13.25,13.25],"texture":"#0"},"east":{"uv":[12.125,1.875,11.5,1.5],"texture":"#0"},"south":{"uv":[13.625,12.875,13.25,12.5],"texture":"#0"},"west":{"uv":[2.375,11.875,1.75,11.5],"texture":"#0"},"up":{"uv":[11.875,7,11.5,7.625],"texture":"#0"},"down":{"uv":[11.875,2.875,11.5,2.25],"texture":"#0"}}},{"from":[11.17104,-0.88274,6.76],"to":[12.18704,0.55726,9.24],"rotation":{"angle":22.5,"axis":"z","origin":[12,3,8]},"faces":{"north":{"uv":[7.75,13.875,7.5,13.5],"texture":"#0"},"east":{"uv":[12.375,10.375,11.75,10],"texture":"#0"},"south":{"uv":[9.25,5.125,9,4.75],"texture":"#0"},"west":{"uv":[12.375,11.125,11.75,10.75],"texture":"#0"},"up":{"uv":[2.5,13.25,2.25,13.875],"texture":"#0"},"down":{"uv":[2.5,9.875,2.25,9.25],"texture":"#0"}}},{"from":[11.81296,-0.88274,6.76],"to":[12.82896,0.55726,9.24],"rotation":{"angle":-22.5,"axis":"z","origin":[12,3,8]},"faces":{"north":{"uv":[7.5,13.875,7.75,13.5],"texture":"#0"},"east":{"uv":[11.75,11.125,12.375,10.75],"texture":"#0"},"south":{"uv":[9,5.125,9.25,4.75],"texture":"#0"},"west":{"uv":[11.75,10.375,12.375,10],"texture":"#0"},"up":{"uv":[2.25,13.25,2.5,13.875],"texture":"#0"},"down":{"uv":[2.25,9.875,2.5,9.25],"texture":"#0"}}},{"from":[11.81296,5.44274,6.76],"to":[12.82896,6.88274,9.24],"rotation":{"angle":22.5,"axis":"z","origin":[12,3,8]},"faces":{"north":{"uv":[7.5,13.5,7.75,13.875],"texture":"#0"},"east":{"uv":[11.75,10.75,12.375,11.125],"texture":"#0"},"south":{"uv":[9,4.75,9.25,5.125],"texture":"#0"},"west":{"uv":[11.75,10,12.375,10.375],"texture":"#0"},"up":{"uv":[2.5,9.875,2.25,9.25],"rotation":180,"texture":"#0"},"down":{"uv":[2.5,13.25,2.25,13.875],"rotation":180,"texture":"#0"}}},{"from":[11.28,5.46442,6.756],"to":[12.72,6.90442,9.244],"rotation":{"angle":0,"axis":"y","origin":[12,3,8]},"faces":{"north":{"uv":[13.625,13.25,13.25,13.625],"texture":"#0"},"east":{"uv":[12.125,1.5,11.5,1.875],"texture":"#0"},"south":{"uv":[13.625,12.5,13.25,12.875],"texture":"#0"},"west":{"uv":[2.375,11.5,1.75,11.875],"texture":"#0"},"up":{"uv":[11.5,2.875,11.875,2.25],"rotation":180,"texture":"#0"},"down":{"uv":[11.5,7,11.875,7.625],"rotation":180,"texture":"#0"}}},{"from":[11.17104,5.44274,6.76],"to":[12.18704,6.88274,9.24],"rotation":{"angle":-22.5,"axis":"z","origin":[12,3,8]},"faces":{"north":{"uv":[7.75,13.5,7.5,13.875],"texture":"#0"},"east":{"uv":[12.375,10,11.75,10.375],"texture":"#0"},"south":{"uv":[9.25,4.75,9,5.125],"texture":"#0"},"west":{"uv":[12.375,10.75,11.75,11.125],"texture":"#0"},"up":{"uv":[2.25,9.875,2.5,9.25],"rotation":180,"texture":"#0"},"down":{"uv":[2.25,13.25,2.5,13.875],"rotation":180,"texture":"#0"}}}],"gui_light":"front","display":{"thirdperson_righthand":{"rotation":[0,180,0],"translation":[4,3.25,1.5]},"thirdperson_lefthand":{"translation":[4,3.25,1.5]},"firstperson_righthand":{"rotation":[180,-88.75,180],"translation":[2.75,0,-3.25]},"firstperson_lefthand":{"rotation":[180,88.75,180],"translation":[2.75,0,-3.25]},"ground":{"rotation":[0,0,-32],"translation":[3.5,9.5,0],"scale":[0.73,0.73,0.73]},"gui":{"rotation":[0,90,0],"translation":[0,3.5,0],"scale":[0.7,0.7,0.7]},"head":{"scale":[0.01,0.01,0.01]},"fixed":{"rotation":[0,-90,0],"translation":[0,10.75,-2.75],"scale":[2,2,2]}},"groups":[{"name":"shield","origin":[7.9434,-1.23928,8],"color":0,"children":[{"name":"crystal","origin":[8,6.8873,7.75726],"color":0,"children":[0,1,2]},{"name":"group","origin":[7.95,-5.57791,8.33637],"color":0,"children":[3,4,5,6,7,8,9,10,11,12,13,14,15,16,17,18,19]},{"name":"group","origin":[7.95,-5.57791,8.33637],"color":0,"children":[20,21,22,23,24,25,26,27,28,29,30,31,32,33,34,35,36]},37,38,39,40,41,42,43,44]}],"mcmodels":"fe7cf077fa8f9f50bbae311c44cd3769"}