{"credit":"Made with Blockbench","texture_size":[64,64],"textures":{"0":"aetherburn_pack:texture","1":"aetherburn_pack:crystal","2":"aetherburn_pack:fire","particle":"aetherburn_pack:texture"},"elements":[{"from":[6.25,-3.4027,5.38],"to":[9.75,4.6773,10.62],"rotation":{"angle":0,"axis":"x","origin":[8,0.6373,8]},"faces":{"east":{"uv":[3.25,0,13.25,16],"texture":"#1"},"west":{"uv":[13.25,0,3.25,16],"texture":"#1"}}},{"from":[7.15,-0.9027,-0.24274],"to":[8.85,10.0973,15.75726],"rotation":{"angle":0,"axis":"x","origin":[8,8,8]},"faces":{"east":{"uv":[0,0,16,11],"texture":"#2"},"west":{"uv":[16,0,0,11],"texture":"#2"}}},{"from":[7.2434,-9.0127,7.3],"to":[8.6434,-4.3127,8.7],"rotation":{"angle":0,"axis":"x","origin":[8,8,8]},"faces":{"north":{"uv":[5,10.5625,5.375,11.875],"texture":"#0"},"east":{"uv":[5,10.5625,5.375,11.875],"texture":"#0"},"south":{"uv":[5,10.5625,5.375,11.875],"texture":"#0"},"west":{"uv":[5,10.5625,5.375,11.875],"texture":"#0"},"up":{"uv":[9.625,13.625,9.25,13.25],"rotation":90,"texture":"#0"},"down":{"uv":[10.375,13.25,10,13.625],"rotation":270,"texture":"#0"}}},{"from":[7.1434,-9.7627,7.2],"to":[8.7434,-3.3627,8.8],"rotation":{"angle":0,"axis":"x","origin":[8,8,8]},"faces":{"north":{"uv":[8.75,5.5,9.125,7.125],"texture":"#0"},"east":{"uv":[5,7.5,5.375,9.125],"texture":"#0"},"south":{"uv":[8,5.5,8.375,7.125],"texture":"#0"},"west":{"uv":[8.5,7.5,8.875,9.125],"texture":"#0"},"up":{"uv":[13.625,11.375,13.25,11],"rotation":90,"texture":"#0"},"down":{"uv":[13.625,11.75,13.25,12.125],"rotation":270,"texture":"#0"}}},{"from":[6.6994,-3.63613,7.28],"to":[9.1874,-2.19613,8.72],"rotation":{"angle":0,"axis":"x","origin":[8,8,8]},"faces":{"north":{"uv":[1.75,11.5,2.375,11.875],"texture":"#0"},"east":{"uv":[13.25,12.5,13.625,12.875],"texture":"#0"},"south":{"uv":[11.5,1.5,12.125,1.875],"texture":"#0"},"west":{"uv":[13.25,13.25,13.625,13.625],"texture":"#0"},"up":{"uv":[11.875,2.875,11.5,2.25],"rotation":90,"texture":"#0"},"down":{"uv":[11.875,7,11.5,7.625],"rotation":270,"texture":"#0"}}},{"from":[6.4494,-4.15377,4.34154],"to":[9.4374,-2.71377,5.78154],"rotation":{"angle":-22.5,"axis":"x","origin":[8,8,8]},"faces":{"north":{"uv":[7.25,11.75,7.875,12.125],"texture":"#0"},"east":{"uv":[0,13.5,0.375,13.875],"texture":"#0"},"south":{"uv":[11.5,5.5,12.125,5.875],"texture":"#0"},"west":{"uv":[0.75,13.5,1.125,13.875],"texture":"#0"},"up":{"uv":[12.125,8.625,11.75,8],"rotation":90,"texture":"#0"},"down":{"uv":[12.125,9,11.75,9.625],"rotation":270,"texture":"#0"}}},{"from":[6.7034,-2.58447,12.56708],"to":[9.1834,-1.14447,13.58308],"rotation":{"angle":22.5,"axis":"x","origin":[8,8,8]},"faces":{"north":{"uv":[11.75,10.75,12.375,11.125],"texture":"#0"},"east":{"uv":[9,4.75,9.25,5.125],"texture":"#0"},"south":{"uv":[11.75,10,12.375,10.375],"texture":"#0"},"west":{"uv":[7.5,13.5,7.75,13.875],"texture":"#0"},"up":{"uv":[2.5,9.875,2.25,9.25],"rotation":90,"texture":"#0"},"down":{"uv":[2.5,13.25,2.25,13.875],"rotation":270,"texture":"#0"}}},{"from":[6.4534,-2.1627,13.58532],"to":[9.4334,-0.0027,15.02532],"rotation":{"angle":22.5,"axis":"x","origin":[8,8,8]},"faces":{"north":{"uv":[10,9.5,10.625,10.0625],"texture":"#0"},"east":{"uv":[12.5,12.5,12.875,13.0625],"texture":"#0"},"south":{"uv":[8.75,10,9.375,10.5625],"texture":"#0"},"west":{"uv":[12.75,3.25,13.125,3.8125],"texture":"#0"},"up":{"uv":[11.375,12.375,11,11.75],"rotation":90,"texture":"#0"},"down":{"uv":[12.125,11.5,11.75,12.125],"rotation":270,"texture":"#0"}}},{"from":[6.4494,1.85494,14.14529],"to":[9.4374,3.29494,17.55305],"rotation":{"angle":45,"axis":"x","origin":[8,8,8]},"faces":{"north":{"uv":[12.375,3.875,12,3.25],"rotation":270,"texture":"#0"},"east":{"uv":[5,9.5,5.375,10.375],"rotation":90,"texture":"#0"},"south":{"uv":[12.375,4.25,12,4.875],"rotation":270,"texture":"#0"},"west":{"uv":[2,10.25,2.375,11.125],"rotation":270,"texture":"#0"},"up":{"uv":[9,3.5,9.625,4.375],"texture":"#0"},"down":{"uv":[0,9.25,0.625,10.125],"rotation":180,"texture":"#0"}}},{"from":[6.4494,-1.55305,12.70506],"to":[9.4374,3.29255,14.14506],"rotation":{"angle":45,"axis":"x","origin":[8,8,8]},"faces":{"north":{"uv":[8,3.95,8.625,5.1875],"texture":"#0"},"east":{"uv":[9.25,8.5,9.625,9.7625],"texture":"#0"},"south":{"uv":[8,2.5,8.625,3.76563],"texture":"#0"},"west":{"uv":[9.625,8.5,9.25,9.7625],"texture":"#0"},"up":{"uv":[5.375,12.625,5,12],"rotation":90,"texture":"#0"},"down":{"uv":[2.125,12.25,1.75,12.875],"rotation":270,"texture":"#0"}}},{"from":[6.7034,3.12727,14.36134],"to":[9.1834,5.52727,15.80134],"rotation":{"angle":45,"axis":"x","origin":[8,8,8]},"faces":{"north":{"uv":[10,8.5,10.625,9.125],"texture":"#0"},"east":{"uv":[8.25,12.25,8.625,12.875],"texture":"#0"},"south":{"uv":[10,3.5,10.625,4.125],"texture":"#0"},"west":{"uv":[10.25,12.25,10.625,12.875],"texture":"#0"},"up":{"uv":[0.375,13.125,0,12.5],"rotation":90,"texture":"#0"},"down":{"uv":[12.875,0,12.5,0.625],"rotation":270,"texture":"#0"}}},{"from":[6.6994,-0.02309,6.74806],"to":[9.1874,2.13691,8.18806],"rotation":{"angle":-22.5,"axis":"x","origin":[8,8,8]},"faces":{"north":{"uv":[10.25,4.5,10.875,5.0625],"texture":"#0"},"east":{"uv":[11,12.75,11.375,13.275],"texture":"#0"},"south":{"uv":[1,10.25,1.625,10.8125],"texture":"#0"},"west":{"uv":[11.375,12.75,11,13.275],"texture":"#0"},"up":{"uv":[1.125,13.125,0.75,12.5],"rotation":90,"texture":"#0"},"down":{"uv":[12.875,1,12.5,1.625],"rotation":270,"texture":"#0"}}},{"from":[6.6994,-0.02309,7.81194],"to":[9.1874,2.13691,9.25194],"rotation":{"angle":22.5,"axis":"x","origin":[8,8,8]},"faces":{"north":{"uv":[1.625,10.25,1,10.8125],"texture":"#0"},"east":{"uv":[11.375,12.75,11,13.275],"texture":"#0"},"south":{"uv":[10.875,4.5,10.25,5.0625],"texture":"#0"},"west":{"uv":[11,12.75,11.375,13.275],"texture":"#0"},"up":{"uv":[0.75,13.125,1.125,12.5],"rotation":90,"texture":"#0"},"down":{"uv":[12.5,1,12.875,1.625],"rotation":270,"texture":"#0"}}},{"from":[6.7034,7.62849,10.26012],"to":[9.1834,9.62849,11.70012],"rotation":{"angle":45,"axis":"x","origin":[8,8,8]},"faces":{"north":{"uv":[11,6.25,11.625,6.75],"texture":"#0"},"east":{"uv":[13.25,7.25,13.625,7.75],"texture":"#0"},"south":{"uv":[11,3.5,11.625,4],"texture":"#0"},"west":{"uv":[8,13.25,8.375,13.75],"texture":"#0"},"up":{"uv":[12.875,5.875,12.5,5.25],"rotation":90,"texture":"#0"},"down":{"uv":[7.625,12.5,7.25,13.125],"rotation":270,"texture":"#0"}}},{"from":[6.6994,5.33542,8.96762],"to":[9.1874,7.49542,10.40762],"rotation":{"angle":-22.5,"axis":"x","origin":[8,8,8]},"faces":{"north":{"uv":[10.5,0,11.125,0.54688],"texture":"#0"},"east":{"uv":[5,13,5.375,13.54688],"texture":"#0"},"south":{"uv":[0,10.5,0.625,11.0625],"texture":"#0"},"west":{"uv":[13,6.25,13.375,6.79688],"texture":"#0"},"up":{"uv":[12.875,7.875,12.5,7.25],"rotation":90,"texture":"#0"},"down":{"uv":[12.875,8.25,12.5,8.875],"rotation":270,"texture":"#0"}}},{"from":[6.2034,2.9505,18.00293],"to":[9.6834,4.9505,19.44293],"rotation":{"angle":45,"axis":"x","origin":[8,8,8]},"faces":{"north":{"uv":[11,6.25,11.625,6.75],"texture":"#0"},"east":{"uv":[13.25,7.25,13.625,7.75],"texture":"#0"},"south":{"uv":[11,3.5,11.625,4],"texture":"#0"},"west":{"uv":[8,13.25,8.375,13.75],"texture":"#0"},"up":{"uv":[12.875,5.875,12.5,5.25],"rotation":90,"texture":"#0"},"down":{"uv":[7.625,12.5,7.25,13.125],"rotation":270,"texture":"#0"}}},{"from":[6.1994,-3.60821,7.60877],"to":[9.6874,-1.44821,9.04877],"rotation":{"angle":-22.5,"axis":"x","origin":[8,8,8]},"faces":{"north":{"uv":[10.5,0,11.125,0.54688],"texture":"#0"},"east":{"uv":[5,13,5.375,13.54688],"texture":"#0"},"south":{"uv":[0,10.5,0.625,11.0625],"texture":"#0"},"west":{"uv":[13,6.25,13.375,6.79688],"texture":"#0"},"up":{"uv":[12.875,7.875,12.5,7.25],"rotation":90,"texture":"#0"},"down":{"uv":[12.875,8.25,12.5,8.875],"rotation":270,"texture":"#0"}}},{"from":[6.1994,-3.60821,6.95123],"to":[9.6874,-1.44821,8.39123],"rotation":{"angle":22.5,"axis":"x","origin":[8,8,8]},"faces":{"north":{"uv":[0.625,10.5,0,11.0625],"texture":"#0"},"east":{"uv":[5.375,13,5,13.54688],"texture":"#0"},"south":{"uv":[11.125,0,10.5,0.54688],"texture":"#0"},"west":{"uv":[13.375,6.25,13,6.79688],"texture":"#0"},"up":{"uv":[12.5,7.875,12.875,7.25],"rotation":90,"texture":"#0"},"down":{"uv":[12.5,8.25,12.875,8.875],"rotation":270,"texture":"#0"}}},{"from":[6.2034,-3.44293,11.0495],"to":[9.6834,-2.00293,13.0495],"rotation":{"angle":45,"axis":"x","origin":[8,8,8]},"faces":{"north":{"uv":[12.5,5.875,12.875,5.25],"rotation":270,"texture":"#0"},"east":{"uv":[13.625,7.25,13.25,7.75],"rotation":90,"texture":"#0"},"south":{"uv":[7.25,12.5,7.625,13.125],"rotation":270,"texture":"#0"},"west":{"uv":[8.375,13.25,8,13.75],"rotation":270,"texture":"#0"},"up":{"uv":[11.625,6.25,11,6.75],"texture":"#0"},"down":{"uv":[11.625,3.5,11,4],"rotation":180,"texture":"#0"}}},{"from":[6.6994,5.33542,5.59238],"to":[9.1874,7.49542,7.03238],"rotation":{"angle":22.5,"axis":"x","origin":[8,8,8]},"faces":{"north":{"uv":[0.625,10.5,0,11.0625],"texture":"#0"},"east":{"uv":[5.375,13,5,13.54688],"texture":"#0"},"south":{"uv":[11.125,0,10.5,0.54688],"texture":"#0"},"west":{"uv":[13.375,6.25,13,6.79688],"texture":"#0"},"up":{"uv":[12.5,7.875,12.875,7.25],"rotation":90,"texture":"#0"},"down":{"uv":[12.5,8.25,12.875,8.875],"rotation":270,"texture":"#0"}}},{"from":[6.7034,4.29988,6.37151],"to":[9.1834,5.73988,8.37151],"rotation":{"angle":45,"axis":"x","origin":[8,8,8]},"faces":{"north":{"uv":[12.5,5.875,12.875,5.25],"rotation":270,"texture":"#0"},"east":{"uv":[13.625,7.25,13.25,7.75],"rotation":90,"texture":"#0"},"south":{"uv":[7.25,12.5,7.625,13.125],"rotation":270,"texture":"#0"},"west":{"uv":[8.375,13.25,8,13.75],"rotation":270,"texture":"#0"},"up":{"uv":[11.625,6.25,11,6.75],"texture":"#0"},"down":{"uv":[11.625,3.5,11,4],"rotation":180,"texture":"#0"}}},{"from":[6.7084,-9.28846,15.17057],"to":[9.1784,-7.12846,16.13057],"rotation":{"angle":22.5,"axis":"x","origin":[8,8,8]},"faces":{"north":{"uv":[10.5,7,11.125,7.5625],"texture":"#0"},"east":{"uv":[5.75,13.5,6,14.0625],"texture":"#0"},"south":{"uv":[10.5,1,11.125,1.5625],"texture":"#0"},"west":{"uv":[6.25,13.5,6.5,14.0625],"texture":"#0"},"up":{"uv":[13.5,8.625,13.25,8],"rotation":90,"texture":"#0"},"down":{"uv":[9,13.25,8.75,13.875],"rotation":270,"texture":"#0"}}},{"from":[6.7084,-9.28846,-0.13057],"to":[9.1784,-7.12846,0.82943],"rotation":{"angle":-22.5,"axis":"x","origin":[8,8,8]},"faces":{"north":{"uv":[11.125,1,10.5,1.5625],"texture":"#0"},"east":{"uv":[6,13.5,5.75,14.0625],"texture":"#0"},"south":{"uv":[11.125,7,10.5,7.5625],"texture":"#0"},"west":{"uv":[6.5,13.5,6.25,14.0625],"texture":"#0"},"up":{"uv":[13.25,8.625,13.5,8],"rotation":90,"texture":"#0"},"down":{"uv":[8.75,13.25,9,13.875],"rotation":270,"texture":"#0"}}},{"from":[6.7034,-5.30108,18.86544],"to":[9.1834,-3.86108,20.33544],"rotation":{"angle":45,"axis":"x","origin":[8,8,8]},"faces":{"north":{"uv":[12.5,12.125,12.875,11.5],"rotation":270,"texture":"#0"},"east":{"uv":[13.875,3,13.5,3.375],"rotation":90,"texture":"#0"},"south":{"uv":[11.75,12.5,12.125,13.125],"rotation":270,"texture":"#0"},"west":{"uv":[13.875,3.75,13.5,4.125],"rotation":270,"texture":"#0"},"up":{"uv":[13.125,9.25,12.5,9.625],"texture":"#0"},"down":{"uv":[9.625,12.5,9,12.875],"rotation":180,"texture":"#0"}}},{"from":[6.7034,-4.33544,19.86108],"to":[9.1834,-2.86544,21.30108],"rotation":{"angle":45,"axis":"x","origin":[8,8,8]},"faces":{"north":{"uv":[12.5,9.25,13.125,9.625],"texture":"#0"},"east":{"uv":[13.5,3,13.875,3.375],"texture":"#0"},"south":{"uv":[9,12.5,9.625,12.875],"texture":"#0"},"west":{"uv":[13.5,3.75,13.875,4.125],"texture":"#0"},"up":{"uv":[12.875,12.125,12.5,11.5],"rotation":90,"texture":"#0"},"down":{"uv":[12.125,12.5,11.75,13.125],"rotation":270,"texture":"#0"}}},{"from":[6.7034,0.19866,10.47273],"to":[9.1834,1.63866,12.87273],"rotation":{"angle":45,"axis":"x","origin":[8,8,8]},"faces":{"north":{"uv":[0,13.125,0.375,12.5],"rotation":270,"texture":"#0"},"east":{"uv":[8.625,12.25,8.25,12.875],"rotation":90,"texture":"#0"},"south":{"uv":[12.5,0,12.875,0.625],"rotation":270,"texture":"#0"},"west":{"uv":[10.625,12.25,10.25,12.875],"rotation":270,"texture":"#0"},"up":{"uv":[10.625,8.5,10,9.125],"texture":"#0"},"down":{"uv":[10.625,3.5,10,4.125],"rotation":180,"texture":"#0"}}},{"from":[6.4534,-2.1627,0.97468],"to":[9.4334,-0.0027,2.41468],"rotation":{"angle":-22.5,"axis":"x","origin":[8,8,8]},"faces":{"north":{"uv":[9.375,10,8.75,10.5625],"texture":"#0"},"east":{"uv":[12.875,12.5,12.5,13.0625],"texture":"#0"},"south":{"uv":[10.625,9.5,10,10.0625],"texture":"#0"},"west":{"uv":[13.125,3.25,12.75,3.8125],"texture":"#0"},"up":{"uv":[11,12.375,11.375,11.75],"rotation":90,"texture":"#0"},"down":{"uv":[11.75,11.5,12.125,12.125],"rotation":270,"texture":"#0"}}},{"from":[6.4494,-4.15377,10.21846],"to":[9.4374,-2.71377,11.65846],"rotation":{"angle":22.5,"axis":"x","origin":[8,8,8]},"faces":{"north":{"uv":[12.125,5.5,11.5,5.875],"texture":"#0"},"east":{"uv":[0.375,13.5,0,13.875],"texture":"#0"},"south":{"uv":[7.875,11.75,7.25,12.125],"texture":"#0"},"west":{"uv":[1.125,13.5,0.75,13.875],"texture":"#0"},"up":{"uv":[11.75,8.625,12.125,8],"rotation":90,"texture":"#0"},"down":{"uv":[11.75,9,12.125,9.625],"rotation":270,"texture":"#0"}}},{"from":[6.7034,-2.58447,2.41692],"to":[9.1834,-1.14447,3.43292],"rotation":{"angle":-22.5,"axis":"x","origin":[8,8,8]},"faces":{"north":{"uv":[12.375,10,11.75,10.375],"texture":"#0"},"east":{"uv":[9.25,4.75,9,5.125],"texture":"#0"},"south":{"uv":[12.375,10.75,11.75,11.125],"texture":"#0"},"west":{"uv":[7.75,13.5,7.5,13.875],"texture":"#0"},"up":{"uv":[2.25,9.875,2.5,9.25],"rotation":90,"texture":"#0"},"down":{"uv":[2.25,13.25,2.5,13.875],"rotation":270,"texture":"#0"}}},{"from":[6.7034,-6.14676,20.84676],"to":[9.1834,-4.84676,22.14676],"rotation":{"angle":45,"axis":"x","origin":[8,8,8]},"faces":{"north":{"uv":[1.8125,13.875,1.5,13.25],"rotation":270,"texture":"#0"},"east":{"uv":[13.5,4.5,13.8125,4.8125],"rotation":90,"texture":"#0"},"south":{"uv":[13.5625,5.25,13.25,5.875],"rotation":270,"texture":"#0"},"west":{"uv":[6.75,13.5,7.0625,13.8125],"rotation":270,"texture":"#0"},"up":{"uv":[13.25,0,13.875,0.3125],"texture":"#0"},"down":{"uv":[13.25,0.75,13.875,1.0625],"rotation":180,"texture":"#0"}}},{"from":[7.2434,-1.1127,5.6],"to":[8.6434,27.0873,10.4],"rotation":{"angle":0,"axis":"x","origin":[8,8,8]},"faces":{"north":{"uv":[2.75,7.5,3.125,14.5625],"texture":"#0"},"east":{"uv":[2.75,0,3.9375,7.0625],"texture":"#0"},"south":{"uv":[7.25,0,7.625,7.0625],"texture":"#0"},"west":{"uv":[4.25,0,5.4375,7.0625],"texture":"#0"},"up":{"uv":[10.6875,6.625,9.5,6.25],"rotation":90,"texture":"#0"},"down":{"uv":[8.4375,9.75,7.25,10.125],"rotation":270,"texture":"#0"}}},{"from":[7.2394,19.80476,-7.18876],"to":[8.6474,23.18876,-3.80476],"rotation":{"angle":45,"axis":"x","origin":[8,8,8]},"faces":{"north":{"uv":[8,10.5,8.375,11.375],"texture":"#0"},"east":{"uv":[8.25,0,8.875,0.625],"texture":"#0"},"south":{"uv":[7.25,10.5,7.625,11.375],"texture":"#0"},"west":{"uv":[8,1.25,8.625,1.875],"texture":"#0"},"up":{"uv":[11.125,5.875,10.25,5.5],"rotation":90,"texture":"#0"},"down":{"uv":[10.625,10.5,9.75,10.875],"rotation":270,"texture":"#0"}}},{"from":[7.9434,-1.1127,3.2],"to":[7.9434,31.5873,12.8],"rotation":{"angle":0,"axis":"x","origin":[8,8,8]},"faces":{"east":{"uv":[0,0.5625,2.3125,8.8125],"texture":"#0"},"west":{"uv":[2.3125,0.5625,0,8.8125],"texture":"#0"}}},{"from":[7.5566,-11.38271,0.57179],"to":[8.5566,-7.38271,4.57179],"rotation":{"angle":-22.5,"axis":"x","origin":[8,8,8]},"faces":{"east":{"uv":[8.25,8.5,7.25,7.5],"rotation":270,"texture":"#0"},"west":{"uv":[7.25,8.5,8.25,7.5],"rotation":90,"texture":"#0"}}},{"from":[7.5566,-11.38271,11.42821],"to":[8.5566,-7.38271,15.42821],"rotation":{"angle":22.5,"axis":"x","origin":[8,8,8]},"faces":{"east":{"uv":[8.25,7.5,7.25,8.5],"rotation":270,"texture":"#0"},"west":{"uv":[7.25,7.5,8.25,8.5],"rotation":90,"texture":"#0"}}},{"from":[7.4434,2.68348,17.44825],"to":[8.4434,6.68348,21.44825],"rotation":{"angle":45,"axis":"x","origin":[8,8,8]},"faces":{"east":{"uv":[8.25,8.5,7.25,7.5],"texture":"#0"},"west":{"uv":[7.25,8.5,8.25,7.5],"texture":"#0"}}},{"from":[7.4434,-5.44825,9.31652],"to":[8.4434,-1.44825,13.31652],"rotation":{"angle":45,"axis":"x","origin":[8,8,8]},"faces":{"east":{"uv":[7.25,8.5,8.25,7.5],"rotation":90,"texture":"#0"},"west":{"uv":[8.25,8.5,7.25,7.5],"rotation":270,"texture":"#0"}}},{"from":[7.4734,0.6273,5.84],"to":[8.4134,26.5073,10.16],"rotation":{"angle":0,"axis":"x","origin":[8,8,8]},"faces":{"east":{"uv":[5.75,0,6.8125,6.5],"texture":"#0"},"west":{"uv":[5.75,6.75,6.8125,13.25],"texture":"#0"}}},{"from":[7.4698,19.56384,-6.60944],"to":[8.417,22.60944,-3.56384],"rotation":{"angle":45,"axis":"x","origin":[8,8,8]},"faces":{"east":{"uv":[7.25,8.75,8,9.5],"texture":"#0"},"west":{"uv":[9,2.5,9.75,3.25],"texture":"#0"}}}],"gui_light":"front","display":{"thirdperson_righthand":{"translation":[0,9.5,1.5],"scale":[0.8,0.8,0.8]},"thirdperson_lefthand":{"translation":[0,9.5,1.5],"scale":[0.8,0.8,0.8]},"firstperson_righthand":{"rotation":[-3.75,0,0],"translation":[14.5,4.75,-11.5]},"firstperson_lefthand":{"rotation":[-3.75,0,0],"translation":[14.5,4.75,-11.5]},"ground":{"rotation":[0,0,-155],"translation":[0,9.5,0],"scale":[0.58,0.58,0.58]},"gui":{"rotation":[-90,45,90],"translation":[0.25,-0.25,0],"scale":[0.5,0.5,0.5]},"head":{"rotation":[-90,-55,90],"translation":[0.75,-17.75,9.25],"scale":[1.25,1.25,1.25]},"fixed":{"rotation":[0,90,0],"translation":[0,0,-1.25],"scale":[2,2,2]}},"groups":[{"name":"sword","origin":[7.9434,-1.33983,7.75726],"color":0,"children":[{"name":"crystal","origin":[8,6.8873,7.75726],"color":0,"children":[0,1]},2,3,4,5,6,7,8,9,10,11,12,13,14,15,16,17,18,19,20,21,22,23,24,25,26,27,28,29,30,31,32,33,34,35,36,37,38]}],"mcmodels":"fe7cf077fa8f9f50bbae311c44cd3769"}