{
	"credit": "Made with Blockbench",
	"texture_size": [128, 128],
	"textures": {
		"1": "elitecreatures:easterbunny_animated_weapon_set_v3/easterbunny2_animation_1",
		"2": "elitecreatures:easterbunny_animated_weapon_set_v3/easterbunny2_animation_2",
		"3": "elitecreatures:easterbunny_animated_weapon_set_v3/easterbunny2_texture1",
		"particle": "elitecreatures:easterbunny_animated_weapon_set_v3/easterbunny2_texture1"
	},
	"elements": [
		{
			"from": [8, 27.5, 17.25],
			"to": [8, 31, 20.75],
			"rotation": {"angle": -22.5, "axis": "x", "origin": [8, 28.25, 17.25]},
			"faces": {
				"north": {"uv": [0.875, 2.5, 0.6875, 2.3125], "rotation": 270, "texture": "#3"},
				"east": {"uv": [14.9375, 4.5, 15.375, 4.0625], "rotation": 270, "texture": "#3"},
				"south": {"uv": [0.875, 2.5, 0.6875, 2.3125], "rotation": 270, "texture": "#3"},
				"west": {"uv": [15.375, 4.5, 14.9375, 4.0625], "rotation": 90, "texture": "#3"},
				"up": {"uv": [0.875, 2.0625, 0.6875, 2.3125], "texture": "#3"},
				"down": {"uv": [0.875, 2.0625, 0.6875, 2.3125], "rotation": 180, "texture": "#3"}
			}
		},
		{
			"from": [6.75, 28, 13.75],
			"to": [9.25, 30.5, 17.25],
			"rotation": {"angle": -22.5, "axis": "x", "origin": [8, 28.25, 17.25]},
			"faces": {
				"north": {"uv": [1.625, 1.8125, 1.3125, 2.125], "texture": "#3"},
				"east": {"uv": [0.375, 2.0625, 0.6875, 2.5], "rotation": 270, "texture": "#3"},
				"south": {"uv": [1.625, 2.125, 1.3125, 2.4375], "rotation": 180, "texture": "#3"},
				"west": {"uv": [0.9375, 2.0625, 1.25, 2.5], "rotation": 90, "texture": "#3"},
				"up": {"uv": [0.9375, 2.5, 1.25, 2.0625], "texture": "#3"},
				"down": {"uv": [0.375, 2.5, 0.6875, 2.0625], "rotation": 180, "texture": "#3"}
			}
		},
		{
			"from": [6.75, 11.5, 6.75],
			"to": [9.25, 13.5, 9.25],
			"rotation": {"angle": 45, "axis": "y", "origin": [8, -12.75, 8]},
			"faces": {
				"north": {"uv": [1.9375, 1.125, 2.25, 0.875], "texture": "#3"},
				"east": {"uv": [1.9375, 1.125, 2.25, 0.875], "texture": "#3"},
				"south": {"uv": [1.9375, 1.125, 2.25, 0.875], "texture": "#3"},
				"west": {"uv": [1.9375, 1.125, 2.25, 0.875], "texture": "#3"},
				"up": {"uv": [1.625, 2, 1.9375, 1.6875], "texture": "#3"},
				"down": {"uv": [1.625, 2, 1.9375, 1.6875], "texture": "#3"}
			}
		},
		{
			"from": [6.75, 13.5, 6.75],
			"to": [9.25, 14.5, 9.25],
			"rotation": {"angle": 45, "axis": "y", "origin": [8, -12.75, 8]},
			"faces": {
				"north": {"uv": [4.375, 2.625, 4.6875, 2.375], "texture": "#3"},
				"east": {"uv": [4.375, 2.625, 4.6875, 2.375], "texture": "#3"},
				"south": {"uv": [4.375, 2.625, 4.6875, 2.375], "texture": "#3"},
				"west": {"uv": [4.375, 2.625, 4.6875, 2.375], "texture": "#3"},
				"up": {"uv": [1.625, 2, 1.9375, 1.6875], "texture": "#3"},
				"down": {"uv": [1.625, 2, 1.9375, 1.6875], "texture": "#3"}
			}
		},
		{
			"from": [6.75, 1.5, 6.75],
			"to": [9.25, 2.5, 9.25],
			"rotation": {"angle": 45, "axis": "y", "origin": [8, 28.75, 8]},
			"faces": {
				"north": {"uv": [4.375, 2.375, 4.6875, 2.625], "texture": "#3"},
				"east": {"uv": [4.375, 2.375, 4.6875, 2.625], "texture": "#3"},
				"south": {"uv": [4.375, 2.375, 4.6875, 2.625], "texture": "#3"},
				"west": {"uv": [4.375, 2.375, 4.6875, 2.625], "texture": "#3"},
				"up": {"uv": [1.625, 1.6875, 1.9375, 2], "texture": "#3"},
				"down": {"uv": [1.625, 1.6875, 1.9375, 2], "texture": "#3"}
			}
		},
		{
			"from": [6.75, 2.5, 6.75],
			"to": [9.25, 4.5, 9.25],
			"rotation": {"angle": 45, "axis": "y", "origin": [8, -12.75, 8]},
			"faces": {
				"north": {"uv": [1.9375, 0.875, 2.25, 1.125], "texture": "#3"},
				"east": {"uv": [1.9375, 0.875, 2.25, 1.125], "texture": "#3"},
				"south": {"uv": [1.9375, 0.875, 2.25, 1.125], "texture": "#3"},
				"west": {"uv": [1.9375, 0.875, 2.25, 1.125], "texture": "#3"},
				"up": {"uv": [1.625, 2, 1.9375, 1.6875], "texture": "#3"},
				"down": {"uv": [1.625, 2, 1.9375, 1.6875], "texture": "#3"}
			}
		},
		{
			"from": [5.4, 19.2, 8.3],
			"to": [6.6, 23.7, 10.3],
			"rotation": {"angle": 22.5, "axis": "x", "origin": [6, 21.75, 8.3]},
			"faces": {
				"north": {"uv": [2, 1.125, 1.875, 1.6875], "texture": "#3"},
				"east": {"uv": [1.875, 1.125, 1.625, 1.6875], "texture": "#3"},
				"south": {"uv": [2, 1.125, 1.875, 1.6875], "texture": "#3"},
				"west": {"uv": [1.875, 1.125, 1.625, 1.6875], "texture": "#3"},
				"up": {"uv": [1.9375, 0.875, 1.8125, 1.125], "texture": "#3"},
				"down": {"uv": [1.9375, 0.875, 1.8125, 1.125], "texture": "#3"}
			}
		},
		{
			"from": [9.4, 19.2, 8.3],
			"to": [10.6, 23.7, 10.3],
			"rotation": {"angle": 22.5, "axis": "x", "origin": [10, 21.75, 8.3]},
			"faces": {
				"north": {"uv": [1.875, 1.125, 2, 1.6875], "texture": "#3"},
				"east": {"uv": [1.625, 1.125, 1.875, 1.6875], "texture": "#3"},
				"south": {"uv": [1.875, 1.125, 2, 1.6875], "texture": "#3"},
				"west": {"uv": [1.625, 1.125, 1.875, 1.6875], "texture": "#3"},
				"up": {"uv": [1.8125, 0.875, 1.9375, 1.125], "texture": "#3"},
				"down": {"uv": [1.8125, 0.875, 1.9375, 1.125], "texture": "#3"}
			}
		},
		{
			"from": [7, 4, 7],
			"to": [9, 12, 9],
			"rotation": {"angle": 45, "axis": "y", "origin": [8, -6, 8]},
			"faces": {
				"north": {"uv": [0.5, 0, 0.25, 1], "texture": "#3"},
				"east": {"uv": [0.25, 0, 0.5, 1], "texture": "#3"},
				"south": {"uv": [0.25, 0, 0, 1], "texture": "#3"},
				"west": {"uv": [0, 0, 0.25, 1], "texture": "#3"},
				"up": {"uv": [0, 0, 0.25, 0.25], "texture": "#3"},
				"down": {"uv": [0, 0, 0.25, 0.25], "texture": "#3"}
			}
		},
		{
			"from": [7.75, 8, 14.5],
			"to": [8.25, 26.5, 15],
			"rotation": {"angle": 0, "axis": "y", "origin": [8, 26.25, 14.75]},
			"faces": {
				"north": {"uv": [0.625, 5.4375, 0.6875, 7.75], "texture": "#3"},
				"east": {"uv": [0.625, 5.4375, 0.6875, 7.75], "texture": "#3"},
				"south": {"uv": [0.625, 5.4375, 0.6875, 7.75], "texture": "#3"},
				"west": {"uv": [0.625, 5.4375, 0.6875, 7.75], "texture": "#3"},
				"up": {"uv": [0.625, 5.4375, 0.6875, 5.5], "texture": "#3"},
				"down": {"uv": [0.625, 5.4375, 0.6875, 5.5], "texture": "#3"}
			}
		},
		{
			"from": [7.75, -10.5, 14.5],
			"to": [8.25, 8, 15],
			"rotation": {"angle": 0, "axis": "y", "origin": [8, -10.25, 14.75]},
			"faces": {
				"north": {"uv": [0.625, 7.75, 0.6875, 5.4375], "texture": "#3"},
				"east": {"uv": [0.625, 7.75, 0.6875, 5.4375], "texture": "#3"},
				"south": {"uv": [0.625, 7.75, 0.6875, 5.4375], "texture": "#3"},
				"west": {"uv": [0.625, 7.75, 0.6875, 5.4375], "texture": "#3"},
				"up": {"uv": [0.625, 5.5, 0.6875, 5.4375], "texture": "#3"},
				"down": {"uv": [0.625, 5.5, 0.6875, 5.4375], "texture": "#3"}
			}
		},
		{
			"from": [5.4, 19.5, 3.9],
			"to": [6.6, 24, 5.9],
			"rotation": {"angle": 0, "axis": "y", "origin": [-0.5, -1, 0]},
			"faces": {
				"north": {"uv": [1.875, 1.125, 2, 1.6875], "texture": "#3"},
				"east": {"uv": [1.625, 1.125, 1.875, 1.6875], "texture": "#3"},
				"south": {"uv": [1.875, 1.125, 2, 1.6875], "texture": "#3"},
				"west": {"uv": [1.625, 1.125, 1.875, 1.6875], "texture": "#3"},
				"up": {"uv": [1.9375, 1.125, 1.8125, 0.875], "texture": "#3"},
				"down": {"uv": [1.9375, 1.125, 1.8125, 0.875], "texture": "#3"}
			}
		},
		{
			"from": [4.5, 13, 3.1],
			"to": [7.5, 17, 10.1],
			"rotation": {"angle": 0, "axis": "y", "origin": [-0.5, -1, 0]},
			"faces": {
				"north": {"uv": [0.875, 1.25, 1.25, 1.75], "texture": "#3"},
				"east": {"uv": [0, 1.25, 0.875, 1.75], "texture": "#3"},
				"south": {"uv": [0.875, 1.25, 1.25, 1.75], "texture": "#3"},
				"west": {"uv": [0, 1.25, 0.875, 1.75], "texture": "#3"},
				"up": {"uv": [0, 1.75, 0.375, 2.625], "texture": "#3"},
				"down": {"uv": [0, 1.75, 0.375, 2.625], "texture": "#3"}
			}
		},
		{
			"from": [4.9, 16.5, 3.35],
			"to": [4.9, 19.5, 10.35],
			"rotation": {"angle": 0, "axis": "y", "origin": [-0.5, -1, 0]},
			"faces": {
				"north": {"uv": [0, 0, 0, 8], "texture": "#1"},
				"east": {"uv": [14, 0, 0, 6], "texture": "#1"},
				"south": {"uv": [0, 0, 0, 8], "texture": "#1"},
				"west": {"uv": [0, 0, 14, 6], "texture": "#1"},
				"up": {"uv": [0, 14, 0, 0], "texture": "#1"},
				"down": {"uv": [0, 0, 0, 14], "texture": "#1"}
			}
		},
		{
			"from": [4.4, 13, 3.1],
			"to": [4.4, 17, 10.1],
			"rotation": {"angle": 0, "axis": "y", "origin": [-0.5, -1, 0]},
			"faces": {
				"north": {"uv": [0, 0, 0, 8], "texture": "#1"},
				"east": {"uv": [14, 6, 0, 14], "texture": "#1"},
				"south": {"uv": [0, 0, 0, 8], "texture": "#1"},
				"west": {"uv": [0, 6, 14, 14], "texture": "#1"},
				"up": {"uv": [0, 14, 0, 0], "texture": "#1"},
				"down": {"uv": [0, 0, 0, 14], "texture": "#1"}
			}
		},
		{
			"from": [5, 17, 3.85],
			"to": [7, 19.5, 9.35],
			"rotation": {"angle": 0, "axis": "y", "origin": [-0.5, -1, 0]},
			"faces": {
				"north": {"uv": [1.0625, 1.75, 1.3125, 2.0625], "texture": "#3"},
				"east": {"uv": [0.375, 1.75, 1.0625, 2.0625], "texture": "#3"},
				"south": {"uv": [1.0625, 1.75, 1.3125, 2.0625], "texture": "#3"},
				"west": {"uv": [0.375, 1.75, 1.0625, 2.0625], "texture": "#3"},
				"up": {"uv": [1.625, 1.8125, 1.375, 1.125], "texture": "#3"},
				"down": {"uv": [1.625, 1.8125, 1.375, 1.125], "texture": "#3"}
			}
		},
		{
			"from": [9.3, 19.5, 3.9],
			"to": [10.5, 24, 5.9],
			"rotation": {"angle": 0, "axis": "y", "origin": [16.5, -1, 0]},
			"faces": {
				"north": {"uv": [2, 1.125, 1.875, 1.6875], "texture": "#3"},
				"east": {"uv": [1.875, 1.125, 1.625, 1.6875], "texture": "#3"},
				"south": {"uv": [2, 1.125, 1.875, 1.6875], "texture": "#3"},
				"west": {"uv": [1.875, 1.125, 1.625, 1.6875], "texture": "#3"},
				"up": {"uv": [1.8125, 1.125, 1.9375, 0.875], "texture": "#3"},
				"down": {"uv": [1.8125, 1.125, 1.9375, 0.875], "texture": "#3"}
			}
		},
		{
			"from": [11, 16.5, 3.35],
			"to": [11, 19.5, 10.35],
			"rotation": {"angle": 0, "axis": "y", "origin": [16.5, -1, 0]},
			"faces": {
				"north": {"uv": [0, 0, 0, 8], "texture": "#1"},
				"east": {"uv": [14, 0, 0, 6], "texture": "#1"},
				"south": {"uv": [0, 0, 0, 8], "texture": "#1"},
				"west": {"uv": [0, 0, 14, 6], "texture": "#1"},
				"up": {"uv": [0, 14, 0, 0], "texture": "#1"},
				"down": {"uv": [0, 0, 0, 14], "texture": "#1"}
			}
		},
		{
			"from": [11.5, 13, 3.1],
			"to": [11.5, 17, 10.1],
			"rotation": {"angle": 0, "axis": "y", "origin": [16.5, -1, 0]},
			"faces": {
				"north": {"uv": [0, 0, 0, 8], "texture": "#1"},
				"east": {"uv": [14, 6, 0, 14], "texture": "#1"},
				"south": {"uv": [0, 0, 0, 8], "texture": "#1"},
				"west": {"uv": [0, 6, 14, 14], "texture": "#1"},
				"up": {"uv": [0, 14, 0, 0], "texture": "#1"},
				"down": {"uv": [0, 0, 0, 14], "texture": "#1"}
			}
		},
		{
			"from": [8.4, 13, 3.1],
			"to": [11.4, 17, 10.1],
			"rotation": {"angle": 0, "axis": "y", "origin": [16.5, -1, 0]},
			"faces": {
				"north": {"uv": [1.25, 1.25, 0.875, 1.75], "texture": "#3"},
				"east": {"uv": [0.875, 1.25, 0, 1.75], "texture": "#3"},
				"south": {"uv": [1.25, 1.25, 0.875, 1.75], "texture": "#3"},
				"west": {"uv": [0.875, 1.25, 0, 1.75], "texture": "#3"},
				"up": {"uv": [0.375, 1.75, 0, 2.625], "texture": "#3"},
				"down": {"uv": [0.375, 1.75, 0, 2.625], "texture": "#3"}
			}
		},
		{
			"from": [8.9, 17, 3.85],
			"to": [10.9, 19.5, 9.35],
			"rotation": {"angle": 0, "axis": "y", "origin": [16.5, -1, 0]},
			"faces": {
				"north": {"uv": [1.3125, 1.75, 1.0625, 2.0625], "texture": "#3"},
				"east": {"uv": [1.0625, 1.75, 0.375, 2.0625], "texture": "#3"},
				"south": {"uv": [1.3125, 1.75, 1.0625, 2.0625], "texture": "#3"},
				"west": {"uv": [1.0625, 1.75, 0.375, 2.0625], "texture": "#3"},
				"up": {"uv": [1.375, 1.8125, 1.625, 1.125], "texture": "#3"},
				"down": {"uv": [1.375, 1.8125, 1.625, 1.125], "texture": "#3"}
			}
		},
		{
			"from": [3.9, 17, 6],
			"to": [3.9, 22, 11],
			"rotation": {"angle": -22.5, "axis": "x", "origin": [3.9, 9.5, 0.5]},
			"faces": {
				"north": {"uv": [0, 0, 0, 9], "texture": "#2"},
				"east": {"uv": [2.5, 2.5, 0, 5], "texture": "#2"},
				"south": {"uv": [0, 0, 0, 9], "texture": "#2"},
				"west": {"uv": [0, 2.5, 2.5, 5], "texture": "#2"},
				"up": {"uv": [0, 2.5, 0, 0], "texture": "#2"},
				"down": {"uv": [0, 0, 0, 2.5], "texture": "#2"}
			}
		},
		{
			"from": [3.9, 1, 6.5],
			"to": [3.9, 6, 11.5],
			"rotation": {"angle": 22.5, "axis": "x", "origin": [3.9, 1.5, 9.5]},
			"faces": {
				"north": {"uv": [0, 0, 0, 9], "texture": "#2"},
				"east": {"uv": [0, 4.75, 2.5, 7.25], "texture": "#2"},
				"south": {"uv": [0, 0, 0, 9], "texture": "#2"},
				"west": {"uv": [2.5, 4.75, 0, 7.25], "texture": "#2"},
				"up": {"uv": [0, 0, 0, 2.5], "texture": "#2"},
				"down": {"uv": [0, 2.5, 0, 0], "texture": "#2"}
			}
		},
		{
			"from": [3.8, -8, 0],
			"to": [3.8, -3, 5],
			"rotation": {"angle": -22.5, "axis": "x", "origin": [3.8, 2.5, -1.5]},
			"faces": {
				"north": {"uv": [0, 0, 0, 9], "texture": "#2"},
				"east": {"uv": [2.5, 0, 0, 2.5], "texture": "#2"},
				"south": {"uv": [0, 0, 0, 9], "texture": "#2"},
				"west": {"uv": [0, 0, 2.5, 2.5], "texture": "#2"},
				"up": {"uv": [0, 2.5, 0, 0], "texture": "#2"},
				"down": {"uv": [0, 0, 0, 2.5], "texture": "#2"}
			}
		},
		{
			"from": [12.1, 1, 6.5],
			"to": [12.1, 6, 11.5],
			"rotation": {"angle": 22.5, "axis": "x", "origin": [12.1, 1.5, 9.5]},
			"faces": {
				"north": {"uv": [0, 0, 0, 9], "texture": "#2"},
				"east": {"uv": [0, 4.75, 2.5, 7.25], "texture": "#2"},
				"south": {"uv": [0, 0, 0, 9], "texture": "#2"},
				"west": {"uv": [2.5, 4.75, 0, 7.25], "texture": "#2"},
				"up": {"uv": [0, 0, 0, 2.5], "texture": "#2"},
				"down": {"uv": [0, 2.5, 0, 0], "texture": "#2"}
			}
		},
		{
			"from": [12.2, -8, 0],
			"to": [12.2, -3, 5],
			"rotation": {"angle": -22.5, "axis": "x", "origin": [12.2, 2.5, -1.5]},
			"faces": {
				"north": {"uv": [0, 0, 0, 9], "texture": "#2"},
				"east": {"uv": [2.5, 0, 0, 2.5], "texture": "#2"},
				"south": {"uv": [0, 0, 0, 9], "texture": "#2"},
				"west": {"uv": [0, 0, 2.5, 2.5], "texture": "#2"},
				"up": {"uv": [0, 2.5, 0, 0], "texture": "#2"},
				"down": {"uv": [0, 0, 0, 2.5], "texture": "#2"}
			}
		},
		{
			"from": [5.3, 14, 1.8],
			"to": [10.3, 16, 1.8],
			"rotation": {"angle": 0, "axis": "y", "origin": [7.8, 9.5, 3.5]},
			"faces": {
				"north": {"uv": [0, 1.25, 2.5, 2.25], "texture": "#2"},
				"east": {"uv": [0, 0, 0, 9], "texture": "#2"},
				"south": {"uv": [0, 1.25, 2.5, 2.25], "texture": "#2"},
				"west": {"uv": [0, 0, 0, 0.375], "texture": "#2"},
				"up": {"uv": [0, 2.5, 0, 0], "rotation": 90, "texture": "#2"},
				"down": {"uv": [0, 0, 0, 2.5], "rotation": 270, "texture": "#2"}
			}
		},
		{
			"from": [5.3, 0, 1.8],
			"to": [10.3, 2, 1.8],
			"rotation": {"angle": 0, "axis": "y", "origin": [7.8, 6.5, 3.5]},
			"faces": {
				"north": {"uv": [0, 2.25, 2.5, 1.25], "texture": "#2"},
				"east": {"uv": [0, 9, 0, 0], "texture": "#2"},
				"south": {"uv": [0, 2.25, 2.5, 1.25], "texture": "#2"},
				"west": {"uv": [0, 0.375, 0, 0], "texture": "#2"},
				"up": {"uv": [0, 0, 0, 2.5], "rotation": 270, "texture": "#2"},
				"down": {"uv": [0, 2.5, 0, 0], "rotation": 90, "texture": "#2"}
			}
		},
		{
			"from": [3.8, 12, 7],
			"to": [3.8, 17, 12],
			"rotation": {"angle": 22.5, "axis": "x", "origin": [3.8, 12.5, 8.5]},
			"faces": {
				"north": {"uv": [0, 0, 0, 9], "texture": "#2"},
				"east": {"uv": [0, 0, 2.5, 2.5], "texture": "#2"},
				"south": {"uv": [0, 0, 0, 9], "texture": "#2"},
				"west": {"uv": [2.5, 0, 0, 2.5], "texture": "#2"},
				"up": {"uv": [0, 0, 0, 2.5], "texture": "#2"},
				"down": {"uv": [0, 2.5, 0, 0], "texture": "#2"}
			}
		},
		{
			"from": [12.1, 17, 6],
			"to": [12.1, 22, 11],
			"rotation": {"angle": -22.5, "axis": "x", "origin": [12.1, 9.5, 0.5]},
			"faces": {
				"north": {"uv": [0, 0, 0, 9], "texture": "#2"},
				"east": {"uv": [2.5, 2.5, 0, 5], "texture": "#2"},
				"south": {"uv": [0, 0, 0, 9], "texture": "#2"},
				"west": {"uv": [0, 2.5, 2.5, 5], "texture": "#2"},
				"up": {"uv": [0, 2.5, 0, 0], "texture": "#2"},
				"down": {"uv": [0, 0, 0, 2.5], "texture": "#2"}
			}
		},
		{
			"from": [12.2, 12, 7],
			"to": [12.2, 17, 12],
			"rotation": {"angle": 22.5, "axis": "x", "origin": [12.2, 12.5, 8.5]},
			"faces": {
				"north": {"uv": [0, 0, 0, 9], "texture": "#2"},
				"east": {"uv": [0, 0, 2.5, 2.5], "texture": "#2"},
				"south": {"uv": [0, 0, 0, 9], "texture": "#2"},
				"west": {"uv": [2.5, 0, 0, 2.5], "texture": "#2"},
				"up": {"uv": [0, 0, 0, 2.5], "texture": "#2"},
				"down": {"uv": [0, 2.5, 0, 0], "texture": "#2"}
			}
		},
		{
			"from": [3, 16, 2.4],
			"to": [7, 26, 2.4],
			"rotation": {"angle": 22.5, "axis": "z", "origin": [6, 20.5, 2.4]},
			"faces": {
				"north": {"uv": [16, 4.0625, 15.5, 5.3125], "texture": "#3"},
				"east": {"uv": [0, 0, 0, 5], "texture": "#missing"},
				"south": {"uv": [15.5, 4.0625, 16, 5.3125], "texture": "#3"},
				"west": {"uv": [0, 0, 0, 5], "texture": "#missing"},
				"up": {"uv": [0, 0, 0, 1.5], "rotation": 270, "texture": "#missing"},
				"down": {"uv": [0, 0, 0, 1.5], "rotation": 90, "texture": "#missing"}
			}
		},
		{
			"from": [9, 16, 2.4],
			"to": [13, 26, 2.4],
			"rotation": {"angle": -22.5, "axis": "z", "origin": [10, 20.5, 2.4]},
			"faces": {
				"north": {"uv": [15.5, 4.0625, 16, 5.3125], "texture": "#3"},
				"east": {"uv": [0, 0, 0, 5], "texture": "#missing"},
				"south": {"uv": [16, 4.0625, 15.5, 5.3125], "texture": "#3"},
				"west": {"uv": [0, 0, 0, 5], "texture": "#missing"},
				"up": {"uv": [0, 1.5, 0, 0], "rotation": 270, "texture": "#missing"},
				"down": {"uv": [0, 1.5, 0, 0], "rotation": 90, "texture": "#missing"}
			}
		},
		{
			"from": [6.25, 13.5, 1.9],
			"to": [9.75, 16, 2.9],
			"rotation": {"angle": 0, "axis": "y", "origin": [-0.5, -14.5, -6.6]},
			"faces": {
				"north": {"uv": [0, 2.625, 0.4375, 2.9375], "texture": "#3"},
				"east": {"uv": [0.5625, 2.625, 0.4375, 2.9375], "texture": "#3"},
				"south": {"uv": [0, 2.625, 0.4375, 2.9375], "texture": "#3"},
				"west": {"uv": [0.5625, 2.625, 0.4375, 2.9375], "texture": "#3"},
				"up": {"uv": [1.75, 2, 1.625, 2.4375], "rotation": 270, "texture": "#3"},
				"down": {"uv": [1.75, 2, 1.625, 2.4375], "rotation": 90, "texture": "#3"}
			}
		},
		{
			"from": [5.75, 13.5, 3],
			"to": [10.25, 15.6, 3],
			"rotation": {"angle": 0, "axis": "y", "origin": [12.5, 17, 2.6]},
			"faces": {
				"north": {"uv": [2.25, 1.25, 0, 2.25], "texture": "#2"},
				"east": {"uv": [0, 0, 0, 9], "texture": "#2"},
				"south": {"uv": [2.25, 1.25, 0, 2.25], "texture": "#2"},
				"west": {"uv": [0, 0, 0, 9], "texture": "#2"},
				"up": {"uv": [0, 0, 0, 2.5], "rotation": 270, "texture": "#2"},
				"down": {"uv": [0, 2.5, 0, 0], "rotation": 90, "texture": "#2"}
			}
		},
		{
			"from": [7.25, 14.4, 1.95],
			"to": [9.85, 17, 2.85],
			"rotation": {"angle": 45, "axis": "z", "origin": [8, 15.15, 2.4]},
			"faces": {
				"north": {"uv": [0.5625, 2.625, 0.8875, 2.95], "texture": "#3"},
				"east": {"uv": [0.95, 2.625, 1.0625, 2.95], "texture": "#3"},
				"south": {"uv": [0.8875, 2.625, 0.5625, 2.95], "texture": "#3"},
				"west": {"uv": [0.95, 2.95, 1.0625, 2.625], "texture": "#3"},
				"up": {"uv": [0.95, 2.95, 1.0625, 2.625], "rotation": 270, "texture": "#3"},
				"down": {"uv": [0.95, 2.95, 1.0625, 2.625], "rotation": 90, "texture": "#3"}
			}
		},
		{
			"from": [9, -10, 2.4],
			"to": [13, 0, 2.4],
			"rotation": {"angle": 22.5, "axis": "z", "origin": [10, -4.5, 2.4]},
			"faces": {
				"north": {"uv": [15.5, 5.3125, 16, 4.0625], "texture": "#3"},
				"east": {"uv": [0, 5, 0, 0], "texture": "#missing"},
				"south": {"uv": [16, 5.3125, 15.5, 4.0625], "texture": "#3"},
				"west": {"uv": [0, 5, 0, 0], "texture": "#missing"},
				"up": {"uv": [0, 1.5, 0, 0], "rotation": 90, "texture": "#missing"},
				"down": {"uv": [0, 1.5, 0, 0], "rotation": 270, "texture": "#missing"}
			}
		},
		{
			"from": [3, -10, 2.4],
			"to": [7, 0, 2.4],
			"rotation": {"angle": -22.5, "axis": "z", "origin": [6, -4.5, 2.4]},
			"faces": {
				"north": {"uv": [16, 5.3125, 15.5, 4.0625], "texture": "#3"},
				"east": {"uv": [0, 5, 0, 0], "texture": "#missing"},
				"south": {"uv": [15.5, 5.3125, 16, 4.0625], "texture": "#3"},
				"west": {"uv": [0, 5, 0, 0], "texture": "#missing"},
				"up": {"uv": [0, 0, 0, 1.5], "rotation": 90, "texture": "#missing"},
				"down": {"uv": [0, 0, 0, 1.5], "rotation": 270, "texture": "#missing"}
			}
		},
		{
			"from": [6.25, 0, 1.9],
			"to": [9.75, 2.5, 2.9],
			"rotation": {"angle": 0, "axis": "y", "origin": [-0.5, 30.5, -6.6]},
			"faces": {
				"north": {"uv": [0, 2.9375, 0.4375, 2.625], "texture": "#3"},
				"east": {"uv": [0.5625, 2.9375, 0.4375, 2.625], "texture": "#3"},
				"south": {"uv": [0, 2.9375, 0.4375, 2.625], "texture": "#3"},
				"west": {"uv": [0.5625, 2.9375, 0.4375, 2.625], "texture": "#3"},
				"up": {"uv": [1.625, 2, 1.75, 2.4375], "rotation": 90, "texture": "#3"},
				"down": {"uv": [1.625, 2, 1.75, 2.4375], "rotation": 270, "texture": "#3"}
			}
		},
		{
			"from": [7.25, -1, 1.95],
			"to": [9.85, 1.6, 2.85],
			"rotation": {"angle": -45, "axis": "z", "origin": [8, 0.85, 2.4]},
			"faces": {
				"north": {"uv": [0.5625, 2.95, 0.8875, 2.625], "texture": "#3"},
				"east": {"uv": [0.95, 2.95, 1.0625, 2.625], "texture": "#3"},
				"south": {"uv": [0.8875, 2.95, 0.5625, 2.625], "texture": "#3"},
				"west": {"uv": [0.95, 2.625, 1.0625, 2.95], "texture": "#3"},
				"up": {"uv": [1.0625, 2.95, 0.95, 2.625], "rotation": 90, "texture": "#3"},
				"down": {"uv": [1.0625, 2.95, 0.95, 2.625], "rotation": 270, "texture": "#3"}
			}
		},
		{
			"from": [6.75, 16, 7.5],
			"to": [9.25, 24, 12],
			"rotation": {"angle": 22.5, "axis": "x", "origin": [8, 25.31062, 10.65717]},
			"faces": {
				"north": {"uv": [6.9375, 0.5625, 7.9375, 0.875], "rotation": 90, "texture": "#3"},
				"east": {"uv": [8, 0, 7, 0.5625], "rotation": 90, "texture": "#3"},
				"south": {"uv": [6.9375, 0.875, 7.9375, 1.1875], "rotation": 90, "texture": "#3"},
				"west": {"uv": [8, 0.5625, 7, 0], "rotation": 90, "texture": "#3"},
				"up": {"uv": [5.4375, 3.25, 5.75, 3.8125], "rotation": 180, "texture": "#3"},
				"down": {"uv": [5.4375, 3.25, 5.75, 3.8125], "rotation": 180, "texture": "#3"}
			}
		},
		{
			"from": [6.75, -8, 7.5],
			"to": [9.25, 0, 12],
			"rotation": {"angle": -22.5, "axis": "x", "origin": [8, -9.31062, 10.65717]},
			"faces": {
				"north": {"uv": [7.9375, 0.5625, 6.9375, 0.875], "rotation": 90, "texture": "#3"},
				"east": {"uv": [7, 0, 8, 0.5625], "rotation": 90, "texture": "#3"},
				"south": {"uv": [7.9375, 0.875, 6.9375, 1.1875], "rotation": 90, "texture": "#3"},
				"west": {"uv": [7, 0.5625, 8, 0], "rotation": 90, "texture": "#3"},
				"up": {"uv": [5.4375, 3.8125, 5.75, 3.25], "rotation": 180, "texture": "#3"},
				"down": {"uv": [5.4375, 3.8125, 5.75, 3.25], "rotation": 180, "texture": "#3"}
			}
		},
		{
			"from": [5.5, 13, 4],
			"to": [10.5, 18, 8],
			"rotation": {"angle": 45, "axis": "z", "origin": [8, 15.5, 0.75]},
			"faces": {
				"north": {"uv": [5.5625, 3.125, 6.1875, 3.75], "texture": "#3"},
				"east": {"uv": [6.6875, 2.5, 6.0625, 3], "rotation": 90, "texture": "#3"},
				"south": {"uv": [6.1875, 3.125, 6.8125, 3.75], "texture": "#3"},
				"west": {"uv": [5.5625, 2.5, 6.0625, 3.125], "texture": "#3"},
				"up": {"uv": [6.0625, 2.5, 6.6875, 3], "texture": "#3"},
				"down": {"uv": [6.0625, 2.5, 5.5625, 3.125], "rotation": 90, "texture": "#3"}
			}
		},
		{
			"from": [6, 13.5, 2.5],
			"to": [10, 17.5, 10.5],
			"rotation": {"angle": 45, "axis": "z", "origin": [8, 15.5, 0.75]},
			"faces": {
				"north": {"uv": [6.4375, 1.0625, 6.9375, 1.5625], "texture": "#3"},
				"east": {"uv": [5.375, 2, 6.375, 2.5], "texture": "#3"},
				"south": {"uv": [6.4375, 0.5625, 6.9375, 1.0625], "texture": "#3"},
				"west": {"uv": [5.375, 1.5, 6.375, 2], "texture": "#3"},
				"up": {"uv": [4.5625, 2.625, 5.0625, 3.625], "texture": "#3"},
				"down": {"uv": [5.0625, 2.625, 5.5625, 3.625], "texture": "#3"}
			}
		},
		{
			"from": [6, -1.5, 2.5],
			"to": [10, 2.5, 10.5],
			"rotation": {"angle": -45, "axis": "z", "origin": [8, 0.5, 0.75]},
			"faces": {
				"north": {"uv": [6.4375, 1.5625, 6.9375, 1.0625], "texture": "#3"},
				"east": {"uv": [5.375, 2.5, 6.375, 2], "texture": "#3"},
				"south": {"uv": [6.4375, 1.0625, 6.9375, 0.5625], "texture": "#3"},
				"west": {"uv": [5.375, 2, 6.375, 1.5], "texture": "#3"},
				"up": {"uv": [5.0625, 3.625, 5.5625, 2.625], "texture": "#3"},
				"down": {"uv": [4.5625, 3.625, 5.0625, 2.625], "texture": "#3"}
			}
		},
		{
			"from": [5.5, -2, 4],
			"to": [10.5, 3, 8],
			"rotation": {"angle": -45, "axis": "z", "origin": [8, 0.5, 0.75]},
			"faces": {
				"north": {"uv": [5.5625, 3.75, 6.1875, 3.125], "texture": "#3"},
				"east": {"uv": [6.0625, 2.5, 6.6875, 3], "rotation": 90, "texture": "#3"},
				"south": {"uv": [6.1875, 3.75, 6.8125, 3.125], "texture": "#3"},
				"west": {"uv": [5.5625, 3.125, 6.0625, 2.5], "texture": "#3"},
				"up": {"uv": [5.5625, 2.5, 6.0625, 3.125], "rotation": 90, "texture": "#3"},
				"down": {"uv": [6.0625, 3, 6.6875, 2.5], "texture": "#3"}
			}
		},
		{
			"from": [6.5, 24.5, 14.22819],
			"to": [9.5, 29, 16.72819],
			"rotation": {"angle": -22.5, "axis": "x", "origin": [8, 25.31062, 10.65717]},
			"faces": {
				"north": {"uv": [6.375, 2.4375, 6.75, 1.875], "texture": "#3"},
				"east": {"uv": [6.9375, 1.5625, 6.375, 1.875], "rotation": 270, "texture": "#3"},
				"south": {"uv": [6.375, 2.4375, 6.75, 1.875], "texture": "#3"},
				"west": {"uv": [6.9375, 1.5625, 6.375, 1.875], "rotation": 270, "texture": "#3"},
				"up": {"uv": [6.0625, 1.1875, 6.4375, 1.5], "rotation": 180, "texture": "#3"},
				"down": {"uv": [6.0625, 1.1875, 6.4375, 1.5], "rotation": 180, "texture": "#3"}
			}
		},
		{
			"from": [6.75, -14.5, 13.75],
			"to": [9.25, -12, 17.25],
			"rotation": {"angle": 22.5, "axis": "x", "origin": [8, -12.25, 17.25]},
			"faces": {
				"north": {"uv": [1.625, 2.125, 1.3125, 1.8125], "texture": "#3"},
				"east": {"uv": [0.6875, 2.0625, 0.375, 2.5], "rotation": 270, "texture": "#3"},
				"south": {"uv": [1.625, 2.4375, 1.3125, 2.125], "rotation": 180, "texture": "#3"},
				"west": {"uv": [1.25, 2.0625, 0.9375, 2.5], "rotation": 90, "texture": "#3"},
				"up": {"uv": [0.375, 2.0625, 0.6875, 2.5], "rotation": 180, "texture": "#3"},
				"down": {"uv": [0.9375, 2.0625, 1.25, 2.5], "texture": "#3"}
			}
		},
		{
			"from": [8, -15, 17.25],
			"to": [8, -11.5, 20.75],
			"rotation": {"angle": 22.5, "axis": "x", "origin": [8, -12.25, 17.25]},
			"faces": {
				"north": {"uv": [0.6875, 2.5, 0.875, 2.3125], "rotation": 270, "texture": "#3"},
				"east": {"uv": [15.375, 4.5, 14.9375, 4.0625], "rotation": 270, "texture": "#3"},
				"south": {"uv": [0.6875, 2.5, 0.875, 2.3125], "rotation": 270, "texture": "#3"},
				"west": {"uv": [14.9375, 4.5, 15.375, 4.0625], "rotation": 90, "texture": "#3"},
				"up": {"uv": [0.875, 2.3125, 0.6875, 2.0625], "rotation": 180, "texture": "#3"},
				"down": {"uv": [0.875, 2.3125, 0.6875, 2.0625], "texture": "#3"}
			}
		},
		{
			"from": [7, 22.48487, 10.45599],
			"to": [9, 30.48487, 12.45599],
			"rotation": {"angle": 45, "axis": "x", "origin": [8, 25.31062, 10.65717]},
			"faces": {
				"north": {"uv": [7.1875, 2.1875, 7.4375, 1.1875], "texture": "#3"},
				"east": {"uv": [6.9375, 2.1875, 7.1875, 1.1875], "texture": "#3"},
				"south": {"uv": [7.4375, 2.1875, 7.6875, 1.1875], "texture": "#3"},
				"west": {"uv": [6.9375, 2.1875, 7.1875, 1.1875], "texture": "#3"},
				"up": {"uv": [6.5625, 2.1875, 6.8125, 1.9375], "texture": "#3"},
				"down": {"uv": [6.5625, 2.1875, 6.8125, 1.9375], "texture": "#3"}
			}
		},
		{
			"from": [7, -14.48487, 10.45599],
			"to": [9, -6.48487, 12.45599],
			"rotation": {"angle": -45, "axis": "x", "origin": [8, -9.31062, 10.65717]},
			"faces": {
				"north": {"uv": [7.1875, 1.1875, 7.4375, 2.1875], "texture": "#3"},
				"east": {"uv": [6.9375, 1.1875, 7.1875, 2.1875], "texture": "#3"},
				"south": {"uv": [7.4375, 1.1875, 7.6875, 2.1875], "texture": "#3"},
				"west": {"uv": [6.9375, 1.1875, 7.1875, 2.1875], "texture": "#3"},
				"up": {"uv": [6.5625, 1.9375, 6.8125, 2.1875], "texture": "#3"},
				"down": {"uv": [6.5625, 1.9375, 6.8125, 2.1875], "texture": "#3"}
			}
		},
		{
			"from": [6.5, -13, 14.22819],
			"to": [9.5, -8.5, 16.72819],
			"rotation": {"angle": 22.5, "axis": "x", "origin": [8, -9.31062, 10.65717]},
			"faces": {
				"north": {"uv": [6.375, 1.875, 6.75, 2.4375], "texture": "#3"},
				"east": {"uv": [6.375, 1.5625, 6.9375, 1.875], "rotation": 270, "texture": "#3"},
				"south": {"uv": [6.375, 1.875, 6.75, 2.4375], "texture": "#3"},
				"west": {"uv": [6.375, 1.5625, 6.9375, 1.875], "rotation": 270, "texture": "#3"},
				"up": {"uv": [6.0625, 1.5, 6.4375, 1.1875], "rotation": 180, "texture": "#3"},
				"down": {"uv": [6.0625, 1.5, 6.4375, 1.1875], "rotation": 180, "texture": "#3"}
			}
		},
		{
			"from": [6.75, -14.5, 13.75],
			"to": [9.25, -12, 17.25],
			"rotation": {"angle": 22.5, "axis": "x", "origin": [8, -12.25, 17.25]},
			"faces": {
				"north": {"uv": [1.625, 2.125, 1.3125, 1.8125], "texture": "#3"},
				"east": {"uv": [0.6875, 2.0625, 0.375, 2.5], "rotation": 270, "texture": "#3"},
				"south": {"uv": [1.625, 2.4375, 1.3125, 2.125], "rotation": 180, "texture": "#3"},
				"west": {"uv": [1.25, 2.0625, 0.9375, 2.5], "rotation": 90, "texture": "#3"},
				"up": {"uv": [0.375, 2.0625, 0.6875, 2.5], "rotation": 180, "texture": "#3"},
				"down": {"uv": [0.9375, 2.0625, 1.25, 2.5], "texture": "#3"}
			}
		}
	],
	"gui_light": "front",
	"display": {
		"thirdperson_righthand": {
			"translation": [0, -2, 0.25],
			"scale": [0.45, 0.45, 0.45]
		},
		"thirdperson_lefthand": {
			"translation": [0, -2, 0.25],
			"scale": [0.45, 0.45, 0.45]
		},
		"firstperson_righthand": {
			"rotation": [14.75, 0, 0],
			"translation": [2.5, 5, 0],
			"scale": [0.34805, 0.34805, 0.34805]
		},
		"firstperson_lefthand": {
			"rotation": [14.75, 0, 0],
			"translation": [2.5, 5, 0],
			"scale": [0.34805, 0.34805, 0.34805]
		},
		"ground": {
			"rotation": [45, 0, 0],
			"translation": [0, 11, -1],
			"scale": [0.45, 0.45, 0.45]
		},
		"gui": {
			"rotation": [90, 45, -90],
			"translation": [-2.25, 1.75, -1.5],
			"scale": [0.37891, 0.37891, 0.37891]
		},
		"head": {
			"scale": [0, 0, 0]
		},
		"fixed": {
			"rotation": [0, -90, 0],
			"translation": [0, 0, -3.75],
			"scale": [1.1, 1.1, 1.1]
		}
	},
	"groups": [
		0,
		1,
		2,
		3,
		4,
		5,
		6,
		7,
		8,
		9,
		10,
		11,
		12,
		13,
		14,
		15,
		16,
		17,
		18,
		19,
		20,
		21,
		22,
		23,
		24,
		25,
		26,
		27,
		28,
		29,
		30,
		{
			"name": "group",
			"origin": [8.2, 20.5, 12.5],
			"color": 0,
			"children": [31, 32, 33, 34, 35, 36, 37, 38, 39]
		},
		40,
		41,
		42,
		43,
		44,
		45,
		46,
		47,
		48,
		49,
		50,
		51,
		52
	]
}