{
	"credit": "Made with Blockbench",
	"texture_size": [128, 128],
	"textures": {
		"1": "elitecreatures:easterbunny_animated_weapon_set_v3/easterbunny2_animation_1",
		"2": "elitecreatures:easterbunny_animated_weapon_set_v3/easterbunny2_animation_2",
		"3": "elitecreatures:easterbunny_animated_weapon_set_v3/easterbunny2_texture1",
		"particle": "elitecreatures:easterbunny_animated_weapon_set_v3/easterbunny2_texture1"
	},
	"elements": [
		{
			"from": [7, -10.5, 7],
			"to": [9, -2.5, 9],
			"rotation": {"angle": 45, "axis": "y", "origin": [8, -6, 8]},
			"faces": {
				"north": {"uv": [0.5, 0, 0.25, 1], "texture": "#3"},
				"east": {"uv": [0.25, 0, 0.5, 1], "texture": "#3"},
				"south": {"uv": [0.25, 0, 0, 1], "texture": "#3"},
				"west": {"uv": [0, 0, 0.25, 1], "texture": "#3"},
				"up": {"uv": [0, 0, 0.25, 0.25], "texture": "#3"},
				"down": {"uv": [0, 0, 0.25, 0.25], "texture": "#3"}
			}
		},
		{
			"from": [8, -16, 6.25],
			"to": [8, -12.5, 9.75],
			"rotation": {"angle": -22.5, "axis": "y", "origin": [8, -13.5, 8]},
			"faces": {
				"north": {"uv": [0.875, 2.0625, 0.6875, 2.3125], "texture": "#3"},
				"east": {"uv": [15.375, 4.0625, 14.9375, 4.5], "texture": "#3"},
				"south": {"uv": [0.875, 2.0625, 0.6875, 2.3125], "texture": "#3"},
				"west": {"uv": [14.9375, 4.0625, 15.375, 4.5], "texture": "#3"},
				"up": {"uv": [0.6875, 2.3125, 0.875, 2.5], "rotation": 270, "texture": "#3"},
				"down": {"uv": [0.6875, 2.3125, 0.875, 2.5], "rotation": 90, "texture": "#3"}
			}
		},
		{
			"from": [8, -16, 6.25],
			"to": [8, -12.5, 9.75],
			"rotation": {"angle": 22.5, "axis": "y", "origin": [8, -13.5, 8]},
			"faces": {
				"north": {"uv": [0.875, 2.0625, 0.6875, 2.3125], "texture": "#3"},
				"east": {"uv": [15.375, 4.0625, 14.9375, 4.5], "texture": "#3"},
				"south": {"uv": [0.875, 2.0625, 0.6875, 2.3125], "texture": "#3"},
				"west": {"uv": [14.9375, 4.0625, 15.375, 4.5], "texture": "#3"},
				"up": {"uv": [0.6875, 2.3125, 0.875, 2.5], "rotation": 270, "texture": "#3"},
				"down": {"uv": [0.6875, 2.3125, 0.875, 2.5], "rotation": 90, "texture": "#3"}
			}
		},
		{
			"from": [6.75, -12.5, 6.75],
			"to": [9.25, -9, 9.25],
			"rotation": {"angle": 45, "axis": "y", "origin": [8, -11.25, 8]},
			"faces": {
				"north": {"uv": [0.375, 2.5, 0.6875, 2.0625], "texture": "#3"},
				"east": {"uv": [0.6875, 2.5, 0.375, 2.0625], "texture": "#3"},
				"south": {"uv": [0.9375, 2.5, 1.25, 2.0625], "texture": "#3"},
				"west": {"uv": [1.25, 2.5, 0.9375, 2.0625], "texture": "#3"},
				"up": {"uv": [1.3125, 2.125, 1.625, 1.8125], "texture": "#3"},
				"down": {"uv": [1.3125, 2.4375, 1.625, 2.125], "texture": "#3"}
			}
		},
		{
			"from": [6.75, -3.5, 6.75],
			"to": [9.25, -1.5, 9.25],
			"rotation": {"angle": 45, "axis": "y", "origin": [8, -11.75, 8]},
			"faces": {
				"north": {"uv": [1.9375, 1.125, 2.25, 0.875], "texture": "#3"},
				"east": {"uv": [1.9375, 1.125, 2.25, 0.875], "texture": "#3"},
				"south": {"uv": [1.9375, 1.125, 2.25, 0.875], "texture": "#3"},
				"west": {"uv": [1.9375, 1.125, 2.25, 0.875], "texture": "#3"},
				"up": {"uv": [1.625, 2, 1.9375, 1.6875], "texture": "#3"},
				"down": {"uv": [1.625, 2, 1.9375, 1.6875], "texture": "#3"}
			}
		},
		{
			"from": [8, 1, 2],
			"to": [8, 32, 14],
			"faces": {
				"north": {"uv": [0.03125, 0, 0.03125, 15], "texture": "#3"},
				"east": {"uv": [16, 0, 14.5, 3.875], "texture": "#3"},
				"south": {"uv": [0.03125, 0, 0.03125, 15], "texture": "#3"},
				"west": {"uv": [14.5, 0, 16, 3.875], "texture": "#3"},
				"up": {"uv": [0.03125, 0, 0.03125, 5], "texture": "#3"},
				"down": {"uv": [0.03125, 0, 0.03125, 5], "texture": "#3"}
			}
		},
		{
			"from": [7.4, 7.5, 8.7],
			"to": [8.6, 12, 10.7],
			"rotation": {"angle": 0, "axis": "y", "origin": [-0.5, 0, 16]},
			"faces": {
				"north": {"uv": [2, 1.125, 1.875, 1.6875], "texture": "#3"},
				"east": {"uv": [1.875, 1.125, 1.625, 1.6875], "texture": "#3"},
				"south": {"uv": [2, 1.125, 1.875, 1.6875], "texture": "#3"},
				"west": {"uv": [1.875, 1.125, 1.625, 1.6875], "texture": "#3"},
				"up": {"uv": [1.9375, 0.875, 1.8125, 1.125], "texture": "#3"},
				"down": {"uv": [1.9375, 0.875, 1.8125, 1.125], "texture": "#3"}
			}
		},
		{
			"from": [7.4, 7.5, 5.3],
			"to": [8.6, 12, 7.3],
			"rotation": {"angle": 0, "axis": "y", "origin": [-0.5, 0, 0]},
			"faces": {
				"north": {"uv": [1.875, 1.125, 2, 1.6875], "texture": "#3"},
				"east": {"uv": [1.625, 1.125, 1.875, 1.6875], "texture": "#3"},
				"south": {"uv": [1.875, 1.125, 2, 1.6875], "texture": "#3"},
				"west": {"uv": [1.625, 1.125, 1.875, 1.6875], "texture": "#3"},
				"up": {"uv": [1.9375, 1.125, 1.8125, 0.875], "texture": "#3"},
				"down": {"uv": [1.9375, 1.125, 1.8125, 0.875], "texture": "#3"}
			}
		},
		{
			"from": [6.5, 1, 4.5],
			"to": [9.5, 5, 11.5],
			"rotation": {"angle": 0, "axis": "y", "origin": [-0.5, 0, 0]},
			"faces": {
				"north": {"uv": [0.875, 1.25, 1.25, 1.75], "texture": "#3"},
				"east": {"uv": [0, 1.25, 0.875, 1.75], "texture": "#3"},
				"south": {"uv": [0.875, 1.25, 1.25, 1.75], "texture": "#3"},
				"west": {"uv": [0, 1.25, 0.875, 1.75], "texture": "#3"},
				"up": {"uv": [0, 1.75, 0.375, 2.625], "texture": "#3"},
				"down": {"uv": [0, 1.75, 0.375, 2.625], "texture": "#3"}
			}
		},
		{
			"from": [6.9, 4.5, 4.75],
			"to": [6.9, 7.5, 11.75],
			"rotation": {"angle": 0, "axis": "y", "origin": [-0.5, 0, 0]},
			"faces": {
				"north": {"uv": [0, 0, 0, 8], "texture": "#1"},
				"east": {"uv": [14, 0, 0, 6], "texture": "#1"},
				"south": {"uv": [0, 0, 0, 8], "texture": "#1"},
				"west": {"uv": [0, 0, 14, 6], "texture": "#1"},
				"up": {"uv": [0, 14, 0, 0], "texture": "#1"},
				"down": {"uv": [0, 0, 0, 14], "texture": "#1"}
			}
		},
		{
			"from": [6.4, 1, 4.5],
			"to": [6.4, 5, 11.5],
			"rotation": {"angle": 0, "axis": "y", "origin": [-0.5, 0, 0]},
			"faces": {
				"north": {"uv": [0, 0, 0, 8], "texture": "#1"},
				"east": {"uv": [14, 6, 0, 14], "texture": "#1"},
				"south": {"uv": [0, 0, 0, 8], "texture": "#1"},
				"west": {"uv": [0, 6, 14, 14], "texture": "#1"},
				"up": {"uv": [0, 14, 0, 0], "texture": "#1"},
				"down": {"uv": [0, 0, 0, 14], "texture": "#1"}
			}
		},
		{
			"from": [9.6, 1, 4.5],
			"to": [9.6, 5, 11.5],
			"rotation": {"angle": 0, "axis": "y", "origin": [16.5, 0, 0]},
			"faces": {
				"north": {"uv": [0, 0, 0, 8], "texture": "#1"},
				"east": {"uv": [14, 6, 0, 14], "texture": "#1"},
				"south": {"uv": [0, 0, 0, 8], "texture": "#1"},
				"west": {"uv": [0, 6, 14, 14], "texture": "#1"},
				"up": {"uv": [0, 14, 0, 0], "texture": "#1"},
				"down": {"uv": [0, 0, 0, 14], "texture": "#1"}
			}
		},
		{
			"from": [9.1, 4.5, 4.75],
			"to": [9.1, 7.5, 11.75],
			"rotation": {"angle": 0, "axis": "y", "origin": [16.5, 0, 0]},
			"faces": {
				"north": {"uv": [0, 0, 0, 8], "texture": "#1"},
				"east": {"uv": [14, 0, 0, 6], "texture": "#1"},
				"south": {"uv": [0, 0, 0, 8], "texture": "#1"},
				"west": {"uv": [0, 0, 14, 6], "texture": "#1"},
				"up": {"uv": [0, 14, 0, 0], "texture": "#1"},
				"down": {"uv": [0, 0, 0, 14], "texture": "#1"}
			}
		},
		{
			"from": [7, 5, 5.25],
			"to": [9, 7.5, 10.75],
			"rotation": {"angle": 0, "axis": "y", "origin": [-0.5, 0, 0]},
			"faces": {
				"north": {"uv": [1.0625, 1.75, 1.3125, 2.0625], "texture": "#3"},
				"east": {"uv": [0.375, 1.75, 1.0625, 2.0625], "texture": "#3"},
				"south": {"uv": [1.0625, 1.75, 1.3125, 2.0625], "texture": "#3"},
				"west": {"uv": [0.375, 1.75, 1.0625, 2.0625], "texture": "#3"},
				"up": {"uv": [1.625, 1.8125, 1.375, 1.125], "texture": "#3"},
				"down": {"uv": [1.625, 1.8125, 1.375, 1.125], "texture": "#3"}
			}
		},
		{
			"from": [7.55, 17.9, 7.25],
			"to": [8.45, 20.5, 9.85],
			"rotation": {"angle": -45, "axis": "x", "origin": [8, 18.65, 8]},
			"faces": {
				"north": {"uv": [0.95, 2.95, 1.0625, 2.625], "texture": "#3"},
				"east": {"uv": [0.5625, 2.625, 0.8875, 2.95], "texture": "#3"},
				"south": {"uv": [0.95, 2.625, 1.0625, 2.95], "texture": "#3"},
				"west": {"uv": [0.8875, 2.625, 0.5625, 2.95], "texture": "#3"},
				"up": {"uv": [0.95, 2.95, 1.0625, 2.625], "texture": "#3"},
				"down": {"uv": [0.95, 2.95, 1.0625, 2.625], "texture": "#3"}
			}
		},
		{
			"from": [7.5, 3, 6.25],
			"to": [8.5, 19.5, 9.75],
			"rotation": {"angle": 0, "axis": "y", "origin": [17, -11, -0.5]},
			"faces": {
				"north": {"uv": [0.5625, 2.625, 0.4375, 4.6875], "texture": "#3"},
				"east": {"uv": [0, 2.625, 0.4375, 4.6875], "texture": "#3"},
				"south": {"uv": [0.5625, 2.625, 0.4375, 4.6875], "texture": "#3"},
				"west": {"uv": [0, 2.625, 0.4375, 4.6875], "texture": "#3"},
				"up": {"uv": [1.75, 2, 1.625, 2.4375], "texture": "#3"},
				"down": {"uv": [1.75, 2, 1.625, 2.4375], "texture": "#3"}
			}
		},
		{
			"from": [6, -1.5, 6.75],
			"to": [10, 1.5, 9.25],
			"rotation": {"angle": 0, "axis": "y", "origin": [0, 0.1, 0]},
			"faces": {
				"north": {"uv": [2, 1.5, 2.5, 1.875], "texture": "#3"},
				"east": {"uv": [2, 1.125, 2.3125, 1.5], "texture": "#3"},
				"south": {"uv": [2, 1.5, 2.5, 1.875], "texture": "#3"},
				"west": {"uv": [2, 1.125, 2.3125, 1.5], "texture": "#3"},
				"up": {"uv": [1.9375, 1.875, 2.4375, 2.1875], "texture": "#3"},
				"down": {"uv": [1.9375, 1.875, 2.4375, 2.1875], "texture": "#3"}
			}
		},
		{
			"from": [6.2, -4.9, 13.1],
			"to": [9.8, -1.7, 16.6],
			"rotation": {"angle": -22.5, "axis": "x", "origin": [7.7, -7.61142, 4.9375]},
			"faces": {
				"north": {"uv": [1.8125, 1.125, 1.375, 0.75], "texture": "#3"},
				"east": {"uv": [1.375, 0.75, 1.8125, 0.375], "texture": "#3"},
				"south": {"uv": [1.8125, 1.125, 1.375, 0.75], "texture": "#3"},
				"west": {"uv": [1.8125, 0.75, 1.375, 0.375], "texture": "#3"},
				"up": {"uv": [2.25, 0, 1.8125, 0.4375], "rotation": 270, "texture": "#3"},
				"down": {"uv": [2.25, 0.4375, 1.8125, 0.875], "rotation": 270, "texture": "#3"}
			}
		},
		{
			"from": [6.2, -4.9, -0.6],
			"to": [9.8, -1.7, 2.9],
			"rotation": {"angle": 22.5, "axis": "x", "origin": [7.7, -7.61142, 11.0625]},
			"faces": {
				"north": {"uv": [1.375, 1.125, 1.8125, 0.75], "texture": "#3"},
				"east": {"uv": [1.8125, 0.75, 1.375, 0.375], "texture": "#3"},
				"south": {"uv": [1.375, 1.125, 1.8125, 0.75], "texture": "#3"},
				"west": {"uv": [1.375, 0.75, 1.8125, 0.375], "texture": "#3"},
				"up": {"uv": [1.8125, 0, 2.25, 0.4375], "rotation": 270, "texture": "#3"},
				"down": {"uv": [1.8125, 0.4375, 2.25, 0.875], "rotation": 270, "texture": "#3"}
			}
		},
		{
			"from": [6.25, -2, 4.5],
			"to": [9.75, 1, 11.5],
			"rotation": {"angle": 0, "axis": "y", "origin": [7.7, -7.61142, 8.0625]},
			"faces": {
				"north": {"uv": [1.375, 0.375, 1.8125, 0], "texture": "#3"},
				"east": {"uv": [0.5, 0.375, 1.375, 0], "texture": "#3"},
				"south": {"uv": [1.375, 0.375, 1.8125, 0], "texture": "#3"},
				"west": {"uv": [0.5, 0.375, 1.375, 0], "texture": "#3"},
				"up": {"uv": [0.5, 0.8125, 1.375, 1.25], "rotation": 270, "texture": "#3"},
				"down": {"uv": [0.5, 0.375, 1.375, 0.8125], "rotation": 270, "texture": "#3"}
			}
		},
		{
			"from": [7.8, 19.5, 3],
			"to": [7.8, 29.5, 7],
			"rotation": {"angle": -22.5, "axis": "x", "origin": [7.8, 24, 6]},
			"faces": {
				"north": {"uv": [0, 0, 0, 5], "texture": "#3"},
				"east": {"uv": [16, 4.0625, 15.5, 5.3125], "texture": "#3"},
				"south": {"uv": [0, 0, 0, 5], "texture": "#3"},
				"west": {"uv": [15.5, 4.0625, 16, 5.3125], "texture": "#3"},
				"up": {"uv": [0, 0, 0, 1.5], "texture": "#3"},
				"down": {"uv": [0, 0, 0, 1.5], "texture": "#3"}
			}
		},
		{
			"from": [7.8, 19.5, 9],
			"to": [7.8, 29.5, 13],
			"rotation": {"angle": 22.5, "axis": "x", "origin": [7.8, 24, 10]},
			"faces": {
				"north": {"uv": [0, 0, 0, 5], "texture": "#3"},
				"east": {"uv": [15.5, 4.0625, 16, 5.3125], "texture": "#3"},
				"south": {"uv": [0, 0, 0, 5], "texture": "#3"},
				"west": {"uv": [16, 4.0625, 15.5, 5.3125], "texture": "#3"},
				"up": {"uv": [0, 1.5, 0, 0], "texture": "#3"},
				"down": {"uv": [0, 1.5, 0, 0], "texture": "#3"}
			}
		},
		{
			"from": [8.2, 19.5, 9],
			"to": [8.2, 29.5, 13],
			"rotation": {"angle": 22.5, "axis": "x", "origin": [8.2, 24, 10]},
			"faces": {
				"north": {"uv": [0, 0, 0, 5], "texture": "#3"},
				"east": {"uv": [15.5, 4.0625, 16, 5.3125], "texture": "#3"},
				"south": {"uv": [0, 0, 0, 5], "texture": "#3"},
				"west": {"uv": [16, 4.0625, 15.5, 5.3125], "texture": "#3"},
				"up": {"uv": [0, 1.5, 0, 0], "texture": "#3"},
				"down": {"uv": [0, 1.5, 0, 0], "texture": "#3"}
			}
		},
		{
			"from": [8.2, 19.5, 3],
			"to": [8.2, 29.5, 7],
			"rotation": {"angle": -22.5, "axis": "x", "origin": [8.2, 24, 6]},
			"faces": {
				"north": {"uv": [0, 0, 0, 5], "texture": "#3"},
				"east": {"uv": [16, 4.0625, 15.5, 5.3125], "texture": "#3"},
				"south": {"uv": [0, 0, 0, 5], "texture": "#3"},
				"west": {"uv": [15.5, 4.0625, 16, 5.3125], "texture": "#3"},
				"up": {"uv": [0, 0, 0, 1.5], "texture": "#3"},
				"down": {"uv": [0, 0, 0, 1.5], "texture": "#3"}
			}
		},
		{
			"from": [7.9, 15, 2],
			"to": [7.9, 20, 7],
			"rotation": {"angle": -22.5, "axis": "x", "origin": [7.9, 17.5, 4.5]},
			"faces": {
				"north": {"uv": [0, 0, 0, 9], "texture": "#2"},
				"east": {"uv": [2.5, 2.5, 0, 5], "texture": "#2"},
				"south": {"uv": [0, 0, 0, 9], "texture": "#2"},
				"west": {"uv": [0, 2.5, 2.5, 5], "texture": "#2"},
				"up": {"uv": [0, 2.5, 0, 0], "texture": "#2"},
				"down": {"uv": [0, 0, 0, 2.5], "texture": "#2"}
			}
		},
		{
			"from": [7.9, 3, 10.5],
			"to": [7.9, 8, 15.5],
			"rotation": {"angle": 22.5, "axis": "x", "origin": [7.9, 5.5, 13.5]},
			"faces": {
				"north": {"uv": [0, 0, 0, 9], "texture": "#2"},
				"east": {"uv": [0, 4.75, 2.5, 7.25], "texture": "#2"},
				"south": {"uv": [0, 0, 0, 9], "texture": "#2"},
				"west": {"uv": [2.5, 4.75, 0, 7.25], "texture": "#2"},
				"up": {"uv": [0, 0, 0, 2.5], "texture": "#2"},
				"down": {"uv": [0, 2.5, 0, 0], "texture": "#2"}
			}
		},
		{
			"from": [8.1, 3, 10.5],
			"to": [8.1, 8, 15.5],
			"rotation": {"angle": 22.5, "axis": "x", "origin": [8.1, 5.5, 13.5]},
			"faces": {
				"north": {"uv": [0, 0, 0, 9], "texture": "#2"},
				"east": {"uv": [0, 4.75, 2.5, 7.25], "texture": "#2"},
				"south": {"uv": [0, 0, 0, 9], "texture": "#2"},
				"west": {"uv": [2.5, 4.75, 0, 7.25], "texture": "#2"},
				"up": {"uv": [0, 0, 0, 2.5], "texture": "#2"},
				"down": {"uv": [0, 2.5, 0, 0], "texture": "#2"}
			}
		},
		{
			"from": [8.1, 15, 2],
			"to": [8.1, 20, 7],
			"rotation": {"angle": -22.5, "axis": "x", "origin": [8.1, 17.5, 4.5]},
			"faces": {
				"north": {"uv": [0, 0, 0, 9], "texture": "#2"},
				"east": {"uv": [2.5, 2.5, 0, 5], "texture": "#2"},
				"south": {"uv": [0, 0, 0, 9], "texture": "#2"},
				"west": {"uv": [0, 2.5, 2.5, 5], "texture": "#2"},
				"up": {"uv": [0, 2.5, 0, 0], "texture": "#2"},
				"down": {"uv": [0, 0, 0, 2.5], "texture": "#2"}
			}
		},
		{
			"from": [7.8, 4, 0],
			"to": [7.8, 9, 5],
			"rotation": {"angle": -22.5, "axis": "x", "origin": [7.8, 6.5, 2.5]},
			"faces": {
				"north": {"uv": [0, 0, 0, 9], "texture": "#2"},
				"east": {"uv": [2.5, 0, 0, 2.5], "texture": "#2"},
				"south": {"uv": [0, 0, 0, 9], "texture": "#2"},
				"west": {"uv": [0, 0, 2.5, 2.5], "texture": "#2"},
				"up": {"uv": [0, 2.5, 0, 0], "texture": "#2"},
				"down": {"uv": [0, 0, 0, 2.5], "texture": "#2"}
			}
		},
		{
			"from": [7.8, 18, 10],
			"to": [7.8, 23, 15],
			"rotation": {"angle": 22.5, "axis": "x", "origin": [7.8, 20.5, 12.5]},
			"faces": {
				"north": {"uv": [0, 0, 0, 9], "texture": "#2"},
				"east": {"uv": [0, 0, 2.5, 2.5], "texture": "#2"},
				"south": {"uv": [0, 0, 0, 9], "texture": "#2"},
				"west": {"uv": [2.5, 0, 0, 2.5], "texture": "#2"},
				"up": {"uv": [0, 0, 0, 2.5], "texture": "#2"},
				"down": {"uv": [0, 2.5, 0, 0], "texture": "#2"}
			}
		},
		{
			"from": [7.4, 17, 5.75],
			"to": [7.4, 19.1, 10.25],
			"rotation": {"angle": 0, "axis": "y", "origin": [7.8, 20.5, 12.5]},
			"faces": {
				"north": {"uv": [0, 0, 0, 9], "texture": "#2"},
				"east": {"uv": [2.25, 1.25, 0, 2.25], "texture": "#2"},
				"south": {"uv": [0, 0, 0, 9], "texture": "#2"},
				"west": {"uv": [2.25, 1.25, 0, 2.25], "texture": "#2"},
				"up": {"uv": [0, 0, 0, 2.5], "texture": "#2"},
				"down": {"uv": [0, 2.5, 0, 0], "texture": "#2"}
			}
		},
		{
			"from": [8.6, 17, 5.75],
			"to": [8.6, 19.1, 10.25],
			"rotation": {"angle": 0, "axis": "y", "origin": [8.2, 20.5, 12.5]},
			"faces": {
				"north": {"uv": [0, 0, 0, 9], "texture": "#2"},
				"east": {"uv": [0, 1.25, 2.25, 2.25], "texture": "#2"},
				"south": {"uv": [0, 0, 0, 9], "texture": "#2"},
				"west": {"uv": [0, 1.25, 2.25, 2.25], "texture": "#2"},
				"up": {"uv": [0, 0, 0, 2.5], "texture": "#2"},
				"down": {"uv": [0, 2.5, 0, 0], "texture": "#2"}
			}
		},
		{
			"from": [8.2, 18, 10],
			"to": [8.2, 23, 15],
			"rotation": {"angle": 22.5, "axis": "x", "origin": [8.2, 20.5, 12.5]},
			"faces": {
				"north": {"uv": [0, 0, 0, 9], "texture": "#2"},
				"east": {"uv": [0, 0, 2.5, 2.5], "texture": "#2"},
				"south": {"uv": [0, 0, 0, 9], "texture": "#2"},
				"west": {"uv": [2.5, 0, 0, 2.5], "texture": "#2"},
				"up": {"uv": [0, 0, 0, 2.5], "texture": "#2"},
				"down": {"uv": [0, 2.5, 0, 0], "texture": "#2"}
			}
		},
		{
			"from": [8.2, 4, 0],
			"to": [8.2, 9, 5],
			"rotation": {"angle": -22.5, "axis": "x", "origin": [8.2, 6.5, 2.5]},
			"faces": {
				"north": {"uv": [0, 0, 0, 9], "texture": "#2"},
				"east": {"uv": [2.5, 0, 0, 2.5], "texture": "#2"},
				"south": {"uv": [0, 0, 0, 9], "texture": "#2"},
				"west": {"uv": [0, 0, 2.5, 2.5], "texture": "#2"},
				"up": {"uv": [0, 2.5, 0, 0], "texture": "#2"},
				"down": {"uv": [0, 0, 0, 2.5], "texture": "#2"}
			}
		}
	],
	"gui_light": "front",
	"display": {
		"thirdperson_righthand": {
			"translation": [0, 7.5, 1.75],
			"scale": [0.6, 0.6, 0.6]
		},
		"thirdperson_lefthand": {
			"translation": [0, 7.5, 1.75],
			"scale": [0.6, 0.6, 0.6]
		},
		"firstperson_righthand": {
			"rotation": [6.25, 0, 0],
			"translation": [3.5, 4.5, 0],
			"scale": [0.3461, 0.3461, 0.3461]
		},
		"firstperson_lefthand": {
			"rotation": [6.25, 0, 0],
			"translation": [3.5, 4.5, 0],
			"scale": [0.3461, 0.3461, 0.3461]
		},
		"ground": {
			"rotation": [-45, 0, 0],
			"translation": [0, 9, 0],
			"scale": [0.4, 0.4, 0.4]
		},
		"gui": {
			"rotation": [-90, -45, -90],
			"translation": [-0.25, -0.25, 0],
			"scale": [0.42578, 0.42578, 0.42578]
		},
		"head": {
			"scale": [0, 0, 0]
		},
		"fixed": {
			"rotation": [0, 90, 0],
			"translation": [0, 5.75, -1.75],
			"scale": [1.3, 1.3, 1.3]
		}
	}
}