{
	"credit": "Made with Blockbench",
	"texture_size": [128, 128],
	"textures": {
		"2": "elitecreatures:easterbunny_animated_weapon_set_v3/easterbunny2_animation_2",
		"3": "elitecreatures:easterbunny_animated_weapon_set_v3/easterbunny2_texture1",
		"particle": "elitecreatures:easterbunny_animated_weapon_set_v3/easterbunny2_texture1"
	},
	"elements": [
		{
			"from": [7, -10.5, 7],
			"to": [9, 9.5, 9],
			"rotation": {"angle": 45, "axis": "y", "origin": [8, -6, 8]},
			"faces": {
				"north": {"uv": [0.25, 4.6875, 0, 7.1875], "texture": "#3"},
				"east": {"uv": [0.5, 4.6875, 0.25, 7.1875], "texture": "#3"},
				"south": {"uv": [0.25, 4.6875, 0, 7.1875], "texture": "#3"},
				"west": {"uv": [0.5, 4.6875, 0.25, 7.1875], "texture": "#3"},
				"up": {"uv": [0, 0, 0.25, 0.25], "texture": "#3"},
				"down": {"uv": [0, 0, 0.25, 0.25], "texture": "#3"}
			}
		},
		{
			"from": [6, 11.5, 6],
			"to": [10, 12.5, 10],
			"rotation": {"angle": 45, "axis": "y", "origin": [8, -6, 8]},
			"faces": {
				"north": {"uv": [1.5625, 3.875, 1.0625, 4], "texture": "#3"},
				"east": {"uv": [1.0625, 3.875, 1.5625, 4], "texture": "#3"},
				"south": {"uv": [1.5625, 3.875, 1.0625, 4], "texture": "#3"},
				"west": {"uv": [1.0625, 3.875, 1.5625, 4], "texture": "#3"},
				"up": {"uv": [1.5625, 3.375, 2.0625, 3.875], "texture": "#3"},
				"down": {"uv": [1.0625, 3.375, 1.5625, 3.875], "texture": "#3"}
			}
		},
		{
			"from": [8, -16, 6.25],
			"to": [8, -12.5, 9.75],
			"rotation": {"angle": -22.5, "axis": "y", "origin": [8, -13.5, 8]},
			"faces": {
				"north": {"uv": [0.875, 2.0625, 0.6875, 2.3125], "texture": "#3"},
				"east": {"uv": [15.375, 4.0625, 14.9375, 4.5], "texture": "#3"},
				"south": {"uv": [0.875, 2.0625, 0.6875, 2.3125], "texture": "#3"},
				"west": {"uv": [14.9375, 4.0625, 15.375, 4.5], "texture": "#3"},
				"up": {"uv": [0.6875, 2.3125, 0.875, 2.5], "rotation": 270, "texture": "#3"},
				"down": {"uv": [0.6875, 2.3125, 0.875, 2.5], "rotation": 90, "texture": "#3"}
			}
		},
		{
			"from": [8, -16, 6.25],
			"to": [8, -12.5, 9.75],
			"rotation": {"angle": 22.5, "axis": "y", "origin": [8, -13.5, 8]},
			"faces": {
				"north": {"uv": [0.875, 2.0625, 0.6875, 2.3125], "texture": "#3"},
				"east": {"uv": [15.375, 4.0625, 14.9375, 4.5], "texture": "#3"},
				"south": {"uv": [0.875, 2.0625, 0.6875, 2.3125], "texture": "#3"},
				"west": {"uv": [14.9375, 4.0625, 15.375, 4.5], "texture": "#3"},
				"up": {"uv": [0.6875, 2.3125, 0.875, 2.5], "rotation": 270, "texture": "#3"},
				"down": {"uv": [0.6875, 2.3125, 0.875, 2.5], "rotation": 90, "texture": "#3"}
			}
		},
		{
			"from": [6.75, -12.5, 6.75],
			"to": [9.25, -9, 9.25],
			"rotation": {"angle": 45, "axis": "y", "origin": [8, -11.25, 8]},
			"faces": {
				"north": {"uv": [0.375, 2.5, 0.6875, 2.0625], "texture": "#3"},
				"east": {"uv": [0.6875, 2.5, 0.375, 2.0625], "texture": "#3"},
				"south": {"uv": [0.9375, 2.5, 1.25, 2.0625], "texture": "#3"},
				"west": {"uv": [1.25, 2.5, 0.9375, 2.0625], "texture": "#3"},
				"up": {"uv": [1.3125, 2.125, 1.625, 1.8125], "texture": "#3"},
				"down": {"uv": [1.3125, 2.4375, 1.625, 2.125], "texture": "#3"}
			}
		},
		{
			"from": [6.75, 9.5, 6.75],
			"to": [9.25, 11.5, 9.25],
			"rotation": {"angle": 45, "axis": "y", "origin": [8, -12.75, 8]},
			"faces": {
				"north": {"uv": [1.9375, 1.125, 2.25, 0.875], "texture": "#3"},
				"east": {"uv": [1.9375, 1.125, 2.25, 0.875], "texture": "#3"},
				"south": {"uv": [1.9375, 1.125, 2.25, 0.875], "texture": "#3"},
				"west": {"uv": [1.9375, 1.125, 2.25, 0.875], "texture": "#3"},
				"up": {"uv": [1.625, 2, 1.9375, 1.6875], "texture": "#3"},
				"down": {"uv": [1.625, 2, 1.9375, 1.6875], "texture": "#3"}
			}
		},
		{
			"from": [6.75, 12.5, 6.75],
			"to": [9.25, 13.5, 9.25],
			"rotation": {"angle": 45, "axis": "y", "origin": [8, -12.75, 8]},
			"faces": {
				"north": {"uv": [3.5625, 3.5625, 3.25, 3.4375], "texture": "#3"},
				"east": {"uv": [3.25, 3.5625, 3.5625, 3.4375], "texture": "#3"},
				"south": {"uv": [3.5625, 3.5625, 3.25, 3.4375], "texture": "#3"},
				"west": {"uv": [3.25, 3.5625, 3.5625, 3.4375], "texture": "#3"},
				"up": {"uv": [1.9375, 2.5, 2.25, 2.1875], "texture": "#3"},
				"down": {"uv": [1.9375, 2.5, 2.25, 2.1875], "texture": "#3"}
			}
		},
		{
			"from": [6.75, 2.5, 6.75],
			"to": [9.25, 4.5, 9.25],
			"rotation": {"angle": 45, "axis": "y", "origin": [8, -12.75, 8]},
			"faces": {
				"north": {"uv": [1.9375, 1.125, 2.25, 0.875], "texture": "#3"},
				"east": {"uv": [1.9375, 1.125, 2.25, 0.875], "texture": "#3"},
				"south": {"uv": [1.9375, 1.125, 2.25, 0.875], "texture": "#3"},
				"west": {"uv": [1.9375, 1.125, 2.25, 0.875], "texture": "#3"},
				"up": {"uv": [1.625, 2, 1.9375, 1.6875], "texture": "#3"},
				"down": {"uv": [1.625, 2, 1.9375, 1.6875], "texture": "#3"}
			}
		},
		{
			"from": [8.3, 20.5, 0.5],
			"to": [8.3, 25.5, 5.5],
			"rotation": {"angle": -22.5, "axis": "x", "origin": [8.3, 20.5, 4.5]},
			"faces": {
				"north": {"uv": [0, 0, 0, 9], "texture": "#2"},
				"east": {"uv": [2.5, 2.5, 0, 5], "texture": "#2"},
				"south": {"uv": [0, 0, 0, 9], "texture": "#2"},
				"west": {"uv": [0, 2.5, 2.5, 5], "texture": "#2"},
				"up": {"uv": [0, 2.5, 0, 0], "texture": "#2"},
				"down": {"uv": [0, 0, 0, 2.5], "texture": "#2"}
			}
		},
		{
			"from": [8.2, 9.5, 1.5],
			"to": [8.2, 14.5, 6.5],
			"rotation": {"angle": -22.5, "axis": "x", "origin": [8.2, 9.5, 2.5]},
			"faces": {
				"north": {"uv": [0, 0, 0, 9], "texture": "#2"},
				"east": {"uv": [2.5, 0, 0, 2.5], "texture": "#2"},
				"south": {"uv": [0, 0, 0, 9], "texture": "#2"},
				"west": {"uv": [0, 0, 2.5, 2.5], "texture": "#2"},
				"up": {"uv": [0, 2.5, 0, 0], "texture": "#2"},
				"down": {"uv": [0, 0, 0, 2.5], "texture": "#2"}
			}
		},
		{
			"from": [8.2, 22, 11],
			"to": [8.2, 27, 16],
			"rotation": {"angle": 22.5, "axis": "x", "origin": [8.2, 23.5, 12.5]},
			"faces": {
				"north": {"uv": [0, 0, 0, 9], "texture": "#2"},
				"east": {"uv": [0, 0, 2.5, 2.5], "texture": "#2"},
				"south": {"uv": [0, 0, 0, 9], "texture": "#2"},
				"west": {"uv": [2.5, 0, 0, 2.5], "texture": "#2"},
				"up": {"uv": [0, 0, 0, 2.5], "texture": "#2"},
				"down": {"uv": [0, 2.5, 0, 0], "texture": "#2"}
			}
		},
		{
			"from": [8.3, 10, 9.5],
			"to": [8.3, 15, 14.5],
			"rotation": {"angle": 22.5, "axis": "x", "origin": [8.3, 8.5, 13.5]},
			"faces": {
				"north": {"uv": [0, 0, 0, 9], "texture": "#2"},
				"east": {"uv": [0, 4.75, 2.5, 7.25], "texture": "#2"},
				"south": {"uv": [0, 0, 0, 9], "texture": "#2"},
				"west": {"uv": [2.5, 4.75, 0, 7.25], "texture": "#2"},
				"up": {"uv": [0, 0, 0, 2.5], "texture": "#2"},
				"down": {"uv": [0, 2.5, 0, 0], "texture": "#2"}
			}
		},
		{
			"from": [7.3, 20.5, 9.5],
			"to": [8.7, 22.6, 11.5],
			"rotation": {"angle": -45, "axis": "x", "origin": [8, 20.5, 11.5]},
			"faces": {
				"north": {"uv": [3.25, 3.1875, 3.4375, 3.4375], "texture": "#3"},
				"east": {"uv": [3.375, 3.5625, 3.125, 3.825], "texture": "#3"},
				"south": {"uv": [3.25, 3.1875, 3.4375, 3.4375], "texture": "#3"},
				"west": {"uv": [3.5, 2.9375, 3.25, 3.1875], "texture": "#3"},
				"up": {"uv": [3.625, 3.4375, 3.4375, 3.1875], "texture": "#3"},
				"down": {"uv": [3.625, 3.4375, 3.4375, 3.1875], "texture": "#3"}
			}
		},
		{
			"from": [7.3, 20.5, 4.5],
			"to": [8.7, 22.6, 6.5],
			"rotation": {"angle": 45, "axis": "x", "origin": [8, 20.5, 4.5]},
			"faces": {
				"north": {"uv": [3.4375, 3.1875, 3.25, 3.4375], "texture": "#3"},
				"east": {"uv": [3.125, 3.5625, 3.375, 3.825], "texture": "#3"},
				"south": {"uv": [3.4375, 3.1875, 3.25, 3.4375], "texture": "#3"},
				"west": {"uv": [3.25, 2.9375, 3.5, 3.1875], "texture": "#3"},
				"up": {"uv": [3.625, 3.1875, 3.4375, 3.4375], "texture": "#3"},
				"down": {"uv": [3.625, 3.1875, 3.4375, 3.4375], "texture": "#3"}
			}
		},
		{
			"from": [7.25, 13.5, 4.5],
			"to": [8.75, 20.5, 11.5],
			"rotation": {"angle": 0, "axis": "y", "origin": [16, 0.5, 0]},
			"faces": {
				"north": {"uv": [2.5625, 4.5625, 2.375, 5.4375], "texture": "#3"},
				"east": {"uv": [1.5, 4.5625, 0.625, 5.4375], "texture": "#3"},
				"south": {"uv": [2.375, 4.5625, 2.5625, 5.4375], "texture": "#3"},
				"west": {"uv": [2.375, 4.5625, 1.5, 5.4375], "texture": "#3"},
				"up": {"uv": [2.375, 3.625, 2.1875, 4.5], "texture": "#3"},
				"down": {"uv": [2.75, 4, 2.5625, 4.875], "texture": "#3"}
			}
		},
		{
			"from": [7.25, 20.5, 6],
			"to": [8.75, 22, 10],
			"rotation": {"angle": 0, "axis": "y", "origin": [16, 1.5, 0]},
			"faces": {
				"north": {"uv": [3.75, 3.625, 3.9375, 3.8125], "texture": "#3"},
				"east": {"uv": [2.875, 3.625, 2.375, 3.8125], "texture": "#3"},
				"south": {"uv": [3.9375, 3.625, 3.75, 3.8125], "texture": "#3"},
				"west": {"uv": [2.875, 3.8125, 2.375, 4], "texture": "#3"},
				"up": {"uv": [2.5625, 4, 2.375, 4.5], "texture": "#3"},
				"down": {"uv": [2.75, 4, 2.5625, 4.5], "texture": "#3"}
			}
		},
		{
			"from": [9, 16.5, 9],
			"to": [9, 26.5, 13],
			"rotation": {"angle": 22.5, "axis": "x", "origin": [9, 21, 10]},
			"faces": {
				"north": {"uv": [0, 0, 0, 5], "texture": "#missing"},
				"east": {"uv": [15.5, 4.0625, 16, 5.3125], "texture": "#3"},
				"south": {"uv": [0, 0, 0, 5], "texture": "#missing"},
				"west": {"uv": [16, 4.0625, 15.5, 5.3125], "texture": "#3"},
				"up": {"uv": [0, 0, 0, 1.5], "rotation": 180, "texture": "#missing"},
				"down": {"uv": [0, 0, 0, 1.5], "rotation": 180, "texture": "#missing"}
			}
		},
		{
			"from": [9, 16.5, 3],
			"to": [9, 26.5, 7],
			"rotation": {"angle": -22.5, "axis": "x", "origin": [9, 21, 6]},
			"faces": {
				"north": {"uv": [0, 0, 0, 5], "texture": "#missing"},
				"east": {"uv": [16, 4.0625, 15.5, 5.3125], "texture": "#3"},
				"south": {"uv": [0, 0, 0, 5], "texture": "#missing"},
				"west": {"uv": [15.5, 4.0625, 16, 5.3125], "texture": "#3"},
				"up": {"uv": [0, 1.5, 0, 0], "rotation": 180, "texture": "#missing"},
				"down": {"uv": [0, 1.5, 0, 0], "rotation": 180, "texture": "#missing"}
			}
		},
		{
			"from": [8.4, 14, 6.25],
			"to": [9.5, 16.5, 9.75],
			"rotation": {"angle": 0, "axis": "y", "origin": [0, -14, 16.5]},
			"faces": {
				"north": {"uv": [0.5625, 2.625, 0.4375, 2.9375], "texture": "#3"},
				"east": {"uv": [0, 2.625, 0.4375, 2.9375], "texture": "#3"},
				"south": {"uv": [0.5625, 2.625, 0.4375, 2.9375], "texture": "#3"},
				"west": {"uv": [0, 2.625, 0.4375, 2.9375], "texture": "#3"},
				"up": {"uv": [1.75, 2, 1.625, 2.4375], "rotation": 180, "texture": "#3"},
				"down": {"uv": [1.75, 2, 1.625, 2.4375], "rotation": 180, "texture": "#3"}
			}
		},
		{
			"from": [9.6, 14, 5.75],
			"to": [9.6, 16.1, 10.25],
			"rotation": {"angle": 0, "axis": "y", "origin": [9.2, 17.5, 3.5]},
			"faces": {
				"north": {"uv": [0, 0, 0, 9], "texture": "#2"},
				"east": {"uv": [2.25, 1.25, 0, 2.25], "texture": "#2"},
				"south": {"uv": [0, 0, 0, 9], "texture": "#2"},
				"west": {"uv": [2.25, 1.25, 0, 2.25], "texture": "#2"},
				"up": {"uv": [0, 0, 0, 2.5], "rotation": 180, "texture": "#2"},
				"down": {"uv": [0, 2.5, 0, 0], "rotation": 180, "texture": "#2"}
			}
		},
		{
			"from": [8.45, 14.9, 6.15],
			"to": [9.45, 17.5, 8.75],
			"rotation": {"angle": 45, "axis": "x", "origin": [9, 15.65, 8]},
			"faces": {
				"north": {"uv": [0.95, 2.625, 1.0625, 2.95], "texture": "#3"},
				"east": {"uv": [0.8875, 2.625, 0.5625, 2.95], "texture": "#3"},
				"south": {"uv": [0.95, 2.95, 1.0625, 2.625], "texture": "#3"},
				"west": {"uv": [0.5625, 2.625, 0.8875, 2.95], "texture": "#3"},
				"up": {"uv": [0.95, 2.95, 1.0625, 2.625], "rotation": 180, "texture": "#3"},
				"down": {"uv": [0.95, 2.95, 1.0625, 2.625], "rotation": 180, "texture": "#3"}
			}
		}
	],
	"gui_light": "front",
	"display": {
		"thirdperson_righthand": {
			"translation": [0, 7.5, 1.75],
			"scale": [0.7, 0.7, 0.7]
		},
		"thirdperson_lefthand": {
			"translation": [0, 7.5, 1.75],
			"scale": [0.7, 0.7, 0.7]
		},
		"firstperson_righthand": {
			"rotation": [6.25, 0, 0],
			"translation": [3.5, 5, 0],
			"scale": [0.37149, 0.37149, 0.37149]
		},
		"firstperson_lefthand": {
			"rotation": [6.25, 0, 0],
			"translation": [3.5, 5, 0],
			"scale": [0.37149, 0.37149, 0.37149]
		},
		"ground": {
			"rotation": [-45, 0, 0],
			"translation": [0, 9, 0],
			"scale": [0.4, 0.4, 0.4]
		},
		"gui": {
			"rotation": [-90, -45, -90],
			"translation": [0.25, 0.25, 0],
			"scale": [0.44727, 0.44727, 0.44727]
		},
		"head": {
			"scale": [0, 0, 0]
		},
		"fixed": {
			"rotation": [0, 90, 0],
			"translation": [0, 5.75, -1.75],
			"scale": [1.3, 1.3, 1.3]
		}
	},
	"groups": [
		0,
		1,
		2,
		3,
		4,
		5,
		6,
		7,
		8,
		9,
		10,
		11,
		12,
		13,
		14,
		15,
		{
			"name": "group",
			"origin": [8.2, 20.5, 12.5],
			"color": 0,
			"children": [16, 17, 18, 19, 20]
		}
	]
}